id,title,price,url,image_url,series,processor,graphics,memory,storage,display,wifi,battery,others
NB-MSI-K15-B12VFK-2441MY-BLK,MSI Katana 15 B12VFK-2441MY Gaming Laptop,4699.00,https://my-store.msi.com/products/msi-katana-15-b12vfk-2441my-gaming-laptop,https://cdn.shopify.com/s/files/1/0761/7970/2080/files/WebKatana15B12V1.jpg?v=1785502373,MSI Official,Intel® Core™ i7-12650H processor,NVIDIA® GeForce RTX™ 4060 Laptop GPU,8GB*2 DDR5,512GB*1 NVMe SSD PCIe Gen4,"15.6"" FHD(1920x1080), 144Hz Refresh Rate, IPS-Level",,3-Cell 53.5 Whrs,
GC-MSI-CLAW-CG3EM-006MY-PPL,[Pre Order] MSI Claw 8 EX AI+ CG3EM-006MY Gaming Handheld,7299.00,https://my-store.msi.com/products/msi-claw-8-ex-ai-cg3em-006my-gaming-handheld,https://cdn.shopify.com/s/files/1/0761/7970/2080/files/1200x1200_Claw_8_EX_AI_PO.jpg?v=1784609426,MSI Official,Intel® Arc™ G3 Extreme processor,Intel® Arc™ GPU B390,"32GB, LPDDR5x",1TB*1 NVMe SSD PCIe Gen4,"8"" FHD+(1920x1200), 120Hz Refresh Rate, 100%sRGB(Typical), IPS-Level, Touchscreen",Intel® Wi-Fi 7 BE213 Bluetooth v6,785g,"SERIES: Claw 8 EX AI+ CG3EM | MODEL: Claw 8 EX AI+ CG3EM-006MY | SYSTEM: Windows 11 Home | CONTROL: 6-Axis IMU, D-pad, HD haptics, L & R Hall Effect analog triggers, L & R bumpers, MSI Center M button, Macro button (M1/M2), Menu button, Quick Settings button, RGB ABXY buttons, RGB L & R Hall Effect analog sticks, View button | SECURITY: Fingerprint Security | AUDIO PORT: 1x Mic-in/Headphone-out Combo Jack | AUDIO: 2x 2W Speaker DTS + Hi-Res Audio Solution | I/O PORTS: 2x Thunderbolt™ 4 (DisplayPort™/ Power Delivery 3.0) 1x Micro SD Card Reader | DIMENSION (WXDXH): 296 x 130 x 25-48mm | CHASSIS COLOR: Void Purple | WARRANTY: 1 year limited warranty"
NB-MSI-T18HX-A2WJ-1230MY,MSI Titan 18 HX Dragon Edition Draco Epic A2WJ-1230MY Gaming Laptop,32499.00,https://my-store.msi.com/products/msi-titan-18-hx-dragon-edition-draco-epic-a2wj-1230my-gaming-laptop,https://cdn.shopify.com/s/files/1/0761/7970/2080/files/1200x1200_Titan_Draco_On_Sehelf_-_Copy.jpg?v=1782192160,MSI Official,Intel® Core™ Ultra 9 processor 290HX Plus,NVIDIA® GeForce RTX™ 5090 Laptop GPU,"48GB*2 DDR5 Up to DDR5-6400, 2 Slots, Max 128GB","2TB*1 NVMe SSD PCIe Gen5 2TB*1 NVMe SSD PCIe Gen4 3x M.2 SSD slot (NVMe PCIe Gen4), 1x M.2 SSD slot (NVMe PCIe Gen5) Compatible","18"" UHD+(3840x2400), 240Hz Refresh Rate, Mini LED, IPS-Level, 100% DCI-P3(Typical), VESA DisplayHDR™ 1000 Certified",Intel® Killer™ Wi-Fi 7 BE1750 Bluetooth v5.4,400W Adaptor,"SERIES: Titan 18 HX Dragon Edition Draco Epic | MODEL: Titan 18 HX Dragon Edition Draco Epic A2WJ-1230MY | SYSTEM: Windows 11 Home (MSI recommends Windows 11 Pro for business.) | WEBCAM: IR FHD type (30fps@1080p) with HDR & 3D Noise Reduction+ (3DNR+) | KEYBOARD: SingleCherry Mechanical Per-Key RGB Gaming Keyboard by SteelSeries with Copilot Key | TOUCHPAD: RGB Haptic Touchpad | AUDIO: 4x 2W Audio Speaker 2x 2W Audio Woofer Hi-Res Audio Ready, Nahimic 3 Audio Enhancer, Sound by Dynaudio Array Microphone | AUDIO JACK: 1x Mic-in/Headphone-out Combo Jack | I/O PORTS: 3x Type-A USB3.2 Gen2 2x Thunderbolt™ 5 (DisplayPort™/ Power Delivery 3.1) | VIDEO PORT: 1x HDMI™ 2.1 (8K @ 60Hz / 4K @ 120Hz) | SECURITY: Firmware Trusted Platform Module(fTPM) 2.0 Kensington Lock Secured-core PCs Webcam Shutter | WEIGHT: 3.6kg | DIMENSION (WXDXH): 404 x 307.5 x 24-32.05 mm | ACCESSORY: MSI MAX Gaming Backpack | COLOR: Dragon Edition Draco Epic | WARRANTY: 2 years limited warranty"
NB-MSI-M14S-G3MG-061MY-SIL,MSI Modern 14S AI+ G3MG-061MY Business and Productivity Laptop,4499.00,https://my-store.msi.com/products/msi-modern-14s-ai-g3mg-061my-business-and-productivity-laptop,https://cdn.shopify.com/s/files/1/0761/7970/2080/files/modern-14s-new_40th_Anniversary.jpg?v=1784020781,MSI Official,Intel® Core™ Ultra 5 processor 322,Intel® Graphics,"8GB*2 DDR5-5600 Up to DDR5-5600, 2 Slots, Max 32GB",512GB*1 NVMe SSD PCIe Gen4 1x M.2 SSD slot (NVMe PCIe Gen4),"14"" FHD+(1920x1200), OLED, 100% DCI-P3(Typical), Low Blue Light & Flicker-free certified by SGS",Intel® Wi-Fi 6E AX211 Bluetooth v5.3,65W Adaptor MSI recommends using a 65W or higher PD charger for charging.,"SERIES: Modern 14S AI+ G3M | MODEL: Modern 14S AI+ G3MG-061MY | SYSTEM: Windows 11 Home (MSI recommends Windows 11 Pro for business.) | MICROSOFT OFFICE: Microsoft 365 Basic + Office Home 2024 included | WEBCAM: IR HD type (30fps@720p) with 3D Noise Reduction (3DNR) | KEYBOARD: Single Backlit Keyboard (White) with Copilot Key Smudge-resistant keyboard | TOUCHPAD: Action Touch Pad | AUDIO: 2x 2W Audio Speaker DTS Audio Processing, Hi-Res Audio Ready Array Microphone | AUDIO JACK: 1x Mic-in/Headphone-out Combo Jack | I/O PORTS: 2x Type-A USB3.2 Gen1 2x Type-C (USB3.2 Gen2 / DisplayPort™/ Power Delivery 3.0) | VIDEO PORT: 1x HDMI™ 2.1 (4K @ 60Hz) | SECURITY: Firmware Trusted Platform Module(fTPM) 2.0 Microsoft Pluton Security Technology Secured-core PCs Webcam Shutter | WEIGHT: 1.38kg | DIMENSION (WXDXH): 315.9 x 223.9 x 11.1~17.9 mm | ACCESSORY: MSI Sleeve Bag | COLOR: Urban Silver | WARRANTY: 2 years limited warranty"
NB-MSI-M15-F1MG-1258MYNN-GRY,MSI Modern 15 F1MG-1258MYNN Business and Productivity Laptop,3199.00,https://my-store.msi.com/products/msi-modern-15-f1mg-1258mynn-business-and-productivity-laptop,https://cdn.shopify.com/s/files/1/0761/7970/2080/files/WebModern15F1MPGrey1.jpg?v=1781681401,MSI Official,Intel® Core™ 5 processor 120U,Intel® Graphics,"8GB*2 DDR4-3200 DDR4-3200, 2 Slots, Max 64GB",512GB*1 NVMe SSD PCIe Gen4 1x M.2 SSD slot (NVMe PCIe Gen4),"15.6"" FHD(1920x1080), IPS-Level",Intel® Wi-Fi 6E AX211 Bluetooth v5.3,65W Adaptor,SERIES: Modern 15 F1M | MODEL: Modern 15 F1MG-1258MYNN | SYSTEM: Windows 11 Home (MSI recommends Windows 11 Pro for business.) | MICROSOFT OFFICE: Microsoft 365 Basic + Office Home 2024 included | WEBCAM: HD type (30fps@720p) | KEYBOARD: Single Backlit Keyboard (White) with Copilot Key | AUDIO: 2x 2W Audio Speaker Hi-Res Audio Ready Array Microphone | AUDIO JACK: 1x Mic-in/Headphone-out Combo Jack | I/O PORTS: 3x Type-A USB3.2 Gen1 1x Type-C (USB3.2 Gen2 / DisplayPort™/ Power Delivery 3.0) | VIDEO PORT: 1x HDMI™ (4K @ 30Hz) | SECURITY: Firmware Trusted Platform Module(fTPM) 2.0 Kensington Lock Webcam Shutter | WEIGHT: 1.7kg | DIMENSION (WXDXH): 358.9 x 235.9 x 19.9 mm | ACCESSORY: MSI Sleeve Bag | COLOR: Platinum Gray | WARRANTY: 2 years limited warranty
10157965869376,MSI Modern 14 F1MG-830MY Business and Productivity Laptop,3099.00,https://my-store.msi.com/products/msi-modern-14-f1mg-830my-business-and-productivity-laptop,https://cdn.shopify.com/s/files/1/0761/7970/2080/files/Web_F1MG-838MY_1.jpg?v=1775205386,MSI Official,Intel® Core™ 5 processor 120U,Intel® Graphics,"8GB*2 DDR4-3200 DDR4-3200, 2 Slots, Max 64GB",512GB*1 NVMe SSD PCIe Gen4 1x M.2 SSD slot (NVMe PCIe Gen4),"14"" FHD(1920x1080), IPS-Level",Intel® Wi-Fi 6E AX211 Bluetooth v5.3,65W Adaptor,SERIES: Modern 14 F1M | MODEL: Modern 14 F1MG-830MY | SYSTEM: Windows 11 Home (MSI recommends Windows 11 Pro for business.) | MICROSOFT OFFICE: Microsoft 365 Basic + Office Home 2024 included | WEBCAM: HD type (30fps@720p) | KEYBOARD: Single Backlit Keyboard (White) with Copilot Key | AUDIO: 2x 2W Audio Speaker Hi-Res Audio Ready Array Microphone | AUDIO JACK: 1x Mic-in/Headphone-out Combo Jack | I/O PORTS: 3x Type-A USB3.2 Gen1 1x Type-C (USB3.2 Gen2 / DisplayPort™/ Power Delivery 3.0) | VIDEO PORT: 1x HDMI™ (4K @ 30Hz) | SECURITY: Firmware Trusted Platform Module(fTPM) 2.0 Kensington Lock Webcam Shutter | WEIGHT: 1.5kg | DIMENSION (WXDXH): 323.9 x 217.2 x 19.9 mm | ACCESSORY: MSI Sleeve Bag | COLOR: Platinum Gray | WARRANTY: 2 years limited warranty
NB-MSI-P14-FLIP-D3MTG-236MY-GRY,MSI Prestige 14 Flip AI+ D3MTG-236MY Business and Productivity Laptop,8499.00,https://my-store.msi.com/products/msi-prestige-14-flip-ai-d3mtg-236my-business-and-productivity-laptop,https://cdn.shopify.com/s/files/1/0761/7970/2080/files/P14-flip-new_40th_Anniversary.jpg?v=1784020781,MSI Official,Intel® Core™ Ultra 7 processor 355,Intel® Graphics,"32GB LPDDR5x, On board",1TB*1 NVMe SSD PCIe Gen4 1x M.2 SSD slot (NVMe PCIe Gen4),"14"" FHD+(1920x1200), OLED, 100% DCI-P3(Typical), MSI Precision Pen Touch Technology (MPPT), Support MSI Nano Pen, Touchscreen, Low Blue Light & Flicker-free certified by SGS",Intel® Killer™ Wi-Fi 7 BE1775 Bluetooth v6,65W Adaptor MSI recommends using a 65W or higher PD charger for charging.,"SERIES: Prestige 14 Flip AI+ D3M | MODEL: Prestige 14 Flip AI+ D3MTG-236MY | SYSTEM: Windows 11 Home (MSI recommends Windows 11 Pro for business.) | MICROSOFT OFFICE: Microsoft 365 Basic + Office Home 2024 included | WEBCAM: IR FHD type (30fps@1080p) with HDR & 3D Noise Reduction+ (3DNR+) | KEYBOARD: Single Backlit Keyboard (White) with Copilot Key | AUDIO: 2x 2W Audio Speaker 2x 2W Audio Woofer DTS Audio Processing, Hi-Res Audio Ready Spatial Array Microphone (3 Mic) | AUDIO JACK: 1x Mic-in/Headphone-out Combo Jack | I/O PORTS: 2x Type-A USB3.2 Gen2 2x Thunderbolt™ 4 (DisplayPort™/ Power Delivery 3.0) | VIDEO PORT: 1x HDMI™ 2.1 (8K @ 60Hz / 4K @ 120Hz) | SENSOR: 1x Ambient Light Sensor 1x Gyroscope 1x Accelerometer 1x Magnetometer 1x Fingerprint 1x Adaptive Color Sensor | SECURITY: Discrete Trusted Platform Module(dTPM) 2.0 Fingerprint Security Microsoft Pluton Security Technology Secured-core PCs Webcam Shutter | WEIGHT: 1.37kg | DIMENSION (WXDXH): 315.6 x 221.9 x 11.9-13.9 mm | ACCESSORY: MSI Topload Bag | COLOR: Platinum Gray | WARRANTY: 2 years limited warranty"
NB-MSI-CB15-C2WG-249MY-GRY,MSI Cyborg 15 Max C2WG-249MY Gaming Laptop,7799.00,https://my-store.msi.com/products/msi-cyborg-15-max-c2wg-249my-gaming-laptop,https://cdn.shopify.com/s/files/1/0761/7970/2080/files/cyborg-new_40th_Anniversary.jpg?v=1784020781,MSI Official,Intel® Core™ 7 processor 240H,NVIDIA® GeForce RTX™ 5070 Laptop GPU,"16GB*1 DDR5 DDR5-5600, 2 Slots, Max 96GB",512GB*1 NVMe SSD PCIe Gen4 2x M.2 SSD slot (NVMe PCIe Gen4),"15.6"" FHD(1920x1080), 144Hz Refresh Rate, IPS-Level, 100%sRGB(Typical)",Intel® Wi-Fi 6E AX211 Bluetooth v5.3,180W Adaptor,SERIES: Cyborg 15 Max C2W | MODEL: Cyborg 15 Max C2WG-249MY | SYSTEM: Windows 11 Home (MSI recommends Windows 11 Pro for business.) | WEBCAM: HD type (30fps@720p) with 3D Noise Reduction (3DNR) | KEYBOARD: Single Backlit Keyboard (White) with Copilot Key | AUDIO: 2x 2W Audio Speaker DTS Audio Processing Array Microphone | AUDIO JACK: 1x Mic-in/Headphone-out Combo Jack | I/O PORTS: 1x Type-A USB3.2 Gen1 2x Type-A USB3.2 Gen2 1x Type-C (USB3.2 Gen2 / DisplayPort™/ Power Delivery 3.0) | VIDEO PORT: 1x HDMI™ 2.1 (4K @ 60Hz) | SECURITY: Firmware Trusted Platform Module(fTPM) 2.0 Kensington Lock | WEIGHT: 2kg | DIMENSION (WXDXH): 359 x 249 x 21~22.9 mm | ACCESSORY: MSI Essential Backpack | COLOR: Platinum Gray | WARRANTY: 2 years limited warranty
10157917241664,MSI Crosshair A16 HX E8WFK-037MY Gaming Laptop,7899.00,https://my-store.msi.com/products/msi-crosshair-a16-hx-e8wfk-037-gaming-laptop,https://cdn.shopify.com/s/files/1/0761/7970/2080/files/crosshair-new_40th_Anniversary.jpg?v=1784020781,MSI Official,AMD Ryzen™ 7 8840HX processor,NVIDIA® GeForce RTX™ 5060 Laptop GPU,"16GB*1 DDR5 DDR5, 2 Slots, Max 96GB","512GB*1 NVMe SSD PCIe Gen4 1x M.2 SSD slot (NVMe PCIe Gen4), 1x M.2 SSD slot (NVMe PCIe Gen5) Compatible","16"" QHD+(2560x1600), 240Hz Refresh Rate, IPS-Level, 100% DCI-P3(Typical)",AMD RZ616 Wi-Fi 6E Bluetooth v5.3,240W Adaptor,"SERIES: Crosshair A16 HX E8W | MODEL: Crosshair A16 HX E8WFK-037MY | SYSTEM: Windows 11 Home (MSI recommends Windows 11 Pro for business.) | WEBCAM: HD type (30fps@720p) with 3D Noise Reduction (3DNR) | KEYBOARD: 4-Zone RGB Gaming Keyboard with Copilot Key | AUDIO: 2x 2W Audio Speaker Hi-Res Audio Ready, Nahimic 3 Audio Enhancer Array Microphone | AUDIO JACK: 1x Mic-in/Headphone-out Combo Jack | I/O PORTS: 3x Type-A USB3.2 Gen1 2x Type-C (USB3.2 Gen2 / DisplayPort™/ Power Delivery 3.0) | VIDEO PORT: 1x HDMI™ 2.1 (8K @ 60Hz / 4K @ 120Hz) | SECURITY: Firmware Trusted Platform Module(fTPM) 2.0 Webcam Shutter Kensington Lock | WEIGHT: 2.3kg | DIMENSION (WXDXH): 363 x 269.7 x 21.95 - 25.55 mm | ACCESSORY: MSI Essential Backpack | COLOR: Black | WARRANTY: 2 years limited warranty"
10157917208896,MSI Crosshair A16 HX E8WGK-036MY Gaming Laptop,8699.00,https://my-store.msi.com/products/msi-crosshair-a16-hx-e8wgk-036-gaming-laptop,https://cdn.shopify.com/s/files/1/0761/7970/2080/files/crosshair-new_40th_Anniversary.jpg?v=1784020781,MSI Official,AMD Ryzen™ 7 8840HX processor,NVIDIA® GeForce RTX™ 5070 Laptop GPU,"16GB*1 DDR5 DDR5, 2 Slots, Max 96GB","512GB*1 NVMe SSD PCIe Gen4 1x M.2 SSD slot (NVMe PCIe Gen4), 1x M.2 SSD slot (NVMe PCIe Gen5) Compatible","16"" QHD+(2560x1600), 240Hz Refresh Rate, IPS-Level, 100% DCI-P3(Typical)",AMD RZ616 Wi-Fi 6E Bluetooth v5.3,240W Adaptor,"SERIES: Crosshair A16 HX E8W | MODEL: Crosshair A16 HX E8WGK-036MY | SYSTEM: Windows 11 Home (MSI recommends Windows 11 Pro for business.) | WEBCAM: HD type (30fps@720p) with 3D Noise Reduction (3DNR) | KEYBOARD: 4-Zone RGB Gaming Keyboard with Copilot Key | AUDIO: 2x 2W Audio Speaker Hi-Res Audio Ready, Nahimic 3 Audio Enhancer Array Microphone | AUDIO JACK: 1x Mic-in/Headphone-out Combo Jack | I/O PORTS: 3x Type-A USB3.2 Gen1 2x Type-C (USB3.2 Gen2 / DisplayPort™/ Power Delivery 3.0) | VIDEO PORT: 1x HDMI™ 2.1 (8K @ 60Hz / 4K @ 120Hz) | SECURITY: Firmware Trusted Platform Module(fTPM) 2.0 Webcam Shutter Kensington Lock | WEIGHT: 2.3kg | DIMENSION (WXDXH): 363 x 269.7 x 21.95 - 25.55 mm | ACCESSORY: MSI Essential Backpack | COLOR: Black | WARRANTY: 2 years limited warranty"
NB-MSI-R18HX-A2WJ-1086MY-BLK,MSI Raider 18 Max HX A2WJ-1086MY Gaming Laptop,22499.00,https://my-store.msi.com/products/msi-raider-18-max-hx-a2wj-1086-gaming-laptop,https://cdn.shopify.com/s/files/1/0761/7970/2080/files/raider-18-new_40th_Anniversary.jpg?v=1784020781,MSI Official,Intel® Core™ Ultra 9 processor 290HX Plus,NVIDIA® GeForce RTX™ 5090 Laptop GPU,"16GB*2 DDR5 Up to DDR5-6400, 2 Slots, Max 128GB","2TB*1 NVMe SSD PCIe Gen5 1x M.2 SSD slot (NVMe PCIe Gen4), 1x M.2 SSD slot (NVMe PCIe Gen5) Compatible","18"" UHD+(3840x2400), 120Hz Refresh Rate, Mini LED, IPS-Level, 100% DCI-P3(Typical), VESA DisplayHDR™ 1000 Certified",Intel® Killer™ Wi-Fi 7 BE1750 Bluetooth v5.4,400W Adaptor,"SERIES: Raider 18 Max HX A2W | MODEL: Raider 18 Max HX A2WJ-1086MY | SYSTEM: Windows 11 Home (MSI recommends Windows 11 Pro for business.) | WEBCAM: IR FHD type (30fps@1080p) with HDR & 3D Noise Reduction+ (3DNR+) | KEYBOARD: Per-Key RGB Gaming Keyboard by SteelSeries with Copilot Key | AUDIO: 4x 2W Audio Speaker 2x 2W Audio Woofer Hi-Res Audio Ready, Nahimic 3 Audio Enhancer, Sound by Dynaudio Array Microphone | AUDIO JACK: 1x Mic-in/Headphone-out Combo Jack | I/O PORTS: 3x Type-A USB3.2 Gen2 2x Thunderbolt™ 5 (DisplayPort™/ Power Delivery 3.1) | VIDEO PORT: 1x HDMI™ 2.1 (8K @ 60Hz / 4K @ 120Hz) | SECURITY: Fingerprint Security Firmware Trusted Platform Module(fTPM) 2.0 Webcam Shutter Kensington Lock | WEIGHT: 3.6kg | DIMENSION (WXDXH): 404 x 307.5 x 24-32.05 mm | ACCESSORY: MSI MAX Gaming Backpack | COLOR: Core Black | WARRANTY: 2 years limited warranty"
NB-MSI-M14-F13MG-882MY-GRY,MSI Modern 14 F13MG-882MY Business and Productivity Laptop,3099.00,https://my-store.msi.com/products/msi-modern-14-f13mg-882-business-and-productivity-laptop,https://cdn.shopify.com/s/files/1/0761/7970/2080/files/Web_F13MG_Platinum_Gray_1.jpg?v=1780327306,MSI Official,Intel® Core™ i5-1334U processor,Intel® Iris® Xe,"8GB*2 DDR4-3200 DDR4-3200, 2 Slots, Max 64GB",512GB*1 NVMe SSD PCIe Gen4 1x M.2 SSD slot (NVMe PCIe Gen4),"14"" FHD(1920x1080), IPS-Level",Intel® Wi-Fi 6E AX211 Bluetooth v5.3,65W Adaptor,SERIES: Modern 14 F13M | MODEL: Modern 14 F13MG-881MY | SYSTEM: Windows 11 Home (MSI recommends Windows 11 Pro for business.) | MICROSOFT OFFICE: Microsoft 365 Basic + Office Home 2024 included | WEBCAM: HD type (30fps@720p) | KEYBOARD: Single Backlit Keyboard (White) with Copilot Key | AUDIO: 2x 2W Audio Speaker Hi-Res Audio Ready Array Microphone | AUDIO JACK: 1x Mic-in/Headphone-out Combo Jack | I/O PORTS: 3x Type-A USB3.2 Gen1 1x Type-C (USB3.2 Gen2 / DisplayPort™/ Power Delivery 3.0) | VIDEO PORT: 1x HDMI™ (4K @ 30Hz) | SECURITY: Firmware Trusted Platform Module(fTPM) 2.0 Kensington Lock Webcam Shutter | WEIGHT: 1.5kg | DIMENSION (WXDXH): 323.9 x 217.2 x 19.9 mm | ACCESSORY: MSI Sleeve Bag | COLOR: Urban Silver | WARRANTY: 2 years limited warranty
GC-MSI-CLAW-A2VM-248MY-BLU,MSI Claw 8 AI+ Glacier Blue Edition A2VM-248MY Gaming Handheld,5199.00,https://my-store.msi.com/products/msi-claw-8-ai-glacier-blue-edition-a2vm-248-gaming-handheld,https://cdn.shopify.com/s/files/1/0761/7970/2080/files/Web_Claw_8_AI_A2VM_Glacier_Blue_Edition_1.jpg?v=1779384794,MSI Official,Intel® Core™ Ultra 7 processor 258V,Intel® Arc™ 140V GPU,"32GB, LPDDR5x-8533",1TB*1 NVMe SSD PCIe Gen4 1x M.2 2230 SSD slot (NVMe PCIe Gen4),"8"" FHD+(1920x1200), 48~120Hz VRR, 100%sRGB(Typical), IPS-Level, Touchscreen",Intel® Wi-Fi 7 BE201 Bluetooth v5.4,65W Adaptor,"SERIES: Claw 8 AI+ Glacier Blue Edition A2VM | MODEL: Claw 8 AI+ A2VM Glacier Blue Edition-248MY | SYSTEM: Windows 11 Home | CONTROL: 6-Axis IMU, D-pad, HD haptics, L & R Hall Effect analog triggers, L & R bumpers, MSI Center M button, Macro button (M1/M2), Menu button, Quick Settings button, RGB ABXY buttons, RGB L & R Hall Effect analog sticks, View button | SECURITY: Fingerprint Security | AUDIO PORT: 1x Mic-in/Headphone-out Combo Jack | AUDIO: 2x 2W Speaker | I/O PORTS: 2x Thunderbolt™ 4 (DisplayPort™/ Power Delivery 3.0) 1x Micro SD Card Reader | WEIGHT: 759g | DIMENSION (WXDXH): 299 x 126 x 24 mm | COLOR: Glacier Blue | WARRANTY: 1 year limited warranty"
NB-MSI-M14-F13MG-881MYNN-SIL,MSI Modern 14 F13MG-881MYNN Business and Productivity Laptop,2899.00,https://my-store.msi.com/products/msi-modern-14-f13mg-881-business-and-productivity-laptop,https://cdn.shopify.com/s/files/1/0761/7970/2080/files/Web_Modern_14_F13M_Urban_Silver_1.jpg?v=1779384765,MSI Official,Intel® Core™ i5-1334U processor,Intel® Iris® Xe,"8GB*2 DDR4-3200 DDR4-3200, 2 Slots, Max 64GB",512GB*1 NVMe SSD PCIe Gen4 1x M.2 SSD slot (NVMe PCIe Gen4),"14"" FHD(1920x1080), IPS-Level",Intel® Wi-Fi 6E AX211 Bluetooth v5.3,65W Adaptor,SERIES: Modern 14 F13M | MODEL: Modern 14 F13MG-881MY | SYSTEM: Windows 11 Home (MSI recommends Windows 11 Pro for business.) | MICROSOFT OFFICE: Microsoft 365 Basic + Office Home 2024 included | WEBCAM: HD type (30fps@720p) | KEYBOARD: Single Backlit Keyboard (White) with Copilot Key | AUDIO: 2x 2W Audio Speaker Hi-Res Audio Ready Array Microphone | AUDIO JACK: 1x Mic-in/Headphone-out Combo Jack | I/O PORTS: 3x Type-A USB3.2 Gen1 1x Type-C (USB3.2 Gen2 / DisplayPort™/ Power Delivery 3.0) | VIDEO PORT: 1x HDMI™ (4K @ 30Hz) | SECURITY: Firmware Trusted Platform Module(fTPM) 2.0 Kensington Lock Webcam Shutter | WEIGHT: 1.5kg | DIMENSION (WXDXH): 323.9 x 217.2 x 19.9 mm | ACCESSORY: MSI Sleeve Bag | COLOR: Urban Silver | WARRANTY: 2 years limited warranty
NB-MSI-P14-D3MG-225MY-GRY,MSI Prestige 14 AI+ D3MG-225MY Business and Productivity Laptop,7999.00,https://my-store.msi.com/products/msi-prestige-14-ai-d3mg-225-business-and-productivity-laptop,https://cdn.shopify.com/s/files/1/0761/7970/2080/files/P14-new_40th_Anniversary.jpg?v=1784020781,MSI Official,Intel® Core™ Ultra 7 processor 355,Intel® Graphics,"32GB LPDDR5x, On board",1TB*1 NVMe SSD PCIe Gen4 1x M.2 SSD slot (NVMe PCIe Gen4),"14"" FHD+(1920x1200), OLED, 100% DCI-P3(Typical), Low Blue Light & Flicker-free certified by SGS",Intel® Killer™ Wi-Fi 7 BE1775 Bluetooth v6,65W Adaptor MSI recommends using a 65W or higher PD charger for charging.,"SERIES: Prestige 14 AI+ D3M | MODEL: Prestige 14 AI+ D3MG-225MY | SYSTEM: Windows 11 Home (MSI recommends Windows 11 Pro for business.) | MICROSOFT OFFICE: Office Home 2024 included | WEBCAM: IR FHD type (30fps@1080p) with HDR & 3D Noise Reduction+ (3DNR+) | KEYBOARD: Single Backlit Keyboard (White) with Copilot Key | AUDIO: 2x 2W Audio Speaker 2x 2W Audio Woofer DTS Audio Processing, Hi-Res Audio Ready Spatial Array Microphone (3 Mic) | AUDIO JACK: 1x Mic-in/Headphone-out Combo Jack | I/O PORTS: 2x Type-A USB3.2 Gen2 2x Thunderbolt™ 4 (DisplayPort™/ Power Delivery 3.0) | VIDEO PORT: 1x HDMI™ 2.1 (8K @ 60Hz / 4K @ 120Hz) | SENSOR: 1x Ambient Light Sensor 1x Gyroscope 1x Accelerometer 1x Magnetometer 1x Fingerprint 1x Adaptive Color Sensor | SECURITY: Discrete Trusted Platform Module(dTPM) 2.0 Fingerprint Security Microsoft Pluton Security Technology Secured-core PCs Webcam Shutter | WEIGHT: 1.32kg | DIMENSION (WXDXH): 315.6 x 221.9 x 11.9-13.9 mm | ACCESSORY: MSI Topload Bag | COLOR: Platinum Gray | WARRANTY: 2 years limited warranty"
NB-MSI-P14-FLIP-D3MTG-224MY-GRY,MSI Prestige 14 Flip AI+ D3MTG-224MY Business and Productivity Laptop,8899.00,https://my-store.msi.com/products/msi-prestige-14-flip-ai-d3mtg-224my-business-and-productivity-laptop,https://cdn.shopify.com/s/files/1/0761/7970/2080/files/P14-flip-new_40th_Anniversary.jpg?v=1784020781,MSI Official,Intel® Core™ Ultra 9 processor 386H,Intel® Graphics,"32GB LPDDR5x, On board",1TB*1 NVMe SSD PCIe Gen4 1x M.2 SSD slot (NVMe PCIe Gen4),"14"" FHD+(1920x1200), OLED, 100% DCI-P3(Typical), MSI Precision Pen Touch Technology (MPPT), Support MSI Nano Pen, Touchscreen, Low Blue Light & Flicker-free certified by SGS",Intel® Killer™ Wi-Fi 7 BE1775 Bluetooth v6,65W Adaptor MSI recommends using a 65W or higher PD charger for charging.,"SERIES: Prestige 14 Flip AI+ D3M | MODEL: Prestige 14 Flip AI+ D3MTG-224MY | SYSTEM: Windows 11 Home (MSI recommends Windows 11 Pro for business.) | MICROSOFT OFFICE: Office Home 2024 included | WEBCAM: IR FHD type (30fps@1080p) with HDR & 3D Noise Reduction+ (3DNR+) | KEYBOARD: Single Backlit Keyboard (White) with Copilot Key | AUDIO: 2x 2W Audio Speaker 2x 2W Audio Woofer DTS Audio Processing, Hi-Res Audio Ready Spatial Array Microphone (3 Mic) | AUDIO JACK: 1x Mic-in/Headphone-out Combo Jack | I/O PORTS: 2x Type-A USB3.2 Gen2 2x Thunderbolt™ 4 (DisplayPort™/ Power Delivery 3.0) | VIDEO PORT: 1x HDMI™ 2.1 (8K @ 60Hz / 4K @ 120Hz) | SENSOR: 1x Ambient Light Sensor 1x Gyroscope 1x Accelerometer 1x Magnetometer 1x Fingerprint 1x Adaptive Color Sensor | SECURITY: Discrete Trusted Platform Module(dTPM) 2.0 Fingerprint Security Microsoft Pluton Security Technology Secured-core PCs Webcam Shutter | WEIGHT: 1.37kg | DIMENSION (WXDXH): 315.6 x 221.9 x 11.9-13.9 mm | ACCESSORY: MSI Topload Bag | COLOR: Platinum Gray | WARRANTY: 2 years limited warranty"
NB-MSI-CB15-A13VE-2476MY-BLK,MSI Cyborg 15 Black Edition A13VE-2476MY Gaming Laptop,4499.00,https://my-store.msi.com/products/msi-cyborg-15-black-edition-a13ve-2476-gaming-laptop,https://cdn.shopify.com/s/files/1/0761/7970/2080/files/Web_A13VE-2412MY_1.jpg?v=1776154063,MSI Official,Intel® Core™ i7-13620H processor,NVIDIA® GeForce RTX™ 4050 Laptop GPU,"8GB*2 DDR5 DDR5DDR5-5200, 2 Slots, Max 64GB",512GB*1 NVMe SSD PCIe Gen4 1x M.2 SSD slot (NVMe PCIe Gen4),"15.6"" FHD(1920x1080), 144Hz Refresh Rate, IPS-Level",Intel® Wi-Fi 6E AX211 Bluetooth v5.3,120W Adaptor,"SERIES: Cyborg 15 Black Edition A13 | MODEL: Cyborg 15 Black Edition A13VE-2476MY | SYSTEM: Windows 11 Home (MSI recommends Windows 11 Pro for business.) | WEBCAM: HD type (30fps@720p) | KEYBOARD: Single Backlit Keyboard (Blue) with Copilot Key | AUDIO: 2x 2W Audio Speaker DTS Audio Processing, Hi-Res Audio Ready Array Microphone | AUDIO JACK: 1x Mic-in/Headphone-out Combo Jack | I/O PORTS: 2x Type-A USB3.2 Gen1 1x Type-C (USB3.2 Gen2 / DisplayPort™) | VIDEO PORT: 1x HDMI™ 2.1 (4K @ 60Hz) | SECURITY: Firmware Trusted Platform Module(fTPM) 2.0 Kensington Lock | WEIGHT: 1.98kg | DIMENSION (WXDXH): 359.36 x 250.34 x 21.95-22.9 mm | ACCESSORY: MSI Essential Backpack | COLOR: Black | WARRANTY: 2 years limited warranty"
NB-MSI-CBA17-B2HWFKG-050MY-BLK,MSI Cyborg A17 AI B2HWFKG-050MY Gaming Laptop,6399.00,https://my-store.msi.com/products/msi-cyborg-a17-ai-b2hwfkg-050-gaming-laptop,https://cdn.shopify.com/s/files/1/0761/7970/2080/files/Web_Cyborg_A17_AI_B2HW_1.jpg?v=1779357519,MSI Official,AMD Ryzen™ 7 260 processor,NVIDIA® GeForce RTX™ 5060 Laptop GPU,"16GB*1 DDR5 DDR5-5600, 2 Slots, Max 96GB",512GB*1 NVMe SSD PCIe Gen4 1x M.2 SSD slot (NVMe PCIe Gen4),"17.3"" FHD(1920x1080), 144Hz Refresh Rate, IPS-Level",AMD RZ616 Wi-Fi 6E Bluetooth v5.3,120W Adaptor,"SERIES: Cyborg A17 AI B2HW | MODEL: Cyborg A17 AI B2HWFKG-050MY | SYSTEM: Windows 11 Home (MSI recommends Windows 11 Pro for business.) | WEBCAM: HD type (30fps@720p) with 3D Noise Reduction (3DNR) | KEYBOARD: 4-Zone RGB Gaming Keyboard with Copilot Key Smudge-resistant keyboard | AUDIO: 2x 2W Audio Speaker DTS Audio Processing, Hi-Res Audio Ready Array Microphone | AUDIO JACK: 1x Mic-in/Headphone-out Combo Jack | I/O PORTS: 2x Type-A USB3.2 Gen1 1x Type-C (USB3.2 Gen1 / DisplayPort™/ Power Delivery 3.0) | VIDEO PORT: 1x HDMI™ 2.1 (4K @ 60Hz) | SECURITY: Firmware Trusted Platform Module(fTPM) 2.0 Kensington Lock Microsoft Pluton Security Technology Secured-core PCs Webcam Shutter | WEIGHT: 2.5kg | DIMENSION (WXDXH): 399.3 x 258 x 21.2-22.2 mm | ACCESSORY: MSI Essential Backpack | COLOR: Translucent Black | WARRANTY: 2 years limited warranty"
NB-MSI-CBA17-B2HWFKG-051MY-BLK,MSI Cyborg A17 AI B2HWEKG-051MY Gaming Laptop,5999.00,https://my-store.msi.com/products/msi-cyborg-a17-ai-b2hwekg-051-gaming-laptop,https://cdn.shopify.com/s/files/1/0761/7970/2080/files/Web_Cyborg_A17_AI_B2HW_1.jpg?v=1779357519,MSI Official,AMD Ryzen™ 7 260 processor,NVIDIA® GeForce RTX™ 5050 Laptop GPU,"16GB*1 DDR5 DDR5-5600, 2 Slots, Max 96GB",512GB*1 NVMe SSD PCIe Gen4 1x M.2 SSD slot (NVMe PCIe Gen4),"17.3"" FHD(1920x1080), 144Hz Refresh Rate, IPS-Level",AMD RZ616 Wi-Fi 6E Bluetooth v5.3,120W Adaptor,"SERIES: Cyborg A17 AI B2HW | MODEL: Cyborg A17 AI B2HWEKG-051MY | SYSTEM: Windows 11 Home (MSI recommends Windows 11 Pro for business.) | WEBCAM: HD type (30fps@720p) with 3D Noise Reduction (3DNR) | KEYBOARD: 4-Zone RGB Gaming Keyboard with Copilot Key Smudge-resistant keyboard | AUDIO: 2x 2W Audio Speaker DTS Audio Processing, Hi-Res Audio Ready Array Microphone | AUDIO JACK: 1x Mic-in/Headphone-out Combo Jack | I/O PORTS: 2x Type-A USB3.2 Gen1 1x Type-C (USB3.2 Gen1 / DisplayPort™/ Power Delivery 3.0) | VIDEO PORT: 1x HDMI™ 2.1 (4K @ 60Hz) | SECURITY: Firmware Trusted Platform Module(fTPM) 2.0 Kensington Lock Microsoft Pluton Security Technology Secured-core PCs Webcam Shutter | WEIGHT: 2.5kg | DIMENSION (WXDXH): 399.3 x 258 x 21.2-22.2 mm | ACCESSORY: MSI Essential Backpack | COLOR: Translucent Black | WARRANTY: 2 years limited warranty"
NB-MSI-S16-B3WF-022MY-BLK,MSI Stealth 16 AI+ B3WF-022MY Gaming Laptop,10799.00,https://my-store.msi.com/products/msi-stealth-16-ai-b3wf-022-gaming-laptop,https://cdn.shopify.com/s/files/1/0761/7970/2080/files/stealth-new_40th_Anniversary.jpg?v=1784020781,MSI Official,Intel® Core™ Ultra 9 processor 386H,NVIDIA® GeForce RTX™ 5060 Laptop GPU,"16GB*1 DDR5 Up to DDR5-7200, 2 Slots, Max 128GB",512GB*1 NVMe SSD PCIe Gen4 2x M.2 SSD slot (NVMe PCIe Gen4),"16"" QHD+(2560x1600), 240Hz Refresh Rate, OLED, 100% DCI-P3(Typical), VESA DisplayHDR™ True Black 600 Certified, SGS Eye Care Display",Intel® Wi-Fi 7 BE213 Bluetooth v6,240W Adaptor,"SERIES: Stealth 16 AI+ B3W | MODEL: Stealth 16 AI+ B3WF-022MY | SYSTEM: Windows 11 Home (MSI recommends Windows 11 Pro for business.) | WEBCAM: IR FHD type (30fps@1080p) with HDR & 3D Noise Reduction+ (3DNR+) | KEYBOARD: 4-Zone RGB Gaming Keyboard with Copilot Key Smudge-resistant keyboard | AUDIO: 2x 2W Audio Speaker 2x 2W Audio Woofer Hi-Res Audio Ready, Nahimic 3 Audio Enhancer Array Microphone | AUDIO JACK: 1x Mic-in/Headphone-out Combo Jack | I/O PORTS: 2x Type-A USB3.2 Gen2 2x Thunderbolt™ 4 (DisplayPort™/ Power Delivery 3.0) | VIDEO PORT: 1x HDMI™ 2.1 (8K @ 60Hz / 4K @ 120Hz) | SECURITY: Fingerprint Security Firmware Trusted Platform Module(fTPM) 2.0 Kensington Lock Secured-core PCs Webcam Shutter | WEIGHT: 1.99kg | DIMENSION (WXDXH): 354 x 246 x 16.65-19.99 mm | ACCESSORY: MSI Stealth Voyage Backpack | COLOR: Charcoal Black | WARRANTY: 2 years limited warranty"
NB-MSI-R16HX-B2WI-081MY-BLK,MSI Raider 16 Max HX B2WI-081MY Gaming Laptop,18499.00,https://my-store.msi.com/products/msi-raider-16-max-hx-b2wi-081-gaming-laptop,https://cdn.shopify.com/s/files/1/0761/7970/2080/files/raider-16-new_40th_Anniversary.jpg?v=1784020781,MSI Official,Intel® Core™ Ultra 9 processor 290HX Plus,NVIDIA® GeForce RTX™ 5080 Laptop GPU,"16GB*2 DDR5 Up to DDR5-6400, 2 Slots, Max 128GB",2TB*1 NVMe SSD PCIe Gen4 1x M.2 SSD slot (NVMe PCIe Gen4) 1x M.2 SSD slot (NVMe PCIe Gen5) Compatible,"16"" QHD+(2560x1600), 240Hz Refresh Rate, OLED, 100% DCI-P3(Typical), VESA DisplayHDR™ True Black 1000 Certified, SGS Eye Care Display",Intel® Killer™ Wi-Fi 7 BE1750 Bluetooth v5.4,400W Adaptor,"MODEL: Raider 16 Max HX B2WI-081MY | SYSTEM: Windows 11 Home (MSI recommends Windows 11 Pro for business.) | SERIES: Raider 16 Max HX B2W | WEBCAM: IR FHD type (30fps@1080p) with HDR & 3D Noise Reduction+ (3DNR+) | KEYBOARD: Per-Key RGB Gaming Keyboard by SteelSeries with Copilot Key Smudge-resistant keyboard | AUDIO: 2x 2W Audio Speaker 2x 2W Audio Woofer Hi-Res Audio Ready, Nahimic 3 Audio Enhancer, Sound by Dynaudio Array Microphone | AUDIO JACK: 1x Mic-in/Headphone-out Combo Jack | I/O PORTS: 3x Type-A USB3.2 Gen2 2x Thunderbolt™ 4 (DisplayPort™/ Power Delivery 3.1) | VIDEO PORT: 1x HDMI™ 2.1 (8K @ 60Hz / 4K @ 120Hz) | SECURITY: Firmware Trusted Platform Module(fTPM) 2.0 Webcam Shutter Kensington Lock | WEIGHT: 2.6kg | DIMENSION (WXDXH): 363 x 269.7 x 21.95 - 28.85 mm | ACCESSORY: MSI MAX Gaming Backpack | COLOR: Core Black | WARRANTY: 2 years limited warranty"
NB-MSI-CH16HX-E2WGK-011MY-GRY,MSI Crosshair 16 Max HX E2WGK-011MY Gaming Laptop,10499.00,https://my-store.msi.com/products/msi-crosshair-16-max-hx-e2wgk-011-gaming-laptop,https://cdn.shopify.com/s/files/1/0761/7970/2080/files/crosshair-new_40th_Anniversary.jpg?v=1784020781,MSI Official,Intel® Core™ Ultra 9 processor 290HX Plus,NVIDIA® GeForce RTX™ 5070 Laptop GPU,"16GB*1 DDR5 Up to DDR5-6400, 2 Slots, Max 128GB",1TB*1 NVMe SSD PCIe Gen4 1x M.2 SSD slot (NVMe PCIe Gen4) 1x M.2 SSD slot (NVMe PCIe Gen5) Compatible,"16"" QHD+(2560x1600), 165Hz Refresh Rate, OLED, 100% DCI-P3(Typical), VESA DisplayHDR™ True Black 1000 Certified, SGS Eye Care Display",Intel® Wi-Fi 6E AX211 Bluetooth v5.3,240W Adaptor,"MODEL: Crosshair 16 Max HX E2WGK-011MY | SYSTEM: Windows 11 Home (MSI recommends Windows 11 Pro for business.) | SERIES: Crosshair 16 Max HX E2W | WEBCAM: HD type (30fps@720p) with 3D Noise Reduction (3DNR) | KEYBOARD: 24-Zone RGB Gaming Keyboard with Copilot Key | AUDIO: 2x 2W Audio Speaker Hi-Res Audio Ready, Nahimic 3 Audio Enhancer Array Microphone | AUDIO JACK: 1x Mic-in/Headphone-out Combo Jack | I/O PORTS: 3x Type-A USB3.2 Gen2 1x Type-C (USB3.2 Gen2 / DisplayPort™/ Power Delivery 3.0) 1x Thunderbolt™ 4 (DisplayPort™/ Power Delivery 3.1) | VIDEO PORT: 1x HDMI™ 2.1 (8K @ 60Hz / 4K @ 120Hz) | SECURITY: Firmware Trusted Platform Module(fTPM) 2.0 Webcam Shutter Kensington Lock | WEIGHT: 2.2kg | DIMENSION (WXDXH): 363 x 269.7 x 21.95 - 23.85 mm | ACCESSORY: MSI Essential Backpack | COLOR: Core Black | WARRANTY: 2 years limited warranty"
NB-MSI-R16HX-B2WH-063MY-BLK,MSI Raider 16 Max HX B2WH-063MY Gaming Laptop,10999.00,https://my-store.msi.com/products/msi-raider-16-max-hx-b2wh-063-gaming-laptop,https://cdn.shopify.com/s/files/1/0761/7970/2080/files/raider-16-new_40th_Anniversary.jpg?v=1784020781,MSI Official,Intel® Core™ Ultra 7 processor 251HX,NVIDIA® GeForce RTX™ 5070 Ti Laptop GPU,"16GB*1 DDR5 Up to DDR5-6400, 2 Slots, Max 128GB",1TB*1 NVMe SSD PCIe Gen4 1x M.2 SSD slot (NVMe PCIe Gen4) 1x M.2 SSD slot (NVMe PCIe Gen5) Compatible,"16"" QHD+(2560x1600), 240Hz Refresh Rate, IPS-Level, 100% DCI-P3(Typical)",Intel® Killer™ Wi-Fi 7 BE1750 Bluetooth v5.4,400W Adaptor,"MODEL: Raider 16 Max HX B2WH-063MY | SYSTEM: Windows 11 Home (MSI recommends Windows 11 Pro for business.) | SERIES: Raider 16 Max HX B2W | WEBCAM: IR FHD type (30fps@1080p) with HDR & 3D Noise Reduction+ (3DNR+) | KEYBOARD: Per-Key RGB Gaming Keyboard by SteelSeries with Copilot Key Smudge-resistant keyboard | AUDIO: 2x 2W Audio Speaker 2x 2W Audio Woofer Hi-Res Audio Ready, Nahimic 3 Audio Enhancer, Sound by Dynaudio Array Microphone | AUDIO JACK: 1x Mic-in/Headphone-out Combo Jack | I/O PORTS: 3x Type-A USB3.2 Gen2 2x Thunderbolt™ 4 (DisplayPort™/ Power Delivery 3.1) | VIDEO PORT: 1x HDMI™ 2.1 (8K @ 60Hz / 4K @ 120Hz) | SECURITY: Firmware Trusted Platform Module(fTPM) 2.0 Webcam Shutter Kensington Lock | WEIGHT: 2.6kg | DIMENSION (WXDXH): 363 x 269.7 x 21.95 - 28.85 mm | ACCESSORY: MSI MAX Gaming Backpack | COLOR: Core Black | WARRANTY: 2 years limited warranty"
NB-MSI-T15-B12UCX-2672MY-GRY,MSI Thin 15 B12UCX-2672MY Gaming Laptop,2999.00,https://my-store.msi.com/products/pre-order-msi-thin-15-b12ucx-2672-gaming-laptop,https://cdn.shopify.com/s/files/1/0761/7970/2080/files/d2b03fdd790ce401649b99bd95724ed6.jpg?v=1749804635,MSI Official,Intel  I7-12650H,NVIDIA ® GeForce RTX™ 2050 GPU Laptop 4GB GDDR6,8GB DDR4,512GB PCIE G4X4 NVME SSD,"15.6"" FHD 144Hz",Intel Wi-Fi 6E AX211,"3-cell, 52.4Whr",
NB-MSI-MA14-F3HMG-025MY-GRY,[Online Exclusive] MSI Modern A14 AI+ F3HMG-025MY Business and Productivity Laptop,2899.00,https://my-store.msi.com/products/msi-modern-a14-ai-f3hmg-025-business-and-productivity-laptop,https://cdn.shopify.com/s/files/1/0761/7970/2080/files/Web_Modern_A14_AI_F3HM_1.jpg?v=1778731189,MSI Official,AMD Ryzen™ AI 5 330 processor,AMD Radeon™ 820M,"16GB*1 Up to DDR5-5600 Up to DDR5-5600, 2 Slots, Max 32GB",512GB*1 NVMe SSD PCIe Gen4 1x M.2 SSD slot (NVMe PCIe Gen4),"14"" FHD(1920x1080), IPS-Level",AMD RZ616 Wi-Fi 6E Bluetooth v5.3,65W Adaptor,SYSTEM: Windows 11 Home (MSI recommends Windows 11 Pro for business.) | MICROSOFT OFFICE: Microsoft 365 Basic + Office Home 2024 included | SERIES: Modern A14 AI+ F3HM | WEBCAM: IR HD type (30fps@720p) with 3D Noise Reduction (3DNR) | KEYBOARD: Single Backlit Keyboard (White) with Copilot Key | AUDIO: 2x 2W Audio Speaker Hi-Res Audio Ready Array Microphone | AUDIO JACK: 1x Mic-in/Headphone-out Combo Jack | I/O PORTS: 2x Type-A USB3.2 Gen1 2x Type-C (USB3.2 Gen2 / DisplayPort™/ Power Delivery 3.0) | VIDEO PORT: 1x HDMI™ 2.1 (4K @ 60Hz) | SECURITY: Firmware Trusted Platform Module(fTPM) 2.0 Webcam Shutter Kensington Lock | WEIGHT: 1.4kg | DIMENSION (WXDXH): 323.9 x 217.2 x 19.9 mm | ACCESSORY: MSI Topload Bag | COLOR: Platinum Gray | WARRANTY: 2 years limited warranty
NB-MSI-CB14-A13VF-248MY-BLK,MSI Cyborg 14 A14VF-284MY Gaming Laptop,5399.00,https://my-store.msi.com/products/msi-cyborg-14-a14vf-284-gaming-laptop,https://cdn.shopify.com/s/files/1/0761/7970/2080/files/Web_A13VF-248MY_1.jpg?v=1776761852,MSI Official,Intel® Core™ i7-13620H processor,NVIDIA® GeForce RTX™ 4060 Laptop GPU,"8GB*2 DDR5 DDR4-3200, 2 Slots, Max 64GB",512GB*1 NVMe SSD PCIe Gen4 1x M.2 SSD slot (NVMe PCIe Gen4),"14"" FHD+(1920x1200), 144Hz Refresh Rate, IPS-Level, 100%sRGB(Typical)",Intel® Wi-Fi 6E AX211 Bluetooth v5.3,120W Adaptor,"SYSTEM: Windows 11 Home (MSI recommends Windows 11 Pro for business.) | SERIES: Cyborg 15 A13V | WEBCAM: HD type (30fps@720p) | KEYBOARD: Single Backlit Keyboard (Blue) | AUDIO: 2x 2W Audio Speaker DTS Audio Processing, Hi-Res Audio Ready Array Microphone | AUDIO JACK: 1x Mic-in/Headphone-out Combo Jack | I/O PORTS: 2x Type-A USB3.2 Gen1 1x Type-C (USB3.2 Gen2 / DisplayPort™) | VIDEO PORT: 1x HDMI™ 2.1 (4K @ 60Hz) | SECURITY: Firmware Trusted Platform Module(fTPM) 2.0 Kensington Lock | WEIGHT: 1.6kg | DIMENSION (WXDXH): 314.7 x 233.5 x 18.6-22.3 mm | ACCESSORY: MSI Essential Backpack | COLOR: Translucent Black | WARRANTY: 2 years limited warranty"
NB-MSI-M15-F1MG-1204MY-GRY,MSI Modern 15 F1MG-1204MY Business and Productivity Laptop,3499.00,https://my-store.msi.com/products/msi-modern-15-f1mg-1204-business-and-productivity-laptop,https://cdn.shopify.com/s/files/1/0761/7970/2080/files/Web_F1MG-838MY_1.jpg?v=1775205386,MSI Official,Intel® Core™ 5 processor 120U,Intel® Graphics,"16GB*1 DDR4-3200 DDR4-3200, 2 Slots, Max 64GB",512GB*1 NVMe SSD PCIe Gen4 1x M.2 SSD slot (NVMe PCIe Gen4),"15.6"" FHD(1920x1080), IPS-Level",Intel® Wi-Fi 6E AX211 Bluetooth v5.3,65W Adaptor,SYSTEM: Windows 11 Home (MSI recommends Windows 11 Pro for business.) | MICROSOFT OFFICE: Microsoft 365 Basic + Office Home 2024 included | SERIES: Modern 15 F1M | WEBCAM: HD type (30fps@720p) | KEYBOARD: Single Backlit Keyboard (White) with Copilot Key | AUDIO: 2x 2W Audio Speaker Hi-Res Audio Ready Array Microphone | AUDIO JACK: 1x Mic-in/Headphone-out Combo Jack | I/O PORTS: 2x Type-A USB3.2 Gen1 2x Type-C (USB3.2 Gen2 / DisplayPort™/ Power Delivery 3.0) | VIDEO PORT: 1x HDMI™ 2.1 (4K @ 60Hz) | SECURITY: Firmware Trusted Platform Module(fTPM) 2.0 Webcam Shutter Kensington Lock | WEIGHT: 1.4kg | DIMENSION (WXDXH): 323.9 x 217.2 x 19.9 mm | ACCESSORY: MSI Topload Bag | COLOR: Platinum Gray | WARRANTY: 2 years limited warranty
NB-MSI-CB15-A13VE-2276MY-BLK,[Online Exclusive] MSI Cyborg 15 A13VE-2276MY Gaming Laptop,4899.00,https://my-store.msi.com/products/msi-cyborg-15-a13ve-2276-gaming-laptop,https://cdn.shopify.com/s/files/1/0761/7970/2080/files/Web_A13VE-2215MY_1.jpg?v=1764216561,MSI Official,Intel® Core™ i7-13620H processor,NVIDIA® GeForce RTX™ 4050 Laptop GPU,"8GB*2 DDR5-5600 DDR5-5200, 2 Slots, Max 64GB",1TB*1 NVMe SSD PCIe Gen4 1x M.2 SSD slot (NVMe PCIe Gen4),"15.6"" FHD(1920x1080), 144Hz Refresh Rate, IPS-Level",Intel® Wi-Fi 6E AX211 Bluetooth v5.3,120W Adaptor,"SYSTEM: Windows 11 Home (MSI recommends Windows 11 Pro for business.) | SERIES: Cyborg 15 A13V | WEBCAM: HD type (30fps@720p) | KEYBOARD: Single Backlit Keyboard (Blue) | AUDIO: 2x 2W Audio Speaker Hi-Res Audio Ready, Nahimic 3 Audio Enhancer | AUDIO JACK: 1x Mic-in/Headphone-out Combo Jack | I/O PORTS: 2x Type-A USB3.2 Gen1 1x Type-C (USB3.2 Gen1 / DisplayPort™) | VIDEO PORT: 1x HDMI™ 2.1 (4K @ 60Hz) | SECURITY: Kensington Lock | WEIGHT: 1.98kg | DIMENSION (WXDXH): 359.36 x 250.34 x 21.95~22.9 mm | ACCESSORY: MSI Essential Backpack | COLOR: Translucent Black | WARRANTY: 2 years limited warranty"
NB-MSI-CB15-A13VE-2412MY-BLK,[Online Exclusive] MSI Cyborg 15 Black Edition A13VE-2412MY Gaming Laptop,4499.00,https://my-store.msi.com/products/msi-cyborg-15-black-edition-a13ve-2412-gaming-laptop,https://cdn.shopify.com/s/files/1/0761/7970/2080/files/cyborg-black_3ae1a923-1f46-4d5b-b0d9-bca3da12fbb1.jpg?v=1784517928,MSI Official,Intel® Core™ i5-13420H processor,NVIDIA® GeForce RTX™ 4050 Laptop GPU,"16GB*1 DDR5 DDR5-5200, 2 Slots, Max 64GB",512GB*1 NVMe SSD PCIe Gen4 1x M.2 SSD slot (NVMe PCIe Gen4),"15.6"" FHD(1920x1080), 144Hz Refresh Rate, IPS-Level",Intel® Wi-Fi 6E AX211 Bluetooth v5.3,120W Adaptor,"SYSTEM: Windows 11 Home (MSI recommends Windows 11 Pro for business.) | SERIES: Cyborg 15 Black Edition A13X | WEBCAM: HD type (30fps@720p) | KEYBOARD: Single Backlit Keyboard (Blue) with Copilot Key | AUDIO: 2x 2W Audio Speaker DTS Audio Processing, Hi-Res Audio Ready Array Microphone | AUDIO JACK: 1x Mic-in/Headphone-out Combo Jack | I/O PORTS: 2x Type-A USB3.2 Gen1 1x Type-C (USB3.2 Gen2 / DisplayPort™) | VIDEO PORT: 1x HDMI™ 2.1 (4K @ 60Hz) | SECURITY: Firmware Trusted Platform Module(fTPM) 2.0 Kensington Lock | WEIGHT: 1.98kg | DIMENSION (WXDXH): 359.36 x 250.34 x 21.95-22.9 mm | ACCESSORY: MSI Essential Gaming Backpack | COLOR: Black | WARRANTY: 2 years limited warranty"
NB-MSI-CHA16HX-D8WFKG-019MY-BLK,MSI Crosshair A16 HX D8WFKG-019MY Gaming Laptop,6999.00,https://my-store.msi.com/products/msi-crosshair-a16-hx-d8wfkg-019-gaming-laptop-nvidia®-geforce-rtx™-5070-laptop-gpu,https://cdn.shopify.com/s/files/1/0761/7970/2080/files/WebD8WGKG-018MY1.jpg?v=1754450204,MSI Official,AMD Ryzen™ 9 8940HX Processor,NVIDIA® GeForce RTX™ 5060 Laptop GPU,"8GB*2 DDR5-5600 DDR5-5200, 2 Slots, Max 96GB",1TB*1 NVMe SSD PCIe Gen4 1x M.2 SSD slot (NVMe PCIe Gen4) 1x M.2 SSD slot (NVMe PCIe Gen5) Compatible,"16"" QHD+(2560x1600), 240Hz Refresh Rate, IPS-Level, 100% DCI-P3(Typical)",AMD RZ616 Wi-Fi 6E Bluetooth v5.3,240W Adaptor,"SYSTEM: Windows 11 Home (MSI recommends Windows 11 Pro for business.) | SERIES: Crosshair A16 HX D8W | WEBCAM: HD type (30fps@720p) 3D Noise Reduction (3DNR) | KEYBOARD: 24-Zone RGB Gaming Keyboard with Copilot Key | AUDIO: 2x 2W Audio Speaker Nahimic 3 Audio Enhancer, Hi-Res Audio Ready Array Microphone | AUDIO JACK: 1x Mic-in/Headphone-out Combo Jack | I/O PORTS: 3x Type-A USB3.2 Gen2 1x Type-C (USB3.2 Gen2 / DisplayPort™/ Power Delivery 3.0) | VIDEO PORT: 1x HDMI™ 2.1 (8K @ 60Hz / 4K @ 120Hz) | SECURITY: Firmware Trusted Platform Module(fTPM) 2.0 Webcam Shutter Kensington Lock | WEIGHT: 2.5kg | DIMENSION (WXDXH): 359 x 266.4 x 21.8-27.9 mm | ACCESSORY: MSI Essential Gaming Backpack | COLOR: Cosmos Gray | WARRANTY: 2 years limited warranty"
83RWCTO1WWMY2,"Legion 5i (15"", Gen 11)",8171.70,https://www.lenovo.com/my/en/p/laptops/legion-laptops/legion-series/legion-5i-gen-11-15-inch-intel/83rwcto1wwmy2,https://p3-ofp.static.pub/ShareResource/optimized/pdp/legion/legion-5-series/len101g0050/lenovo-legion-5i-gen-11-15-intel-pdp-gallery-1.4110b84470e37084.png,Lenovo Official,Intel® Core™ Ultra 7 356H Processor (E-cores up to 3.50 GHz P-cores up to 4.70 GHz),NVIDIA® GeForce RTX™ 5050 Laptop GPU 8GB GDDR7,32 GB DDR5-5600MT/s (SODIMM) - (2 x 16 GB),1 TB SSD M.2 2242 PCIe Gen4 TLC,"15.3"" WQXGA (2560 x 1600), OLED, Glare, Non-Touch, HDR 1000 True Black, 100%DCI-P3, 500 nits, 165Hz, Low Blue Light",,,"OS: Windows 11 Home Single Language 64 | Warranty: 1 Year Legion Ultimate Support | The Legion 5i (15"", Gen 11) features a powerful Intel® Core™ Ultra 7 processor and NVIDIA® GeForce RTX™ 5050 GPU. With a stunning 15.3"" OLED display, 32GB DDR5 memory, and 1TB SSD storage, it's perfect for gamers seeking top-tier performance."
83JQCTO1WWMY3,"Yoga 7i 2-in-1 (14'', Gen 10)",4428.95,https://www.lenovo.com/my/en/p/laptops/yoga/yoga-2-in-1-series/lenovo-yoga-7i-2-in-1-gen-10-14-inch-intel/83jqcto1wwmy3,https://p3-ofp.static.pub/ShareResource/optimized/pdp/yoga/yoga-2-in-1-series/len101y0056/yoga-7i-2-in-1-gen-10-14-gallery-1.png,Lenovo Official,Intel® Core™ Ultra 5 226V Processor (LPE-cores up to 3.50 GHz P-cores up to 4.50 GHz / 16 GB MOP),Integrated Graphics,16 GB LPDDR5X-8533MT/s (Memory on Package),1 TB SSD M.2 2242 PCIe Gen4 TLC,"14"" WUXGA (1920 x 1200), IPS, Glare, Touch, 45%NTSC, 300 nits, 60Hz, Glass",,,"OS: Windows 11 Home Single Language 64 | Warranty: 1 Year PremiumCare | The Yoga 7i 2-in-1 (14'', Gen 10) offers a versatile design with a 14"" touch display for creators and everyday use. Powered by an Intel® Core™ Ultra 5 processor, 16GB memory, and 1TB SSD, it ensures smooth performance and ample storage in a sleek Luna Grey finish."
21UYCTO1WWMY2,ThinkBook 14 Gen 9,4325.89,https://www.lenovo.com/my/en/p/laptops/thinkbook/thinkbook-series/lenovo-thinkbook-14-gen-9-14-inch-intel/21uycto1wwmy2,https://p2-ofp.static.pub/fes/cms/2025/11/11/rvrvvqu8mffodlq86p2x59gbig8f4x532524.png,Lenovo Official,Intel® Core™ 5 210H Processor (E-cores up to 3.60 GHz P-cores up to 4.80 GHz),Integrated Graphics,16 GB DDR5-5600MT/s (SODIMM),256 GB SSD M.2 2242 PCIe Gen4 TLC,"14"" WUXGA (1920 x 1200), IPS, Anti-Glare, Non-Touch, 45%NTSC, 400 nits, 60Hz",,,"OS: Windows 11 Home Single Language 64 | Warranty: 1 Year Courier or Carry-in | The ThinkBook 14 Gen 9 offers a sleek Arctic Grey design and a vibrant 14"" WUXGA anti-glare display. Powered by Intel® Core™ 5 210H, 16GB DDR5 memory, and 256GB SSD, it ensures smooth multitasking for professionals and SMBs."
21SX003YMA,ThinkPad E14 Gen 7,5767.73,https://www.lenovo.com/my/en/p/laptops/thinkpad/thinkpade/thinkpad-e14-gen-7-14-inch-intel/21sx003yma,https://p4-ofp.static.pub/fes/cms/2025/03/17/eubwnjmjsktduhota8taj547khw5gn883717.png,Lenovo Official,Intel® Core™ Ultra 5 225U Processor (E-cores up to 3.80 GHz P-cores up to 4.80 GHz),Integrated Intel® Graphics,16 GB DDR5-5600MT/s (SODIMM),512 GB SSD M.2 2242 PCIe Gen4 TLC Opal,"14"" WUXGA (1920 x 1200), IPS, Anti-Glare, Non-Touch, 45%NTSC, 300 nits, 60 Hz",,,"OS: Windows 11 Pro 64 | Warranty: 3 Year On-site | The ThinkPad E14 G7 features a 14"" WUXGA display with anti-glare and 300 nits brightness for clear visuals. Powered by an Intel® Core™ Ultra 5 processor, 16GB DDR5 memory, and 512GB SSD, it's ideal for business professionals seeking performance and portability."
83LTCTO1WWMY3,"Legion Pro 5 (16"",  Gen 10)",7139.44,https://www.lenovo.com/my/en/p/laptops/legion-laptops/legion-pro-series/legion-pro-5-gen-10-16-inch-amd/83ltcto1wwmy3,https://p4-ofp.static.pub/fes/cms/2025/04/04/jiji2singllsx0ge6te3pq1uxsghqs412326.png,Lenovo Official,AMD Ryzen™ 7 8745HX Processor (3.60 GHz up to 5.10 GHz),NVIDIA® GeForce RTX™ 5060 Laptop GPU 8GB GDDR7,16 GB DDR5-5200MT/s (SODIMM),1 TB SSD M.2 2242 PCIe Gen4 TLC,"16"" WQXGA (2560 x 1600), OLED, Glare, Non-Touch, HDR 1000 True Black, 100%DCI-P3, 500 nits, 165Hz, Low Blue Light",,,"OS: Windows 11 Home Single Language 64 | Warranty: 1 Year Legion Ultimate Support | The Legion Pro 5 (16"", Gen 10) offers powerful performance with an AMD Ryzen™ 7 processor, NVIDIA® RTX™ 5060 GPU, and a stunning OLED display. Users praise its exceptional performance, vibrant display, and versatility, making it ideal for gamers and creative professionals."
83HH002GMA,ideapad Chrome Duet 11M889,1974.06,https://www.lenovo.com/my/en/p/laptops/lenovo/lenovo-edu-chromebooks/lenovo-chromebook-duet-gen-9-11-inch-mediatek/83hh002gma,https://p4-ofp.static.pub/fes/cms/2024/07/29/dik1p1114323csxtbe23f8aaw3i0n0633169.png,Lenovo Official,MediaTek Kompanio 838 Processor (2.60 GHz ),Integrated ARM Mali-G57 MC3 GPU,8 GB LPDDR4X-4266MT/s (Soldered),128 GB eMMC 5.1 TLC,"10.95"" WUXGA (1920 x 1200), IPS, Glare, Touch, 72%NTSC, 400 nits, 60Hz, Glass",,,"OS: ChromeOS | Warranty: 3 Year Depot or Carry-in | The IdeaPad Duet 3 Chromebook is a lightweight detachable notebook with a vibrant 10.95"" WUXGA touch display. Perfect for students, it offers 8GB memory, 128GB storage, Wi-Fi 6, and a Lenovo USI Pen for seamless productivity and creativity."
82LV007SMJ,"IdeaPad 1i (14"", Gen 7)",2355.94,https://www.lenovo.com/my/en/p/laptops/ideapad/ideapad-3/ideapad-1i-gen-7-(14-inch-intel)/82lv007smj,https://p1-ofp.static.pub/fes/cms/2023/03/06/qip9pxrd9m2osda8566c8p0fm6uduw850551.png,Lenovo Official,Intel® Celeron® N4500 Processor (1.10 GHz up to 2.80 GHz),Integrated Intel® UHD Graphics,8 GB DDR4-2933MHz (SODIMM),256 GB SSD M.2 2242 PCIe Gen4 TLC,"14"" HD (1366 x 768), TN, Anti-Glare, Non-Touch, 45%NTSC, 220 nits, 60 Hz",,,"OS: Windows 11 Home Single Language 64 | Warranty: 2 Year PremiumCare | The IdeaPad 1 14IJL7 offers reliable performance with Intel® Celeron® N4500 and 8GB memory. Its lightweight design, 256GB SSD storage, and HD display make it ideal for everyday tasks, enhanced by Wi-Fi 6 and 2-year PremiumCare warranty."
82XQ0027MJ,"IdeaPad 3 (15"", Gen 8)",2937.77,https://www.lenovo.com/my/en/p/laptops/ideapad/ideapad-3/ideapad-slim-3-gen-8-15-inch-amd/82xq0027mj,https://p2-ofp.static.pub/fes/cms/2024/09/13/0bz9e64gjw7o3i3h8h2ts04cllay0g355215.png,Lenovo Official,AMD Ryzen™ 5 7520U Processor (2.80 GHz up to 4.30 GHz),Integrated AMD Radeon™ 610M,8 GB LPDDR5-5500MT/s (Soldered),512 GB SSD M.2 2242 PCIe QLC,"15.6"" FHD (1920 x 1080), IPS, Anti-Glare, Non-Touch, 45%NTSC, 300 nits, 60Hz, Narrow Bezel",,,"OS: Windows 11 Home 64 Single Language | Warranty: 1 Year PremiumCare | The IdeaPad Slim 3 15AMN8 offers a sleek design with a 15.6"" FHD anti-glare display for immersive visuals. Powered by an AMD Ryzen™ 5 processor, it features 8GB RAM, 512GB SSD, and Wi-Fi 6 for smooth multitasking, making it ideal for students and everyday use."
83RR00STMJ,"IdeaPad Slim 3i (15"", Gen 11)",4263.04,https://www.lenovo.com/my/en/p/laptops/ideapad/ideapad-slim-series/lenovo-ideapad-slim-3i-gen-11-15-inch-intel/83rr00stmj,https://p1-ofp.static.pub/ShareResource/optimized/IdeaPad-Slim-3i-Gen11-15-Intel/lenovo-ideapad-slim-3i-gen-11-15-intel-pdp-gallery-1.png,Lenovo Official,Intel® Core™ 5 320 Processor (LPE-cores up to 3.40 GHz P-cores up to 4.60 GHz),Integrated Intel® Graphics,16 GB DDR5-5600MT/s (SODIMM),512 GB SSD M.2 2242 PCIe Gen4 QLC,"15.3"" WUXGA (1920 x 1200), IPS, Anti-Glare, Non-Touch, 45%NTSC, 400 nits, 60 Hz",,,"OS: Windows 11 Home Single Language 64 | Warranty: 1 Year PremiumCare | The IdeaPad Slim 3 15IWC11 offers a sleek, lightweight design with a 15.3"" WUXGA anti-glare display for clear visuals. Equipped with an Intel® Core™ 5 processor, 16GB DDR5 memory, and 512GB SSD, it ensures smooth performance for everyday tasks and entertainment."
83TD006SMJ,Lenovo YOGA 7 2-in-1 14AGP11,4687.36,https://www.lenovo.com/my/en/p/laptops/yoga/yoga-2-in-1-series/lenovo-yoga-7a-2-in-1-gen-11-14-inch-amd/83td006smj,https://p1-ofp.static.pub/ShareResource/optimized/pdp/yoga/yoga-2-in-1-series/len101y0067/lenovo-yoga-7a-2-in-1-gen-11-14-amd-pdp-gallery-1.98736643ff42c877.png,Lenovo Official,AMD Ryzen™ AI 5 430 Processor (2.00 GHz up to 4.50 GHz),Integrated AMD Radeon™ 840M,16 GB LPDDR5X-8000MT/s (Soldered),512 GB SSD M.2 2242 PCIe Gen4 QLC,"14"" WUXGA (1920 x 1200), OLED, Glare, Touch, HDR 500 True Black, 100%DCI-P3, 400 nits, 60 Hz, Glass",,,"OS: Windows 11 Home 64 | Warranty: 2 Year PremiumCare | The Lenovo YOGA 7 2-in-1 offers a stunning 14"" OLED touchscreen with vibrant colors and sharp resolution. Equipped with an AMD Ryzen™ AI 5 processor, 16GB memory, and 512GB SSD, it's perfect for creators and multitaskers. Includes a Yoga Pen Gen 2 and a 2-year PremiumCare warranty for added convenience."
83RR00SWMJ,"IdeaPad Slim 3i (15"", Gen 11)",4787.13,https://www.lenovo.com/my/en/p/laptops/ideapad/ideapad-slim-series/lenovo-ideapad-slim-3i-gen-11-15-inch-intel/83rr00swmj,https://p1-ofp.static.pub/ShareResource/optimized/IdeaPad-Slim-3i-Gen11-15-Intel/lenovo-ideapad-slim-3i-gen-11-15-intel-pdp-gallery-1.png,Lenovo Official,Intel® Core™ 7 350 Processor (LPE-cores up to 3.60 GHz P-cores up to 4.80 GHz),Integrated Intel® Graphics,16 GB DDR5-5600MT/s (SODIMM),512 GB SSD M.2 2242 PCIe Gen4 QLC,"15.3"" WUXGA (1920 x 1200), IPS, Anti-Glare, Non-Touch, 45%NTSC, 400 nits, 60 Hz",,,"OS: Windows 11 Home Single Language 64 | Warranty: 1 Year PremiumCare | The IdeaPad Slim 3 15IWC11 offers a sleek design with a 15.3"" anti-glare display and vibrant WUXGA resolution. Equipped with an Intel® Core™ i7 processor, 16GB memory, and 512GB SSD, it's perfect for students and everyday entertainment."
21M3000MMY,ThinkPad E14 AMD G6,4951.59,https://www.lenovo.com/my/en/p/laptops/thinkpad/thinkpade/lenovo-thinkpad-e14-gen-6-14-inch-amd/21m3000mmy,https://p1-ofp.static.pub/fes/cms/2024/04/01/w5xzl0a0vcja2jirmi04tmaxy7nw1g409296.png,Lenovo Official,AMD Ryzen™ 7 7735U Processor (2.70 GHz up to 4.75 GHz),Integrated AMD Radeon™ 680M,16 GB DDR5-4800MT/s (SODIMM),512 GB SSD M.2 2242 PCIe Gen4 TLC Opal,"14"" WUXGA (1920 x 1200), IPS, Anti-Glare, Non-Touch, 45%NTSC, 300 nits, 60 Hz",,,"OS: Windows 11 Pro 64 | Warranty: 3 Year On-site | The ThinkPad E14 is a sleek ultraslim notebook designed for professionals and students. It features an AMD Ryzen™ 7 processor, 16GB DDR5 memory, and a 14"" WUXGA display, making it ideal for multitasking and productivity."
83S6000WMJ,IdeaPad Slim 5 16IPH11 FIFA World Cup 26™ Edition,4977.87,https://www.lenovo.com/my/en/p/laptops/ideapad/ideapad-slim-series/lenovo-ideapad-slim-5i-gen-11-16-inch-intel-laptop/83s6000wmj,https://p3-ofp.static.pub/ShareResource/optimized/pdp/ideapad/ideapad-slim-series/len101i0132/lenovo-ideapad-slim-5i-gen-11-gallery-1.b3c108b21654966e.png,Lenovo Official,Intel® Core™ Ultra 5 325 Processor (LPE-cores up to 3.40 GHz P-cores up to 4.50 GHz),Integrated Intel® Graphics,16 GB DDR5-5600MT/s (SODIMM)(2 x 8 GB),1 TB SSD M.2 2242 PCIe Gen4 QLC,"16"" WUXGA (1920 x 1200), IPS, Anti-Glare, Touch, 100%sRGB, 400 nits, 120 Hz",,,"OS: Windows 11 Home 64 | Warranty: 1 Year PremiumCare | The IdeaPad Slim 5 16IPH11 features a stunning 16"" WUXGA touchscreen with 120Hz refresh rate for smooth visuals. Powered by an Intel® Core™ Ultra 5 processor, it includes 16GB memory, 1TB SSD storage, and Wi-Fi 7 for seamless performance and connectivity."
83TC006BMJ,Yoga 7 2-in-1 14IPH11 (Aura Edition),5210.04,https://www.lenovo.com/my/en/p/laptops/yoga/yoga-2-in-1-series/yoga-7i-2-in-1-gen-11-aura-edition-14-inch-intel/83tc006bmj,https://p4-ofp.static.pub/ShareResource/optimized/pdp/yoga/yoga-2-in-1-series/len101y0071/lenovo-yoga-1-in-2-gen-11-aura-edition-gallery-3.png,Lenovo Official,Intel® Core™ Ultra 5 322 Processor (LPE-cores up to 3.30 GHz P-cores up to 4.40 GHz),Integrated Intel® Graphics,16 GB LPDDR5X-7467MT/s (Soldered),512 GB SSD M.2 2242 PCIe Gen4 QLC,"14"" WUXGA (1920 x 1200), OLED, Glare, Touch, HDR 500 True Black, 100%DCI-P3, 400 nits, 60 Hz, Glass",,,"OS: Windows 11 Home 64 | Warranty: 2 Year PremiumCare | The Lenovo Yoga 7 2-in-1 features a stunning 14"" OLED touchscreen display with vibrant colors and sharp visuals. Designed for creators, it offers a powerful Intel Core Ultra 5 processor, 16GB memory, 512GB SSD, and comes with a Lenovo Yoga Pen Gen 2 for seamless creativity."
21ST0030MA,ThinkPad E16 AMD Gen 3,5385.58,https://www.lenovo.com/my/en/p/laptops/thinkpad/thinkpade/lenovo-thinkpad-e16-gen-3-16-inch-amd-laptop/21st0030ma,https://p3-ofp.static.pub/fes/cms/2025/05/06/6vh5zn0of60qpuju9sg98f2nvtu98f157202.png,Lenovo Official,AMD Ryzen™ 5 230 Processor (3.50 GHz up to 4.90 GHz),Integrated AMD Radeon™ 760M,16 GB DDR5-5600MT/s (SODIMM),512 GB SSD M.2 2242 PCIe Gen4 TLC Opal,"16"" WUXGA (1920 x 1200), IPS, Anti-Glare, Non-Touch, 45%NTSC, 300 nits, 60 Hz",,,"OS: Windows 11 Pro 64 | Warranty: 3 Year On-site | The ThinkPad E16 is a sleek ultraslim notebook designed for productivity and efficiency. It features a powerful AMD Ryzen™ 5 processor, 16GB DDR5 memory, and a 16"" WUXGA anti-glare display, perfect for students or professionals."
21T0003GMA,ThinkPad E14 AMD Gen 7,5413.03,https://www.lenovo.com/my/en/p/laptops/thinkpad/thinkpade/lenovo-thinkpad-e14-gen-7-14-inch-amd-laptop/21t0003gma,https://p1-ofp.static.pub/fes/cms/2025/04/24/ngqu8l7joyxods23wyqywgmhnfrnq0036245.png,Lenovo Official,AMD Ryzen™ 7 250 Processor (3.30 GHz up to 5.10 GHz),Integrated AMD Radeon™ 780M,16 GB DDR5-5600MT/s (SODIMM),512 GB SSD M.2 2242 PCIe Gen4 TLC Opal,"14"" WUXGA (1920 x 1200), IPS, Anti-Glare, Non-Touch, 45%NTSC, 300 nits, 60 Hz",,,"OS: Windows 11 Pro 64 | Warranty: 3 Year On-site | The ThinkPad E14 Gen 7 offers powerful performance with an AMD Ryzen™ 7 processor and 16GB DDR5 memory. Its 14"" WUXGA anti-glare display, 512GB SSD storage, and 3-year on-site warranty make it ideal for business professionals."
83TE002FMJ,Yoga 7 2-in-1 16IPH11 (Aura Edition),5574.27,https://www.lenovo.com/my/en/p/laptops/yoga/yoga-2-in-1-series/lenovo-yoga-7i-2-in-1-gen-11-aura-edition-16-inch-intel/83te002fmj,https://p2-ofp.static.pub/ShareResource/optimized/pdp/yoga/yoga-2-in-1-series/len101y0072/lenovo-yoga-7i-2-in-1-gen-11-aura-edition-16-intel-gallery-1.597a9136f2bd017d.png,Lenovo Official,Intel® Core™ Ultra 5 322 Processor (LPE-cores up to 3.30 GHz P-cores up to 4.40 GHz),Integrated Intel® Graphics,16 GB LPDDR5X-7467MT/s (Soldered),1 TB SSD M.2 2242 PCIe Gen4 QLC,"16"" WUXGA (1920 x 1200), OLED, Glare, Touch, 100%DCI-P3, 300 nits, 60Hz, Glass",,,"OS: Windows 11 Home 64 | Warranty: 2 Year PremiumCare | The Lenovo YOGA 7 2-in-1 laptop features a 16"" OLED touch display with 100% DCI-P3 color accuracy and a sleek Luna Grey design. It offers powerful performance with an Intel® Core™ Ultra 5 processor, 16GB RAM, 1TB SSD, and includes a Yoga Pen Gen 2 for creators."
21SX0040MA,ThinkPad E14 Gen 7,6617.79,https://www.lenovo.com/my/en/p/laptops/thinkpad/thinkpade/thinkpad-e14-gen-7-14-inch-intel/21sx0040ma,https://p4-ofp.static.pub/fes/cms/2025/03/17/eubwnjmjsktduhota8taj547khw5gn883717.png,Lenovo Official,Intel® Core™ Ultra 7 255H Processor (E-cores up to 4.40 GHz P-cores up to 5.10 GHz),Integrated Intel® Arc™ 140T GPU,16 GB DDR5-5600MT/s (SODIMM),512 GB SSD M.2 2242 PCIe Gen4 TLC Opal,"14"" WUXGA (1920 x 1200), IPS, Anti-Glare, Non-Touch, 45%NTSC, 300 nits, 60 Hz",,,"OS: Windows 11 Pro 64 | Warranty: 3 Year On-site | The ThinkPad E14 G7 offers a sleek ultraslim design with a 14"" WUXGA anti-glare display for clear visuals. Powered by an Intel® Core™ Ultra 7 processor, 16GB DDR5 memory, and 512GB SSD, it ensures smooth performance for business professionals."
21QC00ACMA,ThinkPad T14 Gen 6,6996.81,https://www.lenovo.com/my/en/p/laptops/thinkpad/thinkpadt/thinkpad-t14-gen-6-14-inch-intel/21qc00acma,https://p3-ofp.static.pub/fes/cms/2025/04/08/zpltu7p9bnttxx4pxdiqtfbnhjc0pg787928.png,Lenovo Official,Intel® Core™ Ultra 5 225U Processor (E-cores up to 3.80 GHz P-cores up to 4.80 GHz),Integrated Intel® Graphics,16 GB DDR5-5600MT/s (SODIMM),512 GB SSD M.2 2280 PCIe Gen4 Performance TLC Opal,"14"" WUXGA (1920 x 1200), IPS, Anti-Glare, Non-Touch, 45%NTSC, 400 nits, 60 Hz",,,"OS: Windows 11 Pro 64 | Warranty: 3 Year Premier | The ThinkPad T14 G6 offers a sleek ultraslim design with a 14"" WUXGA anti-glare display for vibrant visuals. Equipped with an Intel® Core™ Ultra 5 processor, 16GB DDR5 memory, and 512GB SSD, it's perfect for professionals seeking performance and portability."
21QX00L0MA,ThinkPad T14s Gen 6,7010.20,https://www.lenovo.com/my/en/p/laptops/thinkpad/thinkpadt/thinkpad-t14s-gen-6-14-inch-intel/21qx00l0ma,https://p1-ofp.static.pub/ShareResource/optimized/pdp/thinkpad/thinkpad-t-series/len101t0113/lenovo-thinkpad-t14s-gen-6-intel-pdp-gallery-1.png,Lenovo Official,Intel® Core™ Ultra 5 228V Processor (LPE-cores up to 3.50 GHz P-cores up to 4.50 GHz / 32 GB MOP),Integrated Intel® Arc™ 130V GPU,32 GB LPDDR5X-8533MT/s (Memory on Package),512 GB SSD M.2 2280 PCIe Gen4 TLC Opal,"14"" WUXGA (1920 x 1200), IPS, Anti-Glare, Non-Touch, 100%sRGB, 500 nits, 60 Hz, Low Power",,,"OS: Windows 11 Pro 64 | Warranty: 3 Year Premier | The ThinkPad T14s G6 offers a sleek, ultraslim design with a 14"" WUXGA display and 100% sRGB color accuracy. Powered by an Intel® Core™ Ultra 5 processor, 32GB memory, and 512GB SSD, it's perfect for professionals seeking performance and portability."
21QG003HMA,ThinkPad T14 Gen 6,7039.19,https://www.lenovo.com/my/en/p/laptops/thinkpad/thinkpadt/thinkpad-t14-gen-6-14-inch-intel/21qg003hma,https://p3-ofp.static.pub/ShareResource/optimized/pdp/thinkpad/thinkpad-t-series/len101t0127/thinkpad-t14-gen-6-14-gallery-1.png,Lenovo Official,Intel® Core™ Ultra 5 228V Processor (LPE-cores up to 3.50 GHz P-cores up to 4.50 GHz / 32 GB MOP),Integrated Intel® Arc™ 130V GPU,32 GB LPDDR5X-8533MT/s (Memory on Package),512 GB SSD M.2 2280 PCIe Gen5 Performance TLC Opal,"14"" WUXGA (1920 x 1200), IPS, Anti-Glare, Non-Touch, 45%NTSC, 400 nits, 60 Hz",,,"OS: Windows 11 Pro 64 | Warranty: 3 Year Premier | The ThinkPad T14 G6 is a sleek, ultraslim notebook designed for business professionals. It features a powerful Intel® Core™ Ultra 5 processor, 32GB memory, 512GB SSD, and a 14"" WUXGA anti-glare display. Enhanced with a fingerprint reader, Wi-Fi 7, and a 3-year premier warranty, it ensures security and reliability for work."
83JE0150MJ,Lenovo LOQ 15IRX10,7207.54,https://www.lenovo.com/my/en/p/laptops/loq-laptops/lenovo-loq-15irx10/83je0150mj,https://p4-ofp.static.pub/fes/cms/2025/04/17/tjqnzgwjdqgo3v4oi2t7th220j7yfe098771.png,Lenovo Official,14th Generation Intel® Core™ i7-14700HX Processor (E-cores up to 3.90 GHz P-cores up to 5.50 GHz),NVIDIA® Geforce RTX™ 5060 Laptop GPU 8GB GDDR7,24 GB DDR5-5600MT/s (SODIMM),1 TB SSD M.2 2242 PCIe Gen4 QLC,"15.6"" FHD (1920 x 1080), IPS, Anti-Glare, Non-Touch, 100%sRGB, 300 nits, 144 Hz",,,"OS: Windows 11 Home Single Language 64 | Warranty: 2 Year PremiumCare | The Lenovo LOQ offers powerful performance with a 14th Gen Intel Core i7 processor and NVIDIA RTX 5060 graphics. With a 15.6"" FHD display, 24GB DDR5 memory, and 1TB SSD storage, this laptop is perfect for gamers seeking speed and clarity."
83Q6006UMJ,"Legion 5 (15"", Gen 11)",7286.56,https://www.lenovo.com/my/en/p/laptops/legion-laptops/legion-series/lenovo-legion-5a-gen-11-15-inch-amd/83q6006umj,https://p2-ofp.static.pub/ShareResource/optimized/pdp/legion/legion-5-series/len101g0048/lenovo-legion-5a-gen-11-15-pdp-gallery-1.png,Lenovo Official,AMD Ryzen™ AI 7 450 Processor (2.00 GHz up to 5.10 GHz),NVIDIA® Geforce RTX™ 5060 Laptop GPU 8GB GDDR7,16 GB DDR5-5600MT/s (SODIMM),1 TB SSD M.2 2242 PCIe Gen4 TLC,"15.3"" WQXGA (2560 x 1600), OLED, Glare, Non-Touch, HDR 1000 True Black, 100%DCI-P3, 500 nits, 165 Hz, Low Blue Light",,,"OS: Windows 11 Home 64 | Warranty: 2 Year Legion Ultimate Support | The Lenovo Legion 5 offers a stunning 15.3-inch OLED display with vibrant colors and smooth 165Hz refresh rate. Powered by an AMD Ryzen AI 7 processor and NVIDIA GeForce RTX 5060 GPU, it's perfect for gamers seeking high performance."
83QK007SMJ,"Yoga Slim 7i Ultra Aura Edition (14"", Gen 11)",7439.05,https://www.lenovo.com/my/en/p/laptops/yoga/yoga-slim-series/lenovo-yoga-slim-7i-ultra-gen-11-aura-edition-14-inch-intel/83qk007smj,https://p3-ofp.static.pub/ShareResource/optimized/pdp/yoga/yoga-slim-series/len101y0064/lenovo-yoga-slim-7i-ultra-gen-11-aura-edition-14-gallery-1.e9ad0b26a98208a5.png,Lenovo Official,Intel® Core™ Ultra 7 355 Processor (LPE-cores up to 3.50 GHz P-cores up to 4.70 GHz),Integrated Intel® Graphics,32 GB LPDDR5X-7467MT/s (Soldered),1 TB SSD M.2 2242 PCIe Gen4 TLC,"14"" 2.8K (2880 x 1800), OLED, Glare, Touch, HDR 1000 True Black, 100%DCI-P3, 1100 nits (HDR Peak)/500 nits (SDR Typical), 120 Hz, Glass",,,"OS: Windows 11 Home 64 | Warranty: 2 Year PremiumCare | The Lenovo YOGA Slim 7 Ultra offers a stunning 14"" 2.8K OLED touchscreen with vibrant colors and smooth 120Hz refresh rate. Designed for creators, it features 32GB memory, 1TB SSD storage, and a powerful Intel® Core™ Ultra 7 processor, ensuring seamless performance."
83RW001XMJ,"Legion 5i (15"", Gen 11)",7589.88,https://www.lenovo.com/my/en/p/laptops/legion-laptops/legion-series/legion-5i-gen-11-15-inch-intel/83rw001xmj,https://p3-ofp.static.pub/ShareResource/optimized/pdp/legion/legion-5-series/len101g0050/lenovo-legion-5i-gen-11-15-intel-pdp-gallery-1.4110b84470e37084.png,Lenovo Official,Intel® Core™ Ultra 7 356H Processor (E-cores up to 3.50 GHz P-cores up to 4.70 GHz),NVIDIA® Geforce RTX™ 5060 Laptop GPU 8GB GDDR7,16 GB DDR5-5600MT/s (SODIMM),1 TB SSD M.2 2242 PCIe Gen4 TLC,"15.3"" WQXGA (2560 x 1600), OLED, Glare, Non-Touch, HDR 1000 True Black, 100%DCI-P3, 500 nits, 165 Hz",,,"OS: Windows 11 Home 64 | Warranty: 2 Year Legion Ultimate Support | The Lenovo Legion 5 features a 15.3"" WQXGA OLED display with 165Hz refresh rate for stunning visuals and smooth gameplay. Powered by an Intel® Core™ Ultra 7 processor and NVIDIA® Geforce RTX™ 5060 GPU, it delivers top-notch performance for gamers. With 16GB DDR5 memory, 1TB SSD storage, and Wi-Fi 7, it ensures fast multitasking and connectivity."
83TC006NMJ,Yoga 7 2-in-1 14IPH11 (Aura Edition),7594.73,https://www.lenovo.com/my/en/p/laptops/yoga/yoga-2-in-1-series/yoga-7i-2-in-1-gen-11-aura-edition-14-inch-intel/83tc006nmj,https://p4-ofp.static.pub/ShareResource/optimized/pdp/yoga/yoga-2-in-1-series/len101y0071/lenovo-yoga-1-in-2-gen-11-aura-edition-gallery-3.png,Lenovo Official,Intel® Core™ Ultra 7 355 Processor (LPE-cores up to 3.50 GHz P-cores up to 4.70 GHz),Integrated Intel® Graphics,32 GB LPDDR5X-7467MT/s (Soldered),1 TB SSD M.2 2242 PCIe Gen4 QLC,"14"" WUXGA (1920 x 1200), OLED, Glare, Touch, HDR 500 True Black, 100%DCI-P3, 400 nits, 60 Hz, Glass",,,"OS: Windows 11 Home 64 | Warranty: 2 Year PremiumCare | The Lenovo YOGA 7 2-in-1 offers a stunning 14"" OLED touch display with vibrant colors and HDR support. Equipped with an Intel® Core™ Ultra 7 processor, 32GB memory, and 1TB SSD, it's perfect for creators seeking performance and versatility."
21QX00L7MA,ThinkPad T14s Gen 6,7635.78,https://www.lenovo.com/my/en/p/laptops/thinkpad/thinkpadt/thinkpad-t14s-gen-6-14-inch-intel/21qx00l7ma,https://p1-ofp.static.pub/ShareResource/optimized/pdp/thinkpad/thinkpad-t-series/len101t0113/lenovo-thinkpad-t14s-gen-6-intel-pdp-gallery-1.png,Lenovo Official,Intel® Core™ Ultra 7 258V Processor (LPE-cores up to 3.70 GHz P-cores up to 4.80 GHz / 32 GB MOP),Integrated Intel® Arc™ 140V GPU,32 GB LPDDR5X-8533MT/s (Memory on Package),512 GB SSD M.2 2280 PCIe Gen4 TLC Opal,"14"" WUXGA (1920 x 1200), IPS, Anti-Glare, Non-Touch, 100%sRGB, 500 nits, 60 Hz, Low Power",,,"OS: Windows 11 Pro 64 | Warranty: 3 Year Premier | The ThinkPad T14s G6 is a lightweight and powerful laptop designed for business professionals. It features a 14"" WUXGA display, Intel® Core™ Ultra 7 processor, 32GB memory, 512GB SSD, and advanced security with a fingerprint reader."
83QK001AMJ,Yoga Slim Ultra 7 14IPH11 FIFA World Cup 26™ Edition,7651.01,https://www.lenovo.com/my/en/p/laptops/yoga/yoga-slim-series/lenovo-yoga-slim-7i-ultra-gen-11-aura-edition-14-inch-intel/83qk001amj,https://p3-ofp.static.pub/ShareResource/optimized/pdp/yoga/yoga-slim-series/len101y0064/lenovo-yoga-slim-7i-ultra-gen-11-aura-edition-14-gallery-1.e9ad0b26a98208a5.png,Lenovo Official,Intel® Core™ Ultra 7 355 Processor (LPE-cores up to 3.50 GHz P-cores up to 4.70 GHz),Integrated Intel® Graphics,32 GB LPDDR5X-7467MT/s (Soldered),1 TB SSD M.2 2242 PCIe Gen4 TLC,"14"" 2.8K (2880 x 1800), OLED, Glare, Touch, HDR 1000 True Black, 100%DCI-P3, 1100 nits (HDR Peak)/500 nits (SDR Typical), 120 Hz, Glass",,,"OS: Windows 11 Home 64 | Warranty: 2 Year PremiumCare | The Lenovo YOGA Slim 7 Ultra offers a stunning 14-inch 2.8K OLED touch display with vibrant colors and smooth 120Hz refresh rate. Designed for creators, it features a powerful Intel Core Ultra 7 processor, 32GB memory, 1TB SSD, and Wi-Fi 7 for seamless performance."
83RW0034MJ,"Legion 5i (15"", Gen 11)",8669.53,https://www.lenovo.com/my/en/p/laptops/legion-laptops/legion-series/legion-5i-gen-11-15-inch-intel/83rw0034mj,https://p3-ofp.static.pub/ShareResource/optimized/pdp/legion/legion-5-series/len101g0050/lenovo-legion-5i-gen-11-15-intel-pdp-gallery-1.4110b84470e37084.png,Lenovo Official,Intel® Core™ Ultra 7 356H Processor (E-cores up to 3.50 GHz P-cores up to 4.70 GHz),NVIDIA® Geforce RTX™ 5060 Laptop GPU 8GB GDDR7,32 GB DDR5-5600MT/s (SODIMM)(2 x 16 GB),1 TB SSD M.2 2242 PCIe Gen4 TLC,"15.3"" WQXGA (2560 x 1600), OLED, Glare, Non-Touch, HDR 1000 True Black, 100%DCI-P3, 500 nits, 165 Hz",,,"OS: Windows 11 Home 64 | Warranty: 2 Year Legion Ultimate Support | The Lenovo Legion 5 is a powerful gaming laptop with an Intel® Core™ Ultra 7 processor and NVIDIA® Geforce RTX™ 5060 GPU. It features a stunning 15.3"" WQXGA OLED display with 165Hz refresh rate, 32GB DDR5 memory, 1TB SSD storage, and Wi-Fi 7 connectivity."
21QG003GMA,ThinkPad T14 Gen 6,8711.81,https://www.lenovo.com/my/en/p/laptops/thinkpad/thinkpadt/thinkpad-t14-gen-6-14-inch-intel/21qg003gma,https://p3-ofp.static.pub/ShareResource/optimized/pdp/thinkpad/thinkpad-t-series/len101t0127/thinkpad-t14-gen-6-14-gallery-1.png,Lenovo Official,Intel® Core™ Ultra 7 258V Processor (LPE-cores up to 3.70 GHz P-cores up to 4.80 GHz / 32 GB MOP),Integrated Intel® Arc™ 140V GPU,32 GB LPDDR5X-8533MT/s (Memory on Package),1 TB SSD M.2 2280 PCIe Gen5 Performance TLC Opal,"14"" WUXGA (1920 x 1200), IPS, Anti-Glare, Non-Touch, 45%NTSC, 400 nits, 60 Hz",,,"OS: Windows 11 Pro 64 | Warranty: 3 Year Premier | The ThinkPad T14 G6 offers powerful performance with Intel® Core™ Ultra 7 processor and 32 GB memory. Its 14"" WUXGA anti-glare display, 1 TB SSD storage, and 3-year warranty make it ideal for business professionals seeking reliability."
83F3002PMJ,"Legion Pro 5i (16″, Gen 10)",10077.49,https://www.lenovo.com/my/en/p/laptops/legion-laptops/legion-pro-series/legion-pro-5i-gen-10-16-inch-intel/83f3002pmj,https://p2-ofp.static.pub/fes/cms/2025/10/13/ogyuq0nxb7v3i6ow4r6w85ovvt98zf968017.png,Lenovo Official,Intel® Core™ Ultra 9 275HX Processor (E-cores up to 4.60 GHz P-cores up to 5.40 GHz),NVIDIA® Geforce RTX™ 5070 Laptop GPU 8GB GDDR7,32 GB DDR5-5600MT/s (SODIMM)(2 x 16 GB),1 TB SSD M.2 2242 PCIe Gen4 TLC,"16"" WQXGA (2560 x 1600), OLED, Glare, Non-Touch, HDR 1000 True Black, 100%DCI-P3, 500 nits, 165 Hz, Low Blue Light",,,"OS: Windows 11 Home Single Language 64 | Warranty: 2 Year Legion Ultimate Support | The Lenovo Legion Pro 5 offers a stunning 16"" OLED display with vibrant colors and smooth 165Hz refresh rate. Powered by Intel® Core™ Ultra 9 and NVIDIA® RTX™ 5070, it delivers exceptional performance for gamers. Includes 32GB RAM, 1TB SSD, and Wi-Fi 7 for seamless multitasking and connectivity."
83KY005KMJ,"Legion 7i (16"", Gen 10)",10498.91,https://www.lenovo.com/my/en/p/laptops/legion-laptops/legion-series/lenovo-legion-7i-gen-10-16-inch-intel/83ky005kmj,https://p4-ofp.static.pub/fes/cms/2025/04/29/6fjgbwegzc4uq5d36igr9a7mldtfew006739.png,Lenovo Official,Intel® Core™ Ultra 9 275HX Processor (E-cores up to 4.60 GHz P-cores up to 5.40 GHz),NVIDIA® Geforce RTX™ 5070 Laptop GPU 8GB GDDR7,32 GB DDR5-5600MT/s (SODIMM)(2 x 16 GB),1 TB SSD M.2 2242 PCIe Gen4 TLC,"16"" WQXGA (2560 x 1600), OLED, Glare, Non-Touch, HDR 1000 True Black, 100%DCI-P3, 500 nits, 240 Hz, Low Blue Light",,,"OS: Windows 11 Home Single Language 64 | Warranty: 3 Year Legion Ultimate Support | The Lenovo Legion 7 offers a stunning 16"" OLED display with 240Hz refresh rate for immersive visuals. Powered by an Intel® Core™ Ultra 9 processor and NVIDIA® RTX™ 5070 GPU, it's perfect for gamers seeking top-tier performance."
21QT004GMA,Mobile Workstation P14s Gen 6,11029.14,https://www.lenovo.com/my/en/p/laptops/thinkpad/thinkpadp/lenovo-thinkpad-p14s-gen-6-14-inch-intel-mobile-workstation/21qt004gma,https://p1-ofp.static.pub/fes/cms/2025/08/14/9mv2od3aa0dlrr30uoe6lbwq87ilrz683770.png,Lenovo Official,Intel® Core™ Ultra 7 255H Processor (E-cores up to 4.40 GHz P-cores up to 5.10 GHz),NVIDIA RTX PRO™ 500 Blackwell Laptop GPU 6GB GDDR7,32 GB DDR5-5600MT/s (SODIMM),1 TB SSD M.2 2280 PCIe Gen5 Performance TLC Opal,"14.5"" WUXGA (1920 x 1200), IPS, Anti-Glare, Non-Touch, 45%NTSC, 400 nits, 60 Hz",,,"OS: Windows 11 Pro 64 | Warranty: 3 Year Premier | The Mobile Workstation P14s G6 is an ultraslim notebook designed for professionals. It features a powerful Intel® Core™ Ultra 7 processor, NVIDIA RTX PRO™ graphics, 32GB memory, and a 1TB SSD for seamless multitasking and storage."
21NS00NVMA,ThinkPad X1 Carbon Gen 13,11878.56,https://www.lenovo.com/my/en/p/laptops/thinkpad/thinkpadx1/thinkpad-x1-carbon-gen-13-aura-edition-14-inch-intel/21ns00nvma,https://p4-ofp.static.pub/ShareResource/cap/image/thinkpad-x1-len101t0108-01.jpg,Lenovo Official,Intel® Core™ Ultra 7 258V Processor (LPE-cores up to 3.70 GHz P-cores up to 4.80 GHz / 32 GB MOP),Integrated Intel® Arc™ 140V GPU,32 GB LPDDR5X-8533MT/s (Memory on Package),1 TB SSD M.2 2280 PCIe Gen5 Performance TLC Opal,"14"" 2.8K (2880 x 1800), OLED, Anti-Glare/Anti-Reflection/Anti-Smudge, Non-Touch, HDR 500, 100%DCI-P3, 500 nits, VRR 30-120 Hz, Low Blue Light",,,"OS: Windows 11 Pro 64 | Warranty: 3 Year Premier Support Plus | The ThinkPad X1 Carbon G13 offers a sleek, ultraslim design with a stunning 14"" 2.8K OLED display for vibrant visuals. Equipped with an Intel® Core™ Ultra 7 processor, 32GB memory, and 1TB SSD, it ensures powerful performance for business professionals."
21QV004BMA,Mobile Workstation P16s Gen 4,12093.31,https://www.lenovo.com/my/en/p/laptops/thinkpad/thinkpadp/lenovo-thinkpad-p16s-gen-4-16-inch-intel-mobile-workstation/21qv004bma,https://p3-ofp.static.pub/fes/cms/2025/08/11/8vvmljl9y3ar87oa5rumz427bzvmdd032364.png,Lenovo Official,Intel® Core™ Ultra 7 255H Processor (E-cores up to 4.40 GHz P-cores up to 5.10 GHz),NVIDIA RTX PRO™ 500 Blackwell Laptop GPU 6GB GDDR7,32 GB DDR5-5600MT/s (SODIMM),1 TB SSD M.2 2280 PCIe Gen5 Performance TLC Opal,"16"" WUXGA (1920 x 1200), IPS, Anti-Glare, Non-Touch, 45%NTSC, 400 nits, 60 Hz",,,"OS: Windows 11 Pro 64 | Warranty: 3 Year Premier | The Mobile Workstation P16s G4 offers powerful performance with an Intel® Core™ Ultra 7 processor and NVIDIA RTX PRO™ 500 GPU. It features a 16"" WUXGA display, 32GB DDR5 memory, 1TB SSD storage, and enhanced security with a fingerprint reader, ideal for professionals."
21QV004AMA,Mobile Workstation P16s Gen 4,13514.51,https://www.lenovo.com/my/en/p/laptops/thinkpad/thinkpadp/lenovo-thinkpad-p16s-gen-4-16-inch-intel-mobile-workstation/21qv004ama,https://p3-ofp.static.pub/fes/cms/2025/08/11/8vvmljl9y3ar87oa5rumz427bzvmdd032364.png,Lenovo Official,Intel® Core™ Ultra 7 265H vPro® Processor (E-cores up to 4.50 GHz P-cores up to 5.30 GHz),NVIDIA RTX PRO™ 1000 Blackwell Laptop GPU 8GB GDDR7,32 GB DDR5-5600MT/s (SODIMM),1 TB SSD M.2 2280 PCIe Gen5 Performance TLC Opal,"16"" WUXGA (1920 x 1200), IPS, Anti-Glare, Non-Touch, 45%NTSC, 400 nits, 60 Hz",,,"OS: Windows 11 Pro 64 | Warranty: 3 Year Premier | The ThinkPad P16s G4 is a powerful mobile workstation with a sleek ultraslim design. It features a 16"" WUXGA display, Intel® Core™ Ultra 7 processor, NVIDIA RTX PRO™ graphics, 32GB memory, and 1TB SSD storage, making it ideal for creators and professionals."
21FAS1C600,ThinkPad P16 Gen 2,18271.47,https://www.lenovo.com/my/en/p/laptops/thinkpad/thinkpadp/thinkpad-p16-gen-2-16-inch-intel/21fas1c600,https://p3-ofp.static.pub/fes/cms/2024/04/29/jit7rjoi02lejpjf40kbd57w1dok2j502255.png,Lenovo Official,13th Generation Intel® Core™ i9-13980HX Processor (E-cores up to 4.00 GHz P-cores up to 5.60 GHz),NVIDIA RTX™ 1000 Ada Generation Laptop GPU 6GB GDDR6,32 GB DDR5-5600MT/s (SODIMM)(2 x 16 GB),4 TB SSD M.2 2280 PCIe Gen4 Performance TLC Opal,"16"" WQXGA (2560 x 1600), IPS, Anti-Glare, Non-Touch, 100%sRGB, 500 nits, 165Hz, Low Blue Light",,,"OS: Windows 11 Pro 64 | Warranty: 3 Year Premier | The ThinkPad P16 G2 is a powerful mobile workstation designed for creators and professionals. It features a 13th Gen Intel® Core™ i9 processor, 32GB RAM, 4TB SSD, NVIDIA RTX™ 1000 GPU, and a stunning 16"" WQXGA display for seamless performance and visuals."
21UTCTO1WWMY2,ThinkBook 16 Gen 9,3600.86,https://www.lenovo.com/my/en/p/laptops/thinkbook/thinkbook-series/lenovo-thinkbook-16-gen-9-16-inch-amd/21utcto1wwmy2,https://p1-ofp.static.pub/fes/cms/2025/10/31/368xchjd8ujz7l8upvqetezfujuqcb068985.png,Lenovo Official,AMD Ryzen™ 5 220 Processor (3.20 GHz up to 4.90 GHz),Integrated Graphics,8 GB DDR5-5600MT/s (SODIMM),256 GB SSD M.2 2242 PCIe Gen4 TLC,"16"" WUXGA (1920 x 1200), IPS, Anti-Glare, Non-Touch, 45%NTSC, 400 nits, 60Hz",,,"OS: Windows 11 Home Single Language 64 | Warranty: 1 Year Courier or Carry-in | The ThinkBook 16 Gen 9 offers a 16"" WUXGA display with anti-glare and 400 nits brightness for clear visuals. Powered by an AMD Ryzen™ 5 processor, it features 8GB DDR5 memory, 256GB SSD storage, and a backlit keyboard, ideal for business professionals."
21STCTO1WWMY2,ThinkPad E16 Gen 3 (AMD),3776.87,https://www.lenovo.com/my/en/p/laptops/thinkpad/thinkpade/lenovo-thinkpad-e16-gen-3-16-inch-amd-laptop/21stcto1wwmy2,https://p3-ofp.static.pub/fes/cms/2025/05/06/6vh5zn0of60qpuju9sg98f2nvtu98f157202.png,Lenovo Official,AMD Ryzen™ 5 220 Processor (3.20 GHz up to 4.90 GHz),Integrated Graphics,8 GB DDR5-5600MT/s (SODIMM),256 GB SSD M.2 2242 PCIe Gen4 TLC Opal,"16"" WUXGA (1920 x 1200), IPS, Anti-Glare, Non-Touch, 45%NTSC, 300 nits, 60Hz",,,"OS: Windows 11 Home 64 | Warranty: 1 Year Courier or Carry-in | The ThinkPad E16 Gen 3 (AMD) offers a durable build, a comfortable keyboard, and smooth multitasking with its fast processor. Users praise its reliability and performance, making it an excellent choice for business professionals and daily workflows."
83UHCTO1WWMY2,"IdeaPad 5a 2-in-1 (14"", Gen 11)",3984.00,https://www.lenovo.com/my/en/p/laptops/ideapad/ideapad-2-in-1-series/ideapad-5a-2-in-1-gen-11-14-inch-amd/83uhcto1wwmy2,https://p3-ofp.static.pub/ShareResource/optimized/pdp/ideapad/ideapad-2-in-1-series/len101i0144/lenovo-ideapad-5a-2-in-1-gen-11-14-amd-pdp-gallery-1.2244d0aa6ed421a5.png,Lenovo Official,AMD Ryzen™ AI 5 430 Processor (2.00 GHz up to 4.50 GHz),Integrated Graphics,16 GB DDR5-5600MT/s (SODIMM) - (2 x 8 GB),512 GB SSD M.2 2242 PCIe Gen4 QLC,"14"" WUXGA (1920 x 1200), IPS, Glare, Touch, 45%NTSC, 400 nits, 60Hz, Glass",,,"OS: Windows 11 Home Single Language 64 | Warranty: 1 Year Carry-in | The IdeaPad 5a 2-in-1 (14"", Gen 11) offers a versatile design with a 14"" WUXGA touch display and sleek Luna Grey finish. Powered by an AMD Ryzen™ AI 5 430 Processor, 16GB DDR5 memory, and 512GB SSD, it's perfect for students and everyday use. Wi-Fi 6 and Bluetooth® 5.3 ensure seamless connectivity."
21SKCTO1WWMY3,ThinkBook 16 Gen 8,4000.38,https://www.lenovo.com/my/en/p/laptops/thinkbook/thinkbook-series/lenovo-thinkbook-16-gen-8-16-inch-intel/21skcto1wwmy3,https://p4-ofp.static.pub/fes/cms/2025/01/15/109wcm0ihbqeuihmi7qlwpyl50oxy2108880.png,Lenovo Official,Intel® Core™ Ultra 5 225U Processor (E-cores up to 3.80 GHz P-cores up to 4.80 GHz),Integrated Graphics,8 GB DDR5-5600MT/s (SODIMM),256 GB SSD M.2 2242 PCIe Gen4 TLC,"16"" WUXGA (1920 x 1200), IPS, Anti-Glare, Non-Touch, 45%NTSC, 300 nits, 60Hz",,,"OS: Windows 11 Home Single Language 64 | Warranty: 1 Year On-site | The ThinkBook 16 Gen 8 offers a sleek Arctic Grey design with a 16"" WUXGA anti-glare display for vibrant visuals. Powered by an Intel® Core™ Ultra 5 processor, it features 8GB DDR5 memory, 256GB SSD storage, and Wi-Fi 6 for seamless multitasking and connectivity."
21USCTO1WWMY2,ThinkBook 16 Gen 9,4314.20,https://www.lenovo.com/my/en/p/laptops/thinkbook/thinkbook-series/lenovo-thinkbook-16-gen-9-16-inch-intel/21uscto1wwmy2,https://p2-ofp.static.pub/fes/cms/2025/11/03/a9qbmbv72xs2lts5yadaw9g0a7jn06523261.png,Lenovo Official,Intel® Core™ 5 210H Processor (E-cores up to 3.60 GHz P-cores up to 4.80 GHz),Integrated Graphics,16 GB DDR5-5600MT/s (SODIMM),256 GB SSD M.2 2242 PCIe Gen4 TLC,"16"" WUXGA (1920 x 1200), IPS, Anti-Glare, Non-Touch, 45%NTSC, 400 nits, 60Hz",,,"OS: Windows 11 Home Single Language 64 | Warranty: 1 Year Courier or Carry-in | The ThinkBook 16 Gen 9 offers a 16"" WUXGA display with anti-glare and 400 nits brightness for clear visuals. Powered by an Intel® Core™ i5 processor, 16GB DDR5 memory, and 256GB SSD storage, it's ideal for students seeking performance and reliability."
83S6CTO1WWMY2,"IdeaPad Slim 5i (16"", Gen 11)",4361.97,https://www.lenovo.com/my/en/p/laptops/ideapad/ideapad-slim-series/lenovo-ideapad-slim-5i-gen-11-16-inch-intel-laptop/83s6cto1wwmy2,https://p3-ofp.static.pub/ShareResource/optimized/pdp/ideapad/ideapad-slim-series/len101i0132/lenovo-ideapad-slim-5i-gen-11-gallery-1.b3c108b21654966e.png,Lenovo Official,Intel® Core™ Ultra 5 325 Processor (LPE-cores up to 3.40 GHz P-cores up to 4.50 GHz),Integrated Graphics,16 GB DDR5-5600MT/s (SODIMM) - (2 x 8 GB),512 GB SSD M.2 2242 PCIe Gen4 QLC,"16"" WUXGA (1920 x 1200), IPS, Anti-Glare, Non-Touch, 45%NTSC, 400 nits, 60Hz",,,"OS: Windows 11 Pro 64 | Warranty: 1 Year Carry-in | The IdeaPad Slim 5i (16"", Gen 11) offers a sleek design and powerful Intel® Core™ Ultra 5 processor for smooth multitasking. With a vibrant 16"" WUXGA display, 16 GB DDR5 memory, and 512 GB SSD storage, it's ideal for students and everyday entertainment."
83UMCTO1WWMY2,"IdeaPad 5a 2-in-1 (15"",  Gen 11)",4427.11,https://www.lenovo.com/my/en/p/laptops/ideapad/ideapad-2-in-1-series/lenovo-ideapad-5a-2-in-1-gen-11-15-inch-amd-laptop/83umcto1wwmy2,https://p1-ofp.static.pub/ShareResource/optimized/pdp/ideapad/ideapad-2-in-1-series/len101i0141/lenovo-ideapad-slim-5a-2-in-1-gen-11-15-amd-pdp-gallery-1.5ea6d13005b24a5c.png,Lenovo Official,AMD Ryzen™ AI 5 430 Processor (2.00 GHz up to 4.50 GHz),Integrated Graphics,16 GB DDR5-5600MT/s (SODIMM) - (2 x 8 GB),512 GB SSD M.2 2242 PCIe Gen4 QLC,"15.3"" WQXGA (2560 x 1600), OLED, Glare, Touch, HDR 1000 True Black, 100%DCI-P3, 500 nits, 165Hz, Low Blue Light, Glass",,,"OS: Windows 11 Pro 64 | Warranty: 1 Year Carry-in | The IdeaPad 5a 2-in-1 (15"", Gen 11) offers a stunning 15.3"" OLED touch display with vibrant colors and smooth visuals. Powered by an AMD Ryzen™ AI 5 processor, 16GB RAM, and 512GB SSD, it's perfect for students seeking performance and versatility."
83JTCTO1WWMY4,"Yoga 7i 2-in-1 (16"", Gen 10)",4471.43,https://www.lenovo.com/my/en/p/laptops/yoga/yoga-2-in-1-series/lenovo-yoga-7i-2-in-1-gen-10-16-inch-intel/83jtcto1wwmy4,https://p3-ofp.static.pub/ShareResource/optimized/pdp/yoga/yoga-2-in-1-series/len101y0057/yoga-7i-2-in-1-gen-10-16-gallery-1.png,Lenovo Official,Intel® Core™ Ultra 5 226V Processor (LPE-cores up to 3.50 GHz P-cores up to 4.50 GHz / 16 GB MOP),Integrated Graphics,16 GB LPDDR5X-8533MT/s (Memory on Package),1 TB SSD M.2 2242 PCIe Gen4 TLC,"16"" WUXGA (1920 x 1200), IPS, Glare, Touch, 45%NTSC, 300 nits, 60Hz, Glass",,,"OS: Windows 11 Home Single Language 64 | Warranty: 1 Year PremiumCare | The Yoga 7i 2-in-1 (16"", Gen 10) offers a sleek design, vibrant touchscreen, and versatile 2-in-1 functionality. Users praise its value for creators and students, highlighting its performance, display, and flexibility for academic and creative tasks."
21V0CTO1WWMY2,ThinkBook 14 Gen 9,4664.71,https://www.lenovo.com/my/en/p/laptops/thinkbook/thinkbook-series/lenovo-thinkbook-14-gen-9-14-inch-amd/21v0cto1wwmy2,https://p3-ofp.static.pub/fes/cms/2025/10/30/dlk41htqvwl5dflayp8q4hr2rfi3a1542517.png,Lenovo Official,AMD Ryzen™ 7 250 Processor (3.30 GHz up to 5.10 GHz),Integrated Graphics,16 GB DDR5-5600MT/s (SODIMM),512 GB SSD M.2 2242 PCIe Gen4 QLC,"14"" WUXGA (1920 x 1200), IPS, Anti-Glare, Non-Touch, 45%NTSC, 400 nits, 60Hz",,,"OS: Windows 11 Home Single Language 64 | Warranty: 1 Year Courier or Carry-in | The ThinkBook 14 Gen 9 is a sleek laptop designed for business professionals and SMBs. It features a powerful AMD Ryzen™ 7 processor, 16GB RAM, and 512GB SSD for seamless multitasking. With a 14"" WUXGA display, backlit keyboard, and fingerprint reader, it offers productivity and security in a lightweight Arctic Grey design."
83TDCTO1WWMY2,"Yoga 7a 2-in-1 (14"", Gen 11)",4687.37,https://www.lenovo.com/my/en/p/laptops/yoga/yoga-2-in-1-series/lenovo-yoga-7a-2-in-1-gen-11-14-inch-amd/83tdcto1wwmy2,https://p1-ofp.static.pub/ShareResource/optimized/pdp/yoga/yoga-2-in-1-series/len101y0067/lenovo-yoga-7a-2-in-1-gen-11-14-amd-pdp-gallery-1.98736643ff42c877.png,Lenovo Official,AMD Ryzen™ AI 5 435 Processor (2.00 GHz up to 4.50 GHz),Integrated Graphics,16 GB LPDDR5X-8000MT/s (Soldered),512 GB SSD M.2 2242 PCIe Gen4 QLC,"14"" WUXGA (1920 x 1200), OLED, Glare, Touch, HDR 500 True Black, 100%DCI-P3, 400 nits, 60Hz, Glass",,,"OS: Windows 11 Home Single Language 64 | Warranty: 1 Year PremiumCare | The Yoga 7a 2-in-1 (14"", Gen 11) features a stunning 14"" OLED touchscreen with vibrant visuals and HDR support. Powered by an AMD Ryzen™ AI processor, it offers 16GB memory, 512GB SSD storage, and Wi-Fi 7 for seamless multitasking and connectivity."
21SJCTO1WWMY3,ThinkBook 14 Gen 8,4729.24,https://www.lenovo.com/my/en/p/laptops/thinkbook/thinkbook-series/lenovo-thinkbook-14-gen-8-14-inch-intel/21sjcto1wwmy3,https://p3-ofp.static.pub/fes/cms/2025/01/02/gv0z4hwwns73ikbsmf6f1frud6xatv153611.png,Lenovo Official,Intel® Core™ Ultra 5 225H Processor (E-cores up to 4.30 GHz P-cores up to 4.90 GHz),Integrated Intel® Arc™ Graphics,16 GB DDR5-5600MT/s (SODIMM) - (2 x 8 GB),256 GB SSD M.2 2242 PCIe Gen4 TLC,"14"" WUXGA (1920 x 1200), IPS, Anti-Glare, Non-Touch, 45%NTSC, 300 nits, 60Hz",,,"OS: Windows 11 Home Single Language 64 | Warranty: 1 Year Courier or Carry-in | The ThinkBook 14 Gen 8 offers a powerful Intel® Core™ Ultra 5 processor and 16GB DDR5 memory for seamless multitasking. With a 14"" WUXGA anti-glare display, integrated Intel® Arc™ Graphics, and Wi-Fi 6, it's perfect for business professionals on the go."
83QMCTO1WWMY2,"Yoga Slim 7i Aura Edition (14″, Gen 11)",4742.12,https://www.lenovo.com/my/en/p/laptops/yoga/yoga-slim-series/lenovo-yoga-slim-7i-gen-11-aura-edition-14-inch-intel/83qmcto1wwmy2,https://p2-ofp.static.pub/ShareResource/optimized/pdp/yoga/yoga-slim-series/len101y0069/yoga-slim-7i-aura-gallery-1.bb5cede57cec7917.png,Lenovo Official,Intel® Core™ Ultra 5 322 Processor (LPE-cores up to 3.30 GHz P-cores up to 4.40 GHz),Integrated Graphics,16 GB LPDDR5X-7467MT/s (Soldered),512 GB SSD M.2 2242 PCIe Gen4 QLC,"14"" WUXGA (1920 x 1200), OLED, Glare, Non-Touch, HDR 500 True Black, 100%DCI-P3, 400 nits, 60Hz",,,"OS: Windows 11 Home Single Language 64 | Warranty: 1 Year PremiumCare | The Yoga Slim 7i Aura Edition offers a stunning 14"" OLED display with vibrant colors and exceptional clarity. Powered by an Intel® Core™ Ultra 5 processor, it includes 16GB memory, 512GB SSD storage, and Wi-Fi 7 for seamless performance, perfect for creators."
83TECTO1WWMY2,"Yoga 7i 2-in-1 Aura Edition (16"", Gen 11)",4776.23,https://www.lenovo.com/my/en/p/laptops/yoga/yoga-2-in-1-series/lenovo-yoga-7i-2-in-1-gen-11-aura-edition-16-inch-intel/83tecto1wwmy2,https://p2-ofp.static.pub/ShareResource/optimized/pdp/yoga/yoga-2-in-1-series/len101y0072/lenovo-yoga-7i-2-in-1-gen-11-aura-edition-16-intel-gallery-1.597a9136f2bd017d.png,Lenovo Official,Intel® Core™ Ultra 5 325 Processor (LPE-cores up to 3.40 GHz P-cores up to 4.50 GHz),Integrated Graphics,16 GB LPDDR5X-7467MT/s (Soldered),512 GB SSD M.2 2242 PCIe Gen4 QLC,"16"" WUXGA (1920 x 1200), OLED, Glare, Touch, 100%DCI-P3, 300 nits, 60Hz, Glass",,,"OS: Windows 11 Pro 64 | Warranty: 1 Year Carry-in | The Yoga 7i 2-in-1 Aura Edition offers a stunning 16"" OLED touchscreen display with vibrant colors and sharp visuals. Powered by an Intel® Core™ Ultra 5 processor, 16GB memory, and 512GB SSD, it's perfect for creators seeking performance and flexibility."
83UGCTO1WWMY2,"IdeaPad 5i 2-in-1 (14"", Gen 11)",4780.75,https://www.lenovo.com/my/en/p/laptops/ideapad/ideapad-2-in-1-series/lenovo-ideapad-5i-2-in-1-gen-11-14-inch-intel/83ugcto1wwmy2,https://p4-ofp.static.pub/ShareResource/optimized/pdp/ideapad/ideapad-2-in-1-series/len101i0139/lenovo-ideapad-5i-2-in-1-gen-11-14-intel-pdp-gallery-1.e5ea9a080ae2425d.png,Lenovo Official,Intel® Core™ Ultra 5 325 Processor (LPE-cores up to 3.40 GHz P-cores up to 4.50 GHz),Integrated Graphics,16 GB DDR5-5600MT/s (SODIMM) - (2 x 8 GB),512 GB SSD M.2 2242 PCIe Gen4 QLC,"14"" WUXGA (1920 x 1200), IPS, Glare, Touch, 45%NTSC, 400 nits, 60Hz, Glass",,,"OS: Windows 11 Pro 64 | Warranty: 1 Year Carry-in | The IdeaPad 5i 2-in-1 (14"", Gen 11) offers a versatile design with a 14"" touch display and powerful Intel® Core™ Ultra 5 processor. With 16GB DDR5 memory, 512GB SSD storage, and Wi-Fi 6, it's perfect for students seeking a reliable device for everyday use and entertainment."
83S2CTO1WWMY2,"IdeaPad Slim 5a (16"", Gen 11)",4880.28,https://www.lenovo.com/my/en/p/laptops/ideapad/ideapad-slim-series/lenovo-ideapad-slim-5a-gen-11-16-inch-amd-laptop/83s2cto1wwmy2,https://p2-ofp.static.pub/ShareResource/optimized/pdp/ideapad/ideapad-slim-series/len101i0140/lenovo-ideapad-slim-5a-gen-11-16-amd-pdp-gallery-1.569505cf364158e0.png,Lenovo Official,AMD Ryzen™ AI 7 445 Processor (2.00 GHz up to 4.60 GHz),Integrated Graphics,16 GB DDR5-5600MT/s (SODIMM) - (2 x 8 GB),1 TB SSD M.2 2242 PCIe Gen4 QLC,"16"" WUXGA (1920 x 1200), OLED, Glare, Non-Touch, 100%DCI-P3, 300 nits, 60Hz",,,"OS: Windows 11 Home Single Language 64 | Warranty: 1 Year Carry-in | The IdeaPad Slim 5a (16"", Gen 11) offers a sleek design with a vibrant 16"" OLED display for immersive visuals. Powered by AMD Ryzen™ AI 7 445 Processor and 16GB DDR5 memory, it ensures smooth multitasking. Ideal for students and everyday use."
21T0CTO1WWMY2,ThinkPad E14 Gen 7 (AMD),5112.35,https://www.lenovo.com/my/en/p/laptops/thinkpad/thinkpade/lenovo-thinkpad-e14-gen-7-14-inch-amd-laptop/21t0cto1wwmy2,https://p1-ofp.static.pub/fes/cms/2025/04/24/ngqu8l7joyxods23wyqywgmhnfrnq0036245.png,Lenovo Official,AMD Ryzen™ 5 230 Processor (3.50 GHz up to 4.90 GHz),Integrated Graphics,8 GB DDR5-5600MT/s (SODIMM),256 GB SSD M.2 2242 PCIe Gen4 TLC Opal,"14"" WUXGA (1920 x 1200), IPS, Anti-Glare, Non-Touch, 45%NTSC, 300 nits, 60Hz",,,"OS: Windows 11 Home 64 | Warranty: 3 Years On-site | The ThinkPad E14 Gen 7 (AMD) offers a durable design, fast performance, and a vibrant 14"" display for everyday tasks. Users praise its lightweight build and reliable battery life, making it ideal for business professionals and students."
83ULCTO1WWMY2,"IdeaPad 5i 2-in-1 (15"",  Gen 11)",5218.29,https://www.lenovo.com/my/en/p/laptops/ideapad/ideapad-2-in-1-series/lenovo-ideapad-5i-2-in-1-gen-11-15-inch-intel/83ulcto1wwmy2,https://p4-ofp.static.pub/ShareResource/optimized/pdp/ideapad/ideapad-2-in-1-series/len101i0147/lenovo-ideapad-5i-2-in-1-gen-11-15-intel-pdp-gallery-1.4cfb1a208902750b.png,Lenovo Official,Intel® Core™ Ultra 5 325 Processor (LPE-cores up to 3.40 GHz P-cores up to 4.50 GHz),Integrated Graphics,16 GB DDR5-5600MT/s (SODIMM) - (2 x 8 GB),1 TB SSD M.2 2242 PCIe Gen4 QLC,"15.3"" WQXGA (2560 x 1600), OLED, Glare, Touch, HDR 1000 True Black, 100%DCI-P3, 500 nits, 165Hz, Low Blue Light, Glass",,,"OS: Windows 11 Home Single Language 64 | Warranty: 1 Year Carry-in | The IdeaPad 5i 2-in-1 offers a stunning 15.3"" OLED touchscreen with vibrant colors and smooth 165Hz refresh rate. Powered by Intel® Core™ Ultra 5 processor, 16GB DDR5 memory, and 1TB SSD, it's perfect for students seeking performance and versatility."
21URCTO1WWMY2,ThinkBook 16 Gen 9,5234.35,https://www.lenovo.com/my/en/p/laptops/thinkbook/thinkbook-series/lenovo-thinkbook-16-gen-9-16-inch-intel/21urcto1wwmy2,https://p2-ofp.static.pub/ShareResource/optimized/pdp/thinkbook/thinkbook-series/len101b0062/lenovo-thinkbook-16-gen-9-16-intel-pdp-gallery-1.png,Lenovo Official,Intel® Core™ Ultra 5 325 Processor (LPE-cores up to 3.40 GHz P-cores up to 4.50 GHz),Integrated Graphics,16 GB DDR5-5600MT/s (SODIMM) - (2 x 8 GB),256 GB SSD M.2 2242 PCIe Gen4 TLC,"16"" WUXGA (1920 x 1200), IPS, Anti-Glare, Non-Touch, 45%NTSC, 400 nits, 60Hz",,,"OS: Windows 11 Home 64 | Warranty: 1 Year On-site | The ThinkBook 16 Gen 9 offers a sleek Arctic Grey design with a 16"" WUXGA anti-glare display for vibrant visuals. Powered by Intel® Core™ Ultra 5, 16GB DDR5 memory, and 256GB SSD, it ensures smooth multitasking. Ideal for business professionals."
21RDCTO1WWMY3,ThinkPad L13 2-in-1 Gen6 (AMD),5260.10,https://www.lenovo.com/my/en/p/laptops/thinkpad/thinkpadl/lenovo-thinkpad-l13-2-in-1-gen-6-13-inch-amd-laptop/21rdcto1wwmy3,https://p4-ofp.static.pub/fes/cms/2025/05/30/e696bb71gyya2ze15m3xwpa2cnriz5688785.png,Lenovo Official,AMD Ryzen™ 5 PRO 215 Processor (3.20 GHz up to 4.70 GHz),Integrated Graphics,16 GB LPDDR5X-8533MT/s (Soldered),256 GB SSD M.2 2242 PCIe Gen4 TLC Opal,"13.3"" WUXGA (1920 x 1200), IPS, Anti-Reflection/Anti-Smudge, Touch, 100%sRGB, 400 nits, 60Hz",,,"OS: Windows 11 Home 64 | Warranty: 1 Year Courier or Carry-in | The ThinkPad L13 2-in-1 Gen6 (AMD) offers a versatile design with a 13.3"" touch display and anti-reflection features. Powered by AMD Ryzen™ 5 PRO, 16GB memory, and 256GB SSD, it's ideal for business professionals seeking performance and portability."
83VACTO1WWMY2,Lenovo LOQ Essential 15ARP11,5535.84,https://www.lenovo.com/my/en/p/laptops/loq-laptops/lenovo-loq-essential-15arp11/83vacto1wwmy2,https://p3-ofp.static.pub/fes/cms/2026/02/20/f8dgcvyctn08oubyoyw1c8g8ip6nyj756480.png,Lenovo Official,AMD Ryzen™ 7 170 Processor (3.20 GHz up to 4.75 GHz),NVIDIA® GeForce RTX™ 5050 Laptop GPU 8GB GDDR7,16 GB DDR5-4800MT/s (SODIMM),512 GB SSD M.2 2242 PCIe Gen4 QLC,"15.6"" FHD (1920 x 1080), IPS, Anti-Glare, Non-Touch, 100%sRGB, 300 nits, 144Hz",,,"OS: Windows 11 Home Single Language 64 | Warranty: 1 Year Carry-in | The Lenovo LOQ Essential 15ARP11 is a gaming laptop with a powerful AMD Ryzen™ 7 170 processor and NVIDIA® GeForce RTX™ 5050 GPU. It features a 15.6"" FHD display with 144Hz refresh rate, 16GB DDR5 memory, 512GB SSD storage, and Wi-Fi 6 for seamless connectivity."
21SRCTO1WWMY3,ThinkPad E16 Gen 3,5540.55,https://www.lenovo.com/my/en/p/laptops/thinkpad/thinkpade/lenovo-thinkpad-e16-gen-3-16-inch-intel/21srcto1wwmy3,https://p4-ofp.static.pub/fes/cms/2025/03/19/6gjvthp40k9v8kkd1niipl547mxs11488818.png,Lenovo Official,Intel® Core™ Ultra 5 225U Processor (E-cores up to 3.80 GHz P-cores up to 4.80 GHz),Integrated Graphics,8 GB DDR5-5600MT/s (SODIMM),256 GB SSD M.2 2242 PCIe Gen4 TLC Opal,"16"" WUXGA (1920 x 1200), IPS, Anti-Glare, Non-Touch, 45%NTSC, 300 nits, 60Hz",,,"OS: Windows 11 Home 64 | Warranty: 3 Years On-site | The ThinkPad E16 Gen 3 offers robust performance, a 16"" WUXGA display, and a durable design ideal for multitasking professionals. Users praise its exceptional keyboard, lightweight build, and upgrade potential, making it a great choice for business users."
21X6CTO1WWMY2,ThinkPad L14 Gen 7 (AMD),5579.98,https://www.lenovo.com/my/en/p/laptops/thinkpad/thinkpadl/lenovo-thinkpad-l14-gen-7-14-inch-amd/21x6cto1wwmy2,https://p1-ofp.static.pub/ShareResource/optimized/pdp/thinkpad/thinkpad-l-series/LEN101T0179/lenovo-thinkpad-l14-gen-7-14-amd-pdp-gallery-1.95eb077d0a04dd53.png,Lenovo Official,AMD Ryzen™ AI 5 430 Processor (2.00 GHz up to 4.50 GHz),Integrated Graphics,16 GB DDR5-5600MT/s (SODIMM) - (2 x 8 GB),512 GB SSD M.2 2280 PCIe Gen4 TLC Opal,"14"" WUXGA (1920 x 1200), IPS, Anti-Glare, Non-Touch, 45%NTSC, 400 nits, 60Hz, DBEF5",,,"OS: Windows 11 Home 64 | Warranty: 1 Year Courier or Carry-in | The ThinkPad L14 Gen 7 (AMD) offers a lightweight design and powerful AMD Ryzen™ AI 5 430 processor. With a 14"" WUXGA anti-glare display, 16GB DDR5 memory, and 512GB SSD storage, it's ideal for business professionals on the go."
83JXCTO1WWMY3,"Yoga Slim 7i Aura Edition (14"", Gen 10)",5616.31,https://www.lenovo.com/my/en/p/laptops/yoga/yoga-slim-series/lenovo-yoga-slim-7i-aura-edition-gen-10-14-inch-intel/83jxcto1wwmy3,https://p2-ofp.static.pub/ShareResource/optimized/pdp/yoga/yoga-slim-series/len101y0053/lenovo-yoga-slim-7i-gen-10-aura-edition-14-intel.gallery-1.c22b9de789e9985a.png,Lenovo Official,Intel® Core™ Ultra 7 256V Processor (LPE-cores up to 3.70 GHz P-cores up to 4.80 GHz / 16 GB MOP),Integrated Graphics,16 GB LPDDR5X-8533MT/s (Memory on Package),1 TB SSD M.2 2242 PCIe Gen4 TLC,"14"" 2.8K (2880 x 1800), OLED, Glare, Touch, HDR 1000 True Black, 100%DCI-P3, 1100 nits (HDR Peak)/500 nits (SDR Typical), 120Hz, Glass",,,"OS: Windows 11 Home Single Language 64 | Warranty: 1 Year PremiumCare | The Yoga Slim 7i Aura Edition offers a stunning 14"" 2.8K OLED touchscreen with HDR 1000 True Black and 120Hz refresh rate. With its Intel® Core™ Ultra 7 processor, 16GB memory, 1TB SSD, and Wi-Fi 7, it's perfect for creators seeking top-tier performance."
22ALCTO1WWMY2,ThinkPad T14 Gen 7 (AMD),5629.94,https://www.lenovo.com/my/en/p/laptops/thinkpad/thinkpadt/lenovo-thinkpad-t14-gen-7-14-inch-amd/22alcto1wwmy2,https://p3-ofp.static.pub/ShareResource/optimized/thinkpad/thinkpad-t/LEN101T0168/lenovo-thinkpad-t14-gen-7-14-amd-pdp-gallery-1.png,Lenovo Official,AMD Ryzen™ 5 PRO 215 Processor (3.20 GHz up to 4.70 GHz),Integrated Graphics,16 GB DDR5-5600MT/s (SODIMM) - (2 x 8 GB),256 GB SSD M.2 2280 PCIe Gen4 TLC Opal,"14"" WUXGA (1920 x 1200), IPS, Anti-Glare, Non-Touch, 45%NTSC, 400 nits, 60Hz",,,"OS: Windows 11 Home 64 | Warranty: 1 Year Courier or Carry-in | The ThinkPad T14 Gen 7 (AMD) offers powerful performance with an AMD Ryzen™ 5 PRO processor and 16GB DDR5 memory. Its 14"" WUXGA anti-glare display ensures crisp visuals, while the 256GB SSD provides fast storage. Ideal for business professionals."
21X2CTO1WWMY2,ThinkPad L14 Gen 7,5716.06,https://www.lenovo.com/my/en/p/laptops/thinkpad/thinkpadl/lenovo-thinkpad-l14-gen-7-14-inch-intel/21x2cto1wwmy2,https://p3-ofp.static.pub/ShareResource/optimized/pdp/thinkpad/thinkpad-l-series/len101t0164/lenovo-thinkpad-l14-gen-7-14-intel-pdp-gallery-1.png,Lenovo Official,Intel® Core™ Ultra 5 325 Processor (LPE-cores up to 3.40 GHz P-cores up to 4.50 GHz),Integrated Graphics,16 GB DDR5-5600MT/s (SODIMM),256 GB SSD M.2 2280 PCIe Gen4 TLC Opal,"14"" WUXGA (1920 x 1200), IPS, Anti-Glare, Non-Touch, 45%NTSC, 400 nits, 60Hz, DBEF5",,,"OS: Windows 11 Home 64 | Warranty: 1 Year Courier or Carry-in | The ThinkPad L14 Gen 7 is a lightweight business laptop with on-device AI for enhanced productivity. It offers advanced security, extended lifecycle with DIY replaceable parts, and is ideal for professionals working from anywhere."
21X8CTO1WWMY2,ThinkPad L16 Gen 3,5723.35,https://www.lenovo.com/my/en/p/laptops/thinkpad/thinkpadl/lenovo-thinkpad-l16-gen-3-16-inch-intel/21x8cto1wwmy2,https://p1-ofp.static.pub/ShareResource/optimized/pdp/thinkpad/thinkpad-l-series/LEN101T0177/thinkpad-l16-gen-3-16-intel-pdp-gallery-1.png,Lenovo Official,Intel® Core™ Ultra 5 325 Processor (LPE-cores up to 3.40 GHz P-cores up to 4.50 GHz),Integrated Graphics,16 GB DDR5-5600MT/s (SODIMM),256 GB SSD M.2 2280 PCIe Gen4 TLC Opal,"16"" WUXGA (1920 x 1200), IPS, Anti-Glare, Non-Touch, 45%NTSC, 400 nits, 60Hz",,,"OS: Windows 11 Home 64 | Warranty: 1 Year Courier or Carry-in | The ThinkPad L16 Gen 3 offers a 16"" WUXGA anti-glare display and Intel® Core™ Ultra 5 processor for seamless multitasking. With 16 GB DDR5 memory, 256 GB SSD storage, and Intel® Wi-Fi 7, it's ideal for business professionals seeking reliable performance."
21XCCTO1WWMY2,ThinkPad L16 Gen 3 (AMD),5723.73,https://www.lenovo.com/my/en/p/laptops/thinkpad/thinkpadl/thinkpad-l16-gen-3-16-inch-amd-laptop/21xccto1wwmy2,https://p3-ofp.static.pub/ShareResource/optimized/pdp/thinkpad/thinkpad-l-series/len101t0178/lenovo-thinkpad-l16-gen-3-16-amd-pdp-gallery-1.png,Lenovo Official,AMD Ryzen™ AI 5 PRO 435 Processor (2.00 GHz up to 4.50 GHz),Integrated Graphics,16 GB DDR5-5600MT/s (SODIMM),512 GB SSD M.2 2280 PCIe Gen4 TLC Opal,"16"" WUXGA (1920 x 1200), IPS, Anti-Glare, Non-Touch, 45%NTSC, 400 nits, 60Hz",,,"OS: Windows 11 Home 64 | Warranty: 2 Years Premier Support AI | The ThinkPad L16 Gen 3 (AMD) offers a powerful AMD Ryzen™ AI 5 PRO processor and 16GB DDR5 memory for seamless multitasking. Its 16"" WUXGA anti-glare display ensures clear visuals, while the 512GB SSD provides ample storage. Ideal for business professionals seeking reliability and performance."
83QSCTO1WWMY2,"Yoga Slim 7a (14"", Gen 11)",5833.52,https://www.lenovo.com/my/en/p/laptops/yoga/yoga-slim-series/yoga-slim-7a-gen-11-14-inch-amd/83qscto1wwmy2,https://p1-ofp.static.pub/ShareResource/optimized/pdp/yoga/yoga-slim-series/len101y0065/lenovo-yoga-slim-7a-gen-11-14-amd-pdp-gallery-1.png,Lenovo Official,AMD Ryzen™ AI 7 445 Processor (2.00 GHz up to 4.60 GHz),Integrated Graphics,32 GB LPDDR5X-8000MT/s (Soldered),512 GB SSD M.2 2242 PCIe Gen4 QLC,"14"" WUXGA (1920 x 1200), OLED, Glare, Touch, HDR 500 True Black, 100%DCI-P3, 400 nits, 60Hz, Glass",,,"OS: Windows 11 Home Single Language 64 | Warranty: 1 Year PremiumCare | The Yoga Slim 7a Gen 11 is a sleek and lightweight laptop designed for creators on the move. With an OLED display, AMD Ryzen AI processors, and long battery life, it offers stunning visuals and smooth performance for creative tasks."
21Y6CTO1WWMY2,ThinkPad E14 Gen 8,5844.67,https://www.lenovo.com/my/en/p/laptops/thinkpad/thinkpade/lenovo-thinkpad-e14-gen-8-14-inch-intel-laptop/21y6cto1wwmy2,https://p2-ofp.static.pub/ShareResource/optimized/pdp/thinkpad/thinkpad-e-series/len101t0167/lenovo-thinkpad-e14-gen-8-14-intel-pdp-gallery-1.63d49cbb56c8b8aa.png,Lenovo Official,Intel® Core™ Ultra 5 325 Processor (LPE-cores up to 3.40 GHz P-cores up to 4.50 GHz),Integrated Graphics,16 GB DDR5-5600MT/s (SODIMM),256 GB SSD M.2 2242 PCIe Gen4 TLC Opal,"14"" WUXGA (1920 x 1200), IPS, Anti-Glare, Non-Touch, 45%NTSC, 400 nits, 60Hz",,,"OS: Windows 11 Home 64 | Warranty: 1 Year Courier or Carry-in | The ThinkPad E14 Gen 8 offers a sleek 14"" WUXGA display with anti-glare for clear visuals. Powered by an Intel® Core™ Ultra 5 processor and 16GB DDR5 memory, it's perfect for business professionals seeking performance and portability."
21S6CTO1WWMY3,ThinkPad L14 Gen 6,5856.96,https://www.lenovo.com/my/en/p/laptops/thinkpad/thinkpadl/lenovo-thinkpad-l14-gen-6-14-inch-intel/21s6cto1wwmy3,https://p3-ofp.static.pub/fes/cms/2025/04/18/x4c41j75gwgj4icvi1c3ko1x93kmif237701.png,Lenovo Official,Intel® Core™ Ultra 5 225U Processor (E-cores up to 3.80 GHz P-cores up to 4.80 GHz),Integrated Graphics,8 GB DDR5-5600MT/s (SODIMM),256 GB SSD M.2 2280 PCIe Gen4 TLC Opal,"14"" WUXGA (1920 x 1200), IPS, Anti-Glare, Non-Touch, 45%NTSC, 400 nits, 60Hz, DBEF5",,,"OS: Windows 11 Home 64 | Warranty: 3 Years Premier Support AI | The ThinkPad L14 Gen 6 offers a bright 14-inch WUXGA anti-glare display for clear visuals in any environment. Powered by Intel Core Ultra 5 processor, 8GB DDR5 memory, and 256GB SSD, it ensures smooth performance for business professionals."
21SXCTO1WWMY3,ThinkPad E14 Gen 7,5963.87,https://www.lenovo.com/my/en/p/laptops/thinkpad/thinkpade/thinkpad-e14-gen-7-14-inch-intel/21sxcto1wwmy3,https://p4-ofp.static.pub/fes/cms/2025/03/17/eubwnjmjsktduhota8taj547khw5gn883717.png,Lenovo Official,Intel® Core™ Ultra 5 225U Processor (E-cores up to 3.80 GHz P-cores up to 4.80 GHz),Integrated Graphics,8 GB DDR5-5600MT/s (SODIMM),256 GB SSD M.2 2242 PCIe Gen4 TLC Opal,"14"" WUXGA (1920 x 1200), IPS, Anti-Glare, Non-Touch, 45%NTSC, 300 nits, 60Hz",,,"OS: Windows 11 Home 64 | Warranty: 3 Years On-site | The ThinkPad E14 Gen 7 offers a lightweight, durable design with a premium aluminum chassis and all-day battery life. Users praise its seamless multitasking capabilities, making it ideal for business professionals seeking reliability and value."
21YCCTO1WWMY2,ThinkPad E16 Gen 4,6013.16,https://www.lenovo.com/my/en/p/laptops/thinkpad/thinkpade/lenovo-thinkpad-e16-gen-4-16-inch-intel-laptop/21yccto1wwmy2,https://p1-ofp.static.pub/ShareResource/optimized/pdp/thinkpad/thinkpad-e-series/len101t0170/lenovo-thinkpad-e16-gen-4-intel-pdp-gallery-1.30adf0ff31c6a0b5.png,Lenovo Official,Intel® Core™ Ultra 5 325 Processor (LPE-cores up to 3.40 GHz P-cores up to 4.50 GHz),Integrated Graphics,16 GB DDR5-5600MT/s (SODIMM) - (2 x 8 GB),256 GB SSD M.2 2242 PCIe Gen4 TLC Opal,"16"" WUXGA (1920 x 1200), IPS, Anti-Glare, Non-Touch, 45%NTSC, 400 nits, 60Hz",,,"OS: Windows 11 Home 64 | Warranty: 1 Year Courier or Carry-in | The ThinkPad E16 Gen 4 offers a powerful Intel® Core™ Ultra 5 processor and 16GB DDR5 memory for smooth multitasking. Its 16"" WUXGA anti-glare display ensures clear visuals, while the 256GB SSD provides fast storage. Ideal for business professionals."
83TNCTO1WWMY2,Lenovo LOQ 15AHP11,6052.37,https://www.lenovo.com/my/en/p/laptops/loq-laptops/lenovo-loq-15-ahp-11-laptop/83tncto1wwmy2,https://p3-ofp.static.pub/fes/cms/2025/11/19/z7rv4tvueecnrn2fqtxn811mbgg94r810278.png,Lenovo Official,AMD Ryzen™ 7 250 Processor (3.30 GHz up to 5.10 GHz),NVIDIA® GeForce RTX™ 5050 Laptop GPU 8GB GDDR7,16 GB DDR5-5600MT/s (SODIMM),512 GB SSD M.2 2242 PCIe Gen4 QLC,"15.3"" WUXGA (1920 x 1200), IPS, Anti-Glare, Non-Touch, 100%sRGB, 300 nits, 165Hz",,,"OS: Windows 11 Home Single Language 64 | Warranty: 1 Year PremiumCare | The Lenovo LOQ 15AHP11 is designed for gamers with an AMD Ryzen™ 7 processor and NVIDIA® GeForce RTX™ 5050 GPU. It features a 15.3"" WUXGA display with 165Hz refresh rate, 16GB DDR5 memory, and 512GB SSD storage for smooth performance."
83JGCTO1WWMY3,Lenovo LOQ 15AHP10,6105.29,https://www.lenovo.com/my/en/p/laptops/loq-laptops/lenovo-loq-15ahp10/83jgcto1wwmy3,https://p3-ofp.static.pub/fes/cms/2025/05/21/efinlg6ciy0t330zl2rdsh5cm2c1tl998091.png,Lenovo Official,AMD Ryzen™ 5 220 Processor (3.20 GHz up to 4.90 GHz),NVIDIA® GeForce RTX™ 5050 Laptop GPU 8GB GDDR7,16 GB DDR5-5600MT/s (SODIMM),1 TB SSD M.2 2242 PCIe Gen4 QLC,"15.6"" FHD (1920 x 1080), IPS, Anti-Glare, Non-Touch, 100%sRGB, 300 nits, 144Hz",,,"OS: Windows 11 Home Single Language 64 | Warranty: 1 Year PremiumCare | The Lenovo LOQ 15AHP10 is designed for gamers with its AMD Ryzen™ 5 processor and NVIDIA® GeForce RTX™ 5050 GPU. Enjoy smooth visuals on a 15.6"" FHD 144Hz display, 16GB DDR5 memory, and 1TB SSD storage, all in a sleek Luna Grey design."
22ANCTO1WWMY2,ThinkPad T16 Gen 5 (AMD),6163.89,https://www.lenovo.com/my/en/p/laptops/thinkpad/thinkpadt/thinkpad-t16-gen-5-16-inch-amd-laptop/22ancto1wwmy2,https://p4-ofp.static.pub/ShareResource/optimized/pdp/thinkpad/thinkpad-t-series/len101t0166/lenovo-thinkpad-t16-gen-5-16-amd-pdp-gallery-1.png,Lenovo Official,AMD Ryzen™ 7 PRO 250 Processor (3.30 GHz up to 5.10 GHz),Integrated Graphics,16 GB DDR5-5600MT/s (SODIMM),256 GB SSD M.2 2280 PCIe Gen4 TLC Opal,"16"" WUXGA (1920 x 1200), IPS, Anti-Glare, Non-Touch, 45%NTSC, 400 nits, 60Hz",,,"OS: Windows 11 Home 64 | Warranty: 1 Year Courier or Carry-in | The ThinkPad T16 Gen 5 (AMD) offers a powerful AMD Ryzen™ 7 PRO processor and a vibrant 16"" WUXGA display. With 16GB DDR5 memory, 256GB SSD storage, and MediaTek Wi-Fi 7, it ensures seamless performance for business professionals."
83JHCTO1WWMY3,Lenovo LOQ 17IRX10,6228.49,https://www.lenovo.com/my/en/p/laptops/loq-laptops/lenovo-loq-17irx10/83jhcto1wwmy3,https://p1-ofp.static.pub/fes/cms/2025/05/15/0b0xw9vmv55zqyunc6ojq3zw2bzrzk127839.png,Lenovo Official,13th Generation Intel® Core™ i7-13650HX Processor (E-cores up to 3.60 GHz P-cores up to 4.90 GHz),NVIDIA® GeForce RTX™ 5050 Laptop GPU 8GB GDDR7,16 GB DDR5-4800MT/s (SODIMM),512 GB SSD M.2 2242 PCIe Gen4 TLC,"17.3"" FHD (1920 x 1080), IPS, Anti-Glare, Non-Touch, 100%sRGB, 300 nits, 165Hz",,,"OS: Windows 11 Home Single Language 64 | Warranty: 1 Year PremiumCare | The Lenovo LOQ 17IRX10 gaming laptop features a powerful Intel i7 processor, RTX 5050 GPU, and a vibrant 17.3-inch FHD display. Users praise its exceptional performance and value, making it ideal for gamers seeking a balance between gaming and productivity."
21WVCTO1WWMY2,ThinkPad T14 Gen 7 (AMD),6261.80,https://www.lenovo.com/my/en/p/laptops/thinkpad/thinkpadt/thinkpad-t14-gen-7-14-inch-amd/21wvcto1wwmy2,https://p3-ofp.static.pub/ShareResource/optimized/pdp/thinkpad/thinkpad-t-series/LEN101T0156/lenovo-thinkpad-t14-gen-7-14-amd-pdp-gallery-1.8cfff7fdb98565d9.png,Lenovo Official,AMD Ryzen™ AI 5 PRO 440 Processor (2.00 GHz up to 4.80 GHz),Integrated Graphics,16 GB DDR5-5600MT/s (SODIMM),256 GB SSD M.2 2280 PCIe Gen4 TLC Opal,"14"" WUXGA (1920 x 1200), IPS, Anti-Glare, Non-Touch, 45%NTSC, 400 nits, 60Hz",,,"OS: Windows 11 Home 64 | Warranty: 1 Year Courier or Carry-in | The ThinkPad T14 Gen 7 (AMD) is a reliable laptop designed for business professionals. It features a 14"" WUXGA anti-glare display, AMD Ryzen™ AI 5 PRO processor, 16GB DDR5 memory, and 256GB SSD storage for seamless multitasking and productivity."
21Y2CTO1WWMY2,ThinkPad E14 Gen 8 (AMD),6271.50,https://www.lenovo.com/my/en/p/laptops/thinkpad/thinkpade/thinkpad-e14-gen-8-14-inch-amd/21y2cto1wwmy2,https://p4-ofp.static.pub/ShareResource/optimized/pdp/thinkpad/thinkpad-e-series/LEN101T0182/gallery-1-front-facing.png,Lenovo Official,AMD Ryzen™ AI 5 330 Processor (2.00 GHz up to 4.50 GHz),Integrated Graphics,16 GB DDR5-5600MT/s (SODIMM) - (2 x 8 GB),256 GB SSD M.2 2242 PCIe Gen4 TLC Opal,"14"" WUXGA (1920 x 1200), IPS, Anti-Glare, Non-Touch, 45%NTSC, 400 nits, 60Hz",,,"OS: Windows 11 Home 64 | Warranty: 3 Years Premier Support AI | The ThinkPad E14 Gen 8 (AMD) offers powerful performance with an AMD Ryzen™ AI 5 330 Processor and 16 GB DDR5 memory. Its 14"" WUXGA anti-glare display ensures crisp visuals, while the lightweight design and 256 GB SSD make it ideal for students on the go."
21Y4CTO1WWMY2,ThinkPad E16 Gen 4 (AMD),6282.36,https://www.lenovo.com/my/en/p/laptops/thinkpad/thinkpade/thinkpad-e16-gen-4-16-inch-amd/21y4cto1wwmy2,https://p4-ofp.static.pub/ShareResource/optimized/pdp/thinkpad/thinkpad-e-series/LEN101T0183/gallery-1-front-facing.png,Lenovo Official,AMD Ryzen™ AI 5 330 Processor (2.00 GHz up to 4.50 GHz),Integrated Graphics,16 GB DDR5-5600MT/s (SODIMM) - (2 x 8 GB),256 GB SSD M.2 2242 PCIe Gen4 TLC Opal,"16"" WUXGA (1920 x 1200), IPS, Anti-Glare, Non-Touch, 45%NTSC, 400 nits, 60Hz",,,"OS: Windows 11 Home 64 | Warranty: 3 Years Premier Support AI | The ThinkPad E16 Gen 4 (AMD) offers a powerful AMD Ryzen™ AI 5 330 Processor and a vibrant 16"" WUXGA display. With 16 GB DDR5 memory, 256 GB SSD storage, and Realtek Wi-Fi 7, it ensures seamless multitasking for business professionals."
83M0CTO1WWMY3,"Legion 5 (15'', Gen 10)",6375.40,https://www.lenovo.com/my/en/p/laptops/legion-laptops/legion-series/lenovo-legion-5-gen-10-15-inch-amd/83m0cto1wwmy3,https://p1-ofp.static.pub/fes/cms/2025/05/13/zwiolgwzceqv1yeo9h0kr45iyszh2p471514.png,Lenovo Official,AMD Ryzen™ 7 260 Processor (3.80 GHz up to 5.10 GHz),NVIDIA® GeForce RTX™ 5050 Laptop GPU 8GB GDDR7,16 GB DDR5-5600MT/s (SODIMM),512 GB SSD M.2 2242 PCIe Gen4 TLC,"15.1"" WQXGA (2560 x 1600), OLED, Glare, Non-Touch, HDR 600 True Black, 100%DCI-P3, 500 nits, 165Hz",,,"OS: Windows 11 Home Single Language 64 | Warranty: 1 Year Legion Ultimate Support | The Legion 5 (15'', Gen 10) features a stunning 15.1"" OLED display with vibrant colors, powerful performance, and a sleek design. Users praise its exceptional display and smooth gaming performance, making it ideal for gamers seeking immersive visuals and speed."
21RBCTO1WWMY3,ThinkPad L13 Gen 6 (AMD),6414.89,https://www.lenovo.com/my/en/p/laptops/thinkpad/thinkpadl/lenovo-thinkpad-l13-gen-6-13-inch-amd/21rbcto1wwmy3,https://p4-ofp.static.pub/fes/cms/2025/06/02/2qnbn4uyny9jh07op6zhgoomkhzj0m488191.png,Lenovo Official,AMD Ryzen™ 5 PRO 215 Processor (3.20 GHz up to 4.70 GHz),Integrated Graphics,16 GB LPDDR5X-8533MT/s (Soldered),256 GB SSD M.2 2242 PCIe Gen4 TLC Opal,"13.3"" WUXGA (1920 x 1200), IPS, Anti-Glare, Non-Touch, 45%NTSC, 400 nits, 60Hz",,,"OS: Windows 11 Home 64 | Warranty: 3 Years Premier Support AI | The ThinkPad L13 Gen 6 (AMD) offers a sleek, lightweight design with a 13.3"" WUXGA anti-glare display for clear visuals. Powered by AMD Ryzen™ 5 PRO processor and 16GB memory, it ensures smooth performance for business tasks. Includes sustainable materials and energy-efficient features."
83LYCTO1WWMY3,"Legion 5i (15"",  Gen 10)",6458.12,https://www.lenovo.com/my/en/p/laptops/legion-laptops/legion-series/lenovo-legion-5i-gen-10-15-inch-intel/83lycto1wwmy3,https://p2-ofp.static.pub/fes/cms/2025/04/14/dmwa5bmukcg6gb3erzii12khrfho4p776428.png,Lenovo Official,13th Generation Intel® Core™ i7-13650HX Processor (E-cores up to 3.60 GHz P-cores up to 4.90 GHz),NVIDIA® GeForce RTX™ 5060 Laptop GPU 8GB GDDR7,16 GB DDR5-4800MT/s (SODIMM),512 GB SSD M.2 2242 PCIe Gen4 TLC,"15.1"" WQXGA (2560 x 1600), OLED, Glare, Non-Touch, HDR 600 True Black, 100%DCI-P3, 500 nits, 165Hz",,,"OS: Windows 11 Home Single Language 64 | Warranty: 1 Year Legion Ultimate Support | The Legion 5i (15"", Gen 10) offers a stunning OLED display and powerful performance for demanding tasks. Users praise its vibrant screen and smooth performance, making it ideal for gamers and creators seeking high-quality visuals."
21X0CTO1WWMY2,ThinkPad P14s Gen 7 (AMD),6506.46,https://www.lenovo.com/my/en/p/laptops/thinkpad/thinkpadp/thinkpad-p14s-gen-7-14-inch-amd/21x0cto1wwmy2,https://p4-ofp.static.pub/ShareResource/optimized/pdp/thinkpad/thinkpad-p-series/len101t0165/lenovo-thinkpad-p14s-gen-7-14-amd-pdp-gallery-1.ab7f4488cb3c84a0.png,Lenovo Official,AMD Ryzen™ AI 5 PRO 440 Processor (2.00 GHz up to 4.80 GHz),Integrated Graphics,16 GB DDR5-5600MT/s (SODIMM) - (2 x 8 GB),256 GB SSD M.2 2280 PCIe Gen4 TLC Opal,"14"" WUXGA (1920 x 1200), IPS, Anti-Glare, Non-Touch, 45%NTSC, 400 nits, 60Hz",,,"OS: Windows 11 Home 64 | Warranty: 1 Year Courier or Carry-in | The ThinkPad P14s Gen 7 (AMD) offers a powerful AMD Ryzen™ AI 5 PRO 440 processor and 16GB DDR5 memory for seamless multitasking. Its 14"" WUXGA anti-glare display and lightweight design make it ideal for business professionals on the go. Includes a 256GB SSD for fast storage and a fingerprint reader for enhanced security."
21S8CTO1WWMY3,ThinkPad L14 Gen 6 (AMD),6542.39,https://www.lenovo.com/my/en/p/laptops/thinkpad/thinkpadl/lenovo-thinkpad-l14-gen-6-14-inch-amd/21s8cto1wwmy3,https://p4-ofp.static.pub/fes/cms/2025/04/18/eydf1b3l6ut1pj7gy86mgmlgfak1dj953243.png,Lenovo Official,AMD Ryzen™ 5 PRO 215 Processor (3.20 GHz up to 4.70 GHz),Integrated Graphics,16 GB DDR5-5600MT/s (SODIMM),256 GB SSD M.2 2280 PCIe Gen4 TLC Opal,"14"" WUXGA (1920 x 1200), IPS, Anti-Glare, Non-Touch, 45%NTSC, 400 nits, 60Hz, DBEF5",,,"OS: Windows 11 Home 64 | Warranty: 3 Years Premier Support AI | The ThinkPad L14 Gen 6 (AMD) is a reliable laptop designed for business professionals. It features a 14"" WUXGA anti-glare display, AMD Ryzen™ 5 PRO processor, 16GB DDR5 memory, and 256GB SSD storage for efficient multitasking."
21WXCTO1WWMY2,ThinkPad T16 Gen 5 (AMD),6595.28,https://www.lenovo.com/my/en/p/laptops/thinkpad/thinkpadt/lenovo-thinkpad-t16-gen-5-16-inch-amd-laptop/21wxcto1wwmy2,https://p4-ofp.static.pub/ShareResource/optimized/pdp/thinkpad/thinkpad-t-series/LEN101T0157/lenovo-thinkpad-t16-gen-5-16-amd-pdp-gallery-1.da7455b4c894aa27.png,Lenovo Official,AMD Ryzen™ AI 7 PRO 450 Processor (2.00 GHz up to 5.10 GHz),Integrated Graphics,16 GB DDR5-5600MT/s (SODIMM),256 GB SSD M.2 2280 PCIe Gen4 TLC Opal,"16"" WUXGA (1920 x 1200), IPS, Anti-Glare, Non-Touch, 45%NTSC, 400 nits, 60Hz",,,"OS: Windows 11 Home 64 | Warranty: 1 Year Courier or Carry-in | The ThinkPad T16 Gen 5 (AMD) offers a powerful AMD Ryzen™ AI 7 PRO 450 processor and 16GB DDR5 memory for seamless multitasking. Its 16"" WUXGA anti-glare display ensures crisp visuals, while the 256GB SSD provides ample storage. Ideal for business professionals, it features a durable design, long battery life, and advanced connectivity options like Wi-Fi 7 and Bluetooth® 5.4."
21R5CTO1WWMY3,ThinkPad L13 Gen 6,6631.93,https://www.lenovo.com/my/en/p/laptops/thinkpad/thinkpadl/lenovo-thinkpad-l13-gen-6-13-inch-intel/21r5cto1wwmy3,https://p4-ofp.static.pub/fes/cms/2025/05/20/0yvpr0wde29bz201wd248c79u4lh5n780000.png,Lenovo Official,Intel® Core™ Ultra 5 225U Processor (E-cores up to 3.80 GHz P-cores up to 4.80 GHz),Integrated Graphics,16 GB LPDDR5X-8533MT/s (Soldered),256 GB SSD M.2 2242 PCIe Gen4 TLC Opal,"13.3"" WUXGA (1920 x 1200), IPS, Anti-Glare, Non-Touch, 45%NTSC, 400 nits, 60Hz",,,"OS: Windows 11 Home 64 | Warranty: 3 Years Premier Support AI | The ThinkPad L13 Gen 6 features a 13.3"" WUXGA display with anti-glare and 400 nits brightness for clear visuals. Powered by an Intel® Core™ Ultra 5 processor, 16 GB memory, and 256 GB SSD, it ensures smooth performance for business professionals."
83Q6CTO1WWMY2,"Legion 5a (15"", Gen 11)",6673.22,https://www.lenovo.com/my/en/p/laptops/legion-laptops/legion-series/lenovo-legion-5a-gen-11-15-inch-amd/83q6cto1wwmy2,https://p2-ofp.static.pub/ShareResource/optimized/pdp/legion/legion-5-series/len101g0048/lenovo-legion-5a-gen-11-15-pdp-gallery-1.png,Lenovo Official,AMD Ryzen™ AI 7 450 Processor (2.00 GHz up to 5.10 GHz),NVIDIA® GeForce RTX™ 5050 Laptop GPU 8GB GDDR7,16 GB DDR5-5600MT/s (SODIMM),512 GB SSD M.2 2242 PCIe Gen4 TLC,"15.3"" WQXGA (2560 x 1600), OLED, Glare, Non-Touch, HDR 1000 True Black, 100%DCI-P3, 500 nits, 165Hz, Low Blue Light",,,"OS: Windows 11 Home Single Language 64 | Warranty: 1 Year Legion Ultimate Support | The Legion 5a (15"", Gen 11) is a high-performance gaming laptop with an AMD Ryzen™ AI 7 450 processor and NVIDIA® GeForce RTX™ 5050 GPU. It features a stunning 15.3"" WQXGA OLED display with 165Hz refresh rate, 16GB DDR5 memory, and 512GB SSD storage, perfect for gamers."
21SECTO1WWMY2,ThinkPad L14 Gen 6 (AMD),6742.33,https://www.lenovo.com/my/en/p/laptops/thinkpad/thinkpadl/lenovo-thinkpad-l14-gen-6-14-inch-amd/21secto1wwmy2,https://p1-ofp.static.pub/ShareResource/optimized/pdp/thinkpad/thinkpad-l-series/len101t0144/lenovo-thinkpad-l14-gen-6-14-amd-pdp-gallery-1.png,Lenovo Official,AMD Ryzen™ AI 5 PRO 340 Processor (2.00 GHz up to 4.80 GHz),Integrated Graphics,16 GB DDR5-5600MT/s (SODIMM),512 GB SSD M.2 2280 PCIe Gen4 TLC Opal,"14"" WUXGA (1920 x 1200), IPS, Anti-Glare, Non-Touch, 45%NTSC, 400 nits, 60Hz, DBEF5",,,"OS: Windows 11 Home 64 | Warranty: 3 Years Premier Support AI | The ThinkPad L14 Gen 6 (AMD) is a reliable laptop designed for business and everyday use. It features a powerful AMD Ryzen™ AI 5 PRO 340 processor, 16GB DDR5 memory, and a 512GB SSD for seamless multitasking and storage."
21SCCTO1WWMY3,ThinkPad L16 Gen 2 (AMD),6812.99,https://www.lenovo.com/my/en/p/laptops/thinkpad/thinkpadl/lenovo-thinkpad-l16-gen-2-16-inch-amd/21sccto1wwmy3,https://p1-ofp.static.pub/fes/cms/2025/04/21/makdqm5aw9nt9u39zvsdb8jipgb5dp037842.png,Lenovo Official,AMD Ryzen™ 5 PRO 215 Processor (3.20 GHz up to 4.70 GHz),Integrated Graphics,16 GB DDR5-5600MT/s (SODIMM),1 TB SSD M.2 2280 PCIe Gen4 TLC Opal,"16"" WUXGA (1920 x 1200), IPS, Anti-Glare, Non-Touch, 45%NTSC, 400 nits, 60Hz",,,"OS: Windows 11 Home 64 | Warranty: 3 Years Premier Support AI | The ThinkPad L16 Gen 2 (AMD) offers powerful performance with an AMD Ryzen™ 5 PRO processor and 16GB DDR5 memory. Its 16"" WUXGA anti-glare display ensures clear visuals, while the 1TB SSD provides ample storage. Ideal for business professionals seeking reliability."
83QRCTO1WWMY2,"Yoga Slim 7x (14"", Gen 11) Snapdragon",6825.04,https://www.lenovo.com/my/en/p/laptops/yoga/yoga-slim-series/lenovo-yoga-slim-7x-gen-11-14-inch-snapdragon/83qrcto1wwmy2,https://p4-ofp.static.pub/ShareResource/optimized/pdp/yoga/yoga-slim-series/len101y0066/lenovo-yoga-slim-7x-gen-11-14-snapdragon-pdp-gallery-1.88d7cb72e79c4be9.png,Lenovo Official,Snapdragon® X2 Elite X2E-80-100 Processor (4.70 GHz),Integrated Graphics,32 GB LPDDR5X-9523MT/s (Soldered),512 GB SSD M.2 2242 PCIe Gen4 QLC,"14"" WUXGA (1920 x 1200), OLED, Glare, Touch, HDR 500 True Black, 100%DCI-P3, 400 nits, 60Hz, Glass",,,"OS: Windows 11 Pro Arm64 | Warranty: 1 Year PremiumCare | The Yoga Slim 7x (14"", Gen 11) Snapdragon offers a sleek design with a stunning 14"" OLED touch display for vibrant visuals. Equipped with 32GB memory, 512GB SSD storage, and Wi-Fi 7, it ensures seamless performance for creators and everyday use."
21R7CTO1WWMY3,ThinkPad L13 2-in-1 Gen 6,6978.99,https://www.lenovo.com/my/en/p/laptops/thinkpad/thinkpadl/lenovo-thinkpad-l13-2-in-1-gen-6-13-inch-intel-laptop/21r7cto1wwmy3,https://p4-ofp.static.pub/fes/cms/2025/05/20/04mra1yiq86w2l3vunxx1d63mav6ve640315.png,Lenovo Official,Intel® Core™ Ultra 5 225U Processor (E-cores up to 3.80 GHz P-cores up to 4.80 GHz),Integrated Graphics,16 GB LPDDR5X-8533MT/s (Soldered),256 GB SSD M.2 2242 PCIe Gen4 TLC Opal,"13.3"" WUXGA (1920 x 1200), IPS, Anti-Reflection/Anti-Smudge, Touch, 100%sRGB, 400 nits, 60Hz",,,"OS: Windows 11 Home 64 | Warranty: 3 Years Premier Support AI | The ThinkPad L13 2-in-1 Gen 6 offers a versatile design with a 13.3"" touch display and anti-reflection technology. Powered by Intel® Core™ Ultra 5, 16GB memory, and 256GB SSD, it's ideal for students seeking performance and portability."
83Q7CTO1WWMY2,"Legion 5a (15"", Gen 11)",6994.88,https://www.lenovo.com/my/en/p/laptops/legion-laptops/legion-series/legion-5a-gen-11-15-inch-amd/83q7cto1wwmy2,https://p2-ofp.static.pub/fes/cms/2025/12/17/5v95avnoknpvyce23jqwlyl9vl1866297036.png,Lenovo Official,AMD Ryzen™ 7 250 Processor (3.30 GHz up to 5.10 GHz),NVIDIA® GeForce RTX™ 5070 Laptop GPU 8GB GDDR7,16 GB DDR5-5600MT/s (SODIMM),512 GB SSD M.2 2242 PCIe Gen4 TLC,"15.3"" WQXGA (2560 x 1600), OLED, Glare, Non-Touch, HDR 1000 True Black, 100%DCI-P3, 500 nits, 165Hz, Low Blue Light",,,"OS: Windows 11 Home Single Language 64 | Warranty: 1 Year Legion Ultimate Support | The Legion 5a (15"", Gen 11) offers powerful performance with AMD Ryzen™ 7 and NVIDIA® GeForce RTX™ 5070 graphics. Its 15.3"" OLED display delivers stunning visuals with HDR 1000 True Black, 165Hz refresh rate, and 100% DCI-P3 color accuracy, perfect for gamers."
83SLCTO1WWMY2,Lenovo LOQ 15IPH11,6994.71,https://www.lenovo.com/my/en/p/laptops/loq-laptops/lenovo-loq-15iph11-(intel)-laptop/83slcto1wwmy2,https://p4-ofp.static.pub/ShareResource/optimized/pdp/loq/loq-15-series/len101q0017/loq-15iph11-gallery1.png,Lenovo Official,Intel® Core™ Ultra 7 355 Processor (LPE-cores up to 3.50 GHz P-cores up to 4.70 GHz),NVIDIA® GeForce RTX™ 5060 Laptop GPU 8GB GDDR7,16 GB DDR5-5600MT/s (SODIMM),512 GB SSD M.2 2242 PCIe Gen4 QLC,"15.3"" WUXGA (1920 x 1200), IPS, Anti-Glare, Non-Touch, 100%sRGB, 300 nits, 165Hz",,,"OS: Windows 11 Home Single Language 64 | Warranty: 1 Year Carry-in | The Lenovo LOQ 15IPH11 laptop is designed for gamers with Intel Core Ultra processors and NVIDIA GeForce RTX graphics. Its lightweight, sleek design ensures portability, while advanced features like Nahimic Audio and Xbox Game Pass enhance gaming experiences."
83QKCTO1WWMY2,"Yoga Slim 7i Ultra Aura Edition (14"",  Gen 11)",7019.51,https://www.lenovo.com/my/en/p/laptops/yoga/yoga-slim-series/lenovo-yoga-slim-7i-ultra-gen-11-aura-edition-14-inch-intel/83qkcto1wwmy2,https://p3-ofp.static.pub/ShareResource/optimized/pdp/yoga/yoga-slim-series/len101y0064/lenovo-yoga-slim-7i-ultra-gen-11-aura-edition-14-gallery-1.e9ad0b26a98208a5.png,Lenovo Official,Intel® Core™ Ultra 5 325 Processor (LPE-cores up to 3.40 GHz P-cores up to 4.50 GHz),Integrated Graphics,32 GB LPDDR5X-7467MT/s (Soldered),1 TB SSD M.2 2242 PCIe Gen4 TLC,"14"" 2.8K (2880 x 1800), OLED, Glare, Touch, HDR 1000 True Black, 100%DCI-P3, 1100 nits (HDR Peak)/500 nits (SDR Typical), 120Hz, Glass",,,"OS: Windows 11 Home Single Language 64 | Warranty: 1 Year PremiumCare | The Yoga Slim 7i Ultra Aura Edition offers a stunning 14"" 2.8K OLED touchscreen with vibrant colors and smooth 120Hz refresh rate. With 32GB memory, 1TB SSD storage, and a lightweight design, it's perfect for creators seeking performance and portability."
21QJCTO1WWMY3,ThinkPad T14 Gen 6 (AMD),7033.33,https://www.lenovo.com/my/en/p/laptops/thinkpad/thinkpadt/thinkpad-t14-gen-6-14-inch-amd/21qjcto1wwmy3,https://p1-ofp.static.pub/ShareResource/optimized/pdp/thinkpad/thinkpad-t-series/len101t0116/lenovo-thinpad-t14-gen-6-14-amd-pdp-gallery-1.3efdbad1b181ddc3.png,Lenovo Official,AMD Ryzen™ AI 5 PRO 340 Processor (2.00 GHz up to 4.80 GHz),Integrated Graphics,16 GB DDR5-5600MT/s (SODIMM),256 GB SSD M.2 2280 PCIe Gen4 TLC Opal,"14"" WUXGA (1920 x 1200), IPS, Anti-Glare, Non-Touch, 45%NTSC, 400 nits, 60Hz",,,"OS: Windows 11 Home 64 | Warranty: 3 Years Premier Support AI | The ThinkPad T14 Gen 6 (AMD) is a reliable laptop designed for business professionals. It features a powerful AMD Ryzen™ AI 5 PRO processor, 16GB DDR5 memory, and a vibrant 14"" WUXGA display for enhanced productivity."
21XGCTO1WWMY2,ThinkPad P16s Gen 5 (AMD),7095.76,https://www.lenovo.com/my/en/p/laptops/thinkpad/thinkpadp/lenovo-thinkpad-p16s-gen-5-16-inch-amd-mobile-workstation/21xgcto1wwmy2,https://p1-ofp.static.pub/ShareResource/optimized/pdp/thinkpad/thinkpad-p-series/LEN101T0173/thinkpad-p16s-gen-5-16-inch-amd-pdp-gallery-1.png,Lenovo Official,AMD Ryzen™ AI 5 PRO 440 Processor (2.00 GHz up to 4.80 GHz),Integrated Graphics,16 GB LPDDR5X-8533MT/s (CAMM2),512 GB SSD M.2 2280 PCIe Gen4 TLC Opal,"16"" WUXGA (1920 x 1200), IPS, Anti-Glare, Non-Touch, 45%NTSC, 400 nits, 60Hz",,,"OS: Windows 11 Home 64 | Warranty: 3 Years Premier Support AI | The ThinkPad P16s Gen 5 (AMD) offers powerful performance with an AMD Ryzen™ AI 5 PRO processor and 16GB memory. Its 16"" WUXGA anti-glare display ensures clear visuals, while features like fingerprint reader and Wi-Fi 7 enhance security and connectivity for professionals."
21QNCTO1WWMY3,ThinkPad T16 Gen 4 (AMD),7136.53,https://www.lenovo.com/my/en/p/laptops/thinkpad/thinkpadt/thinkpad-t16-gen-4-16-inch-amd/21qncto1wwmy3,https://p4-ofp.static.pub/ShareResource/optimized/pdp/thinkpad/thinkpad-t-series/len101t0121/lenovo-thinkpad-t16-gen4-16-amd-pdp-gallery-1.png,Lenovo Official,AMD Ryzen™ AI 5 PRO 340 Processor (2.00 GHz up to 4.80 GHz),Integrated Graphics,16 GB DDR5-5600MT/s (SODIMM),256 GB SSD M.2 2280 PCIe Gen4 TLC Opal,"16"" WUXGA (1920 x 1200), IPS, Anti-Glare, Non-Touch, 45%NTSC, 400 nits, 60Hz",,,"OS: Windows 11 Home 64 | Warranty: 3 Years Premier Support AI | The ThinkPad T16 Gen 4 (AMD) is a reliable laptop designed for business professionals. It features a powerful AMD Ryzen™ AI 5 PRO 340 processor, 16GB DDR5 memory, and 256GB SSD storage, ensuring smooth multitasking and fast performance."
21QCCTO1WWMY2,ThinkPad T14 Gen 6,7138.39,https://www.lenovo.com/my/en/p/laptops/thinkpad/thinkpadt/thinkpad-t14-gen-6-14-inch-intel/21qccto1wwmy2,https://p3-ofp.static.pub/fes/cms/2025/04/08/zpltu7p9bnttxx4pxdiqtfbnhjc0pg787928.png,Lenovo Official,Intel® Core™ Ultra 5 225U Processor (E-cores up to 3.80 GHz P-cores up to 4.80 GHz),Integrated Graphics,16 GB DDR5-5600MT/s (SODIMM),256 GB SSD M.2 2280 PCIe Gen4 TLC Opal,"14"" WUXGA (1920 x 1200), IPS, Anti-Glare, Non-Touch, 45%NTSC, 400 nits, 60Hz",,,"OS: Windows 11 Home 64 | Warranty: 3 Years Premier Support AI | The ThinkPad T14 Gen 6 offers a robust design, a premium keyboard, and a 14-inch anti-glare display for seamless productivity. Users praise its exceptional keyboard and performance, making it ideal for professionals handling demanding workloads."
83F1CTO1WWMY3,"Legion 5 (15'', Gen 10)",7200.92,https://www.lenovo.com/my/en/p/laptops/legion-laptops/legion-series/lenovo-legion-5-gen-10-15-inch-amd/83f1cto1wwmy3,https://p4-ofp.static.pub/ShareResource/optimized/pdp/legion/legion-5-series/len101g0047/lenovo-legion-5-gen-10-15-amd-pdp-gallery-1.png,Lenovo Official,AMD Ryzen™ AI 7 350 Processor (2.00 GHz up to 5.00 GHz),NVIDIA® GeForce RTX™ 5050 Laptop GPU 8GB GDDR7,24 GB DDR5-5600MT/s (SODIMM),512 GB SSD M.2 2242 PCIe Gen4 TLC,"15.1"" WQXGA (2560 x 1600), OLED, Glare, Non-Touch, HDR 600 True Black, 100%DCI-P3, 500 nits, 165Hz",,,"OS: Windows 11 Home Single Language 64 | Warranty: 1 Year Legion Ultimate Support | The Legion 5 (15'', Gen 10) delivers high-performance gaming with an AMD Ryzen™ AI 7 350 processor and NVIDIA® GeForce RTX™ 5050 GPU. Its 15.1"" WQXGA OLED display offers stunning visuals with HDR 600 True Black and 165Hz refresh rate, perfect for immersive gameplay."
83F0CTO1WWMY3,"Legion 5i (15"", Gen 10)",7210.09,https://www.lenovo.com/my/en/p/laptops/legion-laptops/legion-series/lenovo-legion-5i-gen-10-15-inch-intel/83f0cto1wwmy3,https://p2-ofp.static.pub/fes/cms/2025/04/14/dmwa5bmukcg6gb3erzii12khrfho4p776428.png,Lenovo Official,Intel® Core™ Ultra 7 255HX Processor (E-cores up to 4.50 GHz P-cores up to 5.20 GHz),NVIDIA® GeForce RTX™ 5060 Laptop GPU 8GB GDDR7,16 GB DDR5-5600MT/s (SODIMM),512 GB SSD M.2 2242 PCIe Gen4 TLC,"15.1"" WQXGA (2560 x 1600), OLED, Glare, Non-Touch, HDR 600 True Black, 100%DCI-P3, 500 nits, 165Hz",,,"OS: Windows 11 Home Single Language 64 | Warranty: 1 Year Legion Ultimate Support | The Legion 5i (15"", Gen 10) offers a stunning OLED display, powerful performance, and a premium, durable design. Users praise its vibrant screen and smooth performance, making it ideal for gamers and creators seeking high-quality visuals."
21QECTO1WWMY2,ThinkPad T16 Gen 4,7267.23,https://www.lenovo.com/my/en/p/laptops/thinkpad/thinkpadt/thinkpad-t16-gen-4-16-inch-intel/21qecto1wwmy2,https://p1-ofp.static.pub/fes/cms/2025/04/04/mcrpgl1ztpqm4g7xjfm3d893xu4igg481572.png,Lenovo Official,Intel® Core™ Ultra 5 225U Processor (E-cores up to 3.80 GHz P-cores up to 4.80 GHz),Integrated Graphics,16 GB DDR5-5600MT/s (SODIMM),256 GB SSD M.2 2280 PCIe Gen4 TLC Opal,"16"" WUXGA (1920 x 1200), IPS, Anti-Glare, Non-Touch, 45%NTSC, 400 nits, 60Hz",,,"OS: Windows 11 Home 64 | Warranty: 3 Years Premier Support AI | The ThinkPad T16 Gen 4 offers exceptional performance, a durable build, and a crisp 16-inch display for productivity. Users praise its reliability, lightweight design, and all-day battery life, making it ideal for business professionals."
21TBCTO1WWMY2,ThinkPad T14s Gen 6 (AMD),7290.80,https://www.lenovo.com/my/en/p/laptops/thinkpad/thinkpadt/lenovo-thinkpad-t14s-gen-6-14-inch-amd-laptop/21tbcto1wwmy2,https://p1-ofp.static.pub/ShareResource/optimized/pdp/thinkpad/thinkpad-t-series/len101t0109/lenovo-thinkpad-t14s-gen-6-14-amd-laptop-pdp-gallery-1.677671b4495bc92d.png,Lenovo Official,AMD Ryzen™ AI 5 PRO 340 Processor (2.00 GHz up to 4.80 GHz),Integrated Graphics,16 GB LPDDR5X-8533MT/s (Soldered),256 GB SSD M.2 2280 PCIe Gen4 TLC Opal,"14"" WUXGA (1920 x 1200), IPS, Anti-Glare, Non-Touch, 45%NTSC, 400 nits, 60Hz",,,"OS: Windows 11 Home 64 | Warranty: 3 Years Premier Support AI | The ThinkPad T14s Gen 6 (AMD) offers a lightweight design with a 14"" WUXGA anti-glare display for clear visuals. Powered by an AMD Ryzen™ AI 5 PRO processor, it includes 16GB memory, 256GB SSD storage, and MediaTek Wi-Fi 7 for seamless connectivity, ideal for business professionals."
83F3CTO1WWMY3,"Legion Pro 5i (16'', Gen 10)",7385.09,https://www.lenovo.com/my/en/p/laptops/legion-laptops/legion-pro-series/legion-pro-5i-gen-10-16-inch-intel/83f3cto1wwmy3,https://p2-ofp.static.pub/fes/cms/2025/10/13/ogyuq0nxb7v3i6ow4r6w85ovvt98zf968017.png,Lenovo Official,Intel® Core™ Ultra 7 255HX Processor (E-cores up to 4.50 GHz P-cores up to 5.20 GHz),NVIDIA® GeForce RTX™ 5060 Laptop GPU 8GB GDDR7,16 GB DDR5-5600MT/s (SODIMM),512 GB SSD M.2 2242 PCIe Gen4 TLC,"16"" WQXGA (2560 x 1600), OLED, Glare, Non-Touch, HDR 1000 True Black, 100%DCI-P3, 500 nits, 165Hz, Low Blue Light",,,"OS: Windows 11 Home Single Language 64 | Warranty: 1 Year Legion Ultimate Support | The Legion Pro 5i (16'', Gen 10) offers exceptional gaming performance with a stunning 16"" OLED display and advanced cooling. Users praise its powerful performance, vibrant display, and quiet operation, making it ideal for gamers seeking top-tier experiences."
21QLCTO1WWMY3,ThinkPad P14s Gen 6 (AMD),7454.07,https://www.lenovo.com/my/en/p/laptops/thinkpad/thinkpadp/thinkpad-p14s-gen-6-14-inch-amd-mobile-workstation/21qlcto1wwmy3,https://p1-ofp.static.pub/ShareResource/optimized/pdp/thinkpad/thinkpad-p-series/len101t0118/thinkpad-p14s-gen-6-14-amd-gallery-1.png,Lenovo Official,AMD Ryzen™ AI 5 PRO 340 Processor (2.00 GHz up to 4.80 GHz),Integrated Graphics,16 GB DDR5-5600MT/s (SODIMM) - (2 x 8 GB),256 GB SSD M.2 2280 PCIe Gen4 TLC Opal,"14"" WUXGA (1920 x 1200), IPS, Anti-Glare, Non-Touch, 45%NTSC, 400 nits, 60Hz",,,"OS: Windows 11 Home 64 | Warranty: 3 Years Premier Support AI | The ThinkPad P14s Gen 6 (AMD) offers a powerful AMD Ryzen™ AI 5 PRO 340 processor and 16GB DDR5 memory for seamless multitasking. Its 14"" WUXGA IPS anti-glare display delivers crisp visuals, while the lightweight design and 256GB SSD ensure portability and fast storage, ideal for business professionals."
83F2CTO1WWMY3,"Legion Pro 5 (16"", Gen 10)",7474.47,https://www.lenovo.com/my/en/p/laptops/legion-laptops/legion-pro-series/legion-pro-5-gen-10-16-inch-amd/83f2cto1wwmy3,https://p4-ofp.static.pub/fes/cms/2025/04/04/jiji2singllsx0ge6te3pq1uxsghqs412326.png,Lenovo Official,AMD Ryzen™ 9 9955HX Processor (2.50 GHz up to 5.40 GHz),NVIDIA® GeForce RTX™ 5060 Laptop GPU 8GB GDDR7,16 GB DDR5-5600MT/s (SODIMM),512 GB SSD M.2 2242 PCIe Gen4 TLC,"16"" WQXGA (2560 x 1600), OLED, Glare, Non-Touch, HDR 1000 True Black, 100%DCI-P3, 500 nits, 165Hz, Low Blue Light",,,"OS: Windows 11 Home Single Language 64 | Warranty: 1 Year Legion Ultimate Support | The Legion Pro 5 (16"", Gen 10) offers a stunning 16"" OLED display, powerful AMD Ryzen™ 9 processor, and NVIDIA® GeForce RTX™ 5060 GPU. Users praise its exceptional performance, vibrant display, and premium build, making it ideal for gamers and creative professionals."
21R1CTO1WWMY2,ThinkPad T14s Gen 6,7513.30,https://www.lenovo.com/my/en/p/laptops/thinkpad/thinkpadt/lenovo-thinkpad-t14s-gen-6-14-inch-intel/21r1cto1wwmy2,https://p4-ofp.static.pub/fes/cms/2025/05/05/y975qkyrr8i7k8dfffmh1dgcr4sv51169730.png,Lenovo Official,Intel® Core™ Ultra 5 225U Processor (E-cores up to 3.80 GHz P-cores up to 4.80 GHz),Integrated Graphics,16 GB LPDDR5X-8533MT/s (Soldered),256 GB SSD M.2 2280 PCIe Gen4 TLC Opal,"14"" WUXGA (1920 x 1200), IPS, Anti-Glare, Non-Touch, 45%NTSC, 400 nits, 60Hz",,,"OS: Windows 11 Home 64 | Warranty: 3 Years Premier Support AI | The ThinkPad T14s Gen 6 offers a sleek design with a 14"" WUXGA anti-glare display for clear visuals. Powered by Intel® Core™ Ultra 5 processor, 16GB memory, and 256GB SSD, it ensures smooth performance for business professionals."
21YYCTO1WWMY2,ThinkPad T14s 2-in-1 Gen 2,7575.13,https://www.lenovo.com/my/en/p/laptops/thinkpad/thinkpadt/thinkpad-t14s-2-in-1-gen-2-14-inch-intel/21yycto1wwmy2,https://p3-ofp.static.pub/ShareResource/optimized/thinkpad/thinkpad-t/len101t0163/lenovo-thinkpad-t14s-2-in-1-gen-2-14-intel-pdp-gallery-1.73e2782809d66f1a.png,Lenovo Official,Intel® Core™ Ultra 5 325 Processor (LPE-cores up to 3.40 GHz P-cores up to 4.50 GHz),Integrated Graphics,16 GB LPDDR5X-8533MT/s (Soldered),256 GB SSD M.2 2280 PCIe Gen4 TLC Opal,"14"" WUXGA (1920 x 1200), IPS, Anti-Reflection/Anti-Smudge, Touch, 45%NTSC, 400 nits, 60Hz, DBEF5",,,"OS: Windows 11 Home 64 | Warranty: 1 Year Courier or Carry-in | The ThinkPad T14s 2-in-1 Gen 2 offers a versatile design with a 14"" touch display and anti-reflection technology. Powered by Intel® Core™ Ultra 5, 16GB memory, and 256GB SSD, it ensures smooth performance for business professionals. Includes a fingerprint reader and backlit keyboard for enhanced security and convenience."
83VKCTO1WWMY2,"Legion 5i (15"", Gen 11)",7731.58,https://www.lenovo.com/my/en/p/laptops/legion-laptops/legion-series/legion-5i-gen-11-15-inch-intel-laptop/83vkcto1wwmy2,https://p3-ofp.static.pub/fes/cms/2026/02/19/4kjcb2tf1f58fdmp6pst46cijdjygz699901.png,Lenovo Official,Intel® Core™ Ultra 7 251HX Processor (E-cores up to 4.50 GHz P-cores up to 5.10 GHz),NVIDIA® GeForce RTX™ 5060 Laptop GPU 8GB GDDR7,16 GB DDR5-5600MT/s (SODIMM),512 GB SSD M.2 2242 PCIe Gen4 TLC,"15.3"" WQXGA (2560 x 1600), OLED, Glare, Non-Touch, HDR 1000 True Black, 100%DCI-P3, 500 nits, 165Hz, Low Blue Light",,,"OS: Windows 11 Pro 64 | Warranty: 1 Year Carry-in | The Legion 5i Gen 11 laptop offers powerful Intel Core Ultra processors and NVIDIA GeForce RTX graphics for gaming excellence. Its PureSight OLED display delivers vivid colors and sharp details, while AI-tuned cooling ensures smooth, quiet performance for gamers."
21SACTO1WWMY3,ThinkPad L16 Gen 2,7742.75,https://www.lenovo.com/my/en/p/laptops/thinkpad/thinkpadl/lenovo-thinkpad-l16-gen-2-16-inch-intel/21sacto1wwmy3,https://p1-ofp.static.pub/fes/cms/2025/04/18/c14tefj9pnci8u8c1hd63jo2j6vmfi232879.png,Lenovo Official,Intel® Core™ Ultra 7 255U Processor (E-cores up to 4.20 GHz P-cores up to 5.20 GHz),Integrated Graphics,8 GB DDR5-5600MT/s (SODIMM),1 TB SSD M.2 2280 PCIe Gen4 TLC Opal,"16"" WUXGA (1920 x 1200), IPS, Anti-Glare, Touch, 45%NTSC, 400 nits, 60Hz",,,"OS: Windows 11 Home 64 | Warranty: 3 Years Premier Support AI | The ThinkPad L16 Gen 2 offers a 16-inch WUXGA touch display with anti-glare and 400 nits brightness for clear visuals. Powered by an Intel Core Ultra 7 processor and 1 TB SSD storage, it ensures fast performance and ample space for business tasks."
83V9CTO1WWMY2,"Legion 7a (15"", Gen 11)",8161.68,https://www.lenovo.com/my/en/p/laptops/legion-laptops/legion-series/lenovo-legion-7a-gen-11-15-inch-amd-gaming-laptop/83v9cto1wwmy2,https://p3-ofp.static.pub/ShareResource/optimized/pdp/legion/legion-7-series/LEN101G0054/lenovo-legion-7a-gen-11-15-amd-pdp-gallery-1.65065aa7abe09536.png,Lenovo Official,AMD Ryzen™ AI Max+ 388 Processor (3.60 GHz up to 5.00 GHz),Integrated Graphics,32 GB LPDDR5X-8000MT/s (Soldered),1 TB SSD M.2 2242 PCIe Gen4 TLC,"15.3"" WQXGA (2560 x 1600), OLED, Glare, Non-Touch, HDR 1000 True Black, 100%DCI-P3, 500 nits, 165Hz, Low Blue Light",,,"OS: Windows 11 Home Single Language 64 | Warranty: 1 Year Carry-in | The Legion 7a (15"", Gen 11) features a stunning 15.3"" OLED display with HDR 1000 True Black and 165Hz refresh rate. Powered by AMD Ryzen™ AI Max+ 388 Processor and 32GB LPDDR5X memory, it delivers exceptional performance for gamers and creators alike."
21QRCTO1WWMY3,ThinkPad P16s Gen 4 (AMD),8308.03,https://www.lenovo.com/my/en/p/laptops/thinkpad/thinkpadp/thinkpad-p16s-gen-4-16-inch-amd-mobile-workstation/21qrcto1wwmy3,https://p4-ofp.static.pub/ShareResource/optimized/pdp/thinkpad/thinkpad-p-series/len101t0122/thinkpad-p16s-gen-4-16-gallery-1.png,Lenovo Official,AMD Ryzen™ AI 5 PRO 340 Processor (2.00 GHz up to 4.80 GHz),Integrated Graphics,16 GB DDR5-5600MT/s (SODIMM),256 GB SSD M.2 2280 PCIe Gen4 TLC Opal,"16"" WUXGA (1920 x 1200), IPS, Anti-Glare, Non-Touch, 45%NTSC, 400 nits, 60Hz",,,"OS: Windows 11 Home 64 | Warranty: 3 Years Premier Support AI | The ThinkPad P16s Gen 4 (AMD) offers powerful performance with an AMD Ryzen™ AI 5 PRO 340 Processor and 16GB DDR5 memory. Its 16"" WUXGA IPS display delivers vibrant visuals, while features like a fingerprint reader and Wi-Fi 7 ensure security and connectivity for business users."
21RMCTO1WWMY2,ThinkPad X13 Gen 6 (AMD),9012.56,https://www.lenovo.com/my/en/p/laptops/thinkpad/thinkpadx/thinkpad-x13-gen-6-13-inch-amd/21rmcto1wwmy2,https://p4-ofp.static.pub/ShareResource/optimized/pdp/thinkpad/thinkpad-x-series/len101t0135/lenovo-thinkpad-x13-gen-6-13-amd-pdp-gallery-1.e64e54a6b2d623e6.png,Lenovo Official,AMD Ryzen™ AI 7 PRO 350 Processor (2.00 GHz up to 5.00 GHz),Integrated Graphics,32 GB LPDDR5X-8533MT/s (Soldered),256 GB SSD M.2 2280 PCIe Gen4 TLC Opal,"13.3"" WUXGA (1920 x 1200), IPS, Anti-Glare, Non-Touch, 100%sRGB, 400 nits, 60Hz",,,"OS: Windows 11 Home 64 | Warranty: 3 Years Premier Support AI | The ThinkPad X13 Gen 6 (AMD) offers powerful performance with an AMD Ryzen™ AI 7 PRO 350 Processor and 32GB memory. Its 13.3"" WUXGA display delivers vibrant visuals, while the lightweight design and energy-efficient features make it ideal for business professionals."
21RKCTO1WWMY2,ThinkPad X13 Gen 6,9204.04,https://www.lenovo.com/my/en/p/laptops/thinkpad/thinkpadx/thinkpad-x13-gen-6-13-inch-intel/21rkcto1wwmy2,https://p2-ofp.static.pub/fes/cms/2025/03/10/kgr82s60h3y67rc4xirhwivdalq4vd087219.png,Lenovo Official,Intel® Core™ Ultra 5 225H Processor (E-cores up to 4.30 GHz P-cores up to 4.90 GHz),Integrated Intel® Arc™ Graphics,32 GB LPDDR5X-8533MT/s (Soldered),256 GB SSD M.2 2280 PCIe Gen4 TLC Opal,"13.3"" WUXGA (1920 x 1200), IPS, Anti-Glare, Non-Touch, 100%sRGB, 400 nits, 60Hz",,,"OS: Windows 11 Home 64 | Warranty: 3 Years Premier Support AI | The ThinkPad X13 Gen 6 features a compact 13.3"" WUXGA anti-glare display with vibrant 100% sRGB colors and 400 nits brightness. Powered by Intel® Core™ Ultra 5 processor, 32GB LPDDR5X memory, and 256GB SSD, it ensures seamless performance for business professionals."
83KYCTO1WWMY3,"Legion 7i (16"", Gen 10)",9434.97,https://www.lenovo.com/my/en/p/laptops/legion-laptops/legion-series/lenovo-legion-7i-gen-10-16-inch-intel/83kycto1wwmy3,https://p4-ofp.static.pub/fes/cms/2025/04/29/6fjgbwegzc4uq5d36igr9a7mldtfew006739.png,Lenovo Official,Intel® Core™ Ultra 7 255HX Processor (E-cores up to 4.50 GHz P-cores up to 5.20 GHz),NVIDIA® GeForce RTX™ 5060 Laptop GPU 8GB GDDR7,32 GB DDR5-5600MT/s (SODIMM) - (2 x 16 GB),1 TB SSD M.2 2242 PCIe Gen4 TLC,"16"" WQXGA (2560 x 1600), OLED, Glare, Non-Touch, HDR 1000 True Black, 100%DCI-P3, 500 nits, 165Hz, Low Blue Light",,,"OS: Windows 11 Home Single Language 64 | Warranty: 1 Year Legion Ultimate Support | The Legion 7i (16"", Gen 10) delivers high-performance gaming with an Intel® Core™ Ultra 7 processor and NVIDIA® RTX™ 5060 GPU. Its 16"" OLED display offers stunning visuals with HDR 1000 True Black and 165Hz refresh rate, while the per-key RGB keyboard enhances customization for gamers."
83SNCTO1WWMY2,"Yoga Pro 7i (15"", Gen 11)",9556.64,https://www.lenovo.com/my/en/p/laptops/yoga/yoga-pro-series/lenovo-yoga-pro-7i-gen-11-aura-edition-15-inch-intel/83sncto1wwmy2,https://p2-ofp.static.pub/ShareResource/optimized/pdp/yoga/yoga-pro-series/len101y0068/lenovo-yoga-pro-7i-gen-11-aura-edition-15-intel-gallery-1.png,Lenovo Official,Intel® Core™ Ultra 9 386H Processor (E-cores up to 3.70 GHz P-cores up to 4.90 GHz),NVIDIA® GeForce RTX™ 5060 Laptop GPU 8GB GDDR7,32 GB LPDDR5X-8533MT/s (Soldered),1 TB SSD M.2 2242 PCIe Gen4 TLC,"15.3"" WQXGA (2560 x 1600), OLED, Glare, Non-Touch, HDR 1000 True Black, 100%DCI-P3, 500 nits, 165Hz, Low Blue Light",,,"OS: Windows 11 Home Single Language 64 | Warranty: 1 Year PremiumCare | The Yoga Pro 7i (15"", Gen 11) offers a stunning 15.3"" OLED display with vibrant colors and a 165Hz refresh rate. Powered by an Intel® Core™ Ultra 9 processor and NVIDIA® GeForce RTX™ 5060 GPU, it's perfect for creators seeking high performance."
21WNCTO1WWMY2,ThinkPad T14 Gen 7,9805.84,https://www.lenovo.com/my/en/p/laptops/thinkpad/thinkpadt/lenovo-thinkpad-t14-gen-7-14-inch-intel-laptop/21wncto1wwmy2,https://p2-ofp.static.pub/ShareResource/optimized/thinkpad/thinkpad-t/len101t0154/lenovo-thinkpad-t14-gen-7-14-intel-pdp-gallery-1.c80b33c46b8b5d19.png,Lenovo Official,Intel® Core™ Ultra 5 325 Processor (LPE-cores up to 3.40 GHz P-cores up to 4.50 GHz),Integrated Graphics,32 GB LPDDR5X-8533MT/s (CAMM2),256 GB SSD M.2 2280 PCIe Gen4 TLC Opal,"14"" WUXGA (1920 x 1200), IPS, Anti-Glare, Non-Touch, 45%NTSC, 400 nits, 60Hz",,,"OS: Windows 11 Home 64 | Warranty: 3 Years Premier Support AI | The ThinkPad T14 Gen 7 is a reliable laptop designed for business professionals and SMBs. It features a 14"" WUXGA anti-glare display, Intel® Core™ Ultra 5 processor, 32GB memory, and 256GB SSD storage for seamless multitasking."
83LUCTO1WWMY3,"Legion Pro 5i (16"", Gen 10)",9896.72,https://www.lenovo.com/my/en/p/laptops/legion-laptops/legion-pro-series/legion-pro-5i-gen-10-16-inch-intel/83lucto1wwmy3,https://p2-ofp.static.pub/fes/cms/2025/10/13/ogyuq0nxb7v3i6ow4r6w85ovvt98zf968017.png,Lenovo Official,Intel® Core™ Ultra 9 275HX Processor (E-cores up to 4.60 GHz P-cores up to 5.40 GHz),NVIDIA® GeForce RTX™ 5070 Ti Laptop GPU 12GB GDDR7,16 GB DDR5-6400MT/s (CSODIMM),1 TB SSD M.2 2242 PCIe Gen4 TLC,"16"" WQXGA (2560 x 1600), OLED, Glare, Non-Touch, HDR 1000 True Black, 100%DCI-P3, 500 nits, 165Hz, Low Blue Light",,,"OS: Windows 11 Home Single Language 64 | Warranty: 1 Year Legion Ultimate Support | The Legion Pro 5i (16"", Gen 10) offers exceptional gaming performance with a stunning 16"" OLED display and powerful hardware. Users praise its high FPS, vibrant display, and efficient cooling, making it ideal for gamers seeking top-tier performance."
21WTCTO1WWMY2,ThinkPad T16 Gen 5,9909.13,https://www.lenovo.com/my/en/p/laptops/thinkpad/thinkpadt/lenovo-thinkpad-t16-gen-5-16-inch-intel/21wtcto1wwmy2,https://p4-ofp.static.pub/ShareResource/optimized/pdp/thinkpad/thinkpad-t-series/LEN101T0158/lenovo-thinkpad-t16-gen-5-intel-pdp-gallery-1.png,Lenovo Official,Intel® Core™ Ultra 5 325 Processor (LPE-cores up to 3.40 GHz P-cores up to 4.50 GHz),Integrated Graphics,32 GB LPDDR5X-8533MT/s (CAMM2),256 GB SSD M.2 2280 PCIe Gen4 TLC Opal,"16"" WUXGA (1920 x 1200), IPS, Anti-Glare, Non-Touch, 45%NTSC, 400 nits, 60Hz",,,"OS: Windows 11 Home 64 | Warranty: 3 Years Premier Support AI | The ThinkPad T16 Gen 5 offers a powerful Intel® Core™ Ultra 5 processor and 32GB LPDDR5X memory for seamless multitasking. Its 16"" WUXGA anti-glare display ensures crisp visuals, while the 256GB SSD provides fast storage. Ideal for business professionals seeking reliability and performance."
21XECTO1WWMY2,ThinkPad P16s Gen 5,10165.99,https://www.lenovo.com/my/en/p/laptops/thinkpad/thinkpadp/thinkpad-p16s-i-gen-5-16-inch-intel-mobile-workstation/21xecto1wwmy2,https://p1-ofp.static.pub/ShareResource/optimized/pdp/thinkpad/thinkpad-p-series/LEN101T0161/lenovo-thinkbook-p16s-i-gen-5-16-intel-pdp-gallery-1.b6ce943d621c3be8.png,Lenovo Official,Intel® Core™ Ultra 7 356H Processor (E-cores up to 3.50 GHz P-cores up to 4.70 GHz),NVIDIA RTX PRO™ 500 Blackwell Laptop GPU 6GB GDDR7,16 GB LPDDR5X-8533MT/s (CAMM2),512 GB SSD M.2 2280 PCIe Gen4 TLC Opal,"16"" WUXGA (1920 x 1200), IPS, Anti-Glare, Non-Touch, 45%NTSC, 400 nits, 60Hz",,,"OS: Windows 11 Home 64 | Warranty: 1 Year Courier or Carry-in | The ThinkPad P16s Gen 5 offers powerful performance with an Intel® Core™ Ultra 7 processor and NVIDIA RTX PRO™ 500 GPU. It features a 16"" WUXGA anti-glare display, 16GB memory, 512GB SSD storage, and advanced connectivity with Intel® Wi-Fi 7 and Bluetooth® 5.4, ideal for business professionals."
21XJCTO1WWMY2,ThinkPad P14s Gen 7,10190.36,https://www.lenovo.com/my/en/p/laptops/thinkpad/thinkpadp/lenovo-thinkpad-p14s-gen-7-14-inch-intel/21xjcto1wwmy2,https://p2-ofp.static.pub/ShareResource/optimized/pdp/thinkpad/thinkpad-p-series/len101t0169/lenovo-thinkpad-p14s-gen-7-14-intel-pdp-gallery-1.png,Lenovo Official,Intel® Core™ Ultra 7 356H Processor (E-cores up to 3.50 GHz P-cores up to 4.70 GHz),NVIDIA RTX PRO™ 500 Blackwell Laptop GPU 6GB GDDR7,16 GB LPDDR5X-8533MT/s (CAMM2),512 GB SSD M.2 2280 PCIe Gen4 TLC Opal,"14.5"" WUXGA (1920 x 1200), IPS, Anti-Glare, Non-Touch, 45%NTSC, 400 nits, 60Hz",,,"OS: Windows 11 Home 64 | Warranty: 2 Years Premier Support AI | The ThinkPad P14s Gen 7 offers powerful performance with Intel® Core™ Ultra 7 and NVIDIA RTX PRO™ 500 graphics. Its 14.5"" WUXGA display, 16GB memory, and 512GB SSD ensure smooth multitasking, while features like a fingerprint reader enhance security."
21QVCTO1WWMY2,ThinkPad P16s Gen 4,10343.20,https://www.lenovo.com/my/en/p/laptops/thinkpad/thinkpadp/lenovo-thinkpad-p16s-gen-4-16-inch-intel-mobile-workstation/21qvcto1wwmy2,https://p3-ofp.static.pub/fes/cms/2025/08/11/8vvmljl9y3ar87oa5rumz427bzvmdd032364.png,Lenovo Official,Intel® Core™ Ultra 7 255H Processor (E-cores up to 4.40 GHz P-cores up to 5.10 GHz),Integrated Graphics,16 GB DDR5-5600MT/s (SODIMM),512 GB SSD M.2 2280 PCIe Gen4 TLC Opal,"16"" WQUXGA (3840 x 2400), OLED, Anti-Reflection/Anti-Smudge, Dolby Vision™, Touch, 100%DCI-P3, 400 nits, 60Hz, Low Blue Light",,,"OS: Windows 11 Home 64 | Warranty: 3 Years Premier Support AI | The ThinkPad P16s Gen 4 offers a stunning 16"" OLED touch display with Dolby Vision and low blue light technology. Powered by Intel® Core™ Ultra 7, 16GB DDR5 memory, and 512GB SSD, it ensures smooth performance for professionals. Features like a fingerprint reader and backlit keyboard enhance security and usability."
21NXCTO1WWMY4,ThinkPad X1 Carbon Gen 13,10785.24,https://www.lenovo.com/my/en/p/laptops/thinkpad/thinkpadx1/thinkpad-x1-carbon-gen-13-aura-edition-14-inch-intel/21nxcto1wwmy4,https://p4-ofp.static.pub/fes/cms/2025/02/21/nve0lcn16t4g80h4i0z3kk36teytcd686357.png,Lenovo Official,Intel® Core™ Ultra 5 225U Processor (E-cores up to 3.80 GHz P-cores up to 4.80 GHz),Integrated Graphics,16 GB LPDDR5X-8533MT/s (Soldered),512 GB SSD M.2 2280 PCIe Gen4 TLC Opal,"14"" WUXGA (1920 x 1200), IPS, Anti-Glare, Non-Touch, 100%sRGB, 500 nits, 60Hz, Low Power",,,"OS: Windows 11 Home 64 | Warranty: 3 Years Premier Support Plus AI | The ThinkPad X1 Carbon Gen 13 offers ultra-light portability, a premium keyboard, and reliable performance for business users. Users praise its travel-friendly design, exceptional typing comfort, and ability to handle demanding workloads with long battery life."
21QTCTO1WWMY2,ThinkPad P14s Gen 6,10870.63,https://www.lenovo.com/my/en/p/laptops/thinkpad/thinkpadp/lenovo-thinkpad-p14s-gen-6-14-inch-intel-mobile-workstation/21qtcto1wwmy2,https://p1-ofp.static.pub/fes/cms/2025/08/14/9mv2od3aa0dlrr30uoe6lbwq87ilrz683770.png,Lenovo Official,Intel® Core™ Ultra 7 255H Processor (E-cores up to 4.40 GHz P-cores up to 5.10 GHz),NVIDIA RTX PRO™ 500 Blackwell Laptop GPU 6GB GDDR7,16 GB DDR5-5600MT/s (SODIMM) - (2 x 8 GB),512 GB SSD M.2 2280 PCIe Gen4 TLC Opal,"14.5"" WQXGA (2560 x 1600), IPS, Anti-Glare, Non-Touch, 100%sRGB, 400 nits, 90Hz",,,"OS: Windows 11 Home 64 | Warranty: 3 Years Premier Support AI | The ThinkPad P14s Gen 6 offers powerful performance with Intel® Core™ Ultra 7 processor and NVIDIA RTX PRO™ 500 GPU. Its vibrant 14.5"" WQXGA display, 16GB DDR5 memory, and 512GB SSD make it ideal for business professionals seeking reliability and speed."
21VVCTO1WWMY2,ThinkPad X9-15p Gen 1,11908.27,https://www.lenovo.com/my/en/p/laptops/thinkpad/thinkpadx9/thinkpad-x9-15p-aura-edition-15-inch-intel/21vvcto1wwmy2,https://p1-ofp.static.pub/ShareResource/optimized/pdp/thinkpad/thinkpad-x-series/len101t0162/lenovo-thankpad-x9-15p-aura-edition-intel-pdp-gallery-1.f2a2163df1b1b710.png,Lenovo Official,Intel® Core™ Ultra X7 358H Processor (E-cores up to 3.50 GHz P-cores up to 4.80 GHz),Integrated Intel® Arc™ Graphics,32 GB LPDDR5X-9600MT/s (Soldered),1 TB SSD M.2 2280 PCIe Gen4 TLC Opal,"15.3"" 2.8K (2880 x 1800), OLED, Anti-Reflection/Anti-Smudge, Non-Touch, HDR 1000 True Black, 100%DCI-P3, 500 nits, 120Hz",,,"OS: Windows 11 Home 64 | Warranty: 2 Years Premier Support AI | The ThinkPad X9-15p Gen 1 offers a stunning 15.3"" 2.8K OLED display with vibrant colors and smooth 120Hz refresh rate. Powered by an Intel® Core™ Ultra X7 processor, 32GB memory, and 1TB SSD, it ensures seamless multitasking for professionals."
21Q0CTO1WWMY4,ThinkPad X1 2-in-1 Gen 10,13580.35,https://www.lenovo.com/my/en/p/laptops/thinkpad/thinkpadx1/lenovo-thinkpad-x1-2-in-1-gen-10-aura-edition-14-inch-intel/21q0cto1wwmy4,https://p1-ofp.static.pub/fes/cms/2025/03/14/83ks55ia0falhy8b6lvruntrdf92de721656.png,Lenovo Official,Intel® Core™ Ultra 7 255U Processor (E-cores up to 4.20 GHz P-cores up to 5.20 GHz),Integrated Graphics,32 GB LPDDR5X-8533MT/s (Soldered),512 GB SSD M.2 2280 PCIe Gen4 TLC Opal,"14"" WUXGA (1920 x 1200), IPS, Anti-Reflection, Touch, 100%sRGB, 500 nits, 60Hz, Low Power",,,"OS: Windows 11 Home 64 | Warranty: 3 Years Premier Support Plus AI | The ThinkPad X1 2-in-1 Gen 10 offers a sleek design with a 14"" WUXGA touch display and anti-reflection technology. Powered by an Intel® Core™ Ultra 7 processor, 32GB memory, and 512GB SSD, it's ideal for business professionals seeking performance and portability."
21UGCTO1WWMY2,ThinkPad T1g Gen 9,15485.48,https://www.lenovo.com/my/en/p/laptops/thinkpad/thinkpadt/thinkpad-t1g-gen-9-16-inch-intel-/21ugcto1wwmy2,https://p4-ofp.static.pub/ShareResource/optimized/pdp/thinkpad/thinkpad-t-series/LEN101T0181/lenovo-thinkpad-t1g-gen-9-16-intel-pdp-gallery-1.png,Lenovo Official,Intel® Core™ Ultra 7 356H Processor (E-cores up to 3.50 GHz P-cores up to 4.70 GHz),NVIDIA® GeForce RTX™ 5060 Laptop GPU 8GB GDDR7,32 GB LPDDR5X-8533MT/s (CAMM2),512 GB SSD M.2 2280 PCIe Gen4 TLC Opal,"16"" WUXGA (1920 x 1200), IPS, Anti-Glare, Non-Touch, 100%sRGB, 500 nits, 60Hz, Low Power",,,"OS: Windows 11 Home 64 | Warranty: 1 Year Courier or Carry-in | The ThinkPad T1g Gen 9 offers powerful performance with an Intel® Core™ Ultra 7 processor and 32GB memory. It features a 16"" WUXGA display, NVIDIA® GeForce RTX™ 5060 GPU, and advanced security with a fingerprint reader, ideal for business professionals."
21UECTO1WWMY2,ThinkPad P1 Gen 9,16326.00,https://www.lenovo.com/my/en/p/laptops/thinkpad/thinkpadp/thinkpad-p1-gen-9-16-inch-intel-mobile-workstation/21uecto1wwmy2,https://p1-ofp.static.pub/ShareResource/optimized/pdp/thinkpad/thinkpad-p-series/LEN101T0180/thinkpad-p1-gen-9-16-intel-mobile-workstation-pdp-gallery-1.png,Lenovo Official,Intel® Core™ Ultra 7 356H Processor (E-cores up to 3.50 GHz P-cores up to 4.70 GHz),NVIDIA RTX PRO™ 2000 Blackwell Laptop GPU 8GB GDDR7,32 GB LPDDR5X-8533MT/s (CAMM2),512 GB SSD M.2 2280 PCIe Gen4 TLC Opal,"16"" WUXGA (1920 x 1200), IPS, Anti-Glare, Non-Touch, 100%sRGB, 500 nits, 60Hz, Low Power",,,"OS: Windows 11 Home 64 | Warranty: 1 Year Courier or Carry-in | The ThinkPad P1 Gen 9 offers powerful performance with Intel® Core™ Ultra 7 and NVIDIA RTX PRO™ 2000 GPU. Its 16"" WUXGA display ensures vibrant visuals, while 32GB memory and 512GB SSD provide ample speed and storage for professionals."
83F5CTO1WWMY3,"Legion Pro 7i (16"", Gen 10)",17031.70,https://www.lenovo.com/my/en/p/laptops/legion-laptops/legion-pro-series/legion-pro-7i-gen-10-16-inch-intel/83f5cto1wwmy3,https://p1-ofp.static.pub/fes/cms/2025/10/12/cq22o5msdad5to7arfxsmmf6bsu6n4599010.png,Lenovo Official,Intel® Core™ Ultra 9 275HX Processor (E-cores up to 4.60 GHz P-cores up to 5.40 GHz),NVIDIA® GeForce RTX™ 5070 Ti Laptop GPU 12GB GDDR7,64 GB DDR5-6400MT/s (CSODIMM) - (2 x 32 GB),2 TB SSD M.2 2280 PCIe Gen5 Performance TLC,"16"" WQXGA (2560 x 1600), OLED, Glare, Non-Touch, HDR 1000 True Black, 100%DCI-P3, 500 nits, 240Hz, Low Blue Light",,,"OS: Windows 11 Home Single Language 64 | Warranty: 1 Year Legion Ultimate Support | The Legion Pro 7i (16"", Gen 10) offers exceptional gaming performance with a vivid OLED display and powerful hardware. Users praise its stunning 240Hz display and high-end GPU, making it ideal for gamers seeking desktop-level power in a portable design."
21Q8CTO1WWMY2,ThinkPad P1 Gen 8,17416.48,https://www.lenovo.com/my/en/p/laptops/thinkpad/thinkpadp/lenovo-thinkpad-p1-gen-8-16-inch-intel-mobile-workstation/21q8cto1wwmy2,https://p4-ofp.static.pub/fes/cms/2025/08/20/7in9lxw1v1rlzktssipki6d7kvinqp315164.png,Lenovo Official,Intel® Core™ Ultra 9 285H vPro® Processor (E-cores up to 4.50 GHz P-cores up to 5.40 GHz),NVIDIA RTX PRO™ 1000 Blackwell Laptop GPU 8GB GDDR7,32 GB LPDDR5X-8533MT/s (CAMM2),1 TB SSD M.2 2280 PCIe Gen4 TLC Opal,"16"" WUXGA (1920 x 1200), IPS, Anti-Glare, Non-Touch, 100%sRGB, 500 nits, 60Hz, Low Power",,,"OS: Windows 11 Home 64 | Warranty: 3 Years Premier Support Plus AI | The ThinkPad P1 Gen 8 is a powerful workstation designed for professionals and SMB users. It features a 16"" WUXGA display, Intel® Core™ Ultra 9 processor, NVIDIA RTX PRO™ GPU, 32GB memory, and 1TB SSD for seamless performance."
21RVCTO1WWMY3,ThinkPad P14s Gen 6 (AMD),18249.08,https://www.lenovo.com/my/en/p/laptops/thinkpad/thinkpadp/thinkpad-p14s-gen-6-14-inch-amd-mobile-workstation/21rvcto1wwmy3,https://p1-ofp.static.pub/ShareResource/optimized/pdp/thinkpad/thinkpad-p-series/len101t0118/thinkpad-p14s-gen-6-14-amd-gallery-1.png,Lenovo Official,AMD Ryzen™ AI 9 HX PRO 370 Processor (2.00 GHz up to 5.10 GHz),Integrated Graphics,96 GB DDR5-5600MT/s (SODIMM) - (2 x 48 GB),1 TB SSD M.2 2280 PCIe Gen4 Performance TLC Opal,"14"" WUXGA (1920 x 1200), IPS, Anti-Glare, Non-Touch, 100%sRGB, 500 nits, 60Hz, Low Power",,,"OS: Windows 11 Home 64 | Warranty: 3 Years Premier Support AI | The ThinkPad P14s Gen 6 (AMD) is a powerful, lightweight workstation designed for creators and professionals. It features a stunning 14"" WUXGA display, 96GB DDR5 memory, and 1TB SSD storage, ensuring seamless multitasking and performance."
21RXCTO1WWMY3,ThinkPad P16s Gen 4 (AMD),18387.20,https://www.lenovo.com/my/en/p/laptops/thinkpad/thinkpadp/thinkpad-p16s-gen-4-16-inch-amd-mobile-workstation/21rxcto1wwmy3,https://p4-ofp.static.pub/ShareResource/optimized/pdp/thinkpad/thinkpad-p-series/len101t0122/thinkpad-p16s-gen-4-16-gallery-1.png,Lenovo Official,AMD Ryzen™ AI 9 HX PRO 370 Processor (2.00 GHz up to 5.10 GHz),Integrated Graphics,96 GB DDR5-5600MT/s (SODIMM) - (2 x 48 GB),1 TB SSD M.2 2280 PCIe Gen4 Performance TLC Opal,"16"" WUXGA (1920 x 1200), IPS, Anti-Glare, Non-Touch, 100%sRGB, 500 nits, 60Hz, Low Power",,,"OS: Windows 11 Home 64 | Warranty: 3 Years Premier Support AI | The ThinkPad P16s Gen 4 (AMD) offers powerful performance with an AMD Ryzen™ AI 9 HX PRO 370 processor. It features a 16"" WUXGA display, 96GB DDR5 memory, 1TB SSD storage, and a 4-cell 86Wh battery, ideal for business professionals."
21TDCTO1WWMY2,ThinkPad T1g Gen 8,20418.43,https://www.lenovo.com/my/en/p/laptops/thinkpad/thinkpadt/thinkpad-t1g-gen-8-16-inch-intel-laptop/21tdcto1wwmy2,https://p1-ofp.static.pub/fes/cms/2025/08/27/t0589mtmri4kopx36cwsa0nagn3y29341091.png,Lenovo Official,Intel® Core™ Ultra 7 255H Processor (E-cores up to 4.40 GHz P-cores up to 5.10 GHz),NVIDIA® GeForce RTX™ 5060 Laptop GPU 8GB GDDR7,32 GB LPDDR5X-8533MT/s (CAMM2),1 TB SSD M.2 2280 PCIe Gen5 Performance TLC Opal,"16"" WUXGA (1920 x 1200), IPS, Anti-Glare, Non-Touch, 100%sRGB, 500 nits, 60Hz, Low Power",,,"OS: Windows 11 Home 64 | Warranty: 3 Years Premier Support Plus AI | The ThinkPad T1g Gen 8 is designed for business professionals with powerful Intel® Core™ Ultra 7 processor and 32GB memory. It features a vibrant 16"" WUXGA display, NVIDIA® GeForce RTX™ graphics, and advanced connectivity with Intel® Wi-Fi 7 and Bluetooth® 5.4."
83SECTO1WWMY2,"Yoga 9i 2-in-1 Aura Edition (14"",  Gen 11)",7490.42,https://www.lenovo.com/my/en/p/laptops/yoga/yoga-2-in-1-series/lenovo-yoga-9i-2-in-1-gen-11-aura-edition-14-inch-intel/83secto1wwmy2,https://p2-ofp.static.pub/ShareResource/optimized/pdp/yoga/yoga-2-in-1-series/len101y0074/lenovo-yoga-9i-2-in-1-gen-11-aura-edition-14-intel-gallery-1.9f9f25410cda9ce4.png,Lenovo Official,Intel® Core™ Ultra 7 355 Processor (LPE-cores up to 3.50 GHz P-cores up to 4.70 GHz),Integrated Graphics,32 GB LPDDR5X-7467MT/s (Soldered),1 TB SSD M.2 2242 PCIe Gen4 QLC,"14"" 2.8K (2880 x 1800), OLED, Glare, Touch, HDR 1000 True Black, 100%DCI-P3, 1100 nits (HDR Peak)/500 nits (SDR Typical), 120Hz, Glass",,,"OS: Windows 11 Home Single Language 64 | Warranty: 1 Year Carry-in | The Yoga 9i 2-in-1 Aura Edition offers a stunning 14"" 2.8K OLED touchscreen with vibrant colors and smooth 120Hz refresh rate. With 32GB memory, 1TB SSD storage, and Intel® Core™ Ultra 7 processor, it's perfect for creators seeking power and portability."
21V9CTO1WWMY2,ThinkPad X1 2-in-1 Gen 11 Aura Edition,10578.57,https://www.lenovo.com/my/en/p/laptops/thinkpad/thinkpadx1/lenovo-thinkpad-x1-2-in-1-gen--11-aura-edition-14-inch-intel/21v9cto1wwmy2,https://p4-ofp.static.pub/ShareResource/optimized/pdp/thinkpad/thinkpad-x1-series/len101t0160/thinkpad-x1-2-in-1-gen-11-aura-edition-14-intel-gallery-1.2c302b0403bc6178.png,Lenovo Official,Intel® Core™ Ultra 5 325 Processor (LPE-cores up to 3.40 GHz P-cores up to 4.50 GHz),Integrated Graphics,32 GB LPDDR5X-8533MT/s (Soldered),256 GB SSD M.2 2280 PCIe Gen4 TLC Opal,"14"" WUXGA (1920 x 1200), IPS, Anti-Reflection, Touch, 100%sRGB, 500 nits, 60Hz, Low Power",,,"OS: Windows 11 Home 64 | Warranty: 1 Year Courier or Carry-in | The ThinkPad X1 2-in-1 Gen 11 Aura Edition offers a sleek, lightweight design with a versatile 2-in-1 form factor. It features a stunning 14"" WUXGA touch display, powerful Intel® Core™ Ultra 5 processor, 32GB memory, and 256GB SSD storage, making it ideal for business professionals."
21V7CTO1WWMY2,ThinkPad X1 Carbon Gen 14,11786.83,https://www.lenovo.com/my/en/p/laptops/thinkpad/thinkpadx1/lenovo-thinkpad-x1-carbon-gen-14-aura-edition-14-inch-intel/21v7cto1wwmy2,https://p1-ofp.static.pub/ShareResource/optimized/pdp/thinkpad/thinkpad-x1-series/len101t0159/thinkpadx1-gen-14-inch-intel-pdp-gallery-1.png,Lenovo Official,Intel® Core™ Ultra 5 325 Processor (LPE-cores up to 3.40 GHz P-cores up to 4.50 GHz),Integrated Graphics,32 GB LPDDR5X-8533MT/s (Soldered),256 GB SSD M.2 2280 PCIe Gen4 TLC Opal,"14"" 2.8K (2880 x 1800), OLED, Anti-Glare, Non-Touch, HDR 500 True Black, 100%DCI-P3, 500 nits, VRR 30-120Hz, Low Blue Light",,,"OS: Windows 11 Home 64 | Warranty: 2 Years Premier Support AI | The ThinkPad X1 Carbon Gen 14 offers a sleek, lightweight design with a stunning 14"" 2.8K OLED display. Equipped with an Intel® Core™ Ultra 5 processor, 32GB memory, and 256GB SSD, it ensures powerful performance for business professionals."
21RSCTO1WWMY2,ThinkPad P16v Gen 3,14849.99,https://www.lenovo.com/my/en/p/laptops/thinkpad/thinkpadp/lenovo-thinkpad-p16v-gen-3-16-inch-intel-mobile-workstation/21rscto1wwmy2,https://p2-ofp.static.pub/fes/cms/2025/08/11/lp43lpwtssm26w702fqj2yocsng976663810.png,Lenovo Official,Intel® Core™ Ultra 7 255H Processor (E-cores up to 4.40 GHz P-cores up to 5.10 GHz),NVIDIA RTX PRO™ 2000 Blackwell Laptop GPU 8GB GDDR7,32 GB DDR5-6400MT/s (CSODIMM),512 GB SSD M.2 2280 PCIe Gen4 TLC Opal,"16"" WUXGA (1920 x 1200), IPS, Anti-Glare, Non-Touch, 45%NTSC, 400 nits, 60Hz",,,"OS: Windows 11 Home 64 | Warranty: 3 Years Premier Support AI | The ThinkPad P16v Gen 3 offers powerful performance with Intel® Core™ Ultra 7 and NVIDIA RTX PRO™ 2000 GPU. Designed for business professionals, it features a 16"" anti-glare display, 32GB memory, 512GB SSD, and advanced connectivity options."
21RQCTO1WWMY2,ThinkPad P16 Gen 3,16192.30,https://www.lenovo.com/my/en/p/laptops/thinkpad/thinkpadp/lenovo-thinkpad-p16-gen-3-16-inch-intel-mobile-workstation/21rqcto1wwmy2,https://p1-ofp.static.pub/fes/cms/2025/08/14/opx8egacmb1gwc4alw2i8s17mbf54j715958.png,Lenovo Official,Intel® Core™ Ultra 7 255HX Processor (E-cores up to 4.50 GHz P-cores up to 5.20 GHz),NVIDIA RTX PRO™ 1000 Blackwell Laptop GPU 8GB GDDR7,"16 GB DDR5-5600MT/s (SODIMM, ECC)",No Storage Selection,"16"" WUXGA (1920 x 1200), IPS, Anti-Glare, Non-Touch, 100%sRGB, 500 nits, 60Hz, Low Power",,,"OS: Windows 11 Home 64 | Warranty: 3 Years Premier Support Plus AI | The ThinkPad P16 Gen 3 offers powerful performance with Intel® Core™ Ultra 7 and NVIDIA RTX PRO™ 1000 graphics. Its 16"" WUXGA display delivers stunning visuals, while features like a fingerprint reader and backlit keyboard enhance usability for professionals."
83HFCTO1WWMY1,Lenovo V15 Gen 5,3500.17,https://www.lenovo.com/my/en/p/laptops/lenovo/lenovo-v-series-laptops/lenovo-v15-gen-5-15-inch-intel/83hfcto1wwmy1,https://p4-ofp.static.pub/fes/cms/2024/05/17/wb6a1j3jncxawpmgrbcqmx0rid7wj0885413.png,Lenovo Official,13th Generation Intel® Core™ i5-13420H Processor (E-cores up to 3.40 GHz P-cores up to 4.60 GHz),Integrated Graphics,8 GB DDR5-5200MT/s (SODIMM),256 GB SSD M.2 2242 PCIe Gen4 TLC,"15.6"" FHD (1920 x 1080), TN, Anti-Glare, Non-Touch, 45%NTSC, 250 nits, 60Hz",,,"OS: Windows 11 Home Single Language 64 | Warranty: 1 Year Courier or Carry-in | The Lenovo V15 Gen 5 is a reliable laptop designed for business professionals, featuring a 15.6"" FHD anti-glare display. Powered by a 13th Gen Intel® Core™ i5 processor, 8GB DDR5 memory, and 256GB SSD storage, it ensures smooth multitasking and fast performance."
83HDCTO1WWMY2,Lenovo V14 Gen 5,3516.01,https://www.lenovo.com/my/en/p/laptops/lenovo/lenovo-v-series-laptops/lenovo-v14-gen-5-14-inch-intel/83hdcto1wwmy2,https://p2-ofp.static.pub/fes/cms/2024/05/17/raknzkj4hazha2gu9c0long1stm11e684203.png,Lenovo Official,13th Generation Intel® Core™ i5-13420H Processor (E-cores up to 3.40 GHz P-cores up to 4.60 GHz),Integrated Graphics,8 GB DDR5-5200MT/s (SODIMM),256 GB SSD M.2 2242 PCIe Gen4 TLC,"14"" FHD (1920 x 1080), TN, Anti-Glare, Non-Touch, 45%NTSC, 250 nits, 60Hz",,,"OS: Windows 11 Home Single Language 64 | Warranty: 1 Year Courier or Carry-in | The Lenovo V14 Gen 5 is a reliable laptop designed for business professionals. It features a 13th Gen Intel Core i5 processor, 8GB DDR5 memory, and 256GB SSD storage for efficient multitasking and fast performance."
21M5CTO1WWMY1,ThinkPad E16 Gen 2 (AMD),4016.53,https://www.lenovo.com/my/en/p/laptops/thinkpad/thinkpade/lenovo-thinkpad-e16-gen-2-16-inch-amd/21m5cto1wwmy1,https://p1-ofp.static.pub/fes/cms/2024/04/01/wy81dqic5dln5xqeq6u9oitn40mmce229286.png,Lenovo Official,AMD Ryzen™ 5 7535U Processor (2.90 GHz up to 4.55 GHz),Integrated Graphics,8 GB DDR5-4800MT/s (SODIMM),256 GB SSD M.2 2242 PCIe Gen4 TLC Opal,"16"" WUXGA (1920 x 1200), IPS, Anti-Glare, Non-Touch, 45%NTSC, 300 nits, 60Hz",,,"OS: Windows 11 Home 64 | Warranty: 2 Years On-site | The ThinkPad E16 Gen 2 offers a durable design, a 16-inch display, and a powerful AMD Ryzen™ 5 processor for seamless multitasking. Users praise its exceptional keyboard and robust build, making it ideal for business professionals seeking reliability and performance."
83UHCTO1WWMY1,"IdeaPad 5a 2-in-1 (14"", Gen 11)",4039.89,https://www.lenovo.com/my/en/p/laptops/ideapad/ideapad-2-in-1-series/ideapad-5a-2-in-1-gen-11-14-inch-amd/83uhcto1wwmy1,https://p3-ofp.static.pub/ShareResource/optimized/pdp/ideapad/ideapad-2-in-1-series/len101i0144/lenovo-ideapad-5a-2-in-1-gen-11-14-amd-pdp-gallery-1.2244d0aa6ed421a5.png,Lenovo Official,AMD Ryzen™ AI 5 430 Processor (2.00 GHz up to 4.50 GHz),Integrated Graphics,16 GB DDR5-5600MT/s (SODIMM) - (2 x 8 GB),512 GB SSD M.2 2242 PCIe Gen4 QLC,"14"" WUXGA (1920 x 1200), IPS, Glare, Touch, 45%NTSC, 400 nits, 60Hz, Glass",,,"OS: Windows 11 Home Single Language 64 | Warranty: 1 Year Carry-in | The IdeaPad 5a 2-in-1 (14"", Gen 11) offers a versatile design with a vibrant 14"" touch display. Powered by an AMD Ryzen™ AI 5 430 processor, 16GB memory, and 512GB SSD, it's perfect for students seeking performance and flexibility."
83UMCTO1WWMY1,"IdeaPad 5a 2-in-1 (15"",  Gen 11)",4087.10,https://www.lenovo.com/my/en/p/laptops/ideapad/ideapad-2-in-1-series/lenovo-ideapad-5a-2-in-1-gen-11-15-inch-amd-laptop/83umcto1wwmy1,https://p1-ofp.static.pub/ShareResource/optimized/pdp/ideapad/ideapad-2-in-1-series/len101i0141/lenovo-ideapad-slim-5a-2-in-1-gen-11-15-amd-pdp-gallery-1.5ea6d13005b24a5c.png,Lenovo Official,AMD Ryzen™ AI 5 430 Processor (2.00 GHz up to 4.50 GHz),Integrated Graphics,16 GB DDR5-5600MT/s (SODIMM) - (2 x 8 GB),512 GB SSD M.2 2242 PCIe Gen4 QLC,"15.3"" WUXGA (1920 x 1200), IPS, Glare, Touch, 45%NTSC, 400 nits, 60Hz, Glass",,,"OS: Windows 11 Home Single Language 64 | Warranty: 1 Year Carry-in | The IdeaPad 5a 2-in-1 (15"", Gen 11) offers a versatile design with a 15.3"" WUXGA touch display for enhanced usability. Equipped with an AMD Ryzen™ AI 5 430 processor, 16GB DDR5 memory, and 512GB SSD storage, it ensures smooth performance for students and everyday use."
83QSCTO1WWMY1,"Yoga Slim 7a (14"", Gen 11)",4449.41,https://www.lenovo.com/my/en/p/laptops/yoga/yoga-slim-series/yoga-slim-7a-gen-11-14-inch-amd/83qscto1wwmy1,https://p1-ofp.static.pub/ShareResource/optimized/pdp/yoga/yoga-slim-series/len101y0065/lenovo-yoga-slim-7a-gen-11-14-amd-pdp-gallery-1.png,Lenovo Official,AMD Ryzen™ AI 5 430 Processor (2.00 GHz up to 4.50 GHz),Integrated Graphics,16 GB LPDDR5X-8000MT/s (Soldered),512 GB SSD M.2 2242 PCIe Gen4 QLC,"14"" WUXGA (1920 x 1200), OLED, Glare, Non-Touch, HDR 500 True Black, 100%DCI-P3, 400 nits, 60Hz",,,"OS: Windows 11 Home Single Language 64 | Warranty: 1 Year PremiumCare | The Yoga Slim 7a (14"", Gen 11) offers a stunning 14"" OLED display with vibrant colors and HDR support. Powered by an AMD Ryzen™ AI 5 430 Processor and 16GB memory, it ensures smooth performance, perfect for creators on the go."
83ULCTO1WWMY1,"IdeaPad 5i 2-in-1 (15"",  Gen 11)",4701.20,https://www.lenovo.com/my/en/p/laptops/ideapad/ideapad-2-in-1-series/lenovo-ideapad-5i-2-in-1-gen-11-15-inch-intel/83ulcto1wwmy1,https://p4-ofp.static.pub/ShareResource/optimized/pdp/ideapad/ideapad-2-in-1-series/len101i0147/lenovo-ideapad-5i-2-in-1-gen-11-15-intel-pdp-gallery-1.4cfb1a208902750b.png,Lenovo Official,Intel® Core™ Ultra 5 325 Processor (LPE-cores up to 3.40 GHz P-cores up to 4.50 GHz),Integrated Graphics,16 GB DDR5-5600MT/s (SODIMM) - (2 x 8 GB),512 GB SSD M.2 2242 PCIe Gen4 QLC,"15.3"" WUXGA (1920 x 1200), IPS, Glare, Touch, 45%NTSC, 400 nits, 60Hz, Glass",,,"OS: Windows 11 Home Single Language 64 | Warranty: 1 Year Carry-in | The IdeaPad 5i 2-in-1 offers a versatile design with a 15.3"" WUXGA touch display and backlit keyboard for enhanced usability. Powered by an Intel® Core™ Ultra 5 processor, 16GB RAM, and 512GB SSD, it's perfect for students seeking performance and flexibility."
83QMCTO1WWMY1,"Yoga Slim 7i Aura Edition (14"", Gen 11)",4742.12,https://www.lenovo.com/my/en/p/laptops/yoga/yoga-slim-series/lenovo-yoga-slim-7i-gen-11-aura-edition-14-inch-intel/83qmcto1wwmy1,https://p2-ofp.static.pub/ShareResource/optimized/pdp/yoga/yoga-slim-series/len101y0069/yoga-slim-7i-aura-gallery-1.bb5cede57cec7917.png,Lenovo Official,Intel® Core™ Ultra 5 322 Processor (LPE-cores up to 3.30 GHz P-cores up to 4.40 GHz),Integrated Graphics,16 GB LPDDR5X-7467MT/s (Soldered),512 GB SSD M.2 2242 PCIe Gen4 QLC,"14"" WUXGA (1920 x 1200), OLED, Glare, Non-Touch, HDR 500 True Black, 100%DCI-P3, 400 nits, 60Hz",,,"OS: Windows 11 Home Single Language 64 | Warranty: 1 Year PremiumCare | The Yoga Slim 7i Aura Edition offers a stunning 14"" OLED display with vibrant colors and sharp details. Powered by an Intel® Core™ Ultra 5 processor, 16GB memory, and 512GB SSD, it's perfect for creators seeking performance and style."
21SRCTO1WWMY1,ThinkPad E16 Gen 3,4766.50,https://www.lenovo.com/my/en/p/laptops/thinkpad/thinkpade/lenovo-thinkpad-e16-gen-3-16-inch-intel/21srcto1wwmy1,https://p4-ofp.static.pub/fes/cms/2025/03/19/6gjvthp40k9v8kkd1niipl547mxs11488818.png,Lenovo Official,Intel® Core™ Ultra 5 225U Processor (E-cores up to 3.80 GHz P-cores up to 4.80 GHz),Integrated Graphics,8 GB DDR5-5600MT/s (SODIMM),256 GB SSD M.2 2242 PCIe Gen4 TLC Opal,"16"" WUXGA (1920 x 1200), IPS, Anti-Glare, Non-Touch, 45%NTSC, 300 nits, 60Hz",,,"OS: Windows 11 Home 64 | Warranty: 2 Years On-site | The ThinkPad E16 Gen 3 offers a robust design, a 16"" anti-glare display, and a backlit keyboard with a numeric pad for productivity. Users praise its exceptional performance, upgrade potential, and reliability, making it ideal for business and professional users."
21V0006BMA,Lenovo ThinkBook 14 G9 AHP,4903.65,https://www.lenovo.com/my/en/p/laptops/thinkbook/thinkbook-series/lenovo-thinkbook-14-gen-9-14-inch-amd/21v0006bma,https://p3-ofp.static.pub/fes/cms/2025/10/30/dlk41htqvwl5dflayp8q4hr2rfi3a1542517.png,Lenovo Official,AMD Ryzen™ 5 220 Processor (3.20 GHz up to 4.90 GHz),Integrated AMD Radeon™ 740M,16 GB DDR5-5600MT/s (SODIMM),512 GB SSD M.2 2242 PCIe Gen4 QLC,"14"" WUXGA (1920 x 1200), IPS, Anti-Glare, Non-Touch, 45%NTSC, 400 nits, 60 Hz",,,"OS: Windows 11 Pro 64 | Warranty: 3 Year On-site | The Lenovo ThinkBook 14 G9 AHP offers powerful performance with an AMD Ryzen™ 5 processor and 16GB DDR5 memory. Its 14"" WUXGA anti-glare display and lightweight design make it ideal for SMB professionals, with Wi-Fi 7 and a 3-year on-site warranty."
21YECTO1WWMY1,ThinkPad E16 Gen 4,4922.45,https://www.lenovo.com/my/en/p/laptops/thinkpad/thinkpade/thinkpad-e16-gen-4-16-inch-intel/21yecto1wwmy1,https://p2-ofp.static.pub/ShareResource/optimized/pdp/thinkpad/thinkpad-e-series/LEN101T0186/gallery-1-front-facing.feb9c5c691443456.png,Lenovo Official,Intel® Core™ 5 320 Processor (LPE-cores up to 3.40 GHz P-cores up to 4.60 GHz),Integrated Graphics,8 GB DDR5-5600MT/s (SODIMM),256 GB SSD M.2 2242 PCIe Gen4 TLC Opal,"16"" WUXGA (1920 x 1200), IPS, Anti-Glare, Non-Touch, 45%NTSC, 400 nits, 60Hz",,,"OS: Windows 11 Home 64 | Warranty: 1 Year Courier or Carry-in | The ThinkPad E16 Gen 4 offers a 16"" WUXGA anti-glare display for clear visuals and a comfortable viewing experience. Powered by an Intel® Core™ processor, 8GB memory, and 256GB SSD, it's ideal for business professionals seeking reliable performance."
21UT0064MA,"Lenovo ThinkBook 16 Gen 9 (16"" AMD)",4963.37,https://www.lenovo.com/my/en/p/laptops/thinkbook/thinkbook-series/lenovo-thinkbook-16-gen-9-16-inch-amd/21ut0064ma,https://p1-ofp.static.pub/fes/cms/2025/10/31/368xchjd8ujz7l8upvqetezfujuqcb068985.png,Lenovo Official,AMD Ryzen™ 5 220 Processor (3.20 GHz up to 4.90 GHz),Integrated AMD Radeon™ 740M,16 GB DDR5-5600MT/s (SODIMM),512 GB SSD M.2 2242 PCIe Gen4 QLC,"16"" WUXGA (1920 x 1200), IPS, Anti-Glare, Non-Touch, 45%NTSC, 400 nits, 60 Hz",,,"OS: Windows 11 Pro 64 | Warranty: 3 Year On-site | The Lenovo ThinkBook 16 Gen 9 features a 16"" WUXGA display with anti-glare technology for crisp visuals. Powered by an AMD Ryzen™ 5 processor, 16GB DDR5 memory, and 512GB SSD storage, it's perfect for SMB professionals seeking performance and style."
83SCCTO1WWMY1,"Lenovo LOQ Essential (15"", Gen 11)",4988.49,https://www.lenovo.com/my/en/p/laptops/loq-laptops/lenovo-loq-essential-15irx11/83sccto1wwmy1,https://p2-ofp.static.pub/fes/cms/2025/08/04/7j509z73i2i0vlalgqjcxl5y9r39yc844524.png,Lenovo Official,13th Generation Intel® Core™ i5-13450HX Processor (E-cores up to 3.40 GHz P-cores up to 4.60 GHz),NVIDIA® GeForce RTX™ 5050 Laptop GPU 8GB GDDR7,8 GB DDR5-4800MT/s (SODIMM),512 GB SSD M.2 2242 PCIe Gen4 QLC,"15.6"" FHD (1920 x 1080), IPS, Anti-Glare, Non-Touch, 100%sRGB, 300 nits, 144Hz",,,"OS: Windows 11 Home Single Language 64 | Warranty: 1 Year PremiumCare | The Lenovo LOQ Essential (15"", Gen 11) offers powerful performance with a 13th Gen Intel® Core™ i5 processor. Designed for gamers, it features an NVIDIA® GeForce RTX™ 5050 GPU, 15.6"" FHD display with 144Hz refresh rate, and Wi-Fi 6 connectivity."
21US0099MA,"Lenovo ThinkBook 16 Gen 9 (16"" Intel)",5014.68,https://www.lenovo.com/my/en/p/laptops/thinkbook/thinkbook-series/lenovo-thinkbook-16-gen-9-16-inch-intel/21us0099ma,https://p2-ofp.static.pub/fes/cms/2025/11/03/a9qbmbv72xs2lts5yadaw9g0a7jn06523261.png,Lenovo Official,Intel® Core™ 5 210H Processor (E-cores up to 3.60 GHz P-cores up to 4.80 GHz),Integrated Intel® Graphics,16 GB DDR5-5600MT/s (SODIMM),512 GB SSD M.2 2242 PCIe Gen4 QLC,"16"" WUXGA (1920 x 1200), IPS, Anti-Glare, Non-Touch, 45%NTSC, 400 nits, 60 Hz",,,"OS: Windows 11 Pro 64 | Warranty: 3 Year On-site | The Lenovo ThinkBook 16 Gen 9 offers a 16"" WUXGA display with anti-glare and vibrant 400 nits brightness. Powered by an Intel® Core™ 5 processor, 16GB memory, and 512GB SSD, it's ideal for students and professionals seeking performance and portability."
21Y8CTO1WWMY1,ThinkPad E14 Gen 8,5109.85,https://www.lenovo.com/my/en/p/laptops/thinkpad/thinkpade/thinkpad-e14-gen-8-14-inch-intel/21y8cto1wwmy1,https://p3-ofp.static.pub/ShareResource/optimized/pdp/thinkpad/thinkpad-e-series/LEN101T0187/gallery-1-front-facing.f0e1df8a573ca0bd.png,Lenovo Official,Intel® Core™ 5 320 Processor (LPE-cores up to 3.40 GHz P-cores up to 4.60 GHz),Integrated Graphics,8 GB DDR5-5600MT/s (SODIMM),256 GB SSD M.2 2242 PCIe Gen4 TLC Opal,"14"" WUXGA (1920 x 1200), IPS, Anti-Glare, Non-Touch, 45%NTSC, 400 nits, 60Hz",,,"OS: Windows 11 Home 64 | Warranty: 1 Year Courier or Carry-in | The ThinkPad E14 Gen 8 offers reliable performance with an Intel® Core™ processor and Windows 11 Home OS. Its 14"" WUXGA anti-glare display ensures clarity, while 8GB DDR5 memory and 256GB SSD storage provide speed and space for business tasks."
21UY009FMA,Lenovo ThinkBook 14 G9 IRL,5170.91,https://www.lenovo.com/my/en/p/laptops/thinkbook/thinkbook-series/lenovo-thinkbook-14-gen-9-14-inch-intel/21uy009fma,https://p2-ofp.static.pub/fes/cms/2025/11/11/rvrvvqu8mffodlq86p2x59gbig8f4x532524.png,Lenovo Official,Intel® Core™ 7 240H Processor (E-cores up to 4.00 GHz P-cores up to 5.20 GHz),Integrated Intel® Graphics,16 GB DDR5-5600MT/s (SODIMM),512 GB SSD M.2 2242 PCIe Gen4 QLC,"14"" WUXGA (1920 x 1200), IPS, Anti-Glare, Non-Touch, 45%NTSC, 400 nits, 60 Hz",,,"OS: Windows 11 Pro 64 | Warranty: 3 Year On-site | The Lenovo ThinkBook 14 G9 offers a sleek design with a 14"" WUXGA anti-glare display for clear visuals. Powered by an Intel® Core™ i7 processor, 16GB RAM, and 512GB SSD, it ensures smooth performance for students and professionals alike."
21UT0065MA,"Lenovo ThinkBook 16 Gen 9 (16"" AMD)",5175.31,https://www.lenovo.com/my/en/p/laptops/thinkbook/thinkbook-series/lenovo-thinkbook-16-gen-9-16-inch-amd/21ut0065ma,https://p1-ofp.static.pub/fes/cms/2025/10/31/368xchjd8ujz7l8upvqetezfujuqcb068985.png,Lenovo Official,AMD Ryzen™ 7 250 Processor (3.30 GHz up to 5.10 GHz),Integrated AMD Radeon™ 780M,16 GB DDR5-5600MT/s (SODIMM),512 GB SSD M.2 2242 PCIe Gen4 QLC,"16"" WUXGA (1920 x 1200), IPS, Anti-Glare, Non-Touch, 45%NTSC, 400 nits, 60 Hz",,,"OS: Windows 11 Pro 64 | Warranty: 3 Year On-site | The Lenovo ThinkBook 16 Gen 9 features a powerful AMD Ryzen™ 7 processor and a stunning 16"" WUXGA IPS display. With 16GB DDR5 memory, 512GB SSD storage, and Wi-Fi 7, this ultraslim notebook is perfect for SMB professionals seeking performance and portability."
21SJ00ADMA,"ThinkBook 14 Gen 8 (14"" Intel)",5329.30,https://www.lenovo.com/my/en/p/laptops/thinkbook/thinkbook-series/lenovo-thinkbook-14-gen-8-14-inch-intel/21sj00adma,https://p3-ofp.static.pub/fes/cms/2025/01/02/gv0z4hwwns73ikbsmf6f1frud6xatv153611.png,Lenovo Official,Intel® Core™ Ultra 5 225H Processor (E-cores up to 4.30 GHz P-cores up to 4.90 GHz),Integrated Intel® Arc™ 130T GPU,16 GB DDR5-5600MT/s (SODIMM),512 GB SSD M.2 2242 PCIe Gen4 QLC,"14"" WUXGA (1920 x 1200), IPS, Anti-Glare, Non-Touch, 45%NTSC, 300 nits, 60 Hz",,,"OS: Windows 11 Pro 64 | Warranty: 3 Year On-site | The Lenovo ThinkBook 14 G8 IAL is an ultraslim notebook designed for SMB professionals. It features a powerful Intel® Core™ Ultra 5 processor, 16GB memory, 512GB SSD, and a vibrant 14"" WUXGA display, ensuring productivity and style."
21T0003FMA,ThinkPad E14 AMD Gen 7,5350.05,https://www.lenovo.com/my/en/p/laptops/thinkpad/thinkpade/lenovo-thinkpad-e14-gen-7-14-inch-amd-laptop/21t0003fma,https://p1-ofp.static.pub/fes/cms/2025/04/24/ngqu8l7joyxods23wyqywgmhnfrnq0036245.png,Lenovo Official,AMD Ryzen™ 5 230 Processor (3.50 GHz up to 4.90 GHz),Integrated AMD Radeon™ 760M,16 GB DDR5-5600MT/s (SODIMM),512 GB SSD M.2 2242 PCIe Gen4 TLC Opal,"14"" WUXGA (1920 x 1200), IPS, Anti-Glare, Non-Touch, 45%NTSC, 300 nits, 60 Hz",,,"OS: Windows 11 Pro 64 | Warranty: 3 Year On-site | The ThinkPad E14 Gen 7 offers powerful performance with an AMD Ryzen™ 5 processor and 16GB DDR5 memory. Its 14-inch WUXGA anti-glare display, lightweight design, and 3-year on-site warranty make it ideal for business professionals on the go."
21US009AMA,"Lenovo ThinkBook 16 Gen 9 (16"" Intel)",5357.37,https://www.lenovo.com/my/en/p/laptops/thinkbook/thinkbook-series/lenovo-thinkbook-16-gen-9-16-inch-intel/21us009ama,https://p2-ofp.static.pub/fes/cms/2025/11/03/a9qbmbv72xs2lts5yadaw9g0a7jn06523261.png,Lenovo Official,Intel® Core™ 7 240H Processor (E-cores up to 4.00 GHz P-cores up to 5.20 GHz),Integrated Intel® Graphics,16 GB DDR5-5600MT/s (SODIMM),512 GB SSD M.2 2242 PCIe Gen4 QLC,"16"" WUXGA (1920 x 1200), IPS, Anti-Glare, Non-Touch, 45%NTSC, 400 nits, 60 Hz",,,"OS: Windows 11 Pro 64 | Warranty: 3 Year On-site | The Lenovo ThinkBook 16 Gen 9 offers a 16"" WUXGA display with vibrant visuals and anti-glare technology. Powered by an Intel® Core™ i7 processor, 16GB RAM, and 512GB SSD, it's perfect for students and professionals seeking performance and portability."
83UKCTO1WWMY1,"IdeaPad 5x 2-in-1 (14"", Gen 11) Snapdragon",5358.09,https://www.lenovo.com/my/en/p/laptops/ideapad/ideapad-2-in-1-series/lenovo-ideapad-5x-2-in-1-gen-11-14-inch-snapdragon/83ukcto1wwmy1,https://p2-ofp.static.pub/ShareResource/optimized/pdp/ideapad/ideapad-2-in-1-series/len101i0148/lenovo-ideapad-5x-2-in-1-gen-11-14-snapdragon-pdp-gallery-1.355045a93000f1a1.png,Lenovo Official,Snapdragon® X2 Plus X2P-42-100 Processor (4.04 GHz),Integrated Graphics,32 GB LPDDR5X-9523MT/s (Soldered),512 GB SSD M.2 2242 PCIe Gen4 QLC,"14"" WUXGA (1920 x 1200), IPS, Glare, Touch, 45%NTSC, 400 nits, 60Hz, Glass",,,"OS: Windows 11 Home Arm64 Single Language | Warranty: 1 Year Carry-in | The IdeaPad 5x 2-in-1 (14"", Gen 11) Snapdragon offers a versatile design with a stunning touch display. Equipped with a powerful Snapdragon processor, 32GB memory, and 512GB SSD, it's perfect for students and everyday use."
83UGCTO1WWMY1,"IdeaPad 5i 2-in-1 (14"", Gen 11)",5417.86,https://www.lenovo.com/my/en/p/laptops/ideapad/ideapad-2-in-1-series/lenovo-ideapad-5i-2-in-1-gen-11-14-inch-intel/83ugcto1wwmy1,https://p4-ofp.static.pub/ShareResource/optimized/pdp/ideapad/ideapad-2-in-1-series/len101i0139/lenovo-ideapad-5i-2-in-1-gen-11-14-intel-pdp-gallery-1.e5ea9a080ae2425d.png,Lenovo Official,Intel® Core™ Ultra 7 355 Processor (LPE-cores up to 3.50 GHz P-cores up to 4.70 GHz),Integrated Graphics,16 GB DDR5-5600MT/s (SODIMM) - (2 x 8 GB),512 GB SSD M.2 2242 PCIe Gen4 QLC,"14"" WUXGA (1920 x 1200), IPS, Glare, Touch, 45%NTSC, 400 nits, 60Hz, Glass",,,"OS: Windows 11 Home Single Language 64 | Warranty: 1 Year Carry-in | The IdeaPad 5i 2-in-1 (14"", Gen 11) offers versatility with its 2-in-1 design and vibrant touch display. Equipped with an Intel® Core™ Ultra 7 processor, 16GB memory, and 512GB SSD, it ensures smooth performance for students and everyday use."
21ST002WMA,ThinkPad E16 AMD Gen 3,5449.43,https://www.lenovo.com/my/en/p/laptops/thinkpad/thinkpade/lenovo-thinkpad-e16-gen-3-16-inch-amd-laptop/21st002wma,https://p3-ofp.static.pub/fes/cms/2025/05/06/6vh5zn0of60qpuju9sg98f2nvtu98f157202.png,Lenovo Official,AMD Ryzen™ 7 250 Processor (3.30 GHz up to 5.10 GHz),Integrated AMD Radeon™ 780M,16 GB DDR5-5600MT/s (SODIMM),512 GB SSD M.2 2242 PCIe Gen4 TLC Opal,"16"" WUXGA (1920 x 1200), IPS, Anti-Glare, Non-Touch, 45%NTSC, 300 nits, 60 Hz",,,"OS: Windows 11 Pro 64 | Warranty: 3 Year On-site | The ThinkPad E16 offers powerful performance with an AMD Ryzen™ 7 processor and 16GB DDR5 memory. Its 16"" WUXGA anti-glare display, 512GB SSD storage, and 3-year on-site warranty make it ideal for students and professionals alike."
83JECTO1WWMY1,Lenovo LOQ 15IRX10,5498.01,https://www.lenovo.com/my/en/p/laptops/loq-laptops/lenovo-loq-15irx10/83jecto1wwmy1,https://p4-ofp.static.pub/fes/cms/2025/04/17/tjqnzgwjdqgo3v4oi2t7th220j7yfe098771.png,Lenovo Official,13th Generation Intel® Core™ i5-13450HX Processor (E-cores up to 3.40 GHz P-cores up to 4.60 GHz),NVIDIA® GeForce RTX™ 5050 Laptop GPU 8GB GDDR7,16 GB DDR5-4800MT/s (SODIMM),512 GB SSD M.2 2242 PCIe Gen4 QLC,"15.6"" FHD (1920 x 1080), IPS, Anti-Glare, Non-Touch, 100%sRGB, 300 nits, 144Hz",,,"OS: Windows 11 Home Single Language 64 | Warranty: 1 Year Carry-in | The Lenovo LOQ 15IRX10 offers powerful performance with a 13th Gen Intel Core i5 processor and NVIDIA GeForce RTX 5050 GPU. Its 15.6"" FHD display with 144Hz refresh rate ensures smooth visuals, while 16GB DDR5 memory and 512GB SSD provide ample speed and storage for gamers."
83VACTO1WWMY1,Lenovo LOQ Essential 15ARP11,5535.84,https://www.lenovo.com/my/en/p/laptops/loq-laptops/lenovo-loq-essential-15arp11/83vacto1wwmy1,https://p3-ofp.static.pub/fes/cms/2026/02/20/f8dgcvyctn08oubyoyw1c8g8ip6nyj756480.png,Lenovo Official,AMD Ryzen™ 7 170 Processor (3.20 GHz up to 4.75 GHz),NVIDIA® GeForce RTX™ 5050 Laptop GPU 8GB GDDR7,16 GB DDR5-4800MT/s (SODIMM),512 GB SSD M.2 2242 PCIe Gen4 QLC,"15.6"" FHD (1920 x 1080), IPS, Anti-Glare, Non-Touch, 100%sRGB, 300 nits, 144Hz",,,"OS: Windows 11 Home Single Language 64 | Warranty: 1 Year Carry-in | The Lenovo LOQ Essential 15ARP11 is designed for gamers with its powerful AMD Ryzen™ 7 processor and NVIDIA® GeForce RTX™ 5050 GPU. Enjoy smooth gameplay on a 15.6"" FHD 144Hz display, fast multitasking with 16GB DDR5 memory, and ample storage with a 512GB SSD."
22ALCTO1WWMY1,ThinkPad T14 Gen 7 (AMD),5596.35,https://www.lenovo.com/my/en/p/laptops/thinkpad/thinkpadt/lenovo-thinkpad-t14-gen-7-14-inch-amd/22alcto1wwmy1,https://p3-ofp.static.pub/ShareResource/optimized/thinkpad/thinkpad-t/LEN101T0168/lenovo-thinkpad-t14-gen-7-14-amd-pdp-gallery-1.png,Lenovo Official,AMD Ryzen™ 5 PRO 215 Processor (3.20 GHz up to 4.70 GHz),Integrated Graphics,16 GB DDR5-5600MT/s (SODIMM),256 GB SSD M.2 2280 PCIe Gen4 TLC Opal,"14"" WUXGA (1920 x 1200), IPS, Anti-Glare, Non-Touch, 45%NTSC, 400 nits, 60Hz",,,"OS: Windows 11 Home 64 | Warranty: 1 Year Courier or Carry-in | The ThinkPad T14 Gen 7 (AMD) offers powerful performance with an AMD Ryzen™ 5 PRO processor and 16GB DDR5 memory. Its 14"" WUXGA anti-glare display ensures clear visuals, while the 256GB SSD provides fast storage. Ideal for business professionals seeking reliability."
22ANCTO1WWMY1,ThinkPad T16 Gen 5 (AMD),5690.07,https://www.lenovo.com/my/en/p/laptops/thinkpad/thinkpadt/thinkpad-t16-gen-5-16-inch-amd-laptop/22ancto1wwmy1,https://p4-ofp.static.pub/ShareResource/optimized/pdp/thinkpad/thinkpad-t-series/len101t0166/lenovo-thinkpad-t16-gen-5-16-amd-pdp-gallery-1.png,Lenovo Official,AMD Ryzen™ 5 PRO 215 Processor (3.20 GHz up to 4.70 GHz),Integrated Graphics,16 GB DDR5-5600MT/s (SODIMM),256 GB SSD M.2 2280 PCIe Gen4 TLC Opal,"16"" WUXGA (1920 x 1200), IPS, Anti-Glare, Non-Touch, 45%NTSC, 400 nits, 60Hz",,,"OS: Windows 11 Home 64 | Warranty: 1 Year Courier or Carry-in | The ThinkPad T16 Gen 5 (AMD) is a reliable laptop designed for business professionals and SMBs. It features a 16"" WUXGA display, AMD Ryzen™ 5 PRO processor, 16GB DDR5 memory, and 256GB SSD storage for efficient multitasking and productivity."
21X2CTO1WWMY1,ThinkPad L14 Gen 7,5716.06,https://www.lenovo.com/my/en/p/laptops/thinkpad/thinkpadl/lenovo-thinkpad-l14-gen-7-14-inch-intel/21x2cto1wwmy1,https://p3-ofp.static.pub/ShareResource/optimized/pdp/thinkpad/thinkpad-l-series/len101t0164/lenovo-thinkpad-l14-gen-7-14-intel-pdp-gallery-1.png,Lenovo Official,Intel® Core™ Ultra 5 325 Processor (LPE-cores up to 3.40 GHz P-cores up to 4.50 GHz),Integrated Graphics,16 GB DDR5-5600MT/s (SODIMM),256 GB SSD M.2 2280 PCIe Gen4 TLC Opal,"14"" WUXGA (1920 x 1200), IPS, Anti-Glare, Non-Touch, 45%NTSC, 400 nits, 60Hz, DBEF5",,,"OS: Windows 11 Home 64 | Warranty: 1 Year Courier or Carry-in | The ThinkPad L14 Gen 7 features a powerful Intel® Core™ Ultra 5 processor and 16GB DDR5 memory for smooth performance. Its 14"" WUXGA anti-glare display delivers crisp visuals, while the lightweight design makes it ideal for business professionals on the go."
21X8CTO1WWMY1,ThinkPad L16 Gen 3,5723.35,https://www.lenovo.com/my/en/p/laptops/thinkpad/thinkpadl/lenovo-thinkpad-l16-gen-3-16-inch-intel/21x8cto1wwmy1,https://p1-ofp.static.pub/ShareResource/optimized/pdp/thinkpad/thinkpad-l-series/LEN101T0177/thinkpad-l16-gen-3-16-intel-pdp-gallery-1.png,Lenovo Official,Intel® Core™ Ultra 5 325 Processor (LPE-cores up to 3.40 GHz P-cores up to 4.50 GHz),Integrated Graphics,16 GB DDR5-5600MT/s (SODIMM),256 GB SSD M.2 2280 PCIe Gen4 TLC Opal,"16"" WUXGA (1920 x 1200), IPS, Anti-Glare, Non-Touch, 45%NTSC, 400 nits, 60Hz",,,"OS: Windows 11 Home 64 | Warranty: 1 Year Courier or Carry-in | The ThinkPad L16 Gen 3 offers a powerful Intel® Core™ Ultra 5 processor and 16 GB DDR5 memory for smooth multitasking. Its 16"" WUXGA anti-glare display ensures clear visuals, while the 256 GB SSD provides fast storage. Ideal for business professionals."
21XCCTO1WWMY1,ThinkPad L16 Gen 3 (AMD),5784.01,https://www.lenovo.com/my/en/p/laptops/thinkpad/thinkpadl/thinkpad-l16-gen-3-16-inch-amd-laptop/21xccto1wwmy1,https://p3-ofp.static.pub/ShareResource/optimized/pdp/thinkpad/thinkpad-l-series/len101t0178/lenovo-thinkpad-l16-gen-3-16-amd-pdp-gallery-1.png,Lenovo Official,AMD Ryzen™ AI 5 430 Processor (2.00 GHz up to 4.50 GHz),Integrated Graphics,16 GB DDR5-5600MT/s (SODIMM),256 GB SSD M.2 2280 PCIe Gen4 TLC Opal,"16"" WUXGA (1920 x 1200), IPS, Anti-Glare, Non-Touch, 45%NTSC, 400 nits, 60Hz",,,"OS: Windows 11 Home 64 | Warranty: 2 Years Premier Support AI | The ThinkPad L16 Gen 3 (AMD) offers a powerful AMD Ryzen™ AI 5 430 processor and 16GB DDR5 memory for smooth multitasking. Its 16"" WUXGA anti-glare display ensures clear visuals, while the 256GB SSD provides fast storage. Ideal for business professionals."
21SR003QMA,ThinkPad E16 Gen 3,5811.07,https://www.lenovo.com/my/en/p/laptops/thinkpad/thinkpade/lenovo-thinkpad-e16-gen-3-16-inch-intel/21sr003qma,https://p4-ofp.static.pub/fes/cms/2025/03/19/6gjvthp40k9v8kkd1niipl547mxs11488818.png,Lenovo Official,Intel® Core™ Ultra 5 225U Processor (E-cores up to 3.80 GHz P-cores up to 4.80 GHz),Integrated Intel® Graphics,16 GB DDR5-5600MT/s (SODIMM),512 GB SSD M.2 2242 PCIe Gen4 TLC Opal,"16"" WUXGA (1920 x 1200), IPS, Anti-Glare, Non-Touch, 45%NTSC, 300 nits, 60 Hz",,,"OS: Windows 11 Pro 64 | Warranty: 3 Year On-site | The ThinkPad E16 Gen 3 offers a sleek 16"" WUXGA anti-glare display for clear visuals and comfortable viewing. Powered by an Intel® Core™ Ultra 5 processor, 16GB DDR5 memory, and 512GB SSD, it ensures smooth performance for business professionals."
21Y6CTO1WWMY1,ThinkPad E14 Gen 8,5835.79,https://www.lenovo.com/my/en/p/laptops/thinkpad/thinkpade/lenovo-thinkpad-e14-gen-8-14-inch-intel-laptop/21y6cto1wwmy1,https://p2-ofp.static.pub/ShareResource/optimized/pdp/thinkpad/thinkpad-e-series/len101t0167/lenovo-thinkpad-e14-gen-8-14-intel-pdp-gallery-1.63d49cbb56c8b8aa.png,Lenovo Official,Intel® Core™ Ultra 5 332 vPro® Processor (LPE-cores up to 3.30 GHz P-cores up to 4.40 GHz),Integrated Graphics,16 GB DDR5-5600MT/s (SODIMM),256 GB SSD M.2 2242 PCIe Gen4 TLC Opal,"14"" WUXGA (1920 x 1200), IPS, Anti-Glare, Non-Touch, 45%NTSC, 400 nits, 60Hz",,,"OS: Windows 11 Home 64 | Warranty: 1 Year Courier or Carry-in | The ThinkPad E14 Gen 8 offers powerful performance with an Intel® Core™ Ultra 5 processor and 16 GB DDR5 memory. Its 14"" WUXGA anti-glare display ensures clear visuals, while the lightweight design and 256 GB SSD make it ideal for business professionals."
21X6CTO1WWMY1,ThinkPad L14 Gen 7 (AMD),5903.14,https://www.lenovo.com/my/en/p/laptops/thinkpad/thinkpadl/lenovo-thinkpad-l14-gen-7-14-inch-amd/21x6cto1wwmy1,https://p1-ofp.static.pub/ShareResource/optimized/pdp/thinkpad/thinkpad-l-series/LEN101T0179/lenovo-thinkpad-l14-gen-7-14-amd-pdp-gallery-1.95eb077d0a04dd53.png,Lenovo Official,AMD Ryzen™ AI 5 430 Processor (2.00 GHz up to 4.50 GHz),Integrated Graphics,16 GB DDR5-5600MT/s (SODIMM),256 GB SSD M.2 2280 PCIe Gen4 TLC Opal,"14"" WUXGA (1920 x 1200), IPS, Anti-Glare, Non-Touch, 45%NTSC, 400 nits, 60Hz, DBEF5",,,"OS: Windows 11 Home 64 | Warranty: 2 Years Premier Support AI | The ThinkPad L14 Gen 7 (AMD) offers a powerful AMD Ryzen™ AI 5 430 processor and Windows 11 Home for seamless performance. Its 14"" WUXGA anti-glare display, 16GB DDR5 memory, and 256GB SSD ensure productivity and speed, ideal for business professionals."
21SJ00ABMA,"ThinkBook 14 Gen 8 (14"" Intel)",5965.61,https://www.lenovo.com/my/en/p/laptops/thinkbook/thinkbook-series/lenovo-thinkbook-14-gen-8-14-inch-intel/21sj00abma,https://p3-ofp.static.pub/fes/cms/2025/01/02/gv0z4hwwns73ikbsmf6f1frud6xatv153611.png,Lenovo Official,Intel® Core™ Ultra 7 255H Processor (E-cores up to 4.40 GHz P-cores up to 5.10 GHz),Integrated Intel® Arc™ 140T GPU,16 GB DDR5-5600MT/s (SODIMM),512 GB SSD M.2 2242 PCIe Gen4 QLC,"14"" WUXGA (1920 x 1200), IPS, Anti-Glare, Non-Touch, 45%NTSC, 300 nits, 60 Hz",,,"OS: Windows 11 Pro 64 | Warranty: 3 Year On-site | The Lenovo ThinkBook 14 G8 IAL offers powerful performance with an Intel® Core™ Ultra 7 processor and 16GB DDR5 memory. Its 14"" WUXGA anti-glare display, lightweight design, and 512GB SSD make it perfect for business professionals on the go."
21YCCTO1WWMY1,ThinkPad E16 Gen 4,5979.57,https://www.lenovo.com/my/en/p/laptops/thinkpad/thinkpade/lenovo-thinkpad-e16-gen-4-16-inch-intel-laptop/21yccto1wwmy1,https://p1-ofp.static.pub/ShareResource/optimized/pdp/thinkpad/thinkpad-e-series/len101t0170/lenovo-thinkpad-e16-gen-4-intel-pdp-gallery-1.30adf0ff31c6a0b5.png,Lenovo Official,Intel® Core™ Ultra 5 325 Processor (LPE-cores up to 3.40 GHz P-cores up to 4.50 GHz),Integrated Graphics,16 GB DDR5-5600MT/s (SODIMM),256 GB SSD M.2 2242 PCIe Gen4 TLC Opal,"16"" WUXGA (1920 x 1200), IPS, Anti-Glare, Non-Touch, 45%NTSC, 400 nits, 60Hz",,,"OS: Windows 11 Home 64 | Warranty: 1 Year Courier or Carry-in | The ThinkPad E16 Gen 4 offers a powerful Intel® Core™ Ultra 5 processor and 16 GB DDR5 memory for seamless multitasking. Its 16"" WUXGA display delivers crisp visuals, while the 256 GB SSD ensures fast storage. Ideal for business professionals seeking reliability and performance."
21SK00BHMA,Lenovo ThinkBook 16 Gen 8 (16” Intel),6016.90,https://www.lenovo.com/my/en/p/laptops/thinkbook/thinkbook-series/lenovo-thinkbook-16-gen-8-16-inch-intel/21sk00bhma,https://p4-ofp.static.pub/fes/cms/2025/01/15/109wcm0ihbqeuihmi7qlwpyl50oxy2108880.png,Lenovo Official,Intel® Core™ Ultra 7 255H Processor (E-cores up to 4.40 GHz P-cores up to 5.10 GHz),Integrated Intel® Arc™ 140T GPU,16 GB DDR5-5600MT/s (SODIMM),512 GB SSD M.2 2242 PCIe Gen4 QLC,"16"" WUXGA (1920 x 1200), IPS, Anti-Glare, Non-Touch, 45%NTSC, 300 nits, 60 Hz",,,"OS: Windows 11 Pro 64 | Warranty: 3 Year On-site | The Lenovo ThinkBook 16 G8 IAL is a sleek ultraslim notebook with a 16-inch WUXGA display and Arctic Grey finish. It features an Intel® Core™ Ultra 7 processor, 16GB DDR5 memory, 512GB SSD storage, Wi-Fi 6E, and a 3-year on-site warranty, making it ideal for students and professionals."
21YWCTO1WWMY1,ThinkPad T14s Gen 7 (AMD),6109.81,https://www.lenovo.com/my/en/p/laptops/thinkpad/thinkpadt/thinkpad-t14s-gen-7-14-inch-amd/21ywcto1wwmy1,https://p2-ofp.static.pub/ShareResource/optimized/pdp/thinkpad/thinkpad-t-series/LEN101T0171/lenovo-thinkpad-t14s-gen-7-amd-pdp-gallery-1.502cdb747719988e.png,Lenovo Official,AMD Ryzen™ AI 5 430 Processor (2.00 GHz up to 4.50 GHz),Integrated Graphics,16 GB LPDDR5X-8533MT/s (Soldered),256 GB SSD M.2 2280 PCIe Gen4 TLC Opal,"14"" WUXGA (1920 x 1200), IPS, Anti-Glare, Non-Touch, 45%NTSC, 400 nits, 60Hz",,,"OS: Windows 11 Home 64 | Warranty: 1 Year Courier or Carry-in | The ThinkPad T14s Gen 7 (AMD) is a lightweight laptop designed for business professionals. It features a powerful AMD Ryzen™ AI 5 430 processor, 16GB memory, and a 14"" WUXGA display, ensuring productivity and clarity on the go."
83SGCTO1WWMY1,"IdeaPad Pro 5a (14"", Gen 11)",6236.71,https://www.lenovo.com/my/en/p/laptops/ideapad/ideapad-pro-series/lenovo-ideapad-pro-5a-gen-11-14-inch-amd/83sgcto1wwmy1,https://p2-ofp.static.pub/ShareResource/optimized/pdp/ideapad/ideapad-pro-series/len101i0136/lenovo-ideapad-pro-5a-gen11-14-amd-pdp-gallery-1.png,Lenovo Official,AMD Ryzen™ AI 7 450 Processor (2.00 GHz up to 5.10 GHz),Integrated Graphics,24 GB LPDDR5X-8533MT/s (Soldered),1 TB SSD M.2 2242 PCIe Gen4 QLC,"14"" 2.8K (2880 x 1800), OLED, Glare, Non-Touch, HDR 1000 True Black, 100%DCI-P3, 1100 nits (HDR Peak)/500 nits (SDR Typical), 120Hz",,,"OS: Windows 11 Home Single Language 64 | Warranty: 1 Year Carry-in | The IdeaPad Pro 5a (14"", Gen 11) offers a stunning 14"" 2.8K OLED display with vibrant colors and smooth 120Hz refresh rate. Powered by the AMD Ryzen™ AI 7 450 processor and 24GB LPDDR5X memory, it's perfect for creators and multitaskers seeking high performance."
21Y4CTO1WWMY1,ThinkPad E16 Gen 4 (AMD),6247.41,https://www.lenovo.com/my/en/p/laptops/thinkpad/thinkpade/thinkpad-e16-gen-4-16-inch-amd/21y4cto1wwmy1,https://p4-ofp.static.pub/ShareResource/optimized/pdp/thinkpad/thinkpad-e-series/LEN101T0183/gallery-1-front-facing.png,Lenovo Official,AMD Ryzen™ AI 5 330 Processor (2.00 GHz up to 4.50 GHz),Integrated Graphics,16 GB DDR5-5600MT/s (SODIMM),256 GB SSD M.2 2242 PCIe Gen4 TLC Opal,"16"" WUXGA (1920 x 1200), IPS, Anti-Glare, Non-Touch, 45%NTSC, 400 nits, 60Hz",,,"OS: Windows 11 Home 64 | Warranty: 3 Years Premier Support AI | The ThinkPad E16 Gen 4 (AMD) offers a powerful AMD Ryzen™ AI 5 330 processor and 16GB DDR5 memory for seamless multitasking. Its 16"" WUXGA anti-glare display ensures crisp visuals, while the 256GB SSD provides fast storage. Ideal for business professionals seeking efficiency and reliability."
21WXCTO1WWMY1,ThinkPad T16 Gen 5 (AMD),6249.83,https://www.lenovo.com/my/en/p/laptops/thinkpad/thinkpadt/lenovo-thinkpad-t16-gen-5-16-inch-amd-laptop/21wxcto1wwmy1,https://p4-ofp.static.pub/ShareResource/optimized/pdp/thinkpad/thinkpad-t-series/LEN101T0157/lenovo-thinkpad-t16-gen-5-16-amd-pdp-gallery-1.da7455b4c894aa27.png,Lenovo Official,AMD Ryzen™ AI 5 PRO 440 Processor (2.00 GHz up to 4.80 GHz),Integrated Graphics,16 GB DDR5-5600MT/s (SODIMM),256 GB SSD M.2 2280 PCIe Gen4 TLC Opal,"16"" WUXGA (1920 x 1200), IPS, Anti-Glare, Non-Touch, 45%NTSC, 400 nits, 60Hz",,,"OS: Windows 11 Home 64 | Warranty: 1 Year Courier or Carry-in | The ThinkPad T16 Gen 5 (AMD) offers a 16"" WUXGA display with anti-glare for clear visuals in any environment. Powered by an AMD Ryzen™ AI 5 PRO 440 processor and 16GB DDR5 memory, it ensures smooth multitasking for business professionals."
21Y2CTO1WWMY1,ThinkPad E14 Gen 8 (AMD),6271.50,https://www.lenovo.com/my/en/p/laptops/thinkpad/thinkpade/thinkpad-e14-gen-8-14-inch-amd/21y2cto1wwmy1,https://p4-ofp.static.pub/ShareResource/optimized/pdp/thinkpad/thinkpad-e-series/LEN101T0182/gallery-1-front-facing.png,Lenovo Official,AMD Ryzen™ AI 5 330 Processor (2.00 GHz up to 4.50 GHz),Integrated Graphics,16 GB DDR5-5600MT/s (SODIMM) - (2 x 8 GB),256 GB SSD M.2 2242 PCIe Gen4 TLC Opal,"14"" WUXGA (1920 x 1200), IPS, Anti-Glare, Non-Touch, 45%NTSC, 400 nits, 60Hz",,,"OS: Windows 11 Home 64 | Warranty: 3 Years Premier Support AI | The ThinkPad E14 Gen 8 (AMD) offers a sleek 14-inch WUXGA anti-glare display with vibrant 400 nits brightness. Powered by an AMD Ryzen AI 5 processor, 16GB DDR5 memory, and 256GB SSD, it ensures smooth performance for business professionals."
21WVCTO1WWMY1,ThinkPad T14 Gen 7 (AMD),6297.39,https://www.lenovo.com/my/en/p/laptops/thinkpad/thinkpadt/thinkpad-t14-gen-7-14-inch-amd/21wvcto1wwmy1,https://p3-ofp.static.pub/ShareResource/optimized/pdp/thinkpad/thinkpad-t-series/LEN101T0156/lenovo-thinkpad-t14-gen-7-14-amd-pdp-gallery-1.8cfff7fdb98565d9.png,Lenovo Official,AMD Ryzen™ AI 5 PRO 440 Processor (2.00 GHz up to 4.80 GHz),Integrated Graphics,16 GB DDR5-5600MT/s (SODIMM) - (2 x 8 GB),256 GB SSD M.2 2280 PCIe Gen4 TLC Opal,"14"" WUXGA (1920 x 1200), IPS, Anti-Glare, Non-Touch, 45%NTSC, 400 nits, 60Hz",,,"OS: Windows 11 Home 64 | Warranty: 1 Year Courier or Carry-in | The ThinkPad T14 Gen 7 (AMD) offers powerful performance with an AMD Ryzen™ AI 5 PRO 440 processor and 16GB DDR5 memory. Its 14"" WUXGA anti-glare display ensures clear visuals, while the 256GB SSD provides fast storage. Ideal for business professionals."
83SJCTO1WWMY1,"IdeaPad Pro 5a (16"", Gen 11)",6304.23,https://www.lenovo.com/my/en/p/laptops/ideapad/ideapad-pro-series/lenovo-ideapad-pro-5a-gen-11-16-inch-amd/83sjcto1wwmy1,https://p2-ofp.static.pub/ShareResource/optimized/pdp/ideapad/ideapad-pro-series/len101i0134/lenovo-ideapad-pro-5a-gen-11-16-amd-pdp-gallery-1.png,Lenovo Official,AMD Ryzen™ AI 7 450 Processor (2.00 GHz up to 5.10 GHz),Integrated Graphics,24 GB LPDDR5X-8533MT/s (Soldered),1 TB SSD M.2 2242 PCIe Gen4 QLC,"16"" 2.8K (2880 x 1800), OLED, Glare, Non-Touch, HDR 1000 True Black, 100%DCI-P3, 500 nits, 120Hz",,,"OS: Windows 11 Home Single Language 64 | Warranty: 1 Year Carry-in | The IdeaPad Pro 5a (16"", Gen 11) features a stunning 16"" 2.8K OLED display with vibrant colors and smooth 120Hz refresh rate. Powered by an AMD Ryzen™ AI 7 processor, 24GB RAM, and 1TB SSD, it ensures seamless multitasking and ample storage for creators and students alike."
21X0CTO1WWMY1,ThinkPad P14s Gen 7 (AMD),6467.06,https://www.lenovo.com/my/en/p/laptops/thinkpad/thinkpadp/thinkpad-p14s-gen-7-14-inch-amd/21x0cto1wwmy1,https://p4-ofp.static.pub/ShareResource/optimized/pdp/thinkpad/thinkpad-p-series/len101t0165/lenovo-thinkpad-p14s-gen-7-14-amd-pdp-gallery-1.ab7f4488cb3c84a0.png,Lenovo Official,AMD Ryzen™ AI 5 PRO 440 Processor (2.00 GHz up to 4.80 GHz),Integrated Graphics,16 GB DDR5-5600MT/s (SODIMM) - (2 x 8 GB),256 GB SSD M.2 2280 PCIe Gen4 TLC Opal,"14"" WUXGA (1920 x 1200), IPS, Anti-Glare, Non-Touch, 45%NTSC, 400 nits, 60Hz",,,"OS: Windows 11 Home 64 | Warranty: 1 Year Courier or Carry-in | The ThinkPad P14s Gen 7 (AMD) offers powerful performance with an AMD Ryzen™ AI 5 PRO processor and 16GB DDR5 memory. Its 14"" WUXGA anti-glare display and 256GB SSD ensure smooth multitasking, making it ideal for business professionals seeking reliability."
21TBCTO1WWMY1,ThinkPad T14s Gen 6 (AMD),6659.99,https://www.lenovo.com/my/en/p/laptops/thinkpad/thinkpadt/lenovo-thinkpad-t14s-gen-6-14-inch-amd-laptop/21tbcto1wwmy1,https://p1-ofp.static.pub/ShareResource/optimized/pdp/thinkpad/thinkpad-t-series/len101t0109/lenovo-thinkpad-t14s-gen-6-14-amd-laptop-pdp-gallery-1.677671b4495bc92d.png,Lenovo Official,AMD Ryzen™ AI 5 PRO 340 Processor (2.00 GHz up to 4.80 GHz),Integrated Graphics,16 GB LPDDR5X-8533MT/s (Soldered),256 GB SSD M.2 2280 PCIe Gen4 TLC Opal,"14"" WUXGA (1920 x 1200), IPS, Anti-Glare, Non-Touch, 45%NTSC, 400 nits, 60Hz",,,"OS: Windows 11 Home 64 | Warranty: 2 Years Premier Support AI | The ThinkPad T14s Gen 6 (AMD) offers exceptional performance, a lightweight design, and a vibrant 14"" WUXGA display. Users praise its reliability, premium build quality, and seamless multitasking, making it ideal for business professionals on the go."
21SR003RMA,ThinkPad E16 Gen 3,6661.08,https://www.lenovo.com/my/en/p/laptops/thinkpad/thinkpade/lenovo-thinkpad-e16-gen-3-16-inch-intel/21sr003rma,https://p4-ofp.static.pub/fes/cms/2025/03/19/6gjvthp40k9v8kkd1niipl547mxs11488818.png,Lenovo Official,Intel® Core™ Ultra 7 255H Processor (E-cores up to 4.40 GHz P-cores up to 5.10 GHz),Integrated Intel® Arc™ 140T GPU,16 GB DDR5-5600MT/s (SODIMM),512 GB SSD M.2 2242 PCIe Gen4 TLC Opal,"16"" WUXGA (1920 x 1200), IPS, Anti-Glare, Non-Touch, 45%NTSC, 300 nits, 60 Hz",,,"OS: Windows 11 Pro 64 | Warranty: 3 Year On-site | The ThinkPad E16 Gen 3 offers a powerful Intel® Core™ Ultra 7 processor and a 16"" WUXGA anti-glare display. Designed for business professionals, it features 16GB DDR5 memory, 512GB SSD storage, and a 3-year on-site warranty for reliability."
21QACTO1WWMY1,ThinkPad X9-14 Gen 1,6793.93,https://www.lenovo.com/my/en/p/laptops/thinkpad/thinkpadx9/thinkpad-x9-14-aura-edition-14-inch-intel/21qacto1wwmy1,https://p3-ofp.static.pub/ShareResource/cap/image/thinkpad-x9-len101t0110-01.jpg,Lenovo Official,Intel® Core™ Ultra 5 228V Processor (LPE-cores up to 3.50 GHz P-cores up to 4.50 GHz / 32 GB MOP),Integrated Intel® Arc™ Graphics,32 GB LPDDR5X-8533MT/s (Memory on Package),256 GB SSD M.2 2242 PCIe Gen4 TLC Opal,"14"" WUXGA (1920 x 1200), OLED, Anti-Glare, Non-Touch, HDR 500 True Black, 100%DCI-P3, 400 nits, 60Hz, Low Blue Light",,,"OS: Windows 11 Home 64 | Warranty: 2 Years Premier Support AI | The ThinkPad X9 14 Aura Edition offers premium performance with advanced AI capabilities for SMBs. Its ultrathin design, updated keyboard, and all-day battery make it ideal for productivity, while customization options enhance flexibility."
21YKCTO1WWMY1,ThinkPad X13 Gen 7 (AMD),6938.34,https://www.lenovo.com/my/en/p/laptops/thinkpad/thinkpadx/lenovo-thinkpad-x13-gen-7-13-inch-amd/21ykcto1wwmy1,https://p2-ofp.static.pub/ShareResource/optimized/pdp/thinkpad/thinkpad-x-series/LEN101T0175/lenovo-thinkpad-x13-gen-7-13-amd-pdp-gallery-1.24a085d138df30f2.png,Lenovo Official,AMD Ryzen™ AI 5 430 Processor (2.00 GHz up to 4.50 GHz),Integrated Graphics,16 GB LPDDR5X-8533MT/s (Soldered),256 GB SSD M.2 2280 PCIe Gen4 TLC Opal,"13.3"" WUXGA (1920 x 1200), IPS, Anti-Glare, Non-Touch, 100%sRGB, 400 nits, 60Hz",,,"OS: Windows 11 Home 64 | Warranty: 2 Years Premier Support AI | The ThinkPad X13 Gen 7 (AMD) offers a sleek, lightweight design with a 13.3"" WUXGA display for vibrant visuals. Powered by an AMD Ryzen™ AI 5 430 processor and 16GB memory, it ensures smooth multitasking, making it ideal for business professionals."
21YUCTO1WWMY1,ThinkPad T14s Gen 7,6943.40,https://www.lenovo.com/my/en/p/laptops/thinkpad/thinkpadt/lenovo-thinkpad-t14s-gen-7-14-inch-intel-/21yucto1wwmy1,https://p4-ofp.static.pub/ShareResource/optimized/pdp/thinkpad/thinkpad-t-series/len101t0155/lenovo-thinkpad-t14s-gen-7-intel-pdp-gallery-1.b2e8094de3f60cb1.png,Lenovo Official,Intel® Core™ Ultra 5 325 Processor (LPE-cores up to 3.40 GHz P-cores up to 4.50 GHz),Integrated Graphics,16 GB LPDDR5X-8533MT/s (Soldered),256 GB SSD M.2 2280 PCIe Gen4 TLC Opal,"14"" WUXGA (1920 x 1200), IPS, Anti-Glare, Non-Touch, 45%NTSC, 400 nits, 60Hz",,,"OS: Windows 11 Home 64 | Warranty: 1 Year Courier or Carry-in | The ThinkPad T14s Gen 7 offers a sleek design with a 14-inch WUXGA anti-glare display for clear visuals. Powered by an Intel Core Ultra 5 processor, 16GB memory, and 256GB SSD, it ensures smooth performance for business professionals."
21QXCTO1WWMY1,ThinkPad T14s Gen 6,7146.23,https://www.lenovo.com/my/en/p/laptops/thinkpad/thinkpadt/thinkpad-t14s-gen-6-14-inch-intel/21qxcto1wwmy1,https://p1-ofp.static.pub/ShareResource/optimized/pdp/thinkpad/thinkpad-t-series/len101t0113/lenovo-thinkpad-t14s-gen-6-intel-pdp-gallery-1.png,Lenovo Official,Intel® Core™ Ultra 5 228V Processor (LPE-cores up to 3.50 GHz P-cores up to 4.50 GHz / 32 GB MOP),Integrated Intel® Arc™ Graphics,32 GB LPDDR5X-8533MT/s (Memory on Package),256 GB SSD M.2 2280 PCIe Gen4 TLC Opal,"14"" WUXGA (1920 x 1200), IPS, Anti-Glare, Touch, 45%NTSC, 400 nits, 60Hz",,,"OS: Windows 11 Home 64 | Warranty: 2 Years Premier Support AI | The ThinkPad T14s Gen 6 is a lightweight, ultrathin laptop designed for productivity and efficiency. Powered by AI and Intel Core Ultra processors, it offers customizable features to meet the needs of business professionals."
21R3CTO1WWMY1,ThinkPad T14s 2-in-1 Gen 1,7342.32,https://www.lenovo.com/my/en/p/laptops/thinkpad/thinkpadt/thinkpad-t14s-2-in-1-14-inch-intel/21r3cto1wwmy1,https://p1-ofp.static.pub/fes/cms/2025/04/18/y3l0qoh5xk7ccwmvqa37amwugzghhy843176.png,Lenovo Official,Intel® Core™ Ultra 5 225U Processor (E-cores up to 3.80 GHz P-cores up to 4.80 GHz),Integrated Graphics,16 GB LPDDR5X-8533MT/s (Soldered),256 GB SSD M.2 2280 PCIe Gen4 TLC Opal,"14"" WUXGA (1920 x 1200), IPS, Anti-Reflection/Anti-Smudge, Touch, 45%NTSC, 400 nits, 60Hz, DBEF5",,,"OS: Windows 11 Home 64 | Warranty: 2 Years Premier Support AI | The ThinkPad T14s 2-in-1 Gen 1 offers a sleek, lightweight design with a 14"" touch display for versatile use. Equipped with Intel® Core™ Ultra 5 processor, 16GB memory, and 256GB SSD, it ensures fast performance for students and professionals alike."
21QVCTO1WWMY1,ThinkPad P16s Gen 4,7394.74,https://www.lenovo.com/my/en/p/laptops/thinkpad/thinkpadp/lenovo-thinkpad-p16s-gen-4-16-inch-intel-mobile-workstation/21qvcto1wwmy1,https://p3-ofp.static.pub/fes/cms/2025/08/11/8vvmljl9y3ar87oa5rumz427bzvmdd032364.png,Lenovo Official,Intel® Core™ Ultra 5 225H Processor (E-cores up to 4.30 GHz P-cores up to 4.90 GHz),Integrated Graphics,16 GB DDR5-5600MT/s (SODIMM),512 GB SSD M.2 2280 PCIe Gen4 TLC Opal,"16"" WUXGA (1920 x 1200), IPS, Anti-Glare, Non-Touch, 45%NTSC, 400 nits, 60Hz",,,"OS: Windows 11 Home 64 | Warranty: 2 Years Premier Support AI | The ThinkPad P16s Gen 4 features a 16"" WUXGA IPS display with anti-glare and 400 nits brightness for clear visuals. Powered by Intel® Core™ Ultra 5 processor and 16GB DDR5 memory, it offers fast performance, integrated graphics, and secure fingerprint access for professionals."
83SKCTO1WWMY1,"IdeaPad Pro 5i (16"", Gen 11)",7404.04,https://www.lenovo.com/my/en/p/laptops/ideapad/ideapad-pro-series/ideapad-pro-5i-gen-11-16-inch-intel/83skcto1wwmy1,https://p3-ofp.static.pub/ShareResource/optimized/pdp/ideapad/ideapad-pro-series/len101i0129/lenovo-ideapad-pro-5i-gen-11-16-intel-pdp-gallery-1.png,Lenovo Official,Intel® Core™ Ultra 7 356H Processor (E-cores up to 3.50 GHz P-cores up to 4.70 GHz),Integrated Graphics,32 GB LPDDR5X-8533MT/s (Soldered),1 TB SSD M.2 2242 PCIe Gen4 QLC,"16"" 2.8K (2880 x 1800), OLED, Glare, Non-Touch, HDR 1000 True Black, 100%DCI-P3, 500 nits, 120Hz",,,"OS: Windows 11 Home Single Language 64 | Warranty: 1 Year Carry-in | The IdeaPad Pro 5i (16"", Gen 11) features a stunning 16"" 2.8K OLED display with HDR 1000 True Black and 120Hz refresh rate. Powered by Intel® Core™ Ultra 7 processor, 32GB LPDDR5X memory, and 1TB SSD, it's ideal for creators seeking high performance and vibrant visuals."
21QTCTO1WWMY1,ThinkPad P14s Gen 6,7495.25,https://www.lenovo.com/my/en/p/laptops/thinkpad/thinkpadp/lenovo-thinkpad-p14s-gen-6-14-inch-intel-mobile-workstation/21qtcto1wwmy1,https://p1-ofp.static.pub/fes/cms/2025/08/14/9mv2od3aa0dlrr30uoe6lbwq87ilrz683770.png,Lenovo Official,Intel® Core™ Ultra 5 225H Processor (E-cores up to 4.30 GHz P-cores up to 4.90 GHz),Integrated Graphics,16 GB DDR5-5600MT/s (SODIMM),512 GB SSD M.2 2280 PCIe Gen4 TLC Opal,"14.5"" WUXGA (1920 x 1200), IPS, Anti-Glare, Non-Touch, 45%NTSC, 400 nits, 60Hz",,,"OS: Windows 11 Home 64 | Warranty: 2 Years Premier Support AI | The ThinkPad P14s Gen 6 is a compact AI-ready mobile workstation designed for professionals and SMBs. It offers Intel Core Ultra processors, upgradable memory, and customer-replaceable components for extended usability and performance."
21WNCTO1WWMY1,ThinkPad T14 Gen 7,7560.70,https://www.lenovo.com/my/en/p/laptops/thinkpad/thinkpadt/lenovo-thinkpad-t14-gen-7-14-inch-intel-laptop/21wncto1wwmy1,https://p2-ofp.static.pub/ShareResource/optimized/thinkpad/thinkpad-t/len101t0154/lenovo-thinkpad-t14-gen-7-14-intel-pdp-gallery-1.c80b33c46b8b5d19.png,Lenovo Official,Intel® Core™ Ultra 5 332 vPro® Processor (LPE-cores up to 3.30 GHz P-cores up to 4.40 GHz),Integrated Graphics,16 GB LPDDR5X-8533MT/s (CAMM2),256 GB SSD M.2 2280 PCIe Gen4 TLC Opal,"14"" WUXGA (1920 x 1200), IPS, Anti-Glare, Non-Touch, 45%NTSC, 400 nits, 60Hz",,,"OS: Windows 11 Home 64 | Warranty: 2 Years Premier Support AI | The ThinkPad T14 Gen 7 offers a powerful Intel® Core™ Ultra 5 processor and 16GB memory for seamless multitasking. Its 14"" WUXGA anti-glare display ensures clear visuals, while the 256GB SSD provides fast storage. Ideal for business professionals."
21YYCTO1WWMY1,ThinkPad T14s 2-in-1 Gen 2,7605.47,https://www.lenovo.com/my/en/p/laptops/thinkpad/thinkpadt/thinkpad-t14s-2-in-1-gen-2-14-inch-intel/21yycto1wwmy1,https://p3-ofp.static.pub/ShareResource/optimized/thinkpad/thinkpad-t/len101t0163/lenovo-thinkpad-t14s-2-in-1-gen-2-14-intel-pdp-gallery-1.73e2782809d66f1a.png,Lenovo Official,Intel® Core™ Ultra 5 325 Processor (LPE-cores up to 3.40 GHz P-cores up to 4.50 GHz),Integrated Graphics,16 GB LPDDR5X-8533MT/s (Soldered),256 GB SSD M.2 2280 PCIe Gen4 TLC Opal,"14"" WUXGA (1920 x 1200), IPS, Anti-Reflection/Anti-Smudge, Touch, 45%NTSC, 400 nits, 60Hz, DBEF5",,,"OS: Windows 11 Home 64 | Warranty: 1 Year Courier or Carry-in | The ThinkPad T14s 2-in-1 Gen 2 offers a versatile design with a 14"" touch display and powerful Intel® Core™ Ultra 5 processor. Ideal for business professionals, it features 16GB memory, 256GB SSD storage, advanced Wi-Fi 7, and a backlit keyboard for productivity on the go."
21M3CTO1WWMY1,ThinkPad E14 Gen 6 (AMD),7613.50,https://www.lenovo.com/my/en/p/laptops/thinkpad/thinkpade/lenovo-thinkpad-e14-gen-6-14-inch-amd/21m3cto1wwmy1,https://p1-ofp.static.pub/fes/cms/2024/04/01/w5xzl0a0vcja2jirmi04tmaxy7nw1g409296.png,Lenovo Official,AMD Ryzen™ 5 7535U Processor (2.90 GHz up to 4.55 GHz),Integrated Graphics,16 GB DDR5-4800MT/s (SODIMM),256 GB SSD M.2 2242 PCIe Gen4 TLC Opal,"14"" WUXGA (1920 x 1200), IPS, Anti-Glare, Non-Touch, 45%NTSC, 300 nits, 60Hz",,,"OS: Windows 11 Home 64 | Warranty: 2 Years On-site | The ThinkPad E14 Gen 6 offers a sleek design in Graphite Black with a 14"" WUXGA anti-glare display. Powered by AMD Ryzen™ 5, 16GB DDR5 memory, and 256GB SSD, it ensures smooth multitasking for business professionals."
21WTCTO1WWMY1,ThinkPad T16 Gen 5,7678.10,https://www.lenovo.com/my/en/p/laptops/thinkpad/thinkpadt/lenovo-thinkpad-t16-gen-5-16-inch-intel/21wtcto1wwmy1,https://p4-ofp.static.pub/ShareResource/optimized/pdp/thinkpad/thinkpad-t-series/LEN101T0158/lenovo-thinkpad-t16-gen-5-intel-pdp-gallery-1.png,Lenovo Official,Intel® Core™ Ultra 5 325 Processor (LPE-cores up to 3.40 GHz P-cores up to 4.50 GHz),Integrated Graphics,16 GB LPDDR5X-8533MT/s (CAMM2),256 GB SSD M.2 2280 PCIe Gen4 TLC Opal,"16"" WUXGA (1920 x 1200), IPS, Anti-Glare, Non-Touch, 45%NTSC, 400 nits, 60Hz",,,"OS: Windows 11 Home 64 | Warranty: 2 Years Premier Support AI | The ThinkPad T16 Gen 5 offers a 16"" WUXGA display with anti-glare and 400 nits brightness for clear visuals. Powered by Intel® Core™ Ultra 5 processor, 16GB memory, and 256GB SSD, it ensures smooth performance for business users."
83SECTO1WWMY1,"Yoga 9i 2-in-1 Aura Edition (14"",  Gen 11)",7761.83,https://www.lenovo.com/my/en/p/laptops/yoga/yoga-2-in-1-series/lenovo-yoga-9i-2-in-1-gen-11-aura-edition-14-inch-intel/83secto1wwmy1,https://p2-ofp.static.pub/ShareResource/optimized/pdp/yoga/yoga-2-in-1-series/len101y0074/lenovo-yoga-9i-2-in-1-gen-11-aura-edition-14-intel-gallery-1.9f9f25410cda9ce4.png,Lenovo Official,Intel® Core™ Ultra 7 355 Processor (LPE-cores up to 3.50 GHz P-cores up to 4.70 GHz),Integrated Graphics,32 GB LPDDR5X-7467MT/s (Soldered),1 TB SSD M.2 2242 PCIe Gen4 QLC,"14"" 2.8K (2880 x 1800), OLED, Glare, Touch, HDR 1000 True Black, 100%DCI-P3, 1100 nits (HDR Peak)/500 nits (SDR Typical), 120Hz, Glass",,,"OS: Windows 11 Home Single Language 64 | Warranty: 1 Year PremiumCare | The Yoga 9i 2-in-1 Aura Edition offers a stunning 14"" 2.8K OLED touchscreen with vibrant colors and smooth 120Hz refresh rate. With 32GB memory, 1TB SSD, and Intel® Core™ Ultra 7 processor, it's perfect for creators seeking power and versatility in a sleek design."
21YHCTO1WWMY1,ThinkPad X13 Gen 7,7888.75,https://www.lenovo.com/my/en/p/laptops/thinkpad/thinkpadx/thinkpad-x13-gen-7-13-inch-intel-laptop/21yhcto1wwmy1,https://p4-ofp.static.pub/ShareResource/optimized/pdp/thinkpad/thinkpad-x-series/len101t0172/gallery-1-laptop-side-facing.png,Lenovo Official,Intel® Core™ Ultra 5 332 vPro® Processor (LPE-cores up to 3.30 GHz P-cores up to 4.40 GHz),Integrated Graphics,16 GB LPDDR5X-8533MT/s (Soldered),256 GB SSD M.2 2280 PCIe Gen4 TLC Opal,"13.3"" WUXGA (1920 x 1200), IPS, Anti-Glare, Non-Touch, 100%sRGB, 400 nits, 60Hz",,,"OS: Windows 11 Home 64 | Warranty: 2 Years Premier Support AI | The ThinkPad X13 Gen 7 is a lightweight laptop designed for business professionals. It features a 13.3"" WUXGA display, 16GB memory, and 256GB SSD for seamless multitasking, with a durable design and 1-year warranty."
83W5CTO1WWMY1,"Yoga Pro 7a (15"", Gen11)",8140.00,https://www.lenovo.com/my/en/p/laptops/yoga/yoga-pro-series/yoga-pro-7a-gen-11-15-inch-amd/83w5cto1wwmy1,https://p4-ofp.static.pub/ShareResource/optimized/pdp/yoga/yoga-pro-series/LEN101Y0075/lenovo-yoga-pro-7a-gen-11-15-amd-pdp-gallery-1.png,Lenovo Official,AMD Ryzen™ AI Max+ 388 Processor (3.60 GHz up to 5.00 GHz),Integrated Graphics,32 GB LPDDR5X-8000MT/s (Soldered),512 GB SSD M.2 2242 PCIe Gen4 TLC,"15.3"" WQXGA (2560 x 1600), OLED, Glare, Touch, HDR 1000 True Black, 100%DCI-P3, 500 nits, 165Hz, Low Blue Light, Glass",,,"OS: Windows 11 Home Single Language 64 | Warranty: 1 Year Carry-in | The Yoga Pro 7a (15"", Gen11) offers a stunning 15.3"" OLED touchscreen with HDR 1000 True Black and 165Hz refresh rate. Powered by AMD Ryzen™ AI Max+ processor and 32GB LPDDR5X memory, it ensures smooth performance for creators. Features include Wi-Fi 7, integrated graphics, and Thunder Grey design."
83KFCTO1WWMY1,"Yoga Pro 7i (14'', Gen 10)",8205.12,https://www.lenovo.com/my/en/p/laptops/yoga/yoga-pro-series/lenovo-yoga-pro-7i-gen-10-aura-edition-14-inch-intel/83kfcto1wwmy1,https://p1-ofp.static.pub/fes/cms/2025/02/24/ipf7rgu6jflx42m74r7jgl73bn3lr5417294.png,Lenovo Official,Intel® Core™ Ultra 9 285H Processor (E-cores up to 4.50 GHz P-cores up to 5.40 GHz),Integrated Graphics,32 GB LPDDR5X-8533MT/s (Soldered),1 TB SSD M.2 2242 PCIe Gen4 TLC,"14.5"" 3K (3000 x 1872), OLED, Anti-Fingerprint, Touch, HDR 1000 True Black, 100%DCI-P3, 500 nits, 120Hz, Glass",,,"OS: Windows 11 Home Single Language 64 | Warranty: 1 Year Carry-in | The Yoga Pro 7i (14'', Gen 10) features a stunning 14.5"" 3K OLED touchscreen with 120Hz refresh rate and HDR 1000 True Black. Powered by an Intel® Core™ Ultra 9 processor, 32GB memory, and 1TB SSD, it's perfect for creators seeking performance and vibrant visuals."
83V9CTO1WWMY1,"Legion 7a (15"", Gen 11)",8256.84,https://www.lenovo.com/my/en/p/laptops/legion-laptops/legion-series/lenovo-legion-7a-gen-11-15-inch-amd-gaming-laptop/83v9cto1wwmy1,https://p3-ofp.static.pub/ShareResource/optimized/pdp/legion/legion-7-series/LEN101G0054/lenovo-legion-7a-gen-11-15-amd-pdp-gallery-1.65065aa7abe09536.png,Lenovo Official,AMD Ryzen™ AI Max+ 388 Processor (3.60 GHz up to 5.00 GHz),Integrated Graphics,32 GB LPDDR5X-8000MT/s (Soldered),1 TB SSD M.2 2242 PCIe Gen4 TLC,"15.3"" WQXGA (2560 x 1600), OLED, Glare, Non-Touch, HDR 1000 True Black, 100%DCI-P3, 500 nits, 165Hz, Low Blue Light",,,"OS: Windows 11 Home Single Language 64 | Warranty: 1 Year Carry-in | The Legion 7a (15"", Gen 11) features a stunning 15.3"" OLED display with HDR 1000 True Black and 165Hz refresh rate. Powered by an AMD Ryzen™ AI Max+ 388 Processor, 32GB LPDDR5X memory, and 1TB SSD, it's perfect for gamers seeking high performance."
83SNCTO1WWMY1,"Yoga Pro 7i (15"", Gen 11)",8764.37,https://www.lenovo.com/my/en/p/laptops/yoga/yoga-pro-series/lenovo-yoga-pro-7i-gen-11-aura-edition-15-inch-intel/83sncto1wwmy1,https://p2-ofp.static.pub/ShareResource/optimized/pdp/yoga/yoga-pro-series/len101y0068/lenovo-yoga-pro-7i-gen-11-aura-edition-15-intel-gallery-1.png,Lenovo Official,Intel® Core™ Ultra 7 356H Processor (E-cores up to 3.50 GHz P-cores up to 4.70 GHz),NVIDIA® GeForce RTX™ 5050 Laptop GPU 8GB GDDR7,32 GB LPDDR5X-8533MT/s (Soldered),1 TB SSD M.2 2242 PCIe Gen4 TLC,"15.3"" WQXGA (2560 x 1600), OLED, Glare, Non-Touch, HDR 1000 True Black, 100%DCI-P3, 500 nits, 165Hz, Low Blue Light",,,"OS: Windows 11 Home Single Language 64 | Warranty: 1 Year PremiumCare | The Yoga Pro 7i (15"", Gen 11) features a stunning 15.3"" WQXGA OLED display with HDR 1000 True Black and 165Hz refresh rate. Powered by Intel® Core™ Ultra 7 processor and NVIDIA® GeForce RTX™ 5050 GPU, it offers 32GB memory and 1TB SSD storage for creators."
21XJCTO1WWMY1,ThinkPad P14s Gen 7,9000.73,https://www.lenovo.com/my/en/p/laptops/thinkpad/thinkpadp/lenovo-thinkpad-p14s-gen-7-14-inch-intel/21xjcto1wwmy1,https://p2-ofp.static.pub/ShareResource/optimized/pdp/thinkpad/thinkpad-p-series/len101t0169/lenovo-thinkpad-p14s-gen-7-14-intel-pdp-gallery-1.png,Lenovo Official,Intel® Core™ Ultra 5 336H vPro® Processor (E-cores up to 3.40 GHz P-cores up to 4.60 GHz),Integrated Graphics,16 GB LPDDR5X-8533MT/s (CAMM2),512 GB SSD M.2 2280 PCIe Gen4 TLC Opal,"14.5"" WUXGA (1920 x 1200), IPS, Anti-Glare, Non-Touch, 45%NTSC, 400 nits, 60Hz",,,"OS: Windows 11 Home 64 | Warranty: 2 Years Premier Support AI | The ThinkPad P14s Gen 7 features a powerful Intel® Core™ Ultra 5 processor and 16GB LPDDR5X memory for seamless multitasking. Its 14.5"" WUXGA anti-glare display ensures clear visuals, while the lightweight design and fingerprint reader enhance portability and security for professionals."
21XGCTO1WWMY1,ThinkPad P16s Gen 5 (AMD),9098.82,https://www.lenovo.com/my/en/p/laptops/thinkpad/thinkpadp/lenovo-thinkpad-p16s-gen-5-16-inch-amd-mobile-workstation/21xgcto1wwmy1,https://p1-ofp.static.pub/ShareResource/optimized/pdp/thinkpad/thinkpad-p-series/LEN101T0173/thinkpad-p16s-gen-5-16-inch-amd-pdp-gallery-1.png,Lenovo Official,AMD Ryzen™ AI 5 PRO 440 Processor (2.00 GHz up to 4.80 GHz),Integrated Graphics,16 GB LPDDR5X-8533MT/s (CAMM2),512 GB SSD M.2 2280 PCIe Gen4 TLC Opal,"16"" WUXGA (1920 x 1200), IPS, Anti-Glare, Non-Touch, 45%NTSC, 400 nits, 60Hz",,,"OS: Windows 11 Home 64 | Warranty: 3 Years Premier Support AI | The ThinkPad P16s Gen 5 (AMD) offers powerful performance with an AMD Ryzen™ AI 5 PRO 440 processor and 16GB memory. Its 16"" WUXGA anti-glare display, 512GB SSD storage, and advanced connectivity make it ideal for creators and professionals."
21QC00ADMA,ThinkPad T14 Gen 6,9173.37,https://www.lenovo.com/my/en/p/laptops/thinkpad/thinkpadt/thinkpad-t14-gen-6-14-inch-intel/21qc00adma,https://p3-ofp.static.pub/fes/cms/2025/04/08/zpltu7p9bnttxx4pxdiqtfbnhjc0pg787928.png,Lenovo Official,Intel® Core™ Ultra 7 255U Processor (E-cores up to 4.20 GHz P-cores up to 5.20 GHz),Integrated Intel® Graphics,32 GB DDR5-5600MT/s (SODIMM),1 TB SSD M.2 2280 PCIe Gen4 TLC Opal,"14"" WUXGA (1920 x 1200), IPS, Anti-Glare, Non-Touch, 45%NTSC, 400 nits, 60 Hz",,,"OS: Windows 11 Pro 64 | Warranty: 3 Year Premier | The ThinkPad T14 G6 is a sleek, ultraslim notebook designed for business professionals. It features a powerful Intel® Core™ Ultra 7 processor, 32GB DDR5 memory, and 1TB SSD storage, ensuring seamless multitasking and ample space. The 14"" WUXGA display offers crisp visuals, while the 5MP camera with privacy shutter and fingerprint reader enhance security and usability."
83F0008QMJ,"Legion 5i (15"", Gen 10)",9435.14,https://www.lenovo.com/my/en/p/laptops/legion-laptops/legion-series/lenovo-legion-5i-gen-10-15-inch-intel/83f0008qmj,https://p2-ofp.static.pub/fes/cms/2025/04/14/dmwa5bmukcg6gb3erzii12khrfho4p776428.png,Lenovo Official,Intel® Core™ Ultra 9 275HX Processor (E-cores up to 4.60 GHz P-cores up to 5.40 GHz),NVIDIA® Geforce RTX™ 5070 Laptop GPU 8GB GDDR7,32 GB DDR5-5600MT/s (SODIMM)(2 x 16 GB),1 TB SSD M.2 2242 PCIe Gen4 TLC,"15.1"" WQXGA (2560 x 1600), OLED, Glare, Non-Touch, HDR 600 True Black, 100%DCI-P3, 500 nits, 165 Hz",,,"OS: Windows 11 Home Single Language 64 | Warranty: 2 Year Legion Ultimate Support | The Lenovo Legion 5 15IAX10 offers powerful performance with an Intel® Core™ Ultra 9 processor and NVIDIA® Geforce RTX™ 5070 GPU. Its 15.1"" OLED display with 165Hz refresh rate ensures stunning visuals, while 32GB RAM and 1TB SSD provide ample speed and storage for gamers."
21XECTO1WWMY1,ThinkPad P16s Gen 5,9818.21,https://www.lenovo.com/my/en/p/laptops/thinkpad/thinkpadp/thinkpad-p16s-i-gen-5-16-inch-intel-mobile-workstation/21xecto1wwmy1,https://p1-ofp.static.pub/ShareResource/optimized/pdp/thinkpad/thinkpad-p-series/LEN101T0161/lenovo-thinkbook-p16s-i-gen-5-16-intel-pdp-gallery-1.b6ce943d621c3be8.png,Lenovo Official,Intel® Core™ Ultra 5 336H vPro® Processor (E-cores up to 3.40 GHz P-cores up to 4.60 GHz),NVIDIA RTX PRO™ 500 Blackwell Laptop GPU 6GB GDDR7,16 GB LPDDR5X-8533MT/s (CAMM2),512 GB SSD M.2 2280 PCIe Gen4 TLC Opal,"16"" WUXGA (1920 x 1200), IPS, Anti-Glare, Non-Touch, 45%NTSC, 400 nits, 60Hz",,,"OS: Windows 11 Home 64 | Warranty: 1 Year Courier or Carry-in | The ThinkPad P16s Gen 5 is a powerful workstation designed for creators and professionals. It features a 16"" WUXGA anti-glare display, Intel® Core™ Ultra 5 processor, NVIDIA RTX PRO™ 500 GPU, and 16GB memory for seamless multitasking."
83NNCTO1WWMY1,"Legion Pro 5i (16"", 10)",9973.23,https://www.lenovo.com/my/en/p/laptops/legion-laptops/legion-pro-series/legion-pro-5i-gen-10-16-inch-intel/83nncto1wwmy1,https://p2-ofp.static.pub/fes/cms/2025/10/13/ogyuq0nxb7v3i6ow4r6w85ovvt98zf968017.png,Lenovo Official,14th Generation Intel® Core™ i9-14900HX Processor (E-cores up to 4.10 GHz P-cores up to 5.80 GHz),NVIDIA® GeForce RTX™ 5060 Laptop GPU 8GB GDDR7,32 GB DDR5-5600MT/s (SODIMM) - (2 x 16 GB),512 GB SSD M.2 2242 PCIe Gen4 TLC,"16"" WQXGA (2560 x 1600), IPS, Anti-Glare, Non-Touch, HDR 400, 100%DCI-P3, 500 nits, 240Hz, Low Blue Light",,,"OS: Windows 11 Home Single Language 64 | Warranty: 1 Year Legion Ultimate Support | The Legion Pro 5i (16"", 10) offers top-tier gaming performance with a 14th Gen Intel Core i9 processor and NVIDIA GeForce RTX 5060 GPU. Users praise its exceptional performance, stunning 240Hz WQXGA display, and effective cooling, making it ideal for gamers."
21RSCTO1WWMY1,ThinkPad P16v Gen 3,10371.80,https://www.lenovo.com/my/en/p/laptops/thinkpad/thinkpadp/lenovo-thinkpad-p16v-gen-3-16-inch-intel-mobile-workstation/21rscto1wwmy1,https://p2-ofp.static.pub/fes/cms/2025/08/11/lp43lpwtssm26w702fqj2yocsng976663810.png,Lenovo Official,Intel® Core™ Ultra 7 255H Processor (E-cores up to 4.40 GHz P-cores up to 5.10 GHz),NVIDIA RTX PRO™ 500 Blackwell Laptop GPU 6GB GDDR7,16 GB DDR5-5600MT/s (SODIMM),512 GB SSD M.2 2280 PCIe Gen4 TLC Opal,"16"" WUXGA (1920 x 1200), IPS, Anti-Glare, Non-Touch, 45%NTSC, 400 nits, 60Hz",,,"OS: Windows 11 Home 64 | Warranty: 2 Years Premier Support AI | The ThinkPad P16v Gen 3 offers powerful performance with Intel® Core™ Ultra 7 and NVIDIA RTX PRO™ 500 graphics. Its 16"" WUXGA display ensures vibrant visuals, while features like 16GB DDR5 memory and 512GB SSD storage make it ideal for business professionals."
83KY0067MJ,"Legion 7i (16"", Gen 10)",10454.51,https://www.lenovo.com/my/en/p/laptops/legion-laptops/legion-series/lenovo-legion-7i-gen-10-16-inch-intel/83ky0067mj,https://p4-ofp.static.pub/fes/cms/2025/04/29/6fjgbwegzc4uq5d36igr9a7mldtfew006739.png,Lenovo Official,Intel® Core™ Ultra 9 275HX Processor (E-cores up to 4.60 GHz P-cores up to 5.40 GHz),NVIDIA® Geforce RTX™ 5070 Laptop GPU 8GB GDDR7,32 GB DDR5-5600MT/s (SODIMM)(2 x 16 GB),1 TB SSD M.2 2242 PCIe Gen4 TLC,"16"" WQXGA (2560 x 1600), OLED, Glare, Non-Touch, HDR 1000 True Black, 100%DCI-P3, 500 nits, 165 Hz, Low Blue Light",,,"OS: Windows 11 Home Single Language 64 | Warranty: 3 Year Legion Ultimate Support | The Lenovo Legion 7 Series offers powerful gaming with an Intel® Core™ Ultra 9 processor and NVIDIA® RTX™ 5070 GPU. Its 16"" OLED display delivers stunning visuals with HDR and 165Hz refresh rate, while 32GB RAM and 1TB SSD ensure seamless performance."
21V7CTO1WWMY1,ThinkPad X1 Carbon Gen 14,11334.66,https://www.lenovo.com/my/en/p/laptops/thinkpad/thinkpadx1/lenovo-thinkpad-x1-carbon-gen-14-aura-edition-14-inch-intel/21v7cto1wwmy1,https://p1-ofp.static.pub/ShareResource/optimized/pdp/thinkpad/thinkpad-x1-series/len101t0159/thinkpadx1-gen-14-inch-intel-pdp-gallery-1.png,Lenovo Official,Intel® Core™ Ultra 5 325 Processor (LPE-cores up to 3.40 GHz P-cores up to 4.50 GHz),Integrated Graphics,32 GB LPDDR5X-8533MT/s (Soldered),256 GB SSD M.2 2280 PCIe Gen4 TLC Opal,"14"" WUXGA (1920 x 1200), IPS, Anti-Glare, Touch, 100%sRGB, 500 nits, 60Hz, Low Power",,,"OS: Windows 11 Home 64 | Warranty: 2 Years Premier Support AI | The ThinkPad X1 Carbon Gen 14 offers a sleek design with a 14"" WUXGA touch display and 500 nits brightness. Powered by Intel® Core™ Ultra 5 processor, it features 32GB memory, 256GB SSD storage, and advanced security like a fingerprint reader for professionals."
21NX0095MA,ThinkPad X1 Carbon Gen 13,12302.17,https://www.lenovo.com/my/en/p/laptops/thinkpad/thinkpadx1/thinkpad-x1-carbon-gen-13-aura-edition-14-inch-intel/21nx0095ma,https://p4-ofp.static.pub/fes/cms/2025/02/21/nve0lcn16t4g80h4i0z3kk36teytcd686357.png,Lenovo Official,Intel® Core™ Ultra 7 255U Processor (E-cores up to 4.20 GHz P-cores up to 5.20 GHz),Integrated Intel® Graphics,32 GB LPDDR5X-8533MT/s (Soldered),1 TB SSD M.2 2280 PCIe Gen5 Performance TLC Opal,"14"" WUXGA (1920 x 1200), IPS, Anti-Glare, Non-Touch, 100%sRGB, 500 nits, 60 Hz, Low Power",,,"OS: Windows 11 Pro 64 | Warranty: 3 Year Premier Support Plus | The ThinkPad X1 Carbon G13 offers a sleek ultraslim design with a 14"" WUXGA anti-glare display for vibrant visuals. Equipped with an Intel® Core™ Ultra 7 processor, 32GB memory, and 1TB SSD, it ensures top-tier performance for business professionals."
21RQCTO1WWMY1,ThinkPad P16 Gen 3,12515.66,https://www.lenovo.com/my/en/p/laptops/thinkpad/thinkpadp/lenovo-thinkpad-p16-gen-3-16-inch-intel-mobile-workstation/21rqcto1wwmy1,https://p1-ofp.static.pub/fes/cms/2025/08/14/opx8egacmb1gwc4alw2i8s17mbf54j715958.png,Lenovo Official,Intel® Core™ Ultra 5 245HX vPro® Processor (E-cores up to 4.50 GHz P-cores up to 5.10 GHz),NVIDIA RTX PRO™ 1000 Blackwell Laptop GPU 8GB GDDR7,16 GB DDR5-5600MT/s (SODIMM),512 GB SSD M.2 2280 PCIe Gen4 TLC Opal,"16"" WUXGA (1920 x 1200), IPS, Anti-Glare, Non-Touch, 100%sRGB, 500 nits, 60Hz, Low Power",,,"OS: Windows 11 Home 64 | Warranty: 2 Years Premier Support AI | The ThinkPad P16 Gen 3 offers powerful performance with an Intel® Core™ Ultra 5 processor and NVIDIA RTX PRO™ GPU. Its 16"" WUXGA display delivers vibrant visuals, while features like Wi-Fi 7, fingerprint reader, and backlit keyboard enhance productivity for business professionals."
21QT004HMA,Mobile Workstation P14s Gen 6,13848.36,https://www.lenovo.com/my/en/p/laptops/thinkpad/thinkpadp/lenovo-thinkpad-p14s-gen-6-14-inch-intel-mobile-workstation/21qt004hma,https://p1-ofp.static.pub/fes/cms/2025/08/14/9mv2od3aa0dlrr30uoe6lbwq87ilrz683770.png,Lenovo Official,Intel® Core™ Ultra 7 265H vPro® Processor (E-cores up to 4.50 GHz P-cores up to 5.30 GHz),NVIDIA RTX PRO™ 1000 Blackwell Laptop GPU 8GB GDDR7,32 GB DDR5-5600MT/s (SODIMM),1 TB SSD M.2 2280 PCIe Gen5 Performance TLC Opal,"14.5"" WUXGA (1920 x 1200), IPS, Anti-Glare, Non-Touch, 45%NTSC, 400 nits, 60 Hz",,,"OS: Windows 11 Pro 64 | Warranty: 3 Year Premier | The Mobile Workstation P14s G6 offers a powerful Intel® Core™ Ultra 7 processor and NVIDIA RTX PRO™ 1000 GPU. With 32GB DDR5 memory, 1TB SSD storage, and a 14.5"" WUXGA anti-glare display, it's ideal for business professionals seeking performance and portability."
21UGCTO1WWMY1,ThinkPad T1g Gen 9,14389.89,https://www.lenovo.com/my/en/p/laptops/thinkpad/thinkpadt/thinkpad-t1g-gen-9-16-inch-intel-/21ugcto1wwmy1,https://p4-ofp.static.pub/ShareResource/optimized/pdp/thinkpad/thinkpad-t-series/LEN101T0181/lenovo-thinkpad-t1g-gen-9-16-intel-pdp-gallery-1.png,Lenovo Official,Intel® Core™ Ultra 7 356H Processor (E-cores up to 3.50 GHz P-cores up to 4.70 GHz),NVIDIA® GeForce RTX™ 5060 Laptop GPU 8GB GDDR7,16 GB LPDDR5X-8533MT/s (CAMM2),1 TB SSD M.2 2280 PCIe Gen4 TLC Opal,"16"" WUXGA (1920 x 1200), IPS, Anti-Glare, Non-Touch, 100%sRGB, 500 nits, 60Hz, Low Power",,,"OS: Windows 11 Home 64 | Warranty: 1 Year Courier or Carry-in | The ThinkPad T1g Gen 9 features a powerful Intel® Core™ Ultra 7 processor and NVIDIA® GeForce RTX™ 5060 GPU for seamless performance. With a 16"" WUXGA display, 16GB memory, and 1TB SSD, it ensures speed and clarity. Ideal for business professionals seeking reliability."
21TDCTO1WWMY1,ThinkPad T1g Gen 8,17447.94,https://www.lenovo.com/my/en/p/laptops/thinkpad/thinkpadt/thinkpad-t1g-gen-8-16-inch-intel-laptop/21tdcto1wwmy1,https://p1-ofp.static.pub/fes/cms/2025/08/27/t0589mtmri4kopx36cwsa0nagn3y29341091.png,Lenovo Official,Intel® Core™ Ultra 9 285H vPro® Processor (E-cores up to 4.50 GHz P-cores up to 5.40 GHz),NVIDIA® GeForce RTX™ 5070 Laptop GPU 8GB GDDR7,32 GB LPDDR5X-8533MT/s (CAMM2),512 GB SSD M.2 2280 PCIe Gen5 Performance TLC Opal,"16"" WUXGA (1920 x 1200), IPS, Anti-Glare, Non-Touch, 100%sRGB, 500 nits, 60Hz, Low Power",,,"OS: Windows 11 Home 64 | Warranty: 2 Years Premier Support AI | The ThinkPad T1g Gen 8 is designed for business professionals seeking performance and reliability. It features a powerful Intel® Core™ Ultra 9 processor, vibrant 16"" WUXGA display, and advanced security with a fingerprint reader."
83EYCTO1WWMY1,"Legion 9i (18"", Gen 10)",19391.41,https://www.lenovo.com/my/en/p/laptops/legion-laptops/legion-9-series/legion-9i-gen-10-18-inch-intel/83eycto1wwmy1,https://p1-ofp.static.pub/fes/cms/2025/04/16/0fnu4r058d1x7opdrcxcr0i0x3wb9z678677.png,Lenovo Official,Intel® Core™ Ultra 9 275HX Processor (E-cores up to 4.60 GHz P-cores up to 5.40 GHz),NVIDIA® GeForce RTX™ 5080 Laptop GPU 16GB GDDR7,32 GB DDR5-5200MT/s (SODIMM),1 TB SSD M.2 2280 PCIe Gen5 Performance TLC,"18"" WQUXGA (3840 x 2400), IPS, Glare, Non-Touch, HDR 400, 100%DCI-P3, 520 nits, 240Hz",,,"OS: Windows 11 Home Single Language 64 | Warranty: 1 Year Legion Ultimate Support | The Legion 9i (18"", Gen 10) offers a stunning 18"" WQUXGA display with 240Hz refresh rate for immersive visuals. Powered by an Intel® Core™ Ultra 9 processor and NVIDIA® GeForce RTX™ 5080 GPU, it ensures top-tier gaming performance. Perfect for gamers."
21V5CTO1WWMY1,ThinkPad T16g Gen 3,23193.13,https://www.lenovo.com/my/en/p/laptops/thinkpad/thinkpadt/lenovo-thinkpad-t16g-gen-3-16-inch-intel-laptop/21v5cto1wwmy1,https://p4-ofp.static.pub/fes/cms/2025/12/03/zmo93j2jki1fqniasc59x60qcmvrvj360616.png,Lenovo Official,Intel® Core™ Ultra 9 275HX Processor (E-cores up to 4.60 GHz P-cores up to 5.40 GHz),NVIDIA® GeForce RTX™ 5080 Laptop GPU 16GB GDDR7,48 GB DDR5-5600MT/s (SODIMM),1 TB SSD M.2 2280 PCIe Gen5 Performance TLC Opal,"16"" WUXGA (1920 x 1200), IPS, Anti-Glare, Non-Touch, 100%sRGB, 500 nits, 60Hz, Low Power",,,"OS: Windows 11 Home Single Language 64 | Warranty: 2 Years Premier Support AI | The ThinkPad T16g Gen 3 offers powerful performance with Intel® Core™ Ultra 9 and NVIDIA® GeForce RTX™ 5080 GPU. Its 16"" WUXGA display delivers vibrant visuals, while 48GB memory and 1TB SSD ensure seamless multitasking. Ideal for business professionals."
21V0CTO1WWMY1,ThinkBook 14 Gen 9 (AMD),3596.08,https://www.lenovo.com/my/en/p/laptops/thinkbook/thinkbook-series/lenovo-thinkbook-14-gen-9-14-inch-amd/21v0cto1wwmy1,https://p3-ofp.static.pub/fes/cms/2025/10/30/dlk41htqvwl5dflayp8q4hr2rfi3a1542517.png,Lenovo Official,AMD Ryzen™ 5 220 Processor (3.20 GHz up to 4.90 GHz),Integrated Graphics,8 GB DDR5-5600MT/s (SODIMM),256 GB SSD M.2 2242 PCIe Gen4 TLC,"14"" WUXGA (1920 x 1200), IPS, Anti-Glare, Non-Touch, 45%NTSC, 400 nits, 60Hz",,,"OS: Windows 11 Home Single Language 64 | Warranty: 1 Year On-site | The ThinkBook 14 Gen 9 (AMD) offers a sleek design with Arctic Grey finish and a bright 14"" WUXGA anti-glare display. Equipped with an AMD Ryzen™ 5 processor, 8GB DDR5 memory, and 256GB SSD storage, it's ideal for business professionals seeking performance and portability."
21UTCTO1WWMY1,ThinkBook 16 Gen 9 (AMD),3694.50,https://www.lenovo.com/my/en/p/laptops/thinkbook/thinkbook-series/lenovo-thinkbook-16-gen-9-16-inch-amd/21utcto1wwmy1,https://p1-ofp.static.pub/fes/cms/2025/10/31/368xchjd8ujz7l8upvqetezfujuqcb068985.png,Lenovo Official,AMD Ryzen™ 5 220 Processor (3.20 GHz up to 4.90 GHz),Integrated Graphics,8 GB DDR5-5600MT/s (SODIMM),256 GB SSD M.2 2242 PCIe Gen4 TLC,"16"" WUXGA (1920 x 1200), IPS, Anti-Glare, Non-Touch, 45%NTSC, 400 nits, 60Hz",,,"OS: Windows 11 Home Single Language 64 | Warranty: 1 Year On-site | The ThinkBook 16 Gen 9 (AMD) offers a sleek Arctic Grey design and a vibrant 16"" WUXGA anti-glare display. Powered by an AMD Ryzen™ 5 processor, 8 GB DDR5 memory, and 256 GB SSD storage, it ensures reliable performance for business users."
21UYCTO1WWMY1,ThinkBook 14 Gen 9,3727.98,https://www.lenovo.com/my/en/p/laptops/thinkbook/thinkbook-series/lenovo-thinkbook-14-gen-9-14-inch-intel/21uycto1wwmy1,https://p2-ofp.static.pub/fes/cms/2025/11/11/rvrvvqu8mffodlq86p2x59gbig8f4x532524.png,Lenovo Official,Intel® Core™ 5 210H Processor (E-cores up to 3.60 GHz P-cores up to 4.80 GHz),Integrated Graphics,8 GB DDR5-5600MT/s (SODIMM),256 GB SSD M.2 2242 PCIe Gen4 TLC,"14"" WUXGA (1920 x 1200), IPS, Anti-Glare, Non-Touch, 45%NTSC, 400 nits, 60Hz",,,"OS: Windows 11 Home Single Language 64 | Warranty: 1 Year On-site | The ThinkBook 14 Gen 9 offers a sleek Arctic Grey design with a vibrant 14"" WUXGA anti-glare display. Powered by Intel® Core™ 5 processor, it features 8GB DDR5 memory, 256GB SSD storage, and advanced Wi-Fi 6 for seamless multitasking and connectivity."
83S1CTO1WWMY1,"IdeaPad Slim 5a (14"", Gen 11)",3861.75,https://www.lenovo.com/my/en/p/laptops/ideapad/ideapad-slim-series/lenovo-ideapad-slim-5a-gen-11-14-inch-amd-laptop/83s1cto1wwmy1,https://p3-ofp.static.pub/ShareResource/optimized/pdp/ideapad/ideapad-slim-series/len101i0131/lenovo-ideapad-slim-5a-gen-11-14-amd-agp-pdp-gallery-1.c91a0d90bd026150.png,Lenovo Official,AMD Ryzen™ AI 5 430 Processor (2.00 GHz up to 4.50 GHz),Integrated Graphics,16 GB DDR5-5600MT/s (SODIMM) - (2 x 8 GB),512 GB SSD M.2 2242 PCIe Gen4 QLC,"14"" WUXGA (1920 x 1200), IPS, Anti-Glare, Non-Touch, 45%NTSC, 400 nits, 60Hz",,,"OS: Windows 11 Home Single Language 64 | Warranty: 1 Year Carry-in | The IdeaPad Slim 5a (14"", Gen 11) offers a sleek design with a vibrant 14"" WUXGA display for clear visuals. Equipped with an AMD Ryzen™ AI 5 processor, 16GB DDR5 memory, and 512GB SSD, it ensures smooth performance for everyday use and students."
83KRCTO1WWMY1,"IdeaPad 5i 2-in-1 (14'', Gen 10)",4201.85,https://www.lenovo.com/my/en/p/laptops/ideapad/ideapad-2-in-1-series/lenovo-ideapad-5i-2-in-1-gen-10-14-inch-intel/83krcto1wwmy1,https://p2-ofp.static.pub/fes/cms/2025/02/28/dce8vpy5nflj8o0hygfwgnvn7y9bkz285044.png,Lenovo Official,Intel® Core™ Ultra 5 225U Processor (E-cores up to 3.80 GHz P-cores up to 4.80 GHz),Integrated Graphics,16 GB LPDDR5X-8000MT/s (Soldered),256 GB SSD M.2 2242 PCIe Gen4 TLC,"14"" WUXGA (1920 x 1200), IPS, Glare, Touch, 45%NTSC, 300 nits, 60Hz, Glass",,,"OS: Windows 11 Home Single Language 64 | Warranty: 1 Year Carry-in | The IdeaPad 5i 2-in-1 (14'', Gen 10) offers a versatile touch display and a lightweight design for everyday use. Equipped with an Intel® Core™ Ultra 5 processor, 16GB memory, and 256GB SSD, it ensures smooth performance for students and professionals alike."
83S5CTO1WWMY1,"IdeaPad Slim 5i (14"", Gen 11)",4241.58,https://www.lenovo.com/my/en/p/laptops/ideapad/ideapad-slim-series/lenovo-ideapad-slim-5i-gen-11-14-inch-intel/83s5cto1wwmy1,https://p4-ofp.static.pub/ShareResource/optimized/pdp/ideapad/ideapad-slim-series/len101i0133/lenovo-ideapad-slim-5i-gen-11-14-intel-pdp-gallery-1.4f5322f66eb8c732.png,Lenovo Official,Intel® Core™ Ultra 5 325 Processor (LPE-cores up to 3.40 GHz P-cores up to 4.50 GHz),Integrated Graphics,16 GB DDR5-5600MT/s (SODIMM) - (2 x 8 GB),512 GB SSD M.2 2242 PCIe Gen4 QLC,"14"" WUXGA (1920 x 1200), IPS, Anti-Glare, Non-Touch, 45%NTSC, 400 nits, 60Hz",,,"OS: Windows 11 Home Single Language 64 | Warranty: 1 Year Carry-in | The IdeaPad Slim 5i (14"", Gen 11) features a sleek design with a vibrant 14"" WUXGA display for immersive visuals. Powered by an Intel® Core™ Ultra 5 processor, 16GB DDR5 memory, and 512GB SSD, it ensures smooth multitasking and ample storage for students."
83S2CTO1WWMY1,"IdeaPad Slim 5a (16"", Gen 11)",4389.98,https://www.lenovo.com/my/en/p/laptops/ideapad/ideapad-slim-series/lenovo-ideapad-slim-5a-gen-11-16-inch-amd-laptop/83s2cto1wwmy1,https://p2-ofp.static.pub/ShareResource/optimized/pdp/ideapad/ideapad-slim-series/len101i0140/lenovo-ideapad-slim-5a-gen-11-16-amd-pdp-gallery-1.569505cf364158e0.png,Lenovo Official,AMD Ryzen™ AI 7 445 Processor (2.00 GHz up to 4.60 GHz),Integrated Graphics,16 GB DDR5-5600MT/s (SODIMM) - (2 x 8 GB),512 GB SSD M.2 2242 PCIe Gen4 QLC,"16"" WUXGA (1920 x 1200), OLED, Glare, Non-Touch, 100%DCI-P3, 300 nits, 60Hz",,,"OS: Windows 11 Home Single Language 64 | Warranty: 1 Year Carry-in | The IdeaPad Slim 5a (16"", Gen 11) offers a stunning 16"" OLED display with vibrant colors and sharp resolution. Powered by an AMD Ryzen™ AI 7 processor, 16GB memory, and 512GB SSD, it's perfect for students seeking performance and portability."
21USCTO1WWMY1,ThinkBook 16 Gen 9,4446.08,https://www.lenovo.com/my/en/p/laptops/thinkbook/thinkbook-series/lenovo-thinkbook-16-gen-9-16-inch-intel/21uscto1wwmy1,https://p2-ofp.static.pub/fes/cms/2025/11/03/a9qbmbv72xs2lts5yadaw9g0a7jn06523261.png,Lenovo Official,13th Generation Intel® Core™ i5-13420H Processor (E-cores up to 3.40 GHz P-cores up to 4.60 GHz),Integrated Graphics,16 GB DDR5-5200MT/s (SODIMM),512 GB SSD M.2 2242 PCIe Gen4 QLC,"16"" WUXGA (1920 x 1200), IPS, Anti-Glare, Non-Touch, 45%NTSC, 400 nits, 60Hz",,,"OS: Windows 11 Home Single Language 64 | Warranty: 1 Year On-site | The ThinkBook 16 Gen 9 offers a powerful Intel® Core™ i5 processor and 16GB DDR5 memory for seamless multitasking. Its 16"" WUXGA anti-glare display ensures vibrant visuals, while the 512GB SSD provides ample storage. Ideal for business professionals seeking performance and reliability."
21URCTO1WWMY1,ThinkBook 16 Gen 9,5234.35,https://www.lenovo.com/my/en/p/laptops/thinkbook/thinkbook-series/lenovo-thinkbook-16-gen-9-16-inch-intel/21urcto1wwmy1,https://p2-ofp.static.pub/ShareResource/optimized/pdp/thinkbook/thinkbook-series/len101b0062/lenovo-thinkbook-16-gen-9-16-intel-pdp-gallery-1.png,Lenovo Official,Intel® Core™ Ultra 5 325 Processor (LPE-cores up to 3.40 GHz P-cores up to 4.50 GHz),Integrated Graphics,16 GB DDR5-5600MT/s (SODIMM) - (2 x 8 GB),256 GB SSD M.2 2242 PCIe Gen4 TLC,"16"" WUXGA (1920 x 1200), IPS, Anti-Glare, Non-Touch, 45%NTSC, 400 nits, 60Hz",,,"OS: Windows 11 Home 64 | Warranty: 1 Year On-site | The ThinkBook 16 Gen 9 offers a 16"" WUXGA display with anti-glare and 400 nits brightness for clear visuals. Powered by an Intel® Core™ Ultra 5 processor, 16GB DDR5 memory, and 256GB SSD, it's ideal for students seeking performance and portability."
83SLCTO1WWMY1,Lenovo LOQ 15IPH11,7038.69,https://www.lenovo.com/my/en/p/laptops/loq-laptops/lenovo-loq-15iph11-(intel)-laptop/83slcto1wwmy1,https://p4-ofp.static.pub/ShareResource/optimized/pdp/loq/loq-15-series/len101q0017/loq-15iph11-gallery1.png,Lenovo Official,Intel® Core™ Ultra 7 355 Processor (LPE-cores up to 3.50 GHz P-cores up to 4.70 GHz),NVIDIA® GeForce RTX™ 5050 Laptop GPU 8GB GDDR7,16 GB DDR5-5600MT/s (SODIMM),512 GB SSD M.2 2242 PCIe Gen4 QLC,"15.3"" WUXGA (1920 x 1200), IPS, Anti-Glare, Non-Touch, 100%sRGB, 300 nits, 165Hz",,,"OS: Windows 11 Home Single Language 64 | Warranty: 1 Year PremiumCare | The Lenovo LOQ 15IPH11 laptop is designed for gamers with Intel Core Ultra processors and NVIDIA GeForce RTX graphics. Its lightweight, sleek design ensures portability, while advanced features like Nahimic Audio and Xbox Game Pass enhance gaming experiences."
21Q6CTO1WWMY1,ThinkPad X9-15 Gen 1,7453.03,https://www.lenovo.com/my/en/p/laptops/thinkpad/thinkpadx9/thinkpad-x9-aura-edition-15-inch-intel/21q6cto1wwmy1,https://p4-ofp.static.pub/ShareResource/optimized/pdp/thinkpad/thinkpad-x9-series/len101t0111/lenovo-thinkpad-x9-aura-edition-15-intel-pdp-gallery-1.bcab47c868c74e7e.png,Lenovo Official,Intel® Core™ Ultra 5 228V Processor (LPE-cores up to 3.50 GHz P-cores up to 4.50 GHz / 32 GB MOP),Integrated Intel® Arc™ Graphics,32 GB LPDDR5X-8533MT/s (Memory on Package),256 GB SSD M.2 2242 PCIe Gen4 TLC Opal,"15.3"" 2.8K (2880 x 1800), OLED, Anti-Reflection/Anti-Smudge, Non-Touch, HDR 600 True Black, 100%DCI-P3, 500 nits, 120Hz",,,"OS: Windows 11 Home 64 | Warranty: 2 Years Premier Support AI | The ThinkPad X9-15 Gen 1 offers a stunning 15.3"" 2.8K OLED display, lightweight design, and excellent battery life. Users praise its premium build quality, comfortable keyboard, and reliable performance, making it ideal for business professionals."
21NSCTO1WWMY1,ThinkPad X1 Carbon Gen 13 Aura Edition,8544.67,https://www.lenovo.com/my/en/p/laptops/thinkpad/thinkpadx1/thinkpad-x1-carbon-gen-13-aura-edition-14-inch-intel/21nscto1wwmy1,https://p4-ofp.static.pub/ShareResource/cap/image/thinkpad-x1-len101t0108-01.jpg,Lenovo Official,Intel® Core™ Ultra 5 228V Processor (LPE-cores up to 3.50 GHz P-cores up to 4.50 GHz / 32 GB MOP),Integrated Intel® Arc™ Graphics,32 GB LPDDR5X-8533MT/s (Memory on Package),256 GB SSD M.2 2280 PCIe Gen4 TLC Opal,"14"" WUXGA (1920 x 1200), IPS, Anti-Glare, Touch, 100%sRGB, 500 nits, 60Hz, Low Power",,,"OS: Windows 11 Home 64 | Warranty: 2 Years Premier Support AI | The ThinkPad X1 Carbon Gen 13 Aura Edition is a premium, ultra-lightweight laptop designed for business professionals. It offers advanced AI features, exceptional battery life, and a sustainable design, making it perfect for productivity and eco-conscious users."
21VVCTO1WWMY1,ThinkPad X9-15p Gen 1,11908.27,https://www.lenovo.com/my/en/p/laptops/thinkpad/thinkpadx9/thinkpad-x9-15p-aura-edition-15-inch-intel/21vvcto1wwmy1,https://p1-ofp.static.pub/ShareResource/optimized/pdp/thinkpad/thinkpad-x-series/len101t0162/lenovo-thankpad-x9-15p-aura-edition-intel-pdp-gallery-1.f2a2163df1b1b710.png,Lenovo Official,Intel® Core™ Ultra X7 358H Processor (E-cores up to 3.50 GHz P-cores up to 4.80 GHz),Integrated Intel® Arc™ Graphics,32 GB LPDDR5X-9600MT/s (Soldered),1 TB SSD M.2 2280 PCIe Gen4 TLC Opal,"15.3"" 2.8K (2880 x 1800), OLED, Anti-Reflection/Anti-Smudge, Non-Touch, HDR 1000 True Black, 100%DCI-P3, 500 nits, 120Hz",,,"OS: Windows 11 Home 64 | Warranty: 2 Years Premier Support AI | The ThinkPad X9-15p Gen 1 offers a stunning 15.3"" 2.8K OLED display with vibrant colors and smooth 120Hz refresh rate. Equipped with an Intel® Core™ Ultra processor, 32GB memory, and 1TB SSD, it ensures seamless multitasking for business professionals."
83RQCTO1WWMY1,"IdeaPad Slim 3i (14"", Gen 11)",3261.92,https://www.lenovo.com/my/en/p/laptops/ideapad/ideapad-slim-series/lenovo-ideapad-slim-3i-gen-11-14-inch-intel/83rqcto1wwmy1,https://p2-ofp.static.pub/ShareResource/optimized/ideapad/ideapad-slim-3i-gen11-intel/lenovo-ideapad-slim-3i-gen-11-14-intel-pdp-gallery-1.png,Lenovo Official,Intel® Core™ 5 320 Processor (LPE-cores up to 3.40 GHz P-cores up to 4.60 GHz),Integrated Graphics,8 GB DDR5-5600MT/s (SODIMM),256 GB SSD M.2 2242 PCIe Gen4 TLC,"14"" WUXGA (1920 x 1200), IPS, Anti-Glare, Non-Touch, 45%NTSC, 400 nits, 60Hz",,,"OS: Windows 11 Home Single Language 64 | Warranty: 1 Year Carry-in | The IdeaPad Slim 3i (14"", Gen 11) offers a sleek design with a vibrant 14"" WUXGA anti-glare display. Powered by an Intel® Core™ processor, 8GB DDR5 memory, and 256GB SSD storage, it ensures smooth performance for students and everyday users."
83RRCTO1WWMY2,"IdeaPad Slim 3i (15"", Gen 11)",3296.12,https://www.lenovo.com/my/en/p/laptops/ideapad/ideapad-slim-series/lenovo-ideapad-slim-3i-gen-11-15-inch-intel/83rrcto1wwmy2,https://p1-ofp.static.pub/ShareResource/optimized/IdeaPad-Slim-3i-Gen11-15-Intel/lenovo-ideapad-slim-3i-gen-11-15-intel-pdp-gallery-1.png,Lenovo Official,Intel® Core™ 5 320 Processor (LPE-cores up to 3.40 GHz P-cores up to 4.60 GHz),Integrated Graphics,8 GB DDR5-5600MT/s (SODIMM),256 GB SSD M.2 2242 PCIe Gen4 TLC,"15.3"" WUXGA (1920 x 1200), IPS, Anti-Glare, Non-Touch, 45%NTSC, 400 nits, 60Hz",,,"OS: Windows 11 Home Single Language 64 | Warranty: 1 Year Carry-in | The IdeaPad Slim 3i (15"", Gen 11) offers a sleek design and reliable performance for everyday use and entertainment. It features a 15.3"" WUXGA display, Intel® Core™ i5 processor, 8GB DDR5 memory, and 256GB SSD storage, ideal for students and casual users."
83VSCTO1WWMY1,"IdeaPad Slim 3i (17"", Gen 11)",3340.82,https://www.lenovo.com/my/en/p/laptops/ideapad/ideapad-slim-series/ideapad-slim-3i-gen-11-17-inch-intel-/83vscto1wwmy1,https://p1-ofp.static.pub/ShareResource/optimized/pdp/ideapad/ideapad-slim-series/LEN101I0152/lenovo-ideapad-slim-3i-gen-11-17-intel-pdp-gallery-1.png,Lenovo Official,Intel® Core™ 5 320 Processor (LPE-cores up to 3.40 GHz P-cores up to 4.60 GHz),Integrated Graphics,8 GB DDR5-5600MT/s (SODIMM),256 GB SSD M.2 2242 PCIe Gen4 TLC,"17.3"" FHD (1920 x 1080), IPS, Anti-Glare, Non-Touch, 72%NTSC, 300 nits, 60Hz",,,"OS: Windows 11 Home Single Language 64 | Warranty: 1 Year Carry-in | The IdeaPad Slim 3i (17"", Gen 11) offers a large 17.3"" FHD display with anti-glare for immersive viewing. Powered by Intel® Core™ 5 320, 8GB DDR5 memory, and 256GB SSD, it ensures smooth performance for everyday tasks and entertainment."
83S0CTO1WWMY1,Lenovo LOQ Essential 15ARP10,4789.67,https://www.lenovo.com/my/en/p/laptops/loq-laptops/lenovo-loq-essential-15arp10/83s0cto1wwmy1,https://p2-ofp.static.pub/fes/cms/2025/09/15/hk2sn6r6wqe6l7yqw6zqwla92ssgqp750595.png,Lenovo Official,AMD Ryzen™ 5 7535HS Processor (3.30 GHz up to 4.55 GHz),NVIDIA® GeForce RTX™ 3050 Laptop GPU 6GB GDDR6,16 GB DDR5-4800MT/s (SODIMM),512 GB SSD M.2 2242 PCIe Gen4 QLC,"15.6"" FHD (1920 x 1080), IPS, Anti-Glare, Non-Touch, 100%sRGB, 300 nits, 144Hz",,,"OS: Windows 11 Home Single Language 64 | Warranty: 1 Year PremiumCare | The Lenovo LOQ Essential 15ARP10 is a powerful gaming laptop with an AMD Ryzen™ 5 processor and NVIDIA® GeForce RTX™ 3050 GPU. It features a 15.6"" FHD display with 144Hz refresh rate, 16GB DDR5 memory, and 512GB SSD storage, perfect for smooth gaming experiences."
21UXCTO1WWMY1,ThinkBook 14 Gen 9,5347.06,https://www.lenovo.com/my/en/p/laptops/thinkbook/thinkbook-series/lenovo-thinkbook-14-gen-9-14-inch-intel/21uxcto1wwmy1,https://p2-ofp.static.pub/ShareResource/optimized/pdp/thinkbook/thinkbook-series/len101b0063/lenovo-thinkbook-14-gen-9-14-intel-pdp-gallery-1.png,Lenovo Official,Intel® Core™ Ultra 5 325 Processor (LPE-cores up to 3.40 GHz P-cores up to 4.50 GHz),Integrated Graphics,16 GB DDR5-5600MT/s (SODIMM) - (2 x 8 GB),256 GB SSD M.2 2242 PCIe Gen4 TLC,"14"" WUXGA (1920 x 1200), IPS, Anti-Glare, Non-Touch, 45%NTSC, 400 nits, 60Hz",,,"OS: Windows 11 Home 64 | Warranty: 1 Year On-site | The ThinkBook 14 Gen 9 offers a sleek design with Arctic Grey finish and powerful Intel® Core™ Ultra 5 processor. It features a 14"" WUXGA anti-glare display, 16GB DDR5 memory, and 256GB SSD storage, making it ideal for students and professionals alike."
21SK00BTMA,Lenovo ThinkBook 16 Gen 8 (16” Intel),5376.65,https://www.lenovo.com/my/en/p/laptops/thinkbook/thinkbook-series/lenovo-thinkbook-16-gen-8-16-inch-intel/21sk00btma,https://p4-ofp.static.pub/fes/cms/2025/01/15/109wcm0ihbqeuihmi7qlwpyl50oxy2108880.png,Lenovo Official,Intel® Core™ Ultra 5 225H Processor (E-cores up to 4.30 GHz P-cores up to 4.90 GHz),Integrated Intel® Arc™ 130T GPU,16 GB DDR5-5600MT/s (SODIMM),512 GB SSD M.2 2242 PCIe Gen4 QLC,"16"" WUXGA (1920 x 1200), IPS, Anti-Glare, Non-Touch, 45%NTSC, 300 nits, 60 Hz",,,"OS: Windows 11 Pro 64 | Warranty: 3 Year On-site | The Lenovo ThinkBook 16 G8 IAL offers a powerful Intel® Core™ Ultra 5 processor and a vibrant 16"" WUXGA display. With 16GB DDR5 memory, 512GB SSD storage, and Wi-Fi 6E, it's perfect for students and professionals needing reliable performance."
83LY004EMJ,"Legion 5i (15"",  Gen 10)",8880.63,https://www.lenovo.com/my/en/p/laptops/legion-laptops/legion-series/lenovo-legion-5i-gen-10-15-inch-intel/83ly004emj,https://p2-ofp.static.pub/fes/cms/2025/04/14/dmwa5bmukcg6gb3erzii12khrfho4p776428.png,Lenovo Official,14th Generation Intel® Core™ i9-14900HX Processor (E-cores up to 4.10 GHz P-cores up to 5.80 GHz),NVIDIA® Geforce RTX™ 5070 Laptop GPU 8GB GDDR7,32 GB DDR5-5600MT/s (SODIMM)(2 x 16 GB),1 TB SSD M.2 2242 PCIe Gen4 TLC,"15.1"" WQXGA (2560 x 1600), OLED, Glare, Non-Touch, HDR 600 True Black, 100%DCI-P3, 500 nits, 165 Hz",,,"OS: Windows 11 Home Single Language 64 | Warranty: 2 Year Legion Ultimate Support | The Lenovo Legion 5 15IRX10 is a powerful gaming laptop with a 14th Gen Intel® Core™ i9 processor and NVIDIA® RTX™ 5070 GPU. It features a stunning 15.1"" OLED display with 165Hz refresh rate, 32GB DDR5 memory, 1TB SSD storage, and customizable RGB keyboard for gamers."
83KJCTO1WWMY1,"Yoga Book 9i (14"", Gen 10)",10104.35,https://www.lenovo.com/my/en/p/laptops/yoga/yoga-2-in-1-series/yoga-book-9i-gen-10-14-inch-intel/83kjcto1wwmy1,https://p3-ofp.static.pub/fes/cms/2024/11/21/bamhxh0zi9od1fjdqburctqu2ovmx4654163.png,Lenovo Official,Intel® Core™ Ultra 7 255H Processor (E-cores up to 4.40 GHz P-cores up to 5.10 GHz),Integrated Graphics,32 GB LPDDR5X-8400MT/s (Soldered),512 GB SSD M.2 2242 PCIe Gen4 TLC,"14"" 2.8K (2880 x 1800), OLED, Glare, Touch, HDR 600 True Black, 100%DCI-P3, 500 nits, 120Hz, Glass",,,"OS: Windows 11 Home Single Language 64 | Warranty: 1 Year PremiumCare | The Yoga Book 9i (14"", Gen 10) features a stunning 14"" 2.8K OLED touchscreen with vibrant colors and smooth 120Hz refresh rate. With 32GB memory, 512GB SSD storage, and Intel® Core™ Ultra 7 processor, it's perfect for creators seeking performance and style."
83F5004PMJ,"Legion Pro 7i (16″, Gen 10)",12160.57,https://www.lenovo.com/my/en/p/laptops/legion-laptops/legion-pro-series/legion-pro-7i-gen-10-16-inch-intel/83f5004pmj,https://p1-ofp.static.pub/fes/cms/2025/10/12/cq22o5msdad5to7arfxsmmf6bsu6n4599010.png,Lenovo Official,Intel® Core™ Ultra 9 275HX Processor (E-cores up to 4.60 GHz P-cores up to 5.40 GHz),NVIDIA® Geforce RTX™ 5070 Ti Laptop GPU 12GB GDDR7,32 GB DDR5-6400MT/s (CSODIMM)(2 x 16 GB),1 TB SSD M.2 2242 PCIe Gen4 TLC,"16"" WQXGA (2560 x 1600), OLED, Glare, Non-Touch, HDR 1000 True Black, 100%DCI-P3, 500 nits, 240 Hz, Low Blue Light",,,"OS: Windows 11 Home Single Language 64 | Warranty: 3 Year Legion Ultimate Support | The Lenovo Legion Pro 7 offers powerful gaming performance with an Intel® Core™ Ultra 9 processor and NVIDIA® RTX™ 5070 Ti GPU. Its 16"" OLED display with 240Hz refresh rate ensures stunning visuals, while 32GB RAM and 1TB SSD provide seamless multitasking and storage."
83F5004VMJ,"Legion Pro 7i (16″, Gen 10)",14136.22,https://www.lenovo.com/my/en/p/laptops/legion-laptops/legion-pro-series/legion-pro-7i-gen-10-16-inch-intel/83f5004vmj,https://p1-ofp.static.pub/fes/cms/2025/10/12/cq22o5msdad5to7arfxsmmf6bsu6n4599010.png,Lenovo Official,Intel® Core™ Ultra 9 275HX Processor (E-cores up to 4.60 GHz P-cores up to 5.40 GHz),NVIDIA® Geforce RTX™ 5080 Laptop GPU 16GB GDDR7,32 GB DDR5-6400MT/s (CSODIMM)(2 x 16 GB),1 TB SSD M.2 2242 PCIe Gen4 TLC,"16"" WQXGA (2560 x 1600), OLED, Glare, Non-Touch, HDR 1000 True Black, 100%DCI-P3, 500 nits, 240 Hz, Low Blue Light",,,"OS: Windows 11 Home Single Language 64 | Warranty: 3 Year Legion Ultimate Support | The Lenovo Legion Pro 7 is a high-performance gaming laptop with an Intel® Core™ Ultra 9 processor and NVIDIA® Geforce RTX™ 5080 GPU. It features a stunning 16"" WQXGA OLED display with 240Hz refresh rate, 32GB DDR5 memory, 1TB SSD storage, and Wi-Fi 7 connectivity."
21UY009EMA,Lenovo ThinkBook 14 G9 IRL,4836.67,https://www.lenovo.com/my/en/p/laptops/thinkbook/thinkbook-series/lenovo-thinkbook-14-gen-9-14-inch-intel/21uy009ema,https://p2-ofp.static.pub/fes/cms/2025/11/11/rvrvvqu8mffodlq86p2x59gbig8f4x532524.png,Lenovo Official,Intel® Core™ 5 210H Processor (E-cores up to 3.60 GHz P-cores up to 4.80 GHz),Integrated Intel® Graphics,16 GB DDR5-5600MT/s (SODIMM),512 GB SSD M.2 2242 PCIe Gen4 QLC,"14"" WUXGA (1920 x 1200), IPS, Anti-Glare, Non-Touch, 45%NTSC, 400 nits, 60 Hz",,,"OS: Windows 11 Pro 64 | Warranty: 3 Year On-site | The Lenovo ThinkBook 14 G9 IRL offers a sleek, ultraslim design with a 14"" WUXGA anti-glare display for clear visuals. Equipped with an Intel® Core™ i5 processor, 16GB DDR5 memory, and 512GB SSD, it ensures smooth multitasking for students and professionals."
21V0006CMA,Lenovo ThinkBook 14 G9 AHP,5115.68,https://www.lenovo.com/my/en/p/laptops/thinkbook/thinkbook-series/lenovo-thinkbook-14-gen-9-14-inch-amd/21v0006cma,https://p3-ofp.static.pub/fes/cms/2025/10/30/dlk41htqvwl5dflayp8q4hr2rfi3a1542517.png,Lenovo Official,AMD Ryzen™ 7 250 Processor (3.30 GHz up to 5.10 GHz),Integrated AMD Radeon™ 780M,16 GB DDR5-5600MT/s (SODIMM),512 GB SSD M.2 2242 PCIe Gen4 QLC,"14"" WUXGA (1920 x 1200), IPS, Anti-Glare, Non-Touch, 45%NTSC, 400 nits, 60 Hz",,,"OS: Windows 11 Pro 64 | Warranty: 3 Year On-site | The Lenovo ThinkBook 14 G9 AHP is a lightweight and sleek laptop designed for SMB professionals. It features a powerful AMD Ryzen™ 7 processor, 16GB DDR5 memory, and a 14"" WUXGA display for enhanced productivity. With Wi-Fi 7, a 512GB SSD, and a 3-year on-site warranty, it ensures seamless performance and reliability."
35712,"ASUS ExpertBook P5 G1 (16"" Intel)",,https://www.asus.com/my/laptops/for-work/expertbook/asus-expertbook-p5-g1-16-intel/,https://dlcdnwebimgs.asus.com/gain/3615bd20-7b18-4bc1-91cd-415f2c6623d6/w185,ASUS Official,Up to Intel ® Core™ Ultra 7 processors,Intel Integrated Graphics,,Dual-SSD support up to 6TB storage,,,Long-lasting 70Wh battery,"Windows 11 Pro - ASUS recommends Windows 11 Pro for business | Up to 45W TDP with ExpertCool thermal | Sleek, ergonomic design | ASUS MyExpert AI assistant"
34706,"ASUS ExpertBook P5 G1 (14"" Intel)",7999.00,https://www.asus.com/my/laptops/for-work/expertbook/asus-expertbook-p5-g1-14-intel/,https://dlcdnwebimgs.asus.com/gain/4137420c-4450-480b-8570-fd038423c3d7/w185,ASUS Official,Up to Intel ® Core™ Ultra 7 processors,Intel Integrated Graphics,,Dual-SSD support up to 6TB storage,,,Long-lasting 70Wh battery,"Windows 11 Pro - ASUS recommends Windows 11 Pro for business | Up to 45W TDP with ExpertCool thermal | Sleek, ergonomic design | ASUS MyExpert AI assistant"
28617,ASUS Vivobook 16 (M1607); Copilot+ PC,,https://www.asus.com/my/laptops/for-home/vivobook/asus-vivobook-16-m1607/,https://dlcdnwebimgs.asus.com/gain/c91634e5-c855-4506-9422-cf3bea340916/w185,ASUS Official,Up to AMD Ryzen™ AI 7 350 processor,Up to AMD Radeon™ Graphics,Up to 32 GB DDR5 memory,Up to 1 TB PCIe ® 4.0 x4 SSD,16” 16:10 FHD IPS 60 Hz NanoEdge display,,,Windows 11 Home - ASUS recommends Windows 11 Pro for business | Larger touchpad with Smart Gesture | FHD IR camera with face recognition
22440,ASUS Vivobook 14 (M1405),,https://www.asus.com/my/laptops/for-home/vivobook/asus-vivobook-14-oled-m1405/,https://dlcdnwebimgs.asus.com/gain/0d9cc1c7-5c0f-422f-89ea-6ccb9cf32cce/w185,ASUS Official,Up to AMD Ryzen™ 7 170 processor,AMD Radeon Graphics,Up to 16 GB DDR5 memory,Up to 1 TB SSD storage,14” WUXGA (1920 x 1200) NanoEdge display,,,Windows 11 Home - ASUS recommends Windows 11 Home for business | Optional fingerprint login sensor | ASUS Antimicrobial Guard Plus | Military-grade durability
90NR0LP2-M008C0,ROG Strix G18 (2026),14999.00,https://rog.asus.com/my/laptops/rog-strix/rog-strix-g18-2026/,https://dlcdnwebimgs.asus.com/gain/D293897B-7F67-4CC9-8C4E-7796764031C8/w185,ASUS Official,Intel® Core™ Ultra 9 Processor 290HX Plus,NVIDIA® GeForce RTX™ 5060 Laptop GPU,,1TB M.2 NVMe™ PCIe® 4.0 SSD storage,"18"" 2.5K (2560 x 1600, WQXGA) 16:10 300Hz ROG Nebula Display",,,Windows 11 Home
90NR0LJ1-M00BK0,ROG Strix G16 (2026),13999.00,https://rog.asus.com/my/laptops/rog-strix/rog-strix-g16-2026/,https://dlcdnwebimgs.asus.com/gain/24000A14-8DB0-43FB-A670-FD5C6A052144/w185,ASUS Official,Intel® Core™ Ultra 9 Processor 290HX Plus,NVIDIA® GeForce RTX™ 5060 Laptop GPU,,1TB M.2 NVMe™ PCIe® 4.0 SSD storage,"16"" 2.5K (2560 x 1600, WQXGA) 16:10 300Hz ROG Nebula Display",,,Windows 11 Home
90NR0LF1-M00SH0,ROG Strix SCAR 18 (2026),32999.00,https://rog.asus.com/my/laptops/rog-strix/rog-strix-scar-18-2026/,https://dlcdnwebimgs.asus.com/gain/6B2FAE90-9A5A-4758-91EE-073829291922/w185,ASUS Official,Intel® Core™ Ultra 9 Processor 290HX Plus,NVIDIA® GeForce RTX™ 5090 Laptop GPU,,1TB + 1TB M.2 NVMe™ PCIe® 4.0 Performance SSD storage (RAID 0),"18"" 4K (3840 x 2400) 16:10 240Hz ROG Nebula HDR Display",,,Windows 11 Home
90NR0NT2-M002W0,ROG Zephyrus Duo (2026),36999.00,https://rog.asus.com/my/laptops/rog-zephyrus/rog-zephyrus-duo-2026/,https://dlcdnwebimgs.asus.com/gain/52E0E939-8413-4B35-8197-0F581DB0CC30/w185,ASUS Official,Intel® Core™ Ultra 9 Processor 386H,NVIDIA® GeForce RTX™ 5090 Laptop GPU,,2TB PCIe® 5.0 NVMe™ M.2 Performance SSD storage,"16"" 3K (2880 x 1800) 16:10 120Hz OLED ROG Nebula HDR Display touchscreen",,,Windows 11 Home
90NR0P83-M003W0,ROG Zephyrus G14 (2026) GU405,24999.00,https://rog.asus.com/my/laptops/rog-zephyrus/rog-zephyrus-g14-2026-gu405/,https://dlcdnwebimgs.asus.com/gain/B8A2F158-05F5-4F74-BBC5-07553D6017BD/w185,ASUS Official,Intel® Core™ Ultra 9 Processor 386H,NVIDIA® GeForce RTX™ 5080 Laptop GPU,,2TB M.2 NVMe™ PCIe® 4.0 SSD storage,"14"" 3K (2880 x 1800) 16:10 120Hz OLED ROG Nebula HDR Display",,,Windows 11 Home
90NR0PC2-M00650,ROG Zephyrus G16 (2026),21999.00,https://rog.asus.com/my/laptops/rog-zephyrus/rog-zephyrus-g16-2026/,https://dlcdnwebimgs.asus.com/gain/B198DD60-EFF9-43C6-8CDE-28E65E811CE8/w185,ASUS Official,Intel® Core™ Ultra 9 Processor 386H,NVIDIA® GeForce RTX™ 5070 Ti Laptop GPU,,2TB M.2 NVMe™ PCIe® 4.0 SSD storage,"16"" 2.5K (2560 x 1600, WQXGA) 16:10 240Hz OLED ROG Nebula HDR Display",,,Windows 11 Home
29674,ASUS Vivobook 14 (A1407),,https://www.asus.com/my/laptops/for-home/vivobook/asus-vivobook-14-a1407/,https://dlcdnwebimgs.asus.com/gain/27b4deaa-9ad4-4b20-ad2d-38bd453d661b/w185,ASUS Official,Intel ® Core™ Ultra 5 processor (Series 2),Up to Intel ® ARC™ Graphics,Up to 32 GB DDR5 memory,Up to 1 TB PCIe ® 4.0 x4 SSD,14” 16:10 FHD IPS 60 Hz NanoEdge display,,,Windows 11 Home - ASUS recommends Windows 11 Home for business | 30% larger touchpad with Smart Gesture | FHD IR camera with face recognition
34681,"ASUS ExpertBook P3 G1 (16"" Intel)",5299.00,https://www.asus.com/my/laptops/for-work/expertbook/asus-expertbook-p3-g1-16-intel/,https://dlcdnwebimgs.asus.com/gain/65ca3742-faf1-4937-a269-9a1f54aeeaa5/w185,ASUS Official,Powered by up to Intel ® Core™ Ultra 7 processor,Intel Integrated Graphics,Up to 64 GB of DDR5 memory,Up to 2 TB dual SSDs storage,,,,Windows 11 Pro - ASUS recommends Windows 11 Pro for business | ASUS MyExpet AI assistant | Business-grade security with ASUS ExpertGuardian | ASUS ExpertCool thermal solution
34680,"ASUS ExpertBook P3 G1 (14"" Intel)",5299.00,https://www.asus.com/my/laptops/for-work/expertbook/asus-expertbook-p3-g1-14-intel/,https://dlcdnwebimgs.asus.com/gain/1f04c748-a95c-4808-84d8-2009f2409186/w185,ASUS Official,Powered by up to Intel ® Core™ Ultra 7 processor,Intel Integrated Graphics,Up to 64 GB of DDR5 memory,Up to 2 TB dual SSDs storage,,,,Windows 11 Pro - ASUS recommends Windows 11 Pro for business | ASUS MyExpet AI assistant | Business-grade security with ASUS ExpertGuardian | ASUS ExpertCool thermal solution
34683,"ASUS ExpertBook B3 G1 (16"" Intel)",,https://www.asus.com/my/laptops/for-work/expertbook/asus-expertbook-b3-g1-16-intel/,https://dlcdnwebimgs.asus.com/gain/3f447865-7815-414e-9b68-49221b69d529/w185,ASUS Official,Powered by up to Intel ® Core™ Ultra 7 processor,Intel ® Graphics/Arc™,Up to 64GB DDR5 memory,Up to 2TB SSD storage,,,Up to 70Wh high-capacity battery,Windows 11 Pro | Up to 16” 2.5K NanoEdge display | Enterprise-grade security with ASUS ExpertGuardian
34682,"ASUS ExpertBook B3 G1 (14"" Intel)",6999.00,https://www.asus.com/my/laptops/for-work/expertbook/asus-expertbook-b3-g1-14-intel/,https://dlcdnwebimgs.asus.com/gain/97702343-f95b-4c19-8fac-17302c97ffdd/w185,ASUS Official,Powered by up to Intel ® Core™ Ultra 7 processor,Intel ® Graphics/Arc™,Up to 64GB DDR5 memory,Up to 2TB SSD storage,,,Up to 70Wh high-capacity battery,Windows 11 Pro | Up to 14” 2.5K NanoEdge display | Enterprise-grade security with ASUS ExpertGuardian
90NR0QL2-M000L0,ROG Zephyrus G14 (2026) GA403,11999.00,https://rog.asus.com/my/laptops/rog-zephyrus/rog-zephyrus-g14-2026-ga403/,https://dlcdnwebimgs.asus.com/gain/A24F5CCE-B9F9-47FA-95CA-9DBEE7897F21/w185,ASUS Official,AMD Ryzen™ AI 9 465 Processor,NVIDIA® GeForce RTX™ 5060 Laptop GPU,,1TB M.2 NVMe™ PCIe® 4.0 SSD storage,"14"" 3K (2880 x 1800) 16:10 120Hz OLED ROG Nebula HDR Display",,,Windows 11 Home | AMD XDNA™ NPU up to 50TOPS
90NR0JY2-M00BW0,ROG Flow Z13-KJP,,https://rog.asus.com/my/laptops/rog-flow/ROG-Flow-Z13-KJP/,https://dlcdnwebimgs.asus.com/gain/F818CC40-6E85-45FE-9C8B-64999B40C972/w185,ASUS Official,AMD Ryzen™ AI MAX+ 395 Processor,AMD Radeon Graphics,,1TB M.2 NVMe™ PCIe® 4.0 SSD storage,"13.4"" 2.5K (2560 x 1600, WQXGA) 16:10 180Hz ROG Nebula Display touchscreen",,,Windows 11 Home | AMD XDNA™ NPU up to 50TOPS
32322,ASUS ExpertBook P3 G2 (16'' AMD),,https://www.asus.com/my/laptops/for-work/expertbook/asus-expertbook-p3-g2-16-amd/,https://dlcdnwebimgs.asus.com/gain/d83b5f40-a448-4924-a83f-dc0ca71c40ad/w185,ASUS Official,Powered by up to AMD ® Ryzen™ 7 processor,AMD ® Radeon™ Graphics,Up to 64 GB of DDR5 memory,Up to 1 TB dual-SSD storage,,,,Windows 11 Pro - ASUS recommends Windows 11 Pro for business | Business-grade security with ASUS ExpertGuardian | ASUS ExpertCool thermal solution
32321,ASUS ExpertBook P3 G2 (14'' AMD),,https://www.asus.com/my/laptops/for-work/expertbook/asus-expertbook-p3-g2-14-amd/,https://dlcdnwebimgs.asus.com/gain/ec06c206-c131-49a6-939d-6ae297bf0a9c/w185,ASUS Official,Powered by up to AMD ® Ryzen™ 7 processor,AMD ® Radeon™ Graphics,Up to 64 GB of DDR5 memory,Up to 1 TB dual-SSD storage,,,,Windows 11 Pro | Business-grade security with ASUS ExpertGuardian | ASUS ExpertCool thermal solution
33484,"ASUS ExpertBook PM5 G2 (16"" AMD); Copilot+ PC",9899.00,https://www.asus.com/my/laptops/for-work/expertbook/asus-expertbook-p5-g2-16-amd/,https://dlcdnwebimgs.asus.com/gain/89f5fe05-c5e6-45d7-abd9-935aa594798a/w185,ASUS Official,Up to AMD Ryzen™ AI 9 HX processors with up to 55 NPU TOPS,AMD Radeon Graphics,Up to 64GB DDR5 RAM,Dual-SSD support up to 3TB storage,,,Long-lasting 70Wh battery,Windows 11 Pro - ASUS recommends Windows 11 Pro for business | Up to 45W TDP with ExpertCool thermal | ASUS MyExpert AI assistant | ExpertCool thermal supporting up to 45W TDP
33483,"ASUS ExpertBook PM5 G2 (14"" AMD); Copilot+ PC",,https://www.asus.com/my/laptops/for-work/expertbook/asus-expertbook-p5-g2-14-amd/,https://dlcdnwebimgs.asus.com/gain/90b9e7e7-0e1d-484b-9938-571901d4c029/w185,ASUS Official,Up to AMD Ryzen™ AI 9 HX processors with up to 55 NPU TOPS,AMD Radeon Graphics,Up to 64GB DDR5 RAM,Dual-SSD support up to 3TB storage,,,Long-lasting 70Wh battery,Windows 11 Pro - ASUS recommends Windows 11 Pro for business | Up to 45W TDP with ExpertCool thermal | ASUS MyExpert AI assistant | ExpertCool thermal supporting up to 45W TDP
34602,ASUS ExpertBook P5 G2 (16'' Intel); Copilot+ PC,,https://www.asus.com/my/laptops/for-work/expertbook/asus-expertbook-p5-g2-16-intel/,https://dlcdnwebimgs.asus.com/gain/a3e4eb95-2eeb-4b08-ae62-89508aa5791e/w185,ASUS Official,Powered by up to Intel ® Core™ Ultra 7 Series 3 processor,Intel Integrated Graphics,Up to 64 GB of DDR5x memory,Up to 2 TB single SSD storage,"Up to 16-inch 16:10, anti-glare display",,,"Windows 11 Pro - ASUS recommends Windows 11 Pro for business | Business-grade security with ASUS ExpertGuardian | ASUS ExpertCool thermal solution | Lightweight design, starting at 1.79kg"
34603,ASUS ExpertBook P5 G2 (14'' Intel); Copilot+ PC,,https://www.asus.com/my/laptops/for-work/expertbook/asus-expertbook-p5-g2-14-intel/,https://dlcdnwebimgs.asus.com/gain/f6720eb9-dc91-4141-8c05-4660e706a978/w185,ASUS Official,Powered by up to Intel ® Core™ Ultra 7 Series 3 processor,Intel Integrated Graphics,Up to 64 GB of DDR5x memory,Up to 2 TB single SSD storage,"Up to 14-inch 16:10, anti-glare display",,,"Windows 11 Pro - ASUS recommends Windows 11 Pro for business | Business-grade security with ASUS ExpertGuardian | ASUS ExpertCool thermal solution | Lightweight design, starting at 1.38kg"
33369,ASUS ExpertBook B3 G2 (14'' AMD); Copilot+ PC,6799.00,https://www.asus.com/my/laptops/for-work/expertbook/asus-expertbook-b3-g2-14-amd/,https://dlcdnwebimgs.asus.com/gain/76b87590-65da-4314-8e8e-9dde6ee41e98/w185,ASUS Official,Powered by up to AMD Ryzen™ AI 9 HX processor,Up to AMD Radeon™ Graphics,Up to 64GB DDR5 memory,Up to 1TB SSD storage,2.5K 14-inch display with 144Hz refresh rate and 400nits brightness,WiFi 7 technology,,Windows 11 Pro - ASUS recommends Windows 10 Pro for business | Enterprise-grade security with ASUS ExpertGuardian
34604,"ASUS ExpertBook B3 G2 (16"" Intel); Copilot+ PC",,https://www.asus.com/my/laptops/for-work/expertbook/asus-expertbook-b3-g2-16-intel/,https://dlcdnwebimgs.asus.com/gain/4fb1c576-cc39-4e6b-b029-8a33c2b963dd/w185,ASUS Official,Powered by up to Intel ® Core™ Ultra 7 Series 3 processor,Up to Intel ® Graphics,Up to 64GB DDR5 memory,Up to 2TB SSD storage,2.5K 16-inch display with 144Hz refresh rate and 400nits brightness,WiFi 7 technology,,Windows 11 Pro - ASUS recommends Windows 10 Pro for business | Enterprise-grade security with ASUS ExpertGuardian
33368,ASUS ExpertBook B3 G2 (16'' AMD); Copilot+ PC,,https://www.asus.com/my/laptops/for-work/expertbook/asus-expertbook-b3-g2-16-amd/,https://dlcdnwebimgs.asus.com/gain/e8e294a0-d8a7-4f01-991c-83963df52e91/w185,ASUS Official,Powered by up to AMD Ryzen™ AI 9 HX processor,Up to AMD Radeon™ Graphics,Up to 64GB DDR5 memory,Up to 1TB SSD storage,2.5K 16-inch display with 144Hz refresh rate and 400nits brightness,WiFi 7 technology,,Windows 11 Pro | Enterprise-grade security with ASUS ExpertGuardian
34605,"ASUS ExpertBook B3 G2 (14"" Intel); Copilot+ PC",,https://www.asus.com/my/laptops/for-work/expertbook/asus-expertbook-b3-g2-14-intel/,https://dlcdnwebimgs.asus.com/gain/a680b384-e737-4048-bd6d-b3a0bfe3c273/w185,ASUS Official,Powered by up to Intel ® Core™ Ultra 7 Series 3 processor,Up to Intel ® Graphics,Up to 64GB DDR5 memory,Up to 2TB SSD storage,2.5K 14-inch display with 144Hz refresh rate and 400nits brightness,WiFi 7 technology,,Windows 11 Pro - ASUS recommends Windows 10 Pro for business | Enterprise-grade security with ASUS ExpertGuardian
34596,"ASUS ExpertBook B5 G2 (16"" Intel); Copilot+ PC",,https://www.asus.com/my/laptops/for-work/expertbook/asus-expertbook-b5-g2-16-intel/,https://dlcdnwebimgs.asus.com/gain/7db719d3-22d9-45b0-884d-89ad86130ffd/w185,ASUS Official,Powered by up to Intel ® Core™ Ultra 7 Series 3 processor with up to 50 TOPS NPU,Intel Integrated Graphics,Up to 96GB DDR5 RAM,Up to 6TB dual-SSD storage,,,High capacity 63Wh battery,"Windows 11 Pro - ASUS recommends Windows 11 Pro for business | ASUS ExpertGuardian for enterprise-grade security | Durable built that meets US MIL-STD 810H standards | Tailored solutions, effortless management"
34595,"ASUS ExpertBook B5 G2 (14"" Intel); Copilot+ PC",7499.00,https://www.asus.com/my/laptops/for-work/expertbook/asus-expertbook-b5-g2-14-intel/,https://dlcdnwebimgs.asus.com/gain/1850b67e-ff19-45f7-9e36-6d02e2d9b380/w185,ASUS Official,Powered by up to Intel ® Core™ Ultra 7 Series 3 processor with up to 50 TOPS NPU,Intel Integrated Graphics,Up to 96GB DDR5 RAM,Up to 6TB dual-SSD storage,,,High capacity 63Wh battery,"Windows 11 Pro - ASUS recommends Windows 11 Pro for business | ASUS ExpertGuardian for enterprise-grade security | Lightweight and durable at 1.38 kg, built to meet US MIL-STD 810H standards | Tailored solutions, effortless management"
32332,ASUS ExpertBook Ultra; Copilot+ PC,13699.00,https://www.asus.com/my/laptops/for-work/expertbook/asus-expertbook-ultra/,https://dlcdnwebimgs.asus.com/gain/9d3fb65e-12b9-4e88-a5d6-1644ece120b3/w185,ASUS Official,Up to the latest Intel ® Core™ Ultra X9 Series 3 processor with Intel ® Arc™ graphics,Intel Integrated Graphics,9H durability leveraging Nano Ceramic Technology,,Up to 14-inch 3K Tandem OLED with 1400 nits HDR brightness,,,"Windows 11 Pro - ASUS recommends Windows 11 Pro for business | Up to 50 NPU TOPS performance | Premium all-metal design, starting at 0.99kg and 10.9mm thin | ASUS ExpertCool Pro dual-fan cooling system delivers up to 50W TDP performance"
34660,ASUS TUF Gaming A14 (2026) FA401EA,,https://www.asus.com/my/laptops/for-gaming/tuf-gaming/asus-tuf-gaming-a14-2026-fa401ea/,https://dlcdnwebimgs.asus.com/gain/45542e0a-cfe1-4df7-840a-8898de542793/w185,ASUS Official,AMD Ryzen™ AI MAX+ 392 Processor,AMD Radeon Graphics,Up to 64GB LPDDR5X 8533 on board,Up to 2TB PCIe® 4.0 NVMe™ M.2 SSD,"Up to 14-inch, 2.5K (2560 x 1600, WQXGA) 16:10 aspect ratio, Refresh Rate:165Hz",,,Up to Windows 11 Pro | AMD XDNA™ NPU up to 55+TOPS
33493,ASUS Zenbook DUO (UX8407); Copilot+ PC,13999.00,https://www.asus.com/my/laptops/for-home/zenbook/asus-zenbook-duo-ux8407/,https://dlcdnwebimgs.asus.com/gain/cee1353c-a974-4436-9235-ce4443f58285/w185,ASUS Official,Up to Intel ® Core™ Ultra X9 Series 3 processor,Intel Integrated Graphics,High-tech ceramic – Ceraluminum™,Up to 2TB PCIe ® 4.0 x4 SSD,Dual 14” 3K 144Hz ASUS Lumina Pro OLED touchscreens,,Dual-battery system with 99Wh battery,"Windows 11 Home - ASUS recommends Windows 11 Pro for business | Up to 32GB LPDDR5x memory | Versatile modes: Dual Screen, Desktop, Laptop, Sharing Mode"
34556,ProArt PZ14 (HT7407); Copilot+ PC,11999.00,https://www.asus.com/my/laptops/for-creators/proart/proart-pz14-ht7407/,https://dlcdnwebimgs.asus.com/gain/3724e2c3-d1c7-45a9-9d87-43d2db53b2dc/w185,ASUS Official,Snapdragon ® X2 Elite processor with 18 cores and up to 80 TOPs NPU,Qualcomm ® Adreno™ GPU,Up to 32GB memory,Up to 1TB SSD storage,"14” 3K up to 1,000 nits 144 Hz VRR anti-reflection coating ASUS Lumina Pro OLED 16:10 touchscreen",Detachable Bluetooth keyboard and stand cover,,Windows 11 Home - ASUS recommends Windows 11 Pro for business | Copilot+ PC | MPP 2.6 stylus support | IP52-rated and military-grade durability
33489,ASUS Zenbook A16 (UX3607); Copilot+ PC,6599.00,https://www.asus.com/my/laptops/for-home/zenbook/asus-zenbook-a16-ux3607/,https://dlcdnwebimgs.asus.com/gain/ec3e3399-c34a-4ed9-be76-c9be1ac1ca6e/w185,ASUS Official,Up to Snapdragon ® X2 Elite Extreme processor,Qualcomm Adreno Graphics,High-tech ceramic: Ceraluminum™,Up to 2TB PCIe ® Gen 4 SSD,Up to 16:10 3K OLED display with 6 speakers,,21+ hours of sustained battery,Windows 11 Home - ASUS recommends Windows 11 Pro for business | 1.2 kg ultra-portable Copilot+ PC | Up to 48GB LPDDR5x 9600 MT/s RAM | Full I/O ports with two USB4 ® and SD card reader
34562,ProArt GoPro Edition (PX13 | HN7306); Copilot+ PC,,https://www.asus.com/my/laptops/for-creators/proart/proart-gopro-edition-px13-hn7306/,https://dlcdnwebimgs.asus.com/gain/ed87296a-777a-4aba-a66d-bbb79025c196/w185,ASUS Official,Up to AMD Ryzen™ AI Max+ 395 processor,AMD Radeon Graphics,Up to 128GB memory,Up to 1TB SSD storage,13.3” 3K OLED 16:10 display,WiFi 7 (802.11be),,Windows 11 Pro | Copilot+ PC | Dedicated neural processing unit | ASUS DialPad
31167,ASUS ExpertBook PM3 (PM3406); Copilot+ PC,4999.00,https://www.asus.com/my/laptops/for-work/expertbook/asus-expertbook-p3-pm3406/,https://dlcdnwebimgs.asus.com/gain/d8f08a6e-929a-4d45-b6a0-5b4932eb5db2/w185,ASUS Official,Powered by up to AMD Ryzen™ AI 7 PRO processors,AMD Radeon Graphics,Up to 64GB DDR5 RAM4,Dual-SSD support up to 3TB storage,,Always stay connected with up to Wi-Fi 7,Productivity on the go with high capacity 70Wh battery,Windows 11 Pro - ASUS recommends Windows 11 Pro for business | Power through AI workloads with up to 45W TDP | ExpertCool thermal solution keeps things cool whether opened or closed
31166,ASUS ExpertBook PM3 (PM3606); Copilot+ PC,5299.00,https://www.asus.com/my/laptops/for-work/expertbook/asus-expertbook-p3-pm3606/,https://dlcdnwebimgs.asus.com/gain/f22e023a-d288-42de-93e2-47bc9c910ba6/w185,ASUS Official,Powered by up to AMD Ryzen™ AI 7 processors,AMD Radeon Graphics,Up to 64GB DDR5 RAM4,Dual-SSD support up to 3TB storage,,Always stay connected with up to Wi-Fi 7,Productivity on the go with high capacity 70Wh battery,Windows 11 Pro | Power through AI workloads with up to 45W TDP | ExpertCool thermal solution keeps things cool whether opened or closed
90NR0L58-M001Z0,ROG Strix G18 (2025) G814,,https://rog.asus.com/my/laptops/rog-strix/rog-strix-g18-2025-g814/,https://dlcdnwebimgs.asus.com/gain/411E94B0-A933-4A47-824A-1EF025652775/w185,ASUS Official,AMD Ryzen™ 9 9955HX Processor,NVIDIA® GeForce RTX™ 5070 Laptop GPU,,1TB M.2 NVMe™ PCIe® 4.0 SSD storage,"18"" 2.5K (2560 x 1600, WQXGA) 16:10 240Hz ROG Nebula Display",,,Windows 11 Home
90NR0KW7-M008E0,ROG Strix G16 (2025) G614,9099.00,https://rog.asus.com/my/laptops/rog-strix/rog-strix-g16-2025-g614/,https://dlcdnwebimgs.asus.com/gain/F31D9BD8-34F4-442B-8053-7FDE1BF7189C/w185,ASUS Official,AMD Ryzen™ 9 8940HX Processor,NVIDIA® GeForce RTX™ 5060 Laptop GPU,,1TB M.2 NVMe™ PCIe® 4.0 SSD storage,"16"" 2.5K (2560 x 1600, WQXGA) 16:10 300Hz ROG Nebula Display",,,Windows 11 Home
31165,ASUS TUF Gaming A14 (2025),7499.00,https://www.asus.com/my/laptops/for-gaming/tuf-gaming/asus-tuf-gaming-a14-2025/,https://dlcdnwebimgs.asus.com/gain/c563e899-8bbe-4f9c-81ad-030863b1b9a8/w185,ASUS Official,Up AMD Ryzen™ AI 7 H 350 Processor,NVIDIA® GeForce RTX™ 5060 Laptop GPU,Up to 16GB*2 LPDDR5X 7500 on board,Up to 2TB PCIe® 4.0 NVMe™ M.2 SSD,"Up to 14-inch, 2.5K (2560 x 1600, WQXGA) 16:10 aspect ratio, Refresh Rate:165Hz",,,Windows 11 Home
30781,ASUS Vivobook S16 (S3607); Copilot+ PC,6299.00,https://www.asus.com/my/laptops/for-home/vivobook/asus-vivobook-s16-s3607/,https://dlcdnwebimgs.asus.com/gain/520eaec0-3e4d-4e59-9b48-cb077e7dd702/w185,ASUS Official,Up to Intel ® Core™ Ultra 7 processor (Series 2),UMA (Intel ® UHD Graphics),Up to 16 GB DDR5 memory,Up to 1 TB PCIe ® 4.0 x4 SSD,16” 16:10 FHD OLED or 144 Hz IPS NanoEdge display,,,Windows 11 Home - ASUS recommends Windows 11 Home for business | Larger touchpad with Smart Gesture | AI camera with face recognition
30728,ASUS Vivobook S14 (S3407); Copilot+ PC,5499.00,https://www.asus.com/my/laptops/for-home/vivobook/asus-vivobook-s14-s3407/,https://dlcdnwebimgs.asus.com/gain/db4d139c-69d6-4f57-91cd-46761642e137/w185,ASUS Official,Up to Intel ® Core™ Ultra 7 processor (Series 2),UMA (Intel ® UHD Graphics),Up to 16 GB DDR5 memory,Up to 1 TB PCIe ® 4.0 x4 SSD,14” 16:10 FHD IPS 60 Hz NanoEdge display,,,Windows 11 Home - ASUS recommends Windows 11 Home for business | larger touchpad with Smart Gesture | AI camera with face recognition
30779,ASUS Vivobook S16 (M3607); Copilot+ PC,4399.00,https://www.asus.com/my/laptops/for-home/vivobook/asus-vivobook-s16-m3607/,https://dlcdnwebimgs.asus.com/gain/d0393b25-ce92-49c9-bbf0-01a51d0e09f3/w185,ASUS Official,Up to AMD Ryzen™ AI 7 445 processor,AMD Radeon™ graphics,,,16” WUXGA OLED NanoEdge display,,Long-lasting up to 23 hours battery life,Windows 11 Home - ASUS recommends Windows 11 Pro for business | 1.70 kg light and 1.59 cm thin | Larger touchpad with Smart Gesture | Full set of I/O ports
30726,ASUS Vivobook S14 (M3407); Copilot+ PC,4799.00,https://www.asus.com/my/laptops/for-home/vivobook/asus-vivobook-s14-m3407/,https://dlcdnwebimgs.asus.com/gain/d483b62d-e34d-4125-8448-788a9b5e9150/w185,ASUS Official,Up to AMD Ryzen™ AI 7 350 processor,AMD Radeon™ graphics,,,14” FHD OLED NanoEdge display,,Long-lasting up to 23 hours battery,Windows 11 Home - ASUS recommends Windows 11 Home for business | 1.40 kg light and 1.59 cm thin | Larger touchpad with Smart Gesture | Full set of I/O ports
30773,ASUS Vivobook 16 (A1607Q); Copilot+ PC,3999.00,https://www.asus.com/my/laptops/for-home/vivobook/asus-vivobook-16-a1607q/,https://dlcdnwebimgs.asus.com/gain/3fb8b452-71ea-4783-a2a5-83121e47afc3/w185,ASUS Official,Snapdragon ® X Processor,Qualcomm ® Adreno™ GPU,16 GB memory,Up to 1 TB PCIe ® 4.0 SSD,16” 16:10 FHD IPS 60 Hz NanoEdge display,,,Windows 11 Home - ASUS recommends Windows 11 Pro for business | Larger touchpad with Smart Gestures | FHD IR camera with face recognition
30767,ASUS Vivobook 14 (A1407Q); Copilot+ PC,,https://www.asus.com/my/laptops/for-home/vivobook/asus-vivobook-14-a1407q/,https://dlcdnwebimgs.asus.com/gain/4a1f9365-e104-46f2-8fac-bc5ce39f0f88/w185,ASUS Official,Snapdragon ® X Processor,Qualcomm ® Adreno™ GPU,16 GB memory,Up to 1 TB PCIe ® 4.0 SSD,14” FHD IPS NanoEdge display,,,Windows 11 Home - ASUS recommends Windows 11 Pro for business | 30% larger touchpad with Smart Gesture | FHD IR camera with face recognition
28614,ASUS Vivobook 16 (A1607CA),4099.00,https://www.asus.com/my/laptops/for-home/vivobook/asus-vivobook-16-a1607/,https://dlcdnwebimgs.asus.com/gain/af5a7e38-7e68-49b2-a5dd-58ecafc738fc/w185,ASUS Official,Intel ® Core™ Ultra 5 processor (Series 2),Up to Intel ® ARC™ Graphics,Up to 32 GB DDR5 memory,Up to 1 TB PCIe ® 4.0 x4 SSD,16” 16:10 FHD IPS 60 Hz NanoEdge display,,,Windows 11 Home - ASUS recommends Windows 11 Home for business | Larger touchpad with Smart Gesture | FHD IR camera with face recognition
90NR0LJ1-M00520,ROG Strix G16 (2025),,https://rog.asus.com/my/laptops/rog-strix/rog-strix-g16-2025/,https://dlcdnwebimgs.asus.com/gain/592283F1-E2E5-4946-A1B9-F67E9CFCFA1E/w185,ASUS Official,Intel® Core™ Ultra 9 Processor 275HX,NVIDIA® GeForce RTX™ 5060 Laptop GPU,,1TB M.2 NVMe™ PCIe® 4.0 SSD storage,"16"" 2.5K (2560 x 1600, WQXGA) 16:10 240Hz ROG Nebula Display",,,Windows 11 Home
90NR0MM1-M00260,ROG Zephyrus G16 (2025) GU605,,https://rog.asus.com/my/laptops/rog-zephyrus/rog-zephyrus-g16-2025-gu605/,https://dlcdnwebimgs.asus.com/gain/8DFC1629-C380-4005-A755-517B02AACD98/w185,ASUS Official,Intel® Core™ Ultra 9 Processor 285H,NVIDIA® GeForce RTX™ 5070 Laptop GPU,,1TB M.2 NVMe™ PCIe® 4.0 SSD storage,"16"" 2.5K (2560 x 1600, WQXGA) 16:10 240Hz OLED ROG Nebula Display",,,Windows 11 Home
90NR0JY1-M00080,ROG Flow Z13 (2025),12999.00,https://rog.asus.com/my/laptops/rog-flow/ROG-Flow-Z13-2025/,https://dlcdnwebimgs.asus.com/gain/34C1E26D-F64A-4B4F-8DAC-6C168F7C90E2/w185,ASUS Official,AMD Ryzen™ AI MAX+ 395 Processor,AMD Radeon Graphics,,1TB M.2 NVMe™ PCIe® 4.0 SSD storage,"13.4"" 2.5K (2560 x 1600, WQXGA) 16:10 180Hz ROG Nebula Display touchscreen",,,Windows 11 Home | AMD XDNA™ NPU up to 50TOPS
30939,ASUS TUF Gaming F16 (2025),7899.00,https://www.asus.com/my/laptops/for-gaming/tuf-gaming/asus-tuf-gaming-f16-2025/,https://dlcdnwebimgs.asus.com/gain/425797b1-a292-4654-a846-a2898f7b9cf5/w185,ASUS Official,Up to Intel® Core™ Ultra 9 Processor 275HX,Up to NVIDIA® GeForce RTX™ 5070 Laptop GPU,Up to 16GB DDR5-5600 SO-DIMM x 2,Up to 2TB PCIe® 4.0 NVMe™ M.2 SSD,"Up to 16-inch, 2.5K (2560 x 1600, WQXGA) 16:10 aspect ratio, Refresh Rate:165Hz",,,Windows 11 Home
30940,ASUS TUF Gaming A16 (2025),8299.00,https://www.asus.com/my/laptops/for-gaming/tuf-gaming/asus-tuf-gaming-a16-2025/,https://dlcdnwebimgs.asus.com/gain/c18cb414-d4a8-4ca3-a34b-242a62df40e2/w185,ASUS Official,AMD Ryzen™ 7 260 Processor,NVIDIA® GeForce RTX™ 5070 Laptop GPU,Up to 16GB DDR5-5600 SO-DIMM x 2,Up to 2TB PCIe® 4.0 NVMe™ M.2 SSD,"Up to 16-inch, 2.5K (2560 x 1600, WQXGA) 16:10 aspect ratio, Refresh Rate:165Hz",,,Windows 11 Home
29677,ASUS Vivobook 14 (M1407); Copilot+ PC,,https://www.asus.com/my/laptops/for-home/vivobook/asus-vivobook-14-m1407/,https://dlcdnwebimgs.asus.com/gain/7811951a-a914-4302-9ca1-0024928a8834/w185,ASUS Official,Up to AMD Ryzen™ AI 7 350 processor,Up to AMD Radeon™ Graphics,Up to 32 GB DDR5 memory,Up to 1 TB PCIe ® 4.0 x4 SSD,14” FHD IPS NanoEdge display,,,Windows 11 Home - ASUS recommends Windows 11 Pro for business | 30% larger touchpad with Smart Gesture | FHD IR camera with face recognition
30720,ASUS Vivobook S16 (S3607QA); Copilot+ PC,,https://www.asus.com/my/laptops/for-home/vivobook/asus-vivobook-s16-s3607q/,https://dlcdnwebimgs.asus.com/gain/44522ea3-d75a-4546-8aa3-c10eb74b72b1/w185,ASUS Official,Snapdragon ® X Processor,Qualcomm ® Adreno™ GPU,,,16” FHD OLED NanoEdge display,,Long-lasting 70 Wh battery,Windows 11 Pro - ASUS recommends Windows 11 Pro for business | 1.67 kg light and 1.59 cm thin | Larger touchpad with Smart Gesture | Full set of I/O ports
30723,ASUS Vivobook S14 (S3407QA); Copilot+ PC,,https://www.asus.com/my/laptops/for-home/vivobook/asus-vivobook-s14-s3407q/,https://dlcdnwebimgs.asus.com/gain/fccddb25-35cb-480a-a978-cc64b6a1af66/w185,ASUS Official,Snapdragon ® X Processor,Qualcomm ® Adreno™ GPU,,,14” FHD OLED NanoEdge display,,Long-lasting 70 Wh battery,Windows 11 Home - ASUS recommends Windows 11 Pro for business | 1.39 kg light and 1.59 cm thin | Larger touchpad with Smart Gesture | Full set of I/O ports
90NR0L81-M007E0,ROG Strix SCAR 16 (2025),,https://rog.asus.com/my/laptops/rog-strix/rog-strix-scar-16-2025/,https://dlcdnwebimgs.asus.com/gain/F14EA47A-694A-484E-B523-03B29374AC4E/w185,ASUS Official,Intel® Core™ Ultra 9 Processor 275HX,NVIDIA® GeForce RTX™ 5090 Laptop GPU,,2TB M.2 NVMe™ PCIe® 4.0 Performance SSD storage,"16"" 2.5K (2560 x 1600, WQXGA) 16:10 240Hz ROG Nebula HDR Display",,,Windows 11 Home
30740,ASUS ExpertBook B3 (B3605),6499.00,https://www.asus.com/my/laptops/for-work/expertbook/asus-expertbook-b3-b3605/,https://dlcdnwebimgs.asus.com/gain/ef456468-a90d-4886-a648-5c8527935af4/w185,ASUS Official,Up to Intel® Core™ Ultra 7 processor with Intel vPro®,Up to Intel® Arc graphics,Up to 64 GB memory,Dual-SSD RAID supports up to 1TB capacity,,,,"Windows 11 Pro | ASUS-exclusive AI ExpertMeet | Lightweight design, starting at 1.78kg | Business-grade BIOS security compliant with NIST SP 800-155 resilience requirements"
30738,ASUS ExpertBook B3 (B3405),5599.00,https://www.asus.com/my/laptops/for-work/expertbook/asus-expertbook-b3-b3405/,https://dlcdnwebimgs.asus.com/gain/c83adbdd-9753-4259-8045-b223654ae2ee/w185,ASUS Official,Up to Intel® Core™ Ultra 7 processor with Intel vPro®,Up to Intel® Arc graphics,Up to 64 GB memory,Dual-SSD RAID supports up to 1TB capacity,"Lightweight design, starting at 1.4kg",,,Windows 11 Pro | ASUS-exclusive AI ExpertMeet | Business-grade BIOS security compliant with NIST SP 800-155 resilience requirements | ASUS ExpertCool thermal design
27558,ASUS Gaming V16 (V3607),,https://www.asus.com/my/laptops/for-gaming/all-series/asus-gaming-v16-v3607/,https://dlcdnwebimgs.asus.com/gain/9c0932c2-838a-4993-b02c-8487dd7d0b58/w185,ASUS Official,Intel ® Core™ 5 processor 210H,NVIDIA ® GeForce RTX 4050 GPU,16 GB DDR5 memory,512 GB SSD storage,16-inch FHD 144Hz refresh rate display,,,Windows 11 Home - ASUS recommends Windows 11 Home for business | Larger touchpad with Smart-gesture | Full I/O ports | Military-Grade durability
30811,ASUS Zenbook A14 (UX3407); Copilot+ PC,4999.00,https://www.asus.com/my/laptops/for-home/zenbook/asus-zenbook-a14-ux3407/,https://dlcdnwebimgs.asus.com/gain/14c6be57-e7d1-462c-a109-4f93c353d93c/w185,ASUS Official,Up to Snapdragon ® X Elite processor,Qualcomm Adreno Graphics,High-tech ceramic: Ceraluminum™,Up to 1 TB PCIe ® Gen 4 SSD,Up to 32 GB LPDDR5x 8533 MHz RAM,,Up to 32 hours of sustained battery,Windows 11 Home - ASUS recommends Windows 11 Pro for business | Under 1 kg featherweight | 16:10 FHD OLED display | Super-linear speakers with Snapdragon Sound™
26487,ASUS ExpertBook B1 (B1503),5671.00,https://www.asus.com/my/laptops/for-work/expertbook/asus-expertbook-b1-b1503/,https://dlcdnwebimgs.asus.com/gain/5d22a2a2-006f-47ed-b293-20d73d86fca5/w185,ASUS Official,Up to Intel® Core™ 7 processor,Up to Intel® Iris® Xe Graphics,Up to 64 GB memory,,,,,Windows 11 Pro | AI ExpertMeet for productivity | 1.6 Kg portable design | Brand new design and easy repairability
26512,ASUS ExpertBook BM1 (BM1403),4799.00,https://www.asus.com/my/laptops/for-work/expertbook/asus-expertbook-bm1-bm1403/,https://dlcdnwebimgs.asus.com/gain/3c775430-96cd-459d-bd95-797381741844/w185,ASUS Official,Up to AMD® Ryzen™ 7 processor,Up to AMD® Radeon™ Graphics,Up to 64 GB memory,,,,,Windows 11 Pro | AI ExpertMeet for productivity | 1.4 Kg portable design | Brand new design and easy repairability
26486,ASUS ExpertBook B1 (B1403),5671.00,https://www.asus.com/my/laptops/for-work/expertbook/asus-expertbook-b1-b1403/,https://dlcdnwebimgs.asus.com/gain/adb7a0d1-04b6-4d3b-a06f-4669dbca6ca4/w185,ASUS Official,Up to Intel® Core™ 7 processor,Up to Intel® Iris® Xe Graphics,Up to 64 GB memory,,,,,Windows 11 Pro | AI ExpertMeet for productivity | 1.4 Kg portable design | Brand new design and easy repairability
26527,ASUS ExpertBook P1 (P1503),4299.00,https://www.asus.com/my/laptops/for-work/expertbook/expertbook-p1-p1503/,https://dlcdnwebimgs.asus.com/gain/a2a7c17b-2b45-43d5-bbde-b4abd4b4707d/w185,ASUS Official,Up to Intel® Core™ i7 processor,Intel Integrated Graphics,,Dual-SSD RAID supports up to 1TB capacity,,,,"Windows 11 Pro | Lightweight design, starting at 1.6kg | ASUS-exclusive AI ExpertMeet supercharges meetings productivity and efficiency | Business-grade BIOS security compliant with NIST SP 800-155 resilience requirements"
28573,ASUS Vivobook 14 Flip (TP3407); Copilot+ PC,4463.00,https://www.asus.com/my/laptops/for-home/vivobook/asus-vivobook-14-flip-tp3407/,https://dlcdnwebimgs.asus.com/gain/223a5ff4-8847-468e-963c-d224182797ce/w185,ASUS Official,Up to Intel ® Core™ Ultra 7 processor (Series 2),Intel Integrated Graphics,,,14” FHD 60 Hz OLED display,,Long-lasting 70 Wh battery,"Windows 11 Home - ASUS recommends Windows 11 Pro for business | Thin and light: 1.69 cm, 1.5 kg | Intel ® Evo™ certified laptop | Up to 47 NPU TOPS AI performance"
25385,ASUS Zenbook S14 (UX5406); Copilot+ PC,8699.00,https://www.asus.com/my/laptops/for-home/zenbook/asus-zenbook-s-14-ux5406/,https://dlcdnwebimgs.asus.com/gain/a5738fa1-48b7-4e89-92ca-f7bff3a28045/w185,ASUS Official,Up to Intel ® Core™ Ultra 9 processor (Series 2),Intel Integrated Graphics,High-tech ceramic: Ceraluminum TM,Up to 1 TB PCIe ® Gen 4 SSD,16:10 3K OLED display with 4 speakers,WiFi 7 (802.11be),Long-lasting 72 Wh battery,"Windows 11 Home - ASUS recommends Windows 11 Pro for business | Thin and light: 1.1 cm, 1.2 kg | Up to 32 GB LPDDR5x 8533 MHz RAM | Full I/O ports with 2 Thunderbolt TM 4 USB-C TM"
25395,ProArt PX13 (HN7306); Copilot+ PC,,https://www.asus.com/my/laptops/for-creators/proart/proart-px13-hn7306/,https://dlcdnwebimgs.asus.com/gain/44d6aa24-a7d6-43fa-8de9-9c20598dce1b/w185,ASUS Official,Up to AMD Ryzen™ AI Max+ 395 processor,AMD Radeon Graphics,Up to 128GB memory,Up to 1TB SSD storage,13.3” 3K OLED 16:10 display,WiFi 7 (802.11be),,Windows 11 Home - ASUS recommends Windows 11 Pro for business | Copilot+ PC | Dedicated neural processing unit | ASUS DialPad
25398,ProArt P16 (H7606); Copilot+ PC,25999.00,https://www.asus.com/my/laptops/for-creators/proart/proart-p16-h7606/,https://dlcdnwebimgs.asus.com/gain/2323a5ef-f5e6-48ed-b731-493e988e38c4/w185,ASUS Official,Up to AMD Ryzen™ AI 9 HX 370 processor,Up to NVIDIA ® GeForce RTX™ 5070 Laptop GPU,Up to 64GB memory,Up to 4TB SSD storage,16” 4K OLED 16:10 display,WiFi 7 (802.11be),,Windows 11 Home - ASUS recommends Windows 11 Pro for business | Dedicated neural processing unit | ASUS DialPad | Full I/O ports with USB 4 Type-C
25316,ASUS Zenbook S16 (UM5606); Copilot+ PC,8999.00,https://www.asus.com/my/laptops/for-home/zenbook/asus-zenbook-s-16-um5606/,https://dlcdnwebimgs.asus.com/gain/ffb8dfaa-fbf2-4f74-aad1-24af2b901c4d/w185,ASUS Official,Up to AMD Ryzen™ AI 9 HX 370 processor,AMD Radeon Graphics,,Up to 1 TB PCIe ® Gen 4 SSD,Up to 32 GB LPDDR5x 7500 MHz RAM,WiFi 7 (802.11be),,"Windows 11 Home - ASUS recommends Windows 11 Pro for business | 16:10 3K ASUS Lumina OLED display | Thin and light:1.1cm, 1.5kg | 6 built-in speakers"
23906,ASUS ExpertBook CX54 Chromebook Plus(CX5403),,https://www.asus.com/my/laptops/for-home/chromebook/asus-expertbook-cx54-chromebook-plus-cx5403/,https://dlcdnwebimgs.asus.com/gain/e39286b5-b991-4864-ad5a-3e8bab961963/w185,ASUS Official,Up to Intel® Core™ Ultra 7 processor,Intel Integrated Graphics,Up to 16 GB memory,,16:10 WQXGA display,,,Chromebook Plus | 1.3 kg all-metal chassis | Anti-glare and anti-fingerprint screen
20860,ASUS Vivobook 14 (A1405),,https://www.asus.com/my/laptops/for-home/vivobook/asus-vivobook-14-a1405/,https://dlcdnwebimgs.asus.com/gain/9548130d-f8f7-4bc7-b44c-3375331f9a84/w185,ASUS Official,Up to Intel ® Core™ 7 Series 1 processor,Intel Integrated Graphics,Up to 16 GB DDR4 memory,Up to 1 TB SSD storage,,,,Windows 11 Home - ASUS recommends Windows 11 Home for business | Up to 14” NanoEdge display | Optional fingerprint login sensor | ASUS Antimicrobial Guard Plus
25176,ASUS Chromebook CR12 Flip (CR1204F),,https://www.asus.com/my/laptops/for-students/chromebook/asus-chromebook-cr12-flip-cr1204f/,https://dlcdnwebimgs.asus.com/gain/fcb195d4-c86d-46f1-8664-ccfbf071d065/w185,ASUS Official,Intel® Processor N-series processor,Intel® UHD graphics,Up to 16 GB memory,,16:10 WUXGA display,,,ChromeOS | 128 GB eMMC | Military-grade reliability | 13MP World-Facing Camera
23895,ASUS BR1104C,,https://www.asus.com/my/laptops/for-students/br-series/asus-br1104c/,https://dlcdnwebimgs.asus.com/gain/4215112a-2fcb-4d7e-ac6d-ef4c9221869d/w185,ASUS Official,Up to Intel® Processor N250,Intel Integrated Graphics,,,,,,Windows 11 Pro Education | MIL-STD 810H US military durability standard | Modular design for easy maintenance | Comprehensive connectivity
23896,ASUS BR1104F,,https://www.asus.com/my/laptops/for-students/br-series/asus-br1104f/,https://dlcdnwebimgs.asus.com/gain/6d160165-1a87-433e-b20e-3eb7e1411a99/w185,ASUS Official,Up to Intel® Processor N250,Intel Integrated Graphics,,,,,,Windows 11 Pro Education | MIL-STD 810H US military durability standard | Modular design for easy maintenance | Comprehensive connectivity
23901,ASUS BR1204C,,https://www.asus.com/my/laptops/for-students/br-series/asus-br1204c/,https://dlcdnwebimgs.asus.com/gain/c936ad60-cf8c-4b32-a721-a270316a9ee7/w185,ASUS Official,Up to Intel® Processor N250,Intel Integrated Graphics,,,,,,Windows 11 Pro Education | Marvelous 12.2” rugged laptop with 16:10 display for superb visual experiences | MIL-STD 810H US military durability standard | Modular design for easy maintenance
23902,ASUS BR1204F,,https://www.asus.com/my/laptops/for-students/br-series/asus-br1204f/,https://dlcdnwebimgs.asus.com/gain/2f90a7b1-8d72-4433-9423-205fe57e52b0/w185,ASUS Official,Up to Intel® Processor N250,Intel Integrated Graphics,,,,,,Windows 11 Pro Education | Marvelous 12.2” rugged laptop with 16:10 display for superb visual experiences | MIL-STD 810H US military durability standard | Modular design for easy maintenance
20841,ASUS Vivobook 16 (A1605),,https://www.asus.com/my/laptops/for-home/vivobook/vivobook-16-a1605/,https://dlcdnwebimgs.asus.com/gain/7adac3c9-a8d5-46f4-9507-a1df684f683d/w185,ASUS Official,Up to Intel ® Core™ 5 Series 1 processor,Intel Integrated Graphics,Up to 16 GB DDR4 memory,Up to 512 GB SSD storage,,,,Windows 11 Home - ASUS recommends Windows 11 Home for business | Up to 16” NanoEdge display | Optional fingerprint login sensor | ASUS Antimicrobial Guard Plus
23980,ASUS Vivobook S 14 (S5406),5099.00,https://www.asus.com/my/laptops/for-home/vivobook/asus-vivobook-s-14-oled-s5406/,https://dlcdnwebimgs.asus.com/gain/94332ee6-a61b-470a-a100-244ef9cfc139/w185,ASUS Official,Up to Intel ® Core™ Ultra 9 Processor,Intel Integrated Graphics,,,14” 3K 120 Hz OLED HDR display,,Long-lasting 75 Wh battery,"Windows 11 Home - ASUS recommends Windows 11 Pro for business | Thin and light: 1.39 cm, 1.3 kg | Intel ® Evo™ certified laptop | Dedicated Copilot key for more AI exploration"
23946,ASUS Zenbook 14 OLED (UM3406); Copilot+ PC,6299.00,https://www.asus.com/my/laptops/for-home/zenbook/asus-zenbook-14-oled-um3406/,https://dlcdnwebimgs.asus.com/gain/26b2a6c1-fa0f-4de9-87e7-3cbde6b4fd77/w185,ASUS Official,AMD Ryzen™ 8040 Series Processor,AMD Radeon Graphics,Up to 16 GB memory,Up to 1 TB SSD storage,Up to 14” 120Hz 3K OLED HDR display,,Long-lasting 75 Wh battery,"Windows 11 Home - ASUS recommends Windows 11 Pro for business | Thin and light: 1.2 kg, 14.9 mm | Full IO ports with USB 4 Type-C ®"
24075,ASUS TUF Gaming F16 (2024),,https://www.asus.com/my/laptops/for-gaming/tuf-gaming/asus-tuf-gaming-f16-2024/,https://dlcdnwebimgs.asus.com/gain/f69cfad3-af20-403e-ad93-1ffb91604d82/w185,ASUS Official,Intel ® Core ™ i7-13650HX,Up to NVIDIA ® GeForce RTX ™ 4070 Laptop GPU,,,16-inch QHD 165Hz,,,Windows 11 Home | NVIDIA Advanced Optimus | 16:10 aspect ratio | Dolby Atmos
25083,ASUS TUF Gaming A16 (2024),4949.00,https://www.asus.com/my/laptops/for-gaming/tuf-gaming/asus-tuf-gaming-a16-2024/,https://dlcdnwebimgs.asus.com/gain/7f8d804d-3316-4841-bc31-e931d0929719/w185,ASUS Official,AMD Ryzen™ 7 170 Processor,GeForce RTX™ 4050,16GB DDR5,512GB SSD,16-inch,,,Windows 11 Home | FHD+ 16:10 | G-Sync | 144Hz
23939,ASUS Zenbook DUO UX8406,,https://www.asus.com/my/laptops/for-home/zenbook/asus-zenbook-duo-2024-ux8406/,https://dlcdnwebimgs.asus.com/gain/e1c062dc-b3ad-4b84-b310-eda9f5984d2c/w185,ASUS Official,Intel ® Evo™ certified laptop,Intel Integrated Graphics,,Up to 32 GB LPDDR5x RAM and 2 TB SSD,"Up to dual 14"" 3K 120Hz OLED NanoEdge touchscreens",,Long-lasting 75 Wh battery,"Windows 11 Home - ASUS recommends Windows 11 Home for business | Up to Intel ® Core™ Ultra 9 processor with NPU | Thin and light: 14.6 mm, 1.35 kg (without keyboard) | Versatile modes: Dual Screen, Desktop, Laptop, Sharing Mode"
23908,ASUS ExpertBook CX54 Chromebook Plus Enterprise (CX5403),,https://www.asus.com/my/laptops/for-work/chromebook/asus-expertbook-cx54-chromebook-plus-enterprise-cx5403/,https://dlcdnwebimgs.asus.com/gain/e39286b5-b991-4864-ad5a-3e8bab961963/w185,ASUS Official,Up to Intel® Core™ Ultra 7 processor,Intel Integrated Graphics,Up to 16 GB memory,,16:10 WQXGA display,,,Chromebook Plus | 1.3 kg all-metal chassis | Anti-glare and anti-fingerprint screen
22516,ASUS Zenbook 14 OLED (UX3405); Copilot+ PC,4599.00,https://www.asus.com/my/laptops/for-home/zenbook/asus-zenbook-14-oled-ux3405/,https://dlcdnwebimgs.asus.com/gain/838fbdac-6d10-4190-8e52-d4b9463f5d23/w185,ASUS Official,Intel ® Evo™ certified laptop,Intel Integrated Graphics,Up to 32 GB memory,Up to 1 TB SSD,"Up to 14"" 120Hz 3K OLED HDR display",,75wh battery capacity,"Windows 11 Home - ASUS recommends Windows 11 Home for business | Up to Intel ® Core™ Ultra processor | Thin and light:1.2kg, 14.9mm"
21195,ASUS Chromebook Plus CX34 (CX3402),,https://www.asus.com/my/laptops/for-home/chromebook/asus-chromebook-plus-cx34-cx3402/,https://dlcdnwebimgs.asus.com/gain/bbce1386-768e-4cca-8a52-6cf134d4efbb/w185,ASUS Official,Up to Intel® 12th Core™ i7 processor,Intel Integrated Graphics,Up to 16 GB memory,Up to 512 GB SSD,FHD NanoEdge display,WiFi 6 technology,,Chromebook Plus | FHD webcam | Expansive touchpad and full-sized backlit keyboard
20961,"Vivobook 17 (A1704, 13th Gen Intel)",,https://www.asus.com/my/laptops/for-home/vivobook/vivobook-17-a1704-13th-gen-intel/,https://dlcdnwebimgs.asus.com/gain/79294eb8-e9c3-4429-93bb-2e531c6653b9/w185,ASUS Official,Intel ® Core™ i7-1355U processor,Intel Integrated Graphics,,1 TB SSD storage,16 GB DDR4 3200 MHz,,,Windows 11 Home - ASUS recommends Windows 11 Home for business | 17.3'' NanoEdge display | 180-degree hinge design | Military-Grade durability
20966,"Vivobook 14 (A1404, 12th Gen Intel)",,https://www.asus.com/my/laptops/for-home/vivobook/vivobook-14-a1404-12th-gen-intel/,https://dlcdnwebimgs.asus.com/gain/d7dac694-ccb7-416e-acea-0c776a878760/w185,ASUS Official,Up to Intel ® Core™ i7-1355U processor,Intel Integrated Graphics,,Up to 512 FB SSD storage,Up to Up to 16 GB DDR4 3200 MHz,,,Windows 11 Home - ASUS recommends Windows 11 Home for business | Up to 14'' NanoEdge display | 180-degree hinge design | Military-Grade durability
20956,ASUS Vivobook 15 (A1504),3449.00,https://www.asus.com/my/laptops/for-home/vivobook/asus-vivobook-15-a1504/,https://dlcdnwebimgs.asus.com/gain/d76a41bc-780e-41ef-938b-4ee8ac4a5634/w185,ASUS Official,Up to Intel ® Core™ i7-1355U processor,Intel Integrated Graphics,,Up to 1 TB SSD storage,Up to Up to 16 GB DDR4 3200 MHz,,,Windows 11 Home - ASUS recommends Windows 11 Home for business | Up to 15.6'' NanoEdge display | 180-degree hinge design | Military-Grade durability
22409,ASUS Vivobook 16 (M1605),,https://www.asus.com/my/laptops/for-home/vivobook/asus-vivobook-16-m1605/,https://dlcdnwebimgs.asus.com/gain/e7bccfbd-9a96-4922-ad06-1814a770579a/w185,ASUS Official,Up to AMD Ryzen™ 7 7730U Processor,AMD Radeon Graphics,,Up to 1 TB SSD storage,Up to 16” 3.2K OLED NanoEdge display,,,Windows 11 Home - ASUS recommends Windows 11 Home for business | 180-degree hinge design | Optional fingerprint login sensor | ASUS Antimicrobial Guard Plus
21051,ASUS Vivobook Go 14 (E1404F),2899.00,https://www.asus.com/my/laptops/for-home/vivobook/vivobook-go-14-e1404f/,https://dlcdnwebimgs.asus.com/gain/7b6485d2-2950-485c-92c9-58692b928766/w185,ASUS Official,Up to AMD Ryzen™ 5 Mobile Processor,AMD Radeon Graphics,,Up to 512 GB SSD storage,Up to Up to 16 GB LPDDR5 5500 MHz,,,Windows 11 Home - ASUS recommends Windows 11 Home for business | Up to 14'' FHD NanoEdge display | 180-degree hinge design | Military-Grade durability
21042,ASUS Vivobook Go 15 (E1504F),2849.00,https://www.asus.com/my/laptops/for-home/vivobook/vivobook-go-15-e1504f/,https://dlcdnwebimgs.asus.com/gain/b6d2e59f-ed3c-49de-92b5-410c799a1858/w185,ASUS Official,Up to AMD Ryzen™ 5 Mobile Processor,AMD Radeon Graphics,,Up to 512 GB SSD storage,Up to Up to 16 GB LPDDR5 5500 MHz,,,Windows 11 Home - ASUS recommends Windows 11 Home for business | Up to 15.6'' OLED NanoEdge display | 180-degree hinge design | Military-Grade durability
90NR0CC1-M015B0,ROG Strix G16,,https://rog.asus.com/my/laptops/rog-strix/rog-strix-g16-2023-series/,https://dlcdnwebimgs.asus.com/gain/3C38EBCB-420C-438B-B02F-072F4A9E47DB/w185,ASUS Official,13th Gen Intel® Core™ i7-13650HX Processor,NVIDIA® GeForce RTX™ 4050 Laptop GPU,,1TB M.2 NVMe™ PCIe® 4.0 SSD storage,"16"" FHD+ (1920 x 1200, WUXGA) 16:10 165Hz",,,Windows 11 Home
19119,ASUS Chromebook Flip CR1 (CR1100),,https://www.asus.com/my/laptops/for-students/chromebook/asus-chromebook-flip-cr1-cr1100/,https://dlcdnwebimgs.asus.com/gain/016579c8-3822-4028-a497-4462d412742d/w185,ASUS Official,Up to Intel ® Pentium ® Silver N6000 Processor,Intel Integrated Graphics,Up to 8 GB memory,,,,,ChromeOS | Up to 64 GB eMMC | Optional garaged USI stylus | World-facing camera
18061,ASUS Vivobook Go 14 (E410),,https://www.asus.com/my/laptops/for-home/vivobook/vivobook-go-14-e410/,https://dlcdnwebimgs.asus.com/gain/bb59f0d4-ce53-4b45-bc4a-10ff76c8fac4/w185,ASUS Official,,Integrated Graphics,,,,,,Windows 11 Home - ASUS recommends Windows 11 Home for business | NanoEdge display | 180-degree lay-flat hinge | Unique ASUS motif on the lid
15375,ASUS Laptop 15 A516,,https://www.asus.com/my/laptops/for-home/everyday-use/a516/,https://dlcdnwebimgs.asus.com/gain/b07aba3c-a9f3-49d8-a41c-67174ca563f6/w185,ASUS Official,Up to 10th gen Intel® Core™ i7 processor,Up to NVIDIA® GeForce® MX330,Up to 16 GB memory,Up to 1 TB HDD + 512GB SSD,Up to 15.6” FHD NanoEdge display,,,Windows 10 Home - ASUS recommends Windows 11 Pro for business | Optional fingerprint sensor | Stylish with multiple color options
15366,ASUS TUF Gaming A15,4299.00,https://www.asus.com/my/laptops/for-gaming/tuf-gaming/2021-asus-tuf-gaming-a15/,https://dlcdnwebimgs.asus.com/gain/ed4c3cdc-29c4-4bdf-a42b-9f008244a173/w185,ASUS Official,Up to AMD Ryzen™ 7 5800H,Up to GeForce RTX™ 3070,,,Up to 15.6” FHD 240Hz 100% sRGB,,,Windows 11 Home | Dual 83-Blade Fans
