id,title,price,best_vendor,vendor_prices,vendor_count,url,vendor_urls,image_url,series,processor,graphics,memory,storage,display,wifi,battery,others
B12VFK-2441MY,MSI Katana 15 B12VFK-2441MY Gaming Laptop,4699.00,"MSI Official (RM 4,699.00)","MSI Official: RM 4,699.00",1,https://my-store.msi.com/products/msi-katana-15-b12vfk-2441my-gaming-laptop,MSI Official: https://my-store.msi.com/products/msi-katana-15-b12vfk-2441my-gaming-laptop,https://cdn.shopify.com/s/files/1/0761/7970/2080/files/WebKatana15B12V1.jpg?v=1785502373,MSI Official,Intel® Core™ i7-12650H processor,NVIDIA® GeForce RTX™ 4060 Laptop GPU,8GB*2 DDR5,512GB*1 NVMe SSD PCIe Gen4,"15.6"" FHD(1920x1080), 144Hz Refresh Rate, IPS-Level",,3-Cell 53.5 Whrs,
CG3EM-006MY,[Pre Order] MSI Claw 8 EX AI+ CG3EM-006MY Gaming Handheld,7299.00,"MSI Official (RM 7,299.00)","MSI Official: RM 7,299.00",1,https://my-store.msi.com/products/msi-claw-8-ex-ai-cg3em-006my-gaming-handheld,MSI Official: https://my-store.msi.com/products/msi-claw-8-ex-ai-cg3em-006my-gaming-handheld,https://cdn.shopify.com/s/files/1/0761/7970/2080/files/1200x1200_Claw_8_EX_AI_PO.jpg?v=1784609426,MSI Official,Intel® Arc™ G3 Extreme processor,Intel® Arc™ GPU B390,"32GB, LPDDR5x",1TB*1 NVMe SSD PCIe Gen4,"8"" FHD+(1920x1200), 120Hz Refresh Rate, 100%sRGB(Typical), IPS-Level, Touchscreen",Intel® Wi-Fi 7 BE213 Bluetooth v6,785g,"SERIES: Claw 8 EX AI+ CG3EM | MODEL: Claw 8 EX AI+ CG3EM-006MY | SYSTEM: Windows 11 Home | CONTROL: 6-Axis IMU, D-pad, HD haptics, L & R Hall Effect analog triggers, L & R bumpers, MSI Center M button, Macro button (M1/M2), Menu button, Quick Settings button, RGB ABXY buttons, RGB L & R Hall Effect analog sticks, View button | SECURITY: Fingerprint Security | AUDIO PORT: 1x Mic-in/Headphone-out Combo Jack | AUDIO: 2x 2W Speaker DTS + Hi-Res Audio Solution | I/O PORTS: 2x Thunderbolt™ 4 (DisplayPort™/ Power Delivery 3.0) 1x Micro SD Card Reader | DIMENSION (WXDXH): 296 x 130 x 25-48mm | CHASSIS COLOR: Void Purple | WARRANTY: 1 year limited warranty"
A2WJ-1230MY,"MSI TITAN 18 HX DRAGON EDITION DRACO EPIC A2WJ-1230MY U9-290HX PLUS AI/96GB 6400MHZ(48+48)/4TB SSD(2+2)/RTX5090 24GB/18"" UHD+ 240HZ/W11H/2YW/DRAGON EDITION DRACO EPIC/CHERRY MECH PER-KEY RGB GAMING KB COPILOT KEY(MAX GAMING BACKPACK)",31999.00,"PC Image (RM 31,999.00)","PC Image: RM 31,999.00 | MSI Official: RM 32,499.00",2,https://store.pcimage.com.my/product/msi-titan-18-hx-dragon-edition-draco-epic-a2wj-1230my-u9-290hx-plus-ai96gb-6400mhz48484tb-ssd22rtx5090-24gb18-uhd-240hzw11h2ywdragon-edition-draco-epiccherry-mech-per-key-rgb-gaming-kb-copilot-keymax-gaming-backpack,PC Image: https://store.pcimage.com.my/product/msi-titan-18-hx-dragon-edition-draco-epic-a2wj-1230my-u9-290hx-plus-ai96gb-6400mhz48484tb-ssd22rtx5090-24gb18-uhd-240hzw11h2ywdragon-edition-draco-epiccherry-mech-per-key-rgb-gaming-kb-copilot-keymax-gaming-backpack | MSI Official: https://my-store.msi.com/products/msi-titan-18-hx-dragon-edition-draco-epic-a2wj-1230my-gaming-laptop,https://cdn1.sgliteasset.com/pcimagee/images/product/product-7723377/cached/ClwTVzmg6a5de5a8870dc_1784538536_webstore_listing_image1.jpg,PC Image - MSI,Intel® Core™ Ultra 9 processor 290HX Plus,NVIDIA® GeForce RTX™ 5090 Laptop GPU,"48GB*2 DDR5 Up to DDR5-6400, 2 Slots, Max 128GB","2TB*1 NVMe SSD PCIe Gen5 2TB*1 NVMe SSD PCIe Gen4 3x M.2 SSD slot (NVMe PCIe Gen4), 1x M.2 SSD slot (NVMe PCIe Gen5) Compatible","18"" UHD+(3840x2400), 240Hz Refresh Rate, Mini LED, IPS-Level, 100% DCI-P3(Typical), VESA DisplayHDR™ 1000 Certified",Intel® Killer™ Wi-Fi 7 BE1750 Bluetooth v5.4,400W Adaptor,
G3MG-061MY,MSI Modern 14S AI+ G3MG-061MY Business and Productivity Laptop,4499.00,"MSI Official (RM 4,499.00)","MSI Official: RM 4,499.00",1,https://my-store.msi.com/products/msi-modern-14s-ai-g3mg-061my-business-and-productivity-laptop,MSI Official: https://my-store.msi.com/products/msi-modern-14s-ai-g3mg-061my-business-and-productivity-laptop,https://cdn.shopify.com/s/files/1/0761/7970/2080/files/modern-14s-new_40th_Anniversary.jpg?v=1784020781,MSI Official,Intel® Core™ Ultra 5 processor 322,Intel® Graphics,"8GB*2 DDR5-5600 Up to DDR5-5600, 2 Slots, Max 32GB",512GB*1 NVMe SSD PCIe Gen4 1x M.2 SSD slot (NVMe PCIe Gen4),"14"" FHD+(1920x1200), OLED, 100% DCI-P3(Typical), Low Blue Light & Flicker-free certified by SGS",Intel® Wi-Fi 6E AX211 Bluetooth v5.3,65W Adaptor MSI recommends using a 65W or higher PD charger for charging.,"SERIES: Modern 14S AI+ G3M | MODEL: Modern 14S AI+ G3MG-061MY | SYSTEM: Windows 11 Home (MSI recommends Windows 11 Pro for business.) | MICROSOFT OFFICE: Microsoft 365 Basic + Office Home 2024 included | WEBCAM: IR HD type (30fps@720p) with 3D Noise Reduction (3DNR) | KEYBOARD: Single Backlit Keyboard (White) with Copilot Key Smudge-resistant keyboard | TOUCHPAD: Action Touch Pad | AUDIO: 2x 2W Audio Speaker DTS Audio Processing, Hi-Res Audio Ready Array Microphone | AUDIO JACK: 1x Mic-in/Headphone-out Combo Jack | I/O PORTS: 2x Type-A USB3.2 Gen1 2x Type-C (USB3.2 Gen2 / DisplayPort™/ Power Delivery 3.0) | VIDEO PORT: 1x HDMI™ 2.1 (4K @ 60Hz) | SECURITY: Firmware Trusted Platform Module(fTPM) 2.0 Microsoft Pluton Security Technology Secured-core PCs Webcam Shutter | WEIGHT: 1.38kg | DIMENSION (WXDXH): 315.9 x 223.9 x 11.1~17.9 mm | ACCESSORY: MSI Sleeve Bag | COLOR: Urban Silver | WARRANTY: 2 years limited warranty"
MODERN-15-F1MG,MSI Modern 15 F1MG-1258MYNN Business and Productivity Laptop,3199.00,"MSI Official (RM 3,199.00)","MSI Official: RM 3,199.00",1,https://my-store.msi.com/products/msi-modern-15-f1mg-1258mynn-business-and-productivity-laptop,MSI Official: https://my-store.msi.com/products/msi-modern-15-f1mg-1258mynn-business-and-productivity-laptop,https://cdn.shopify.com/s/files/1/0761/7970/2080/files/WebModern15F1MPGrey1.jpg?v=1781681401,MSI Official,Intel® Core™ 5 processor 120U,Intel® Graphics,"8GB*2 DDR4-3200 DDR4-3200, 2 Slots, Max 64GB",512GB*1 NVMe SSD PCIe Gen4 1x M.2 SSD slot (NVMe PCIe Gen4),"15.6"" FHD(1920x1080), IPS-Level",Intel® Wi-Fi 6E AX211 Bluetooth v5.3,65W Adaptor,SERIES: Modern 15 F1M | MODEL: Modern 15 F1MG-1258MYNN | SYSTEM: Windows 11 Home (MSI recommends Windows 11 Pro for business.) | MICROSOFT OFFICE: Microsoft 365 Basic + Office Home 2024 included | WEBCAM: HD type (30fps@720p) | KEYBOARD: Single Backlit Keyboard (White) with Copilot Key | AUDIO: 2x 2W Audio Speaker Hi-Res Audio Ready Array Microphone | AUDIO JACK: 1x Mic-in/Headphone-out Combo Jack | I/O PORTS: 3x Type-A USB3.2 Gen1 1x Type-C (USB3.2 Gen2 / DisplayPort™/ Power Delivery 3.0) | VIDEO PORT: 1x HDMI™ (4K @ 30Hz) | SECURITY: Firmware Trusted Platform Module(fTPM) 2.0 Kensington Lock Webcam Shutter | WEIGHT: 1.7kg | DIMENSION (WXDXH): 358.9 x 235.9 x 19.9 mm | ACCESSORY: MSI Sleeve Bag | COLOR: Platinum Gray | WARRANTY: 2 years limited warranty
F1MG-830MY,MSI Modern 14 F1MG-830MY Business and Productivity Laptop,3099.00,"MSI Official (RM 3,099.00)","MSI Official: RM 3,099.00",1,https://my-store.msi.com/products/msi-modern-14-f1mg-830my-business-and-productivity-laptop,MSI Official: https://my-store.msi.com/products/msi-modern-14-f1mg-830my-business-and-productivity-laptop,https://cdn.shopify.com/s/files/1/0761/7970/2080/files/Web_F1MG-838MY_1.jpg?v=1775205386,MSI Official,Intel® Core™ 5 processor 120U,Intel® Graphics,"8GB*2 DDR4-3200 DDR4-3200, 2 Slots, Max 64GB",512GB*1 NVMe SSD PCIe Gen4 1x M.2 SSD slot (NVMe PCIe Gen4),"14"" FHD(1920x1080), IPS-Level",Intel® Wi-Fi 6E AX211 Bluetooth v5.3,65W Adaptor,SERIES: Modern 14 F1M | MODEL: Modern 14 F1MG-830MY | SYSTEM: Windows 11 Home (MSI recommends Windows 11 Pro for business.) | MICROSOFT OFFICE: Microsoft 365 Basic + Office Home 2024 included | WEBCAM: HD type (30fps@720p) | KEYBOARD: Single Backlit Keyboard (White) with Copilot Key | AUDIO: 2x 2W Audio Speaker Hi-Res Audio Ready Array Microphone | AUDIO JACK: 1x Mic-in/Headphone-out Combo Jack | I/O PORTS: 3x Type-A USB3.2 Gen1 1x Type-C (USB3.2 Gen2 / DisplayPort™/ Power Delivery 3.0) | VIDEO PORT: 1x HDMI™ (4K @ 30Hz) | SECURITY: Firmware Trusted Platform Module(fTPM) 2.0 Kensington Lock Webcam Shutter | WEIGHT: 1.5kg | DIMENSION (WXDXH): 323.9 x 217.2 x 19.9 mm | ACCESSORY: MSI Sleeve Bag | COLOR: Platinum Gray | WARRANTY: 2 years limited warranty
D3MTG-236MY,MSI Prestige 14 Flip AI+ D3MTG-236MY Business and Productivity Laptop,8499.00,"MSI Official (RM 8,499.00)","MSI Official: RM 8,499.00",1,https://my-store.msi.com/products/msi-prestige-14-flip-ai-d3mtg-236my-business-and-productivity-laptop,MSI Official: https://my-store.msi.com/products/msi-prestige-14-flip-ai-d3mtg-236my-business-and-productivity-laptop,https://cdn.shopify.com/s/files/1/0761/7970/2080/files/P14-flip-new_40th_Anniversary.jpg?v=1784020781,MSI Official,Intel® Core™ Ultra 7 processor 355,Intel® Graphics,"32GB LPDDR5x, On board",1TB*1 NVMe SSD PCIe Gen4 1x M.2 SSD slot (NVMe PCIe Gen4),"14"" FHD+(1920x1200), OLED, 100% DCI-P3(Typical), MSI Precision Pen Touch Technology (MPPT), Support MSI Nano Pen, Touchscreen, Low Blue Light & Flicker-free certified by SGS",Intel® Killer™ Wi-Fi 7 BE1775 Bluetooth v6,65W Adaptor MSI recommends using a 65W or higher PD charger for charging.,"SERIES: Prestige 14 Flip AI+ D3M | MODEL: Prestige 14 Flip AI+ D3MTG-236MY | SYSTEM: Windows 11 Home (MSI recommends Windows 11 Pro for business.) | MICROSOFT OFFICE: Microsoft 365 Basic + Office Home 2024 included | WEBCAM: IR FHD type (30fps@1080p) with HDR & 3D Noise Reduction+ (3DNR+) | KEYBOARD: Single Backlit Keyboard (White) with Copilot Key | AUDIO: 2x 2W Audio Speaker 2x 2W Audio Woofer DTS Audio Processing, Hi-Res Audio Ready Spatial Array Microphone (3 Mic) | AUDIO JACK: 1x Mic-in/Headphone-out Combo Jack | I/O PORTS: 2x Type-A USB3.2 Gen2 2x Thunderbolt™ 4 (DisplayPort™/ Power Delivery 3.0) | VIDEO PORT: 1x HDMI™ 2.1 (8K @ 60Hz / 4K @ 120Hz) | SENSOR: 1x Ambient Light Sensor 1x Gyroscope 1x Accelerometer 1x Magnetometer 1x Fingerprint 1x Adaptive Color Sensor | SECURITY: Discrete Trusted Platform Module(dTPM) 2.0 Fingerprint Security Microsoft Pluton Security Technology Secured-core PCs Webcam Shutter | WEIGHT: 1.37kg | DIMENSION (WXDXH): 315.6 x 221.9 x 11.9-13.9 mm | ACCESSORY: MSI Topload Bag | COLOR: Platinum Gray | WARRANTY: 2 years limited warranty"
C2WG-249MY,MSI Cyborg 15 Max C2WG-249MY Gaming Laptop,7799.00,"MSI Official (RM 7,799.00)","MSI Official: RM 7,799.00",1,https://my-store.msi.com/products/msi-cyborg-15-max-c2wg-249my-gaming-laptop,MSI Official: https://my-store.msi.com/products/msi-cyborg-15-max-c2wg-249my-gaming-laptop,https://cdn.shopify.com/s/files/1/0761/7970/2080/files/cyborg-new_40th_Anniversary.jpg?v=1784020781,MSI Official,Intel® Core™ 7 processor 240H,NVIDIA® GeForce RTX™ 5070 Laptop GPU,"16GB*1 DDR5 DDR5-5600, 2 Slots, Max 96GB",512GB*1 NVMe SSD PCIe Gen4 2x M.2 SSD slot (NVMe PCIe Gen4),"15.6"" FHD(1920x1080), 144Hz Refresh Rate, IPS-Level, 100%sRGB(Typical)",Intel® Wi-Fi 6E AX211 Bluetooth v5.3,180W Adaptor,SERIES: Cyborg 15 Max C2W | MODEL: Cyborg 15 Max C2WG-249MY | SYSTEM: Windows 11 Home (MSI recommends Windows 11 Pro for business.) | WEBCAM: HD type (30fps@720p) with 3D Noise Reduction (3DNR) | KEYBOARD: Single Backlit Keyboard (White) with Copilot Key | AUDIO: 2x 2W Audio Speaker DTS Audio Processing Array Microphone | AUDIO JACK: 1x Mic-in/Headphone-out Combo Jack | I/O PORTS: 1x Type-A USB3.2 Gen1 2x Type-A USB3.2 Gen2 1x Type-C (USB3.2 Gen2 / DisplayPort™/ Power Delivery 3.0) | VIDEO PORT: 1x HDMI™ 2.1 (4K @ 60Hz) | SECURITY: Firmware Trusted Platform Module(fTPM) 2.0 Kensington Lock | WEIGHT: 2kg | DIMENSION (WXDXH): 359 x 249 x 21~22.9 mm | ACCESSORY: MSI Essential Backpack | COLOR: Platinum Gray | WARRANTY: 2 years limited warranty
E8WFK-037MY,MSI Crosshair A16 HX E8WFK-037MY Gaming Laptop,7899.00,"MSI Official (RM 7,899.00)","MSI Official: RM 7,899.00",1,https://my-store.msi.com/products/msi-crosshair-a16-hx-e8wfk-037-gaming-laptop,MSI Official: https://my-store.msi.com/products/msi-crosshair-a16-hx-e8wfk-037-gaming-laptop,https://cdn.shopify.com/s/files/1/0761/7970/2080/files/crosshair-new_40th_Anniversary.jpg?v=1784020781,MSI Official,AMD Ryzen™ 7 8840HX processor,NVIDIA® GeForce RTX™ 5060 Laptop GPU,"16GB*1 DDR5 DDR5, 2 Slots, Max 96GB","512GB*1 NVMe SSD PCIe Gen4 1x M.2 SSD slot (NVMe PCIe Gen4), 1x M.2 SSD slot (NVMe PCIe Gen5) Compatible","16"" QHD+(2560x1600), 240Hz Refresh Rate, IPS-Level, 100% DCI-P3(Typical)",AMD RZ616 Wi-Fi 6E Bluetooth v5.3,240W Adaptor,"SERIES: Crosshair A16 HX E8W | MODEL: Crosshair A16 HX E8WFK-037MY | SYSTEM: Windows 11 Home (MSI recommends Windows 11 Pro for business.) | WEBCAM: HD type (30fps@720p) with 3D Noise Reduction (3DNR) | KEYBOARD: 4-Zone RGB Gaming Keyboard with Copilot Key | AUDIO: 2x 2W Audio Speaker Hi-Res Audio Ready, Nahimic 3 Audio Enhancer Array Microphone | AUDIO JACK: 1x Mic-in/Headphone-out Combo Jack | I/O PORTS: 3x Type-A USB3.2 Gen1 2x Type-C (USB3.2 Gen2 / DisplayPort™/ Power Delivery 3.0) | VIDEO PORT: 1x HDMI™ 2.1 (8K @ 60Hz / 4K @ 120Hz) | SECURITY: Firmware Trusted Platform Module(fTPM) 2.0 Webcam Shutter Kensington Lock | WEIGHT: 2.3kg | DIMENSION (WXDXH): 363 x 269.7 x 21.95 - 25.55 mm | ACCESSORY: MSI Essential Backpack | COLOR: Black | WARRANTY: 2 years limited warranty"
E8WGK-036MY,"MSI CROSSHAIR A16 HX E8WGK-036MY R7-8840HX/16GB 5200MHZ/512GB SSD/RTX5070 8GB/16"" QHD+ 240HZ/W11H/2YW/BLACK/4-ZONE RGB GAMING KB COPILOT KEY(ESSENTIAL BACKPACK)",8499.00,"PC Image (RM 8,499.00)","PC Image: RM 8,499.00 | MSI Official: RM 8,699.00",2,https://store.pcimage.com.my/product/msi-crosshair-a16-hx-e8wgk-036my-r7-8840hx16gb-5200mhz512gb-ssdrtx5070-8gb16-qhd-240hzw11h2ywblack4-zone-rgb-gaming-kb-copilot-keyessential-backpack,PC Image: https://store.pcimage.com.my/product/msi-crosshair-a16-hx-e8wgk-036my-r7-8840hx16gb-5200mhz512gb-ssdrtx5070-8gb16-qhd-240hzw11h2ywblack4-zone-rgb-gaming-kb-copilot-keyessential-backpack | MSI Official: https://my-store.msi.com/products/msi-crosshair-a16-hx-e8wgk-036-gaming-laptop,https://cdn1.sgliteasset.com/pcimagee/images/product/product-7725424/cached/sNXPXRWR6a5ec64057285_1784596032_webstore_listing_image1.jpg,PC Image - MSI,AMD Ryzen™ 7 8840HX processor,NVIDIA® GeForce RTX™ 5070 Laptop GPU,"16GB*1 DDR5 DDR5, 2 Slots, Max 96GB","512GB*1 NVMe SSD PCIe Gen4 1x M.2 SSD slot (NVMe PCIe Gen4), 1x M.2 SSD slot (NVMe PCIe Gen5) Compatible","16"" QHD+(2560x1600), 240Hz Refresh Rate, IPS-Level, 100% DCI-P3(Typical)",AMD RZ616 Wi-Fi 6E Bluetooth v5.3,240W Adaptor,
A2WJ-1086MY,MSI Raider 18 Max HX A2WJ-1086MY Gaming Laptop,22499.00,"MSI Official (RM 22,499.00)","MSI Official: RM 22,499.00",1,https://my-store.msi.com/products/msi-raider-18-max-hx-a2wj-1086-gaming-laptop,MSI Official: https://my-store.msi.com/products/msi-raider-18-max-hx-a2wj-1086-gaming-laptop,https://cdn.shopify.com/s/files/1/0761/7970/2080/files/raider-18-new_40th_Anniversary.jpg?v=1784020781,MSI Official,Intel® Core™ Ultra 9 processor 290HX Plus,NVIDIA® GeForce RTX™ 5090 Laptop GPU,"16GB*2 DDR5 Up to DDR5-6400, 2 Slots, Max 128GB","2TB*1 NVMe SSD PCIe Gen5 1x M.2 SSD slot (NVMe PCIe Gen4), 1x M.2 SSD slot (NVMe PCIe Gen5) Compatible","18"" UHD+(3840x2400), 120Hz Refresh Rate, Mini LED, IPS-Level, 100% DCI-P3(Typical), VESA DisplayHDR™ 1000 Certified",Intel® Killer™ Wi-Fi 7 BE1750 Bluetooth v5.4,400W Adaptor,"SERIES: Raider 18 Max HX A2W | MODEL: Raider 18 Max HX A2WJ-1086MY | SYSTEM: Windows 11 Home (MSI recommends Windows 11 Pro for business.) | WEBCAM: IR FHD type (30fps@1080p) with HDR & 3D Noise Reduction+ (3DNR+) | KEYBOARD: Per-Key RGB Gaming Keyboard by SteelSeries with Copilot Key | AUDIO: 4x 2W Audio Speaker 2x 2W Audio Woofer Hi-Res Audio Ready, Nahimic 3 Audio Enhancer, Sound by Dynaudio Array Microphone | AUDIO JACK: 1x Mic-in/Headphone-out Combo Jack | I/O PORTS: 3x Type-A USB3.2 Gen2 2x Thunderbolt™ 5 (DisplayPort™/ Power Delivery 3.1) | VIDEO PORT: 1x HDMI™ 2.1 (8K @ 60Hz / 4K @ 120Hz) | SECURITY: Fingerprint Security Firmware Trusted Platform Module(fTPM) 2.0 Webcam Shutter Kensington Lock | WEIGHT: 3.6kg | DIMENSION (WXDXH): 404 x 307.5 x 24-32.05 mm | ACCESSORY: MSI MAX Gaming Backpack | COLOR: Core Black | WARRANTY: 2 years limited warranty"
F13MG-882MY,MSI Modern 14 F13MG-882MY Business and Productivity Laptop,3099.00,"MSI Official (RM 3,099.00)","MSI Official: RM 3,099.00",1,https://my-store.msi.com/products/msi-modern-14-f13mg-882-business-and-productivity-laptop,MSI Official: https://my-store.msi.com/products/msi-modern-14-f13mg-882-business-and-productivity-laptop,https://cdn.shopify.com/s/files/1/0761/7970/2080/files/Web_F13MG_Platinum_Gray_1.jpg?v=1780327306,MSI Official,Intel® Core™ i5-1334U processor,Intel® Iris® Xe,"8GB*2 DDR4-3200 DDR4-3200, 2 Slots, Max 64GB",512GB*1 NVMe SSD PCIe Gen4 1x M.2 SSD slot (NVMe PCIe Gen4),"14"" FHD(1920x1080), IPS-Level",Intel® Wi-Fi 6E AX211 Bluetooth v5.3,65W Adaptor,SERIES: Modern 14 F13M | MODEL: Modern 14 F13MG-881MY | SYSTEM: Windows 11 Home (MSI recommends Windows 11 Pro for business.) | MICROSOFT OFFICE: Microsoft 365 Basic + Office Home 2024 included | WEBCAM: HD type (30fps@720p) | KEYBOARD: Single Backlit Keyboard (White) with Copilot Key | AUDIO: 2x 2W Audio Speaker Hi-Res Audio Ready Array Microphone | AUDIO JACK: 1x Mic-in/Headphone-out Combo Jack | I/O PORTS: 3x Type-A USB3.2 Gen1 1x Type-C (USB3.2 Gen2 / DisplayPort™/ Power Delivery 3.0) | VIDEO PORT: 1x HDMI™ (4K @ 30Hz) | SECURITY: Firmware Trusted Platform Module(fTPM) 2.0 Kensington Lock Webcam Shutter | WEIGHT: 1.5kg | DIMENSION (WXDXH): 323.9 x 217.2 x 19.9 mm | ACCESSORY: MSI Sleeve Bag | COLOR: Urban Silver | WARRANTY: 2 years limited warranty
A2VM-248MY,MSI Claw 8 AI+ Glacier Blue Edition A2VM-248MY Gaming Handheld,5199.00,"MSI Official (RM 5,199.00)","MSI Official: RM 5,199.00",1,https://my-store.msi.com/products/msi-claw-8-ai-glacier-blue-edition-a2vm-248-gaming-handheld,MSI Official: https://my-store.msi.com/products/msi-claw-8-ai-glacier-blue-edition-a2vm-248-gaming-handheld,https://cdn.shopify.com/s/files/1/0761/7970/2080/files/Web_Claw_8_AI_A2VM_Glacier_Blue_Edition_1.jpg?v=1779384794,MSI Official,Intel® Core™ Ultra 7 processor 258V,Intel® Arc™ 140V GPU,"32GB, LPDDR5x-8533",1TB*1 NVMe SSD PCIe Gen4 1x M.2 2230 SSD slot (NVMe PCIe Gen4),"8"" FHD+(1920x1200), 48~120Hz VRR, 100%sRGB(Typical), IPS-Level, Touchscreen",Intel® Wi-Fi 7 BE201 Bluetooth v5.4,65W Adaptor,"SERIES: Claw 8 AI+ Glacier Blue Edition A2VM | MODEL: Claw 8 AI+ A2VM Glacier Blue Edition-248MY | SYSTEM: Windows 11 Home | CONTROL: 6-Axis IMU, D-pad, HD haptics, L & R Hall Effect analog triggers, L & R bumpers, MSI Center M button, Macro button (M1/M2), Menu button, Quick Settings button, RGB ABXY buttons, RGB L & R Hall Effect analog sticks, View button | SECURITY: Fingerprint Security | AUDIO PORT: 1x Mic-in/Headphone-out Combo Jack | AUDIO: 2x 2W Speaker | I/O PORTS: 2x Thunderbolt™ 4 (DisplayPort™/ Power Delivery 3.0) 1x Micro SD Card Reader | WEIGHT: 759g | DIMENSION (WXDXH): 299 x 126 x 24 mm | COLOR: Glacier Blue | WARRANTY: 1 year limited warranty"
MODERN-14-F13MG,"MSI Modern 14 F13MG-881MYNN Laptop i5-1334U/16GB DDR4/512GB SSD/14""FHD",2809.00,"ALL IT (RM 2,809.00)","ALL IT: RM 2,809.00 | MSI Official: RM 2,899.00",2,https://www.allithypermarket.com.my/products/msi-modern-14-f13mg-881mynn-laptop-i5-1334u-16gb-ddr4-512gb-ssd-14fhd,ALL IT: https://www.allithypermarket.com.my/products/msi-modern-14-f13mg-881mynn-laptop-i5-1334u-16gb-ddr4-512gb-ssd-14fhd | MSI Official: https://my-store.msi.com/products/msi-modern-14-f13mg-881-business-and-productivity-laptop,https://cdn.shopify.com/s/files/1/1974/9033/files/20260707040911fec617b361bc0ec7744fec05e2ddffa4.jpg?v=1783397404,ALL IT - MSI,Intel® Core™ i5-1334U processor,Intel® Iris® Xe Graphics,"8GB*2 DDR4-3200 DDR4-3200, 2 Slots, Max 64GB",512GB*1 NVMe SSD PCIe Gen4 1x M.2 SSD slot (NVMe PCIe Gen4),"14"" FHD(1920x1080), IPS-Level",Intel® Wi-Fi 6E AX211 Bluetooth v5.3,65W Adaptor,OPERATING SYSTEM: Windows 11 Home
D3MG-225MY,MSI Prestige 14 AI+ D3MG-225MY Business and Productivity Laptop,7999.00,"MSI Official (RM 7,999.00)","MSI Official: RM 7,999.00",1,https://my-store.msi.com/products/msi-prestige-14-ai-d3mg-225-business-and-productivity-laptop,MSI Official: https://my-store.msi.com/products/msi-prestige-14-ai-d3mg-225-business-and-productivity-laptop,https://cdn.shopify.com/s/files/1/0761/7970/2080/files/P14-new_40th_Anniversary.jpg?v=1784020781,MSI Official,Intel® Core™ Ultra 7 processor 355,Intel® Graphics,"32GB LPDDR5x, On board",1TB*1 NVMe SSD PCIe Gen4 1x M.2 SSD slot (NVMe PCIe Gen4),"14"" FHD+(1920x1200), OLED, 100% DCI-P3(Typical), Low Blue Light & Flicker-free certified by SGS",Intel® Killer™ Wi-Fi 7 BE1775 Bluetooth v6,65W Adaptor MSI recommends using a 65W or higher PD charger for charging.,"SERIES: Prestige 14 AI+ D3M | MODEL: Prestige 14 AI+ D3MG-225MY | SYSTEM: Windows 11 Home (MSI recommends Windows 11 Pro for business.) | MICROSOFT OFFICE: Office Home 2024 included | WEBCAM: IR FHD type (30fps@1080p) with HDR & 3D Noise Reduction+ (3DNR+) | KEYBOARD: Single Backlit Keyboard (White) with Copilot Key | AUDIO: 2x 2W Audio Speaker 2x 2W Audio Woofer DTS Audio Processing, Hi-Res Audio Ready Spatial Array Microphone (3 Mic) | AUDIO JACK: 1x Mic-in/Headphone-out Combo Jack | I/O PORTS: 2x Type-A USB3.2 Gen2 2x Thunderbolt™ 4 (DisplayPort™/ Power Delivery 3.0) | VIDEO PORT: 1x HDMI™ 2.1 (8K @ 60Hz / 4K @ 120Hz) | SENSOR: 1x Ambient Light Sensor 1x Gyroscope 1x Accelerometer 1x Magnetometer 1x Fingerprint 1x Adaptive Color Sensor | SECURITY: Discrete Trusted Platform Module(dTPM) 2.0 Fingerprint Security Microsoft Pluton Security Technology Secured-core PCs Webcam Shutter | WEIGHT: 1.32kg | DIMENSION (WXDXH): 315.6 x 221.9 x 11.9-13.9 mm | ACCESSORY: MSI Topload Bag | COLOR: Platinum Gray | WARRANTY: 2 years limited warranty"
D3MTG-224MY,MSI Prestige 14 Flip AI+ D3MTG-224MY Business and Productivity Laptop,8899.00,"MSI Official (RM 8,899.00)","MSI Official: RM 8,899.00",1,https://my-store.msi.com/products/msi-prestige-14-flip-ai-d3mtg-224my-business-and-productivity-laptop,MSI Official: https://my-store.msi.com/products/msi-prestige-14-flip-ai-d3mtg-224my-business-and-productivity-laptop,https://cdn.shopify.com/s/files/1/0761/7970/2080/files/P14-flip-new_40th_Anniversary.jpg?v=1784020781,MSI Official,Intel® Core™ Ultra 9 processor 386H,Intel® Graphics,"32GB LPDDR5x, On board",1TB*1 NVMe SSD PCIe Gen4 1x M.2 SSD slot (NVMe PCIe Gen4),"14"" FHD+(1920x1200), OLED, 100% DCI-P3(Typical), MSI Precision Pen Touch Technology (MPPT), Support MSI Nano Pen, Touchscreen, Low Blue Light & Flicker-free certified by SGS",Intel® Killer™ Wi-Fi 7 BE1775 Bluetooth v6,65W Adaptor MSI recommends using a 65W or higher PD charger for charging.,"SERIES: Prestige 14 Flip AI+ D3M | MODEL: Prestige 14 Flip AI+ D3MTG-224MY | SYSTEM: Windows 11 Home (MSI recommends Windows 11 Pro for business.) | MICROSOFT OFFICE: Office Home 2024 included | WEBCAM: IR FHD type (30fps@1080p) with HDR & 3D Noise Reduction+ (3DNR+) | KEYBOARD: Single Backlit Keyboard (White) with Copilot Key | AUDIO: 2x 2W Audio Speaker 2x 2W Audio Woofer DTS Audio Processing, Hi-Res Audio Ready Spatial Array Microphone (3 Mic) | AUDIO JACK: 1x Mic-in/Headphone-out Combo Jack | I/O PORTS: 2x Type-A USB3.2 Gen2 2x Thunderbolt™ 4 (DisplayPort™/ Power Delivery 3.0) | VIDEO PORT: 1x HDMI™ 2.1 (8K @ 60Hz / 4K @ 120Hz) | SENSOR: 1x Ambient Light Sensor 1x Gyroscope 1x Accelerometer 1x Magnetometer 1x Fingerprint 1x Adaptive Color Sensor | SECURITY: Discrete Trusted Platform Module(dTPM) 2.0 Fingerprint Security Microsoft Pluton Security Technology Secured-core PCs Webcam Shutter | WEIGHT: 1.37kg | DIMENSION (WXDXH): 315.6 x 221.9 x 11.9-13.9 mm | ACCESSORY: MSI Topload Bag | COLOR: Platinum Gray | WARRANTY: 2 years limited warranty"
A13VE-2476MY,"MSI CYBORG 15 BLACK EDITION A13VE-2476MY I7-13620H/16GB/512GB SSD/RTX4050 6GB/15.6"" FHD/W11H/BLACK/2YW",4299.00,"PC Image (RM 4,299.00)","PC Image: RM 4,299.00 | MSI Official: RM 4,499.00",2,https://store.pcimage.com.my/product/msi-cyborg-15-black-edition-a13ve-2476my-i7-13620h-16gb-512gb-ssd-rtx4050-6gb-15-6-fhd-w11h-home24-black-2yw,PC Image: https://store.pcimage.com.my/product/msi-cyborg-15-black-edition-a13ve-2476my-i7-13620h-16gb-512gb-ssd-rtx4050-6gb-15-6-fhd-w11h-home24-black-2yw | MSI Official: https://my-store.msi.com/products/msi-cyborg-15-black-edition-a13ve-2476-gaming-laptop,https://cdn1.sgliteasset.com/pcimagee/images/product/product-7486468/cached/zEQUURtJ6a17baac935b6_1779940012_webstore_listing_image1.jpg,PC Image - MSI,Intel® Core™ i7-13620H processor,NVIDIA® GeForce RTX™ 4050 Laptop GPU,"8GB*2 DDR5 DDR5DDR5-5200, 2 Slots, Max 64GB",512GB*1 NVMe SSD PCIe Gen4 1x M.2 SSD slot (NVMe PCIe Gen4),"15.6"" FHD(1920x1080), 144Hz Refresh Rate, IPS-Level",Intel® Wi-Fi 6E AX211 Bluetooth v5.3,120W Adaptor,
050MY-BLK-MSI,MSI Cyborg A17 AI B2HWFKG-050MY Gaming Laptop,6399.00,"MSI Official (RM 6,399.00)","MSI Official: RM 6,399.00",1,https://my-store.msi.com/products/msi-cyborg-a17-ai-b2hwfkg-050-gaming-laptop,MSI Official: https://my-store.msi.com/products/msi-cyborg-a17-ai-b2hwfkg-050-gaming-laptop,https://cdn.shopify.com/s/files/1/0761/7970/2080/files/Web_Cyborg_A17_AI_B2HW_1.jpg?v=1779357519,MSI Official,AMD Ryzen™ 7 260 processor,NVIDIA® GeForce RTX™ 5060 Laptop GPU,"16GB*1 DDR5 DDR5-5600, 2 Slots, Max 96GB",512GB*1 NVMe SSD PCIe Gen4 1x M.2 SSD slot (NVMe PCIe Gen4),"17.3"" FHD(1920x1080), 144Hz Refresh Rate, IPS-Level",AMD RZ616 Wi-Fi 6E Bluetooth v5.3,120W Adaptor,"SERIES: Cyborg A17 AI B2HW | MODEL: Cyborg A17 AI B2HWFKG-050MY | SYSTEM: Windows 11 Home (MSI recommends Windows 11 Pro for business.) | WEBCAM: HD type (30fps@720p) with 3D Noise Reduction (3DNR) | KEYBOARD: 4-Zone RGB Gaming Keyboard with Copilot Key Smudge-resistant keyboard | AUDIO: 2x 2W Audio Speaker DTS Audio Processing, Hi-Res Audio Ready Array Microphone | AUDIO JACK: 1x Mic-in/Headphone-out Combo Jack | I/O PORTS: 2x Type-A USB3.2 Gen1 1x Type-C (USB3.2 Gen1 / DisplayPort™/ Power Delivery 3.0) | VIDEO PORT: 1x HDMI™ 2.1 (4K @ 60Hz) | SECURITY: Firmware Trusted Platform Module(fTPM) 2.0 Kensington Lock Microsoft Pluton Security Technology Secured-core PCs Webcam Shutter | WEIGHT: 2.5kg | DIMENSION (WXDXH): 399.3 x 258 x 21.2-22.2 mm | ACCESSORY: MSI Essential Backpack | COLOR: Translucent Black | WARRANTY: 2 years limited warranty"
051MY-BLK-MSI,MSI Cyborg A17 AI B2HWEKG-051MY Gaming Laptop,5999.00,"MSI Official (RM 5,999.00)","MSI Official: RM 5,999.00",1,https://my-store.msi.com/products/msi-cyborg-a17-ai-b2hwekg-051-gaming-laptop,MSI Official: https://my-store.msi.com/products/msi-cyborg-a17-ai-b2hwekg-051-gaming-laptop,https://cdn.shopify.com/s/files/1/0761/7970/2080/files/Web_Cyborg_A17_AI_B2HW_1.jpg?v=1779357519,MSI Official,AMD Ryzen™ 7 260 processor,NVIDIA® GeForce RTX™ 5050 Laptop GPU,"16GB*1 DDR5 DDR5-5600, 2 Slots, Max 96GB",512GB*1 NVMe SSD PCIe Gen4 1x M.2 SSD slot (NVMe PCIe Gen4),"17.3"" FHD(1920x1080), 144Hz Refresh Rate, IPS-Level",AMD RZ616 Wi-Fi 6E Bluetooth v5.3,120W Adaptor,"SERIES: Cyborg A17 AI B2HW | MODEL: Cyborg A17 AI B2HWEKG-051MY | SYSTEM: Windows 11 Home (MSI recommends Windows 11 Pro for business.) | WEBCAM: HD type (30fps@720p) with 3D Noise Reduction (3DNR) | KEYBOARD: 4-Zone RGB Gaming Keyboard with Copilot Key Smudge-resistant keyboard | AUDIO: 2x 2W Audio Speaker DTS Audio Processing, Hi-Res Audio Ready Array Microphone | AUDIO JACK: 1x Mic-in/Headphone-out Combo Jack | I/O PORTS: 2x Type-A USB3.2 Gen1 1x Type-C (USB3.2 Gen1 / DisplayPort™/ Power Delivery 3.0) | VIDEO PORT: 1x HDMI™ 2.1 (4K @ 60Hz) | SECURITY: Firmware Trusted Platform Module(fTPM) 2.0 Kensington Lock Microsoft Pluton Security Technology Secured-core PCs Webcam Shutter | WEIGHT: 2.5kg | DIMENSION (WXDXH): 399.3 x 258 x 21.2-22.2 mm | ACCESSORY: MSI Essential Backpack | COLOR: Translucent Black | WARRANTY: 2 years limited warranty"
B3WF-022MY,MSI Stealth 16 AI+ B3WF-022MY Gaming Laptop,10799.00,"MSI Official (RM 10,799.00)","MSI Official: RM 10,799.00",1,https://my-store.msi.com/products/msi-stealth-16-ai-b3wf-022-gaming-laptop,MSI Official: https://my-store.msi.com/products/msi-stealth-16-ai-b3wf-022-gaming-laptop,https://cdn.shopify.com/s/files/1/0761/7970/2080/files/stealth-new_40th_Anniversary.jpg?v=1784020781,MSI Official,Intel® Core™ Ultra 9 processor 386H,NVIDIA® GeForce RTX™ 5060 Laptop GPU,"16GB*1 DDR5 Up to DDR5-7200, 2 Slots, Max 128GB",512GB*1 NVMe SSD PCIe Gen4 2x M.2 SSD slot (NVMe PCIe Gen4),"16"" QHD+(2560x1600), 240Hz Refresh Rate, OLED, 100% DCI-P3(Typical), VESA DisplayHDR™ True Black 600 Certified, SGS Eye Care Display",Intel® Wi-Fi 7 BE213 Bluetooth v6,240W Adaptor,"SERIES: Stealth 16 AI+ B3W | MODEL: Stealth 16 AI+ B3WF-022MY | SYSTEM: Windows 11 Home (MSI recommends Windows 11 Pro for business.) | WEBCAM: IR FHD type (30fps@1080p) with HDR & 3D Noise Reduction+ (3DNR+) | KEYBOARD: 4-Zone RGB Gaming Keyboard with Copilot Key Smudge-resistant keyboard | AUDIO: 2x 2W Audio Speaker 2x 2W Audio Woofer Hi-Res Audio Ready, Nahimic 3 Audio Enhancer Array Microphone | AUDIO JACK: 1x Mic-in/Headphone-out Combo Jack | I/O PORTS: 2x Type-A USB3.2 Gen2 2x Thunderbolt™ 4 (DisplayPort™/ Power Delivery 3.0) | VIDEO PORT: 1x HDMI™ 2.1 (8K @ 60Hz / 4K @ 120Hz) | SECURITY: Fingerprint Security Firmware Trusted Platform Module(fTPM) 2.0 Kensington Lock Secured-core PCs Webcam Shutter | WEIGHT: 1.99kg | DIMENSION (WXDXH): 354 x 246 x 16.65-19.99 mm | ACCESSORY: MSI Stealth Voyage Backpack | COLOR: Charcoal Black | WARRANTY: 2 years limited warranty"
B2WI-081MY,"MSI RAIDER 16 MAX HX B2WI-081MY U9-290HX PLUS AI/32GB/2TB SSD/RTX5080 16GB/16"" OLED QHD+/W11H/CORE BLACK/2YW",17999.00,"PC Image (RM 17,999.00)","PC Image: RM 17,999.00 | MSI Official: RM 18,499.00",2,https://store.pcimage.com.my/product/msi-raider-16-max-hx-b2wi-081my-u9-290hx-plus-ai-32gb-2tb-ssd-rtx5080-16gb-16-oled-qhd-w11h-core-black-2yw,PC Image: https://store.pcimage.com.my/product/msi-raider-16-max-hx-b2wi-081my-u9-290hx-plus-ai-32gb-2tb-ssd-rtx5080-16gb-16-oled-qhd-w11h-core-black-2yw | MSI Official: https://my-store.msi.com/products/msi-raider-16-max-hx-b2wi-081-gaming-laptop,https://cdn1.sgliteasset.com/pcimagee/images/product/product-7486470/cached/i048iWXi6a17baaf84ed5_1779940015_webstore_listing_image1.jpg,PC Image - MSI,Intel® Core™ Ultra 9 processor 290HX Plus,NVIDIA® GeForce RTX™ 5080 Laptop GPU,"16GB*2 DDR5 Up to DDR5-6400, 2 Slots, Max 128GB",2TB*1 NVMe SSD PCIe Gen4 1x M.2 SSD slot (NVMe PCIe Gen4) 1x M.2 SSD slot (NVMe PCIe Gen5) Compatible,"16"" QHD+(2560x1600), 240Hz Refresh Rate, OLED, 100% DCI-P3(Typical), VESA DisplayHDR™ True Black 1000 Certified, SGS Eye Care Display",Intel® Killer™ Wi-Fi 7 BE1750 Bluetooth v5.4,400W Adaptor,
E2WGK-011MY,MSI Crosshair 16 Max HX E2WGK-011MY Gaming Laptop,10499.00,"MSI Official (RM 10,499.00)","MSI Official: RM 10,499.00",1,https://my-store.msi.com/products/msi-crosshair-16-max-hx-e2wgk-011-gaming-laptop,MSI Official: https://my-store.msi.com/products/msi-crosshair-16-max-hx-e2wgk-011-gaming-laptop,https://cdn.shopify.com/s/files/1/0761/7970/2080/files/crosshair-new_40th_Anniversary.jpg?v=1784020781,MSI Official,Intel® Core™ Ultra 9 processor 290HX Plus,NVIDIA® GeForce RTX™ 5070 Laptop GPU,"16GB*1 DDR5 Up to DDR5-6400, 2 Slots, Max 128GB",1TB*1 NVMe SSD PCIe Gen4 1x M.2 SSD slot (NVMe PCIe Gen4) 1x M.2 SSD slot (NVMe PCIe Gen5) Compatible,"16"" QHD+(2560x1600), 165Hz Refresh Rate, OLED, 100% DCI-P3(Typical), VESA DisplayHDR™ True Black 1000 Certified, SGS Eye Care Display",Intel® Wi-Fi 6E AX211 Bluetooth v5.3,240W Adaptor,"MODEL: Crosshair 16 Max HX E2WGK-011MY | SYSTEM: Windows 11 Home (MSI recommends Windows 11 Pro for business.) | SERIES: Crosshair 16 Max HX E2W | WEBCAM: HD type (30fps@720p) with 3D Noise Reduction (3DNR) | KEYBOARD: 24-Zone RGB Gaming Keyboard with Copilot Key | AUDIO: 2x 2W Audio Speaker Hi-Res Audio Ready, Nahimic 3 Audio Enhancer Array Microphone | AUDIO JACK: 1x Mic-in/Headphone-out Combo Jack | I/O PORTS: 3x Type-A USB3.2 Gen2 1x Type-C (USB3.2 Gen2 / DisplayPort™/ Power Delivery 3.0) 1x Thunderbolt™ 4 (DisplayPort™/ Power Delivery 3.1) | VIDEO PORT: 1x HDMI™ 2.1 (8K @ 60Hz / 4K @ 120Hz) | SECURITY: Firmware Trusted Platform Module(fTPM) 2.0 Webcam Shutter Kensington Lock | WEIGHT: 2.2kg | DIMENSION (WXDXH): 363 x 269.7 x 21.95 - 23.85 mm | ACCESSORY: MSI Essential Backpack | COLOR: Core Black | WARRANTY: 2 years limited warranty"
B2WH-063MY,"MSI RAIDER 16 MAX HX B2WH-063MY U7-251HX AI/32GB/1TB SSD/**RTX5070TI 12GB /16GB 6400MHZ/16"" QHD+/W11H/CORE BLACK/2YW",9999.00,"PC Image (RM 9,999.00)","PC Image: RM 9,999.00 | MSI Official: RM 10,999.00",2,https://store.pcimage.com.my/product/msi-raider-16-max-hx-b2wh-063my-u7-251hx-ai-32gb-1tb-ssd-rtx5070-12gb-16-qhd-w11h-core-black-2yw,PC Image: https://store.pcimage.com.my/product/msi-raider-16-max-hx-b2wh-063my-u7-251hx-ai-32gb-1tb-ssd-rtx5070-12gb-16-qhd-w11h-core-black-2yw | MSI Official: https://my-store.msi.com/products/msi-raider-16-max-hx-b2wh-063-gaming-laptop,https://cdn1.sgliteasset.com/pcimagee/images/product/product-7486469/cached/EUU8pDH66a17baae1466a_1779940014_webstore_listing_image1.jpg,PC Image - MSI,Intel® Core™ Ultra 7 processor 251HX,NVIDIA® GeForce RTX™ 5070 Ti Laptop GPU,"16GB*1 DDR5 Up to DDR5-6400, 2 Slots, Max 128GB",1TB*1 NVMe SSD PCIe Gen4 1x M.2 SSD slot (NVMe PCIe Gen4) 1x M.2 SSD slot (NVMe PCIe Gen5) Compatible,"16"" QHD+(2560x1600), 240Hz Refresh Rate, IPS-Level, 100% DCI-P3(Typical)",Intel® Killer™ Wi-Fi 7 BE1750 Bluetooth v5.4,400W Adaptor,
B12UCX-2672MY,MSI Thin 15 B12UCX-2672MY Gaming Laptop,2999.00,"MSI Official (RM 2,999.00)","MSI Official: RM 2,999.00",1,https://my-store.msi.com/products/pre-order-msi-thin-15-b12ucx-2672-gaming-laptop,MSI Official: https://my-store.msi.com/products/pre-order-msi-thin-15-b12ucx-2672-gaming-laptop,https://cdn.shopify.com/s/files/1/0761/7970/2080/files/d2b03fdd790ce401649b99bd95724ed6.jpg?v=1749804635,MSI Official,Intel  I7-12650H,NVIDIA ® GeForce RTX™ 2050 GPU Laptop 4GB GDDR6,8GB DDR4,512GB PCIE G4X4 NVME SSD,"15.6"" FHD 144Hz",Intel Wi-Fi 6E AX211,"3-cell, 52.4Whr",
F3HMG-025MY,[Online Exclusive] MSI Modern A14 AI+ F3HMG-025MY Business and Productivity Laptop,2899.00,"MSI Official (RM 2,899.00)","MSI Official: RM 2,899.00",1,https://my-store.msi.com/products/msi-modern-a14-ai-f3hmg-025-business-and-productivity-laptop,MSI Official: https://my-store.msi.com/products/msi-modern-a14-ai-f3hmg-025-business-and-productivity-laptop,https://cdn.shopify.com/s/files/1/0761/7970/2080/files/Web_Modern_A14_AI_F3HM_1.jpg?v=1778731189,MSI Official,AMD Ryzen™ AI 5 330 processor,AMD Radeon™ 820M,"16GB*1 Up to DDR5-5600 Up to DDR5-5600, 2 Slots, Max 32GB",512GB*1 NVMe SSD PCIe Gen4 1x M.2 SSD slot (NVMe PCIe Gen4),"14"" FHD(1920x1080), IPS-Level",AMD RZ616 Wi-Fi 6E Bluetooth v5.3,65W Adaptor,SYSTEM: Windows 11 Home (MSI recommends Windows 11 Pro for business.) | MICROSOFT OFFICE: Microsoft 365 Basic + Office Home 2024 included | SERIES: Modern A14 AI+ F3HM | WEBCAM: IR HD type (30fps@720p) with 3D Noise Reduction (3DNR) | KEYBOARD: Single Backlit Keyboard (White) with Copilot Key | AUDIO: 2x 2W Audio Speaker Hi-Res Audio Ready Array Microphone | AUDIO JACK: 1x Mic-in/Headphone-out Combo Jack | I/O PORTS: 2x Type-A USB3.2 Gen1 2x Type-C (USB3.2 Gen2 / DisplayPort™/ Power Delivery 3.0) | VIDEO PORT: 1x HDMI™ 2.1 (4K @ 60Hz) | SECURITY: Firmware Trusted Platform Module(fTPM) 2.0 Webcam Shutter Kensington Lock | WEIGHT: 1.4kg | DIMENSION (WXDXH): 323.9 x 217.2 x 19.9 mm | ACCESSORY: MSI Topload Bag | COLOR: Platinum Gray | WARRANTY: 2 years limited warranty
A13VF-248MY,"MSI CYBORG 14 A13VF-248MY I7-13620H/16GB 5200MHZ(8+8)/512GB SSD/RTX4060 8GB/14"" FHD 144HZ/W11H/TRANSLUCENT BLACK/2YW",4999.00,"PC Image (RM 4,999.00)","PC Image: RM 4,999.00 | MSI Official: RM 5,399.00",2,https://store.pcimage.com.my/product/msi-cyborg-14-a13vf-248my-i7-13620h-16gb-5200mhz-8-8-512gb-ssd-rtx4060-8gb-14-fhd-144hz-w11h-translucent-black-2yw,PC Image: https://store.pcimage.com.my/product/msi-cyborg-14-a13vf-248my-i7-13620h-16gb-5200mhz-8-8-512gb-ssd-rtx4060-8gb-14-fhd-144hz-w11h-translucent-black-2yw | MSI Official: https://my-store.msi.com/products/msi-cyborg-14-a14vf-284-gaming-laptop,https://cdn1.sgliteasset.com/pcimagee/images/product/product-7486462/cached/tU2CBwoo6a17baa1a6024_1779940001_webstore_listing_image1.jpg,PC Image - MSI,Intel® Core™ i7-13620H processor,NVIDIA® GeForce RTX™ 4060 Laptop GPU,"8GB*2 DDR5 DDR4-3200, 2 Slots, Max 64GB",512GB*1 NVMe SSD PCIe Gen4 1x M.2 SSD slot (NVMe PCIe Gen4),"14"" FHD+(1920x1200), 144Hz Refresh Rate, IPS-Level, 100%sRGB(Typical)",Intel® Wi-Fi 6E AX211 Bluetooth v5.3,120W Adaptor,
F1MG-1204MY,MSI Modern 15 F1MG-1204MY Business and Productivity Laptop,3499.00,"MSI Official (RM 3,499.00)","MSI Official: RM 3,499.00",1,https://my-store.msi.com/products/msi-modern-15-f1mg-1204-business-and-productivity-laptop,MSI Official: https://my-store.msi.com/products/msi-modern-15-f1mg-1204-business-and-productivity-laptop,https://cdn.shopify.com/s/files/1/0761/7970/2080/files/Web_F1MG-838MY_1.jpg?v=1775205386,MSI Official,Intel® Core™ 5 processor 120U,Intel® Graphics,"16GB*1 DDR4-3200 DDR4-3200, 2 Slots, Max 64GB",512GB*1 NVMe SSD PCIe Gen4 1x M.2 SSD slot (NVMe PCIe Gen4),"15.6"" FHD(1920x1080), IPS-Level",Intel® Wi-Fi 6E AX211 Bluetooth v5.3,65W Adaptor,SYSTEM: Windows 11 Home (MSI recommends Windows 11 Pro for business.) | MICROSOFT OFFICE: Microsoft 365 Basic + Office Home 2024 included | SERIES: Modern 15 F1M | WEBCAM: HD type (30fps@720p) | KEYBOARD: Single Backlit Keyboard (White) with Copilot Key | AUDIO: 2x 2W Audio Speaker Hi-Res Audio Ready Array Microphone | AUDIO JACK: 1x Mic-in/Headphone-out Combo Jack | I/O PORTS: 2x Type-A USB3.2 Gen1 2x Type-C (USB3.2 Gen2 / DisplayPort™/ Power Delivery 3.0) | VIDEO PORT: 1x HDMI™ 2.1 (4K @ 60Hz) | SECURITY: Firmware Trusted Platform Module(fTPM) 2.0 Webcam Shutter Kensington Lock | WEIGHT: 1.4kg | DIMENSION (WXDXH): 323.9 x 217.2 x 19.9 mm | ACCESSORY: MSI Topload Bag | COLOR: Platinum Gray | WARRANTY: 2 years limited warranty
A13VE-2276MY,[Online Exclusive] MSI Cyborg 15 A13VE-2276MY Gaming Laptop,4899.00,"MSI Official (RM 4,899.00)","MSI Official: RM 4,899.00",1,https://my-store.msi.com/products/msi-cyborg-15-a13ve-2276-gaming-laptop,MSI Official: https://my-store.msi.com/products/msi-cyborg-15-a13ve-2276-gaming-laptop,https://cdn.shopify.com/s/files/1/0761/7970/2080/files/Web_A13VE-2215MY_1.jpg?v=1764216561,MSI Official,Intel® Core™ i7-13620H processor,NVIDIA® GeForce RTX™ 4050 Laptop GPU,"8GB*2 DDR5-5600 DDR5-5200, 2 Slots, Max 64GB",1TB*1 NVMe SSD PCIe Gen4 1x M.2 SSD slot (NVMe PCIe Gen4),"15.6"" FHD(1920x1080), 144Hz Refresh Rate, IPS-Level",Intel® Wi-Fi 6E AX211 Bluetooth v5.3,120W Adaptor,"SYSTEM: Windows 11 Home (MSI recommends Windows 11 Pro for business.) | SERIES: Cyborg 15 A13V | WEBCAM: HD type (30fps@720p) | KEYBOARD: Single Backlit Keyboard (Blue) | AUDIO: 2x 2W Audio Speaker Hi-Res Audio Ready, Nahimic 3 Audio Enhancer | AUDIO JACK: 1x Mic-in/Headphone-out Combo Jack | I/O PORTS: 2x Type-A USB3.2 Gen1 1x Type-C (USB3.2 Gen1 / DisplayPort™) | VIDEO PORT: 1x HDMI™ 2.1 (4K @ 60Hz) | SECURITY: Kensington Lock | WEIGHT: 1.98kg | DIMENSION (WXDXH): 359.36 x 250.34 x 21.95~22.9 mm | ACCESSORY: MSI Essential Backpack | COLOR: Translucent Black | WARRANTY: 2 years limited warranty"
A13VE-2412MY,[Online Exclusive] MSI Cyborg 15 Black Edition A13VE-2412MY Gaming Laptop,4499.00,"MSI Official (RM 4,499.00)","MSI Official: RM 4,499.00",1,https://my-store.msi.com/products/msi-cyborg-15-black-edition-a13ve-2412-gaming-laptop,MSI Official: https://my-store.msi.com/products/msi-cyborg-15-black-edition-a13ve-2412-gaming-laptop,https://cdn.shopify.com/s/files/1/0761/7970/2080/files/cyborg-black_3ae1a923-1f46-4d5b-b0d9-bca3da12fbb1.jpg?v=1784517928,MSI Official,Intel® Core™ i5-13420H processor,NVIDIA® GeForce RTX™ 4050 Laptop GPU,"16GB*1 DDR5 DDR5-5200, 2 Slots, Max 64GB",512GB*1 NVMe SSD PCIe Gen4 1x M.2 SSD slot (NVMe PCIe Gen4),"15.6"" FHD(1920x1080), 144Hz Refresh Rate, IPS-Level",Intel® Wi-Fi 6E AX211 Bluetooth v5.3,120W Adaptor,"SYSTEM: Windows 11 Home (MSI recommends Windows 11 Pro for business.) | SERIES: Cyborg 15 Black Edition A13X | WEBCAM: HD type (30fps@720p) | KEYBOARD: Single Backlit Keyboard (Blue) with Copilot Key | AUDIO: 2x 2W Audio Speaker DTS Audio Processing, Hi-Res Audio Ready Array Microphone | AUDIO JACK: 1x Mic-in/Headphone-out Combo Jack | I/O PORTS: 2x Type-A USB3.2 Gen1 1x Type-C (USB3.2 Gen2 / DisplayPort™) | VIDEO PORT: 1x HDMI™ 2.1 (4K @ 60Hz) | SECURITY: Firmware Trusted Platform Module(fTPM) 2.0 Kensington Lock | WEIGHT: 1.98kg | DIMENSION (WXDXH): 359.36 x 250.34 x 21.95-22.9 mm | ACCESSORY: MSI Essential Gaming Backpack | COLOR: Black | WARRANTY: 2 years limited warranty"
D8WFKG-019MY,"MSI Crosshair A16 HX D8WFKG-019MY GeForce RTX™ 5060 16"" Gaming Laptop Cosmos Grey (R9-8940HX, 16GB 5600MHZ, 1TB SSD, RTX5060 8GB, 16"" QHD+ 240HZ, Win11H, 2YW)",6399.00,"PC Image (RM 6,399.00)","PC Image: RM 6,399.00 | MSI Official: RM 6,999.00",2,https://store.pcimage.com.my/product/msi-crosshair-a16-hx-d8wfkg-019my-r9-8940hx-16gb-5600mhz-8-8-1tb-ssd-1-extra-gen5-slot-rtx5060-8gb-16-qhd-240hz-w11h-2yw-cosmos-gray,PC Image: https://store.pcimage.com.my/product/msi-crosshair-a16-hx-d8wfkg-019my-r9-8940hx-16gb-5600mhz-8-8-1tb-ssd-1-extra-gen5-slot-rtx5060-8gb-16-qhd-240hz-w11h-2yw-cosmos-gray | MSI Official: https://my-store.msi.com/products/msi-crosshair-a16-hx-d8wfkg-019-gaming-laptop-nvidia®-geforce-rtx™-5070-laptop-gpu,https://cdn1.sgliteasset.com/pcimagee/images/product/product-7486416/cached/5Tw3cf0h6a17ba559a3b4_1779939925_webstore_listing_image1.jpg,PC Image - MSI,AMD Ryzen™ 9 8940HX Processor,NVIDIA® GeForce RTX™ 5060 Laptop GPU,"8GB*2 DDR5-5600 DDR5-5200, 2 Slots, Max 96GB",1TB*1 NVMe SSD PCIe Gen4 1x M.2 SSD slot (NVMe PCIe Gen4) 1x M.2 SSD slot (NVMe PCIe Gen5) Compatible,"16"" QHD+(2560x1600), 240Hz Refresh Rate, IPS-Level, 100% DCI-P3(Typical)",AMD RZ616 Wi-Fi 6E Bluetooth v5.3,240W Adaptor,
asusexpertbookp5g116intel_uptointel®co_intelinteg__dual-s,"ASUS ExpertBook P5 G1 (16"" Intel)",,ASUS Official,ASUS Official: RM ,1,https://www.asus.com/my/laptops/for-work/expertbook/asus-expertbook-p5-g1-16-intel/,,https://dlcdnwebimgs.asus.com/gain/3615bd20-7b18-4bc1-91cd-415f2c6623d6/w185,ASUS Official,Up to Intel ® Core™ Ultra 7 processors,Intel Integrated Graphics,,Dual-SSD support up to 6TB storage,"16""",,Long-lasting 70Wh battery,"Windows 11 Pro - ASUS recommends Windows 11 Pro for business | Up to 45W TDP with ExpertCool thermal | Sleek, ergonomic design | ASUS MyExpert AI assistant"
asusexpertbookp5g114intel_uptointel®co_intelinteg__dual-s,"ASUS ExpertBook P5 G1 (14"" Intel)",7999.00,"ASUS Official (RM 7,999.00)","ASUS Official: RM 7,999.00",1,https://www.asus.com/my/laptops/for-work/expertbook/asus-expertbook-p5-g1-14-intel/,ASUS Official: https://www.asus.com/my/laptops/for-work/expertbook/asus-expertbook-p5-g1-14-intel/,https://dlcdnwebimgs.asus.com/gain/4137420c-4450-480b-8570-fd038423c3d7/w185,ASUS Official,Up to Intel ® Core™ Ultra 7 processors,Intel Integrated Graphics,,Dual-SSD support up to 6TB storage,"14""",,Long-lasting 70Wh battery,"Windows 11 Pro - ASUS recommends Windows 11 Pro for business | Up to 45W TDP with ExpertCool thermal | Sleek, ergonomic design | ASUS MyExpert AI assistant"
asusvivobook16m1607copilo_uptoamdryzen_uptoamdrad_upto32_upto1t,ASUS Vivobook 16 (M1607); Copilot+ PC,,ASUS Official,ASUS Official: RM ,1,https://www.asus.com/my/laptops/for-home/vivobook/asus-vivobook-16-m1607/,,https://dlcdnwebimgs.asus.com/gain/c91634e5-c855-4506-9422-cf3bea340916/w185,ASUS Official,Up to AMD Ryzen™ AI 7 350 processor,Up to AMD Radeon™ Graphics,Up to 32 GB DDR5 memory,Up to 1 TB PCIe ® 4.0 x4 SSD,16” 16:10 FHD IPS 60 Hz NanoEdge display,,,Windows 11 Home - ASUS recommends Windows 11 Pro for business | Larger touchpad with Smart Gesture | FHD IR camera with face recognition
asusvivobook14m1405_uptoamdryzen_amdradeong_upto16_upto1t,ASUS Vivobook 14 (M1405),,ASUS Official,ASUS Official: RM ,1,https://www.asus.com/my/laptops/for-home/vivobook/asus-vivobook-14-oled-m1405/,,https://dlcdnwebimgs.asus.com/gain/0d9cc1c7-5c0f-422f-89ea-6ccb9cf32cce/w185,ASUS Official,Up to AMD Ryzen™ 7 170 processor,AMD Radeon Graphics,Up to 16 GB DDR5 memory,Up to 1 TB SSD storage,14” WUXGA (1920 x 1200) NanoEdge display,,,Windows 11 Home - ASUS recommends Windows 11 Home for business | Optional fingerprint login sensor | ASUS Antimicrobial Guard Plus | Military-grade durability
M008C0-ROG-STRIX,ROG Strix G18 (2026),14999.00,"ASUS Official (RM 14,999.00)","ASUS Official: RM 14,999.00",1,https://rog.asus.com/my/laptops/rog-strix/rog-strix-g18-2026/,ASUS Official: https://rog.asus.com/my/laptops/rog-strix/rog-strix-g18-2026/,https://dlcdnwebimgs.asus.com/gain/D293897B-7F67-4CC9-8C4E-7796764031C8/w185,ASUS Official,Intel® Core™ Ultra 9 Processor 290HX Plus,NVIDIA® GeForce RTX™ 5060 Laptop GPU,,1TB M.2 NVMe™ PCIe® 4.0 SSD storage,"18"" 2.5K (2560 x 1600, WQXGA) 16:10 300Hz ROG Nebula Display",,,Windows 11 Home
M00BK0-ROG-STRIX,ROG Strix G16 (2026),13999.00,"ASUS Official (RM 13,999.00)","ASUS Official: RM 13,999.00",1,https://rog.asus.com/my/laptops/rog-strix/rog-strix-g16-2026/,ASUS Official: https://rog.asus.com/my/laptops/rog-strix/rog-strix-g16-2026/,https://dlcdnwebimgs.asus.com/gain/24000A14-8DB0-43FB-A670-FD5C6A052144/w185,ASUS Official,Intel® Core™ Ultra 9 Processor 290HX Plus,NVIDIA® GeForce RTX™ 5060 Laptop GPU,,1TB M.2 NVMe™ PCIe® 4.0 SSD storage,"16"" 2.5K (2560 x 1600, WQXGA) 16:10 300Hz ROG Nebula Display",,,Windows 11 Home
M00SH0-ROG-STRIX,ROG Strix SCAR 18 (2026),32999.00,"ASUS Official (RM 32,999.00)","ASUS Official: RM 32,999.00",1,https://rog.asus.com/my/laptops/rog-strix/rog-strix-scar-18-2026/,ASUS Official: https://rog.asus.com/my/laptops/rog-strix/rog-strix-scar-18-2026/,https://dlcdnwebimgs.asus.com/gain/6B2FAE90-9A5A-4758-91EE-073829291922/w185,ASUS Official,Intel® Core™ Ultra 9 Processor 290HX Plus,NVIDIA® GeForce RTX™ 5090 Laptop GPU,,1TB + 1TB M.2 NVMe™ PCIe® 4.0 Performance SSD storage (RAID 0),"18"" 4K (3840 x 2400) 16:10 240Hz ROG Nebula HDR Display",,,Windows 11 Home
rogzephyrusduo2026_intel®core™u_nvidia®gef__2tbpci,ROG Zephyrus Duo (2026),36999.00,"ASUS Official (RM 36,999.00)","ASUS Official: RM 36,999.00",1,https://rog.asus.com/my/laptops/rog-zephyrus/rog-zephyrus-duo-2026/,ASUS Official: https://rog.asus.com/my/laptops/rog-zephyrus/rog-zephyrus-duo-2026/,https://dlcdnwebimgs.asus.com/gain/52E0E939-8413-4B35-8197-0F581DB0CC30/w185,ASUS Official,Intel® Core™ Ultra 9 Processor 386H,NVIDIA® GeForce RTX™ 5090 Laptop GPU,,2TB PCIe® 5.0 NVMe™ M.2 Performance SSD storage,"16"" 3K (2880 x 1800) 16:10 120Hz OLED ROG Nebula HDR Display touchscreen",,,Windows 11 Home
rogzephyrusg142026gu405_intel®core™u_nvidia®gef__2tbm.2,ROG Zephyrus G14 (2026) GU405,24999.00,"ASUS Official (RM 24,999.00)","ASUS Official: RM 24,999.00",1,https://rog.asus.com/my/laptops/rog-zephyrus/rog-zephyrus-g14-2026-gu405/,ASUS Official: https://rog.asus.com/my/laptops/rog-zephyrus/rog-zephyrus-g14-2026-gu405/,https://dlcdnwebimgs.asus.com/gain/B8A2F158-05F5-4F74-BBC5-07553D6017BD/w185,ASUS Official,Intel® Core™ Ultra 9 Processor 386H,NVIDIA® GeForce RTX™ 5080 Laptop GPU,,2TB M.2 NVMe™ PCIe® 4.0 SSD storage,"14"" 3K (2880 x 1800) 16:10 120Hz OLED ROG Nebula HDR Display",,,Windows 11 Home
rogzephyrusg162026_intel®core™u_nvidia®gef__2tbm.2,ROG Zephyrus G16 (2026),21999.00,"ASUS Official (RM 21,999.00)","ASUS Official: RM 21,999.00",1,https://rog.asus.com/my/laptops/rog-zephyrus/rog-zephyrus-g16-2026/,ASUS Official: https://rog.asus.com/my/laptops/rog-zephyrus/rog-zephyrus-g16-2026/,https://dlcdnwebimgs.asus.com/gain/B198DD60-EFF9-43C6-8CDE-28E65E811CE8/w185,ASUS Official,Intel® Core™ Ultra 9 Processor 386H,NVIDIA® GeForce RTX™ 5070 Ti Laptop GPU,,2TB M.2 NVMe™ PCIe® 4.0 SSD storage,"16"" 2.5K (2560 x 1600, WQXGA) 16:10 240Hz OLED ROG Nebula HDR Display",,,Windows 11 Home
asusvivobook14a1407_intel®core™u_uptointel®_upto32_upto1t,ASUS Vivobook 14 (A1407),,ASUS Official,ASUS Official: RM ,1,https://www.asus.com/my/laptops/for-home/vivobook/asus-vivobook-14-a1407/,,https://dlcdnwebimgs.asus.com/gain/27b4deaa-9ad4-4b20-ad2d-38bd453d661b/w185,ASUS Official,Intel ® Core™ Ultra 5 processor (Series 2),Up to Intel ® ARC™ Graphics,Up to 32 GB DDR5 memory,Up to 1 TB PCIe ® 4.0 x4 SSD,14” 16:10 FHD IPS 60 Hz NanoEdge display,,,Windows 11 Home - ASUS recommends Windows 11 Home for business | 30% larger touchpad with Smart Gesture | FHD IR camera with face recognition
asusexpertbookp3g116intel_poweredbyupt_intelinteg_upto64_upto2t,"ASUS ExpertBook P3 G1 (16"" Intel)",5299.00,"ASUS Official (RM 5,299.00)","ASUS Official: RM 5,299.00",1,https://www.asus.com/my/laptops/for-work/expertbook/asus-expertbook-p3-g1-16-intel/,ASUS Official: https://www.asus.com/my/laptops/for-work/expertbook/asus-expertbook-p3-g1-16-intel/,https://dlcdnwebimgs.asus.com/gain/65ca3742-faf1-4937-a269-9a1f54aeeaa5/w185,ASUS Official,Powered by up to Intel ® Core™ Ultra 7 processor,Intel Integrated Graphics,Up to 64 GB of DDR5 memory,Up to 2 TB dual SSDs storage,"16""",,,Windows 11 Pro - ASUS recommends Windows 11 Pro for business | ASUS MyExpet AI assistant | Business-grade security with ASUS ExpertGuardian | ASUS ExpertCool thermal solution
asusexpertbookp3g114intel_poweredbyupt_intelinteg_upto64_upto2t,"ASUS ExpertBook P3 G1 (14"" Intel)",5299.00,"ASUS Official (RM 5,299.00)","ASUS Official: RM 5,299.00",1,https://www.asus.com/my/laptops/for-work/expertbook/asus-expertbook-p3-g1-14-intel/,ASUS Official: https://www.asus.com/my/laptops/for-work/expertbook/asus-expertbook-p3-g1-14-intel/,https://dlcdnwebimgs.asus.com/gain/1f04c748-a95c-4808-84d8-2009f2409186/w185,ASUS Official,Powered by up to Intel ® Core™ Ultra 7 processor,Intel Integrated Graphics,Up to 64 GB of DDR5 memory,Up to 2 TB dual SSDs storage,"14""",,,Windows 11 Pro - ASUS recommends Windows 11 Pro for business | ASUS MyExpet AI assistant | Business-grade security with ASUS ExpertGuardian | ASUS ExpertCool thermal solution
asusexpertbookb3g116intel_poweredbyupt_intel®grap_upto64_upto2t,"ASUS ExpertBook B3 G1 (16"" Intel)",,ASUS Official,ASUS Official: RM ,1,https://www.asus.com/my/laptops/for-work/expertbook/asus-expertbook-b3-g1-16-intel/,,https://dlcdnwebimgs.asus.com/gain/3f447865-7815-414e-9b68-49221b69d529/w185,ASUS Official,Powered by up to Intel ® Core™ Ultra 7 processor,Intel ® Graphics/Arc™,Up to 64GB DDR5 memory,Up to 2TB SSD storage,"16""",,Up to 70Wh high-capacity battery,Windows 11 Pro | Up to 16” 2.5K NanoEdge display | Enterprise-grade security with ASUS ExpertGuardian
asusexpertbookb3g114intel_poweredbyupt_intel®grap_upto64_upto2t,"ASUS ExpertBook B3 G1 (14"" Intel)",6999.00,"ASUS Official (RM 6,999.00)","ASUS Official: RM 6,999.00",1,https://www.asus.com/my/laptops/for-work/expertbook/asus-expertbook-b3-g1-14-intel/,ASUS Official: https://www.asus.com/my/laptops/for-work/expertbook/asus-expertbook-b3-g1-14-intel/,https://dlcdnwebimgs.asus.com/gain/97702343-f95b-4c19-8fac-17302c97ffdd/w185,ASUS Official,Powered by up to Intel ® Core™ Ultra 7 processor,Intel ® Graphics/Arc™,Up to 64GB DDR5 memory,Up to 2TB SSD storage,"14""",,Up to 70Wh high-capacity battery,Windows 11 Pro | Up to 14” 2.5K NanoEdge display | Enterprise-grade security with ASUS ExpertGuardian
rogzephyrusg142026ga403_amdryzen™ai9_nvidia®gef__1tbm.2,ROG Zephyrus G14 (2026) GA403,11999.00,"ASUS Official (RM 11,999.00)","ASUS Official: RM 11,999.00",1,https://rog.asus.com/my/laptops/rog-zephyrus/rog-zephyrus-g14-2026-ga403/,ASUS Official: https://rog.asus.com/my/laptops/rog-zephyrus/rog-zephyrus-g14-2026-ga403/,https://dlcdnwebimgs.asus.com/gain/A24F5CCE-B9F9-47FA-95CA-9DBEE7897F21/w185,ASUS Official,AMD Ryzen™ AI 9 465 Processor,NVIDIA® GeForce RTX™ 5060 Laptop GPU,,1TB M.2 NVMe™ PCIe® 4.0 SSD storage,"14"" 3K (2880 x 1800) 16:10 120Hz OLED ROG Nebula HDR Display",,,Windows 11 Home | AMD XDNA™ NPU up to 50TOPS
M00BW0-ROG-FLOW,ROG Flow Z13-KJP,,ASUS Official,ASUS Official: RM ,1,https://rog.asus.com/my/laptops/rog-flow/ROG-Flow-Z13-KJP/,,https://dlcdnwebimgs.asus.com/gain/F818CC40-6E85-45FE-9C8B-64999B40C972/w185,ASUS Official,AMD Ryzen™ AI MAX+ 395 Processor,AMD Radeon Graphics,,1TB M.2 NVMe™ PCIe® 4.0 SSD storage,"13.4"" 2.5K (2560 x 1600, WQXGA) 16:10 180Hz ROG Nebula Display touchscreen",,,Windows 11 Home | AMD XDNA™ NPU up to 50TOPS
asusexpertbookp3g216amd_poweredbyupt_amd®radeon_upto64_upto1t,ASUS ExpertBook P3 G2 (16'' AMD),,ASUS Official,ASUS Official: RM ,1,https://www.asus.com/my/laptops/for-work/expertbook/asus-expertbook-p3-g2-16-amd/,,https://dlcdnwebimgs.asus.com/gain/d83b5f40-a448-4924-a83f-dc0ca71c40ad/w185,ASUS Official,Powered by up to AMD ® Ryzen™ 7 processor,AMD ® Radeon™ Graphics,Up to 64 GB of DDR5 memory,Up to 1 TB dual-SSD storage,16,,,Windows 11 Pro - ASUS recommends Windows 11 Pro for business | Business-grade security with ASUS ExpertGuardian | ASUS ExpertCool thermal solution
asusexpertbookp3g214amd_poweredbyupt_amd®radeon_upto64_upto1t,ASUS ExpertBook P3 G2 (14'' AMD),,ASUS Official,ASUS Official: RM ,1,https://www.asus.com/my/laptops/for-work/expertbook/asus-expertbook-p3-g2-14-amd/,,https://dlcdnwebimgs.asus.com/gain/ec06c206-c131-49a6-939d-6ae297bf0a9c/w185,ASUS Official,Powered by up to AMD ® Ryzen™ 7 processor,AMD ® Radeon™ Graphics,Up to 64 GB of DDR5 memory,Up to 1 TB dual-SSD storage,14,,,Windows 11 Pro | Business-grade security with ASUS ExpertGuardian | ASUS ExpertCool thermal solution
asusexpertbookpm5g216amdc_uptoamdryzen_amdradeong_upto64_dual-s,"ASUS ExpertBook PM5 G2 (16"" AMD); Copilot+ PC",9899.00,"ASUS Official (RM 9,899.00)","ASUS Official: RM 9,899.00",1,https://www.asus.com/my/laptops/for-work/expertbook/asus-expertbook-p5-g2-16-amd/,ASUS Official: https://www.asus.com/my/laptops/for-work/expertbook/asus-expertbook-p5-g2-16-amd/,https://dlcdnwebimgs.asus.com/gain/89f5fe05-c5e6-45d7-abd9-935aa594798a/w185,ASUS Official,Up to AMD Ryzen™ AI 9 HX processors with up to 55 NPU TOPS,AMD Radeon Graphics,Up to 64GB DDR5 RAM,Dual-SSD support up to 3TB storage,"16""",,Long-lasting 70Wh battery,Windows 11 Pro - ASUS recommends Windows 11 Pro for business | Up to 45W TDP with ExpertCool thermal | ASUS MyExpert AI assistant | ExpertCool thermal supporting up to 45W TDP
asusexpertbookpm5g214amdc_uptoamdryzen_amdradeong_upto64_dual-s,"ASUS ExpertBook PM5 G2 (14"" AMD); Copilot+ PC",,ASUS Official,ASUS Official: RM ,1,https://www.asus.com/my/laptops/for-work/expertbook/asus-expertbook-p5-g2-14-amd/,,https://dlcdnwebimgs.asus.com/gain/90b9e7e7-0e1d-484b-9938-571901d4c029/w185,ASUS Official,Up to AMD Ryzen™ AI 9 HX processors with up to 55 NPU TOPS,AMD Radeon Graphics,Up to 64GB DDR5 RAM,Dual-SSD support up to 3TB storage,"14""",,Long-lasting 70Wh battery,Windows 11 Pro - ASUS recommends Windows 11 Pro for business | Up to 45W TDP with ExpertCool thermal | ASUS MyExpert AI assistant | ExpertCool thermal supporting up to 45W TDP
asusexpertbookp5g216intel_poweredbyupt_intelinteg_upto64_upto2t,ASUS ExpertBook P5 G2 (16'' Intel); Copilot+ PC,,ASUS Official,ASUS Official: RM ,1,https://www.asus.com/my/laptops/for-work/expertbook/asus-expertbook-p5-g2-16-intel/,,https://dlcdnwebimgs.asus.com/gain/a3e4eb95-2eeb-4b08-ae62-89508aa5791e/w185,ASUS Official,Powered by up to Intel ® Core™ Ultra 7 Series 3 processor,Intel Integrated Graphics,Up to 64 GB of DDR5x memory,Up to 2 TB single SSD storage,"Up to 16-inch 16:10, anti-glare display",,,"Windows 11 Pro - ASUS recommends Windows 11 Pro for business | Business-grade security with ASUS ExpertGuardian | ASUS ExpertCool thermal solution | Lightweight design, starting at 1.79kg"
asusexpertbookp5g214intel_poweredbyupt_intelinteg_upto64_upto2t,ASUS ExpertBook P5 G2 (14'' Intel); Copilot+ PC,,ASUS Official,ASUS Official: RM ,1,https://www.asus.com/my/laptops/for-work/expertbook/asus-expertbook-p5-g2-14-intel/,,https://dlcdnwebimgs.asus.com/gain/f6720eb9-dc91-4141-8c05-4660e706a978/w185,ASUS Official,Powered by up to Intel ® Core™ Ultra 7 Series 3 processor,Intel Integrated Graphics,Up to 64 GB of DDR5x memory,Up to 2 TB single SSD storage,"Up to 14-inch 16:10, anti-glare display",,,"Windows 11 Pro - ASUS recommends Windows 11 Pro for business | Business-grade security with ASUS ExpertGuardian | ASUS ExpertCool thermal solution | Lightweight design, starting at 1.38kg"
asusexpertbookb3g214amdco_poweredbyupt_uptoamdrad_upto64_upto1t,ASUS ExpertBook B3 G2 (14'' AMD); Copilot+ PC,6799.00,"ASUS Official (RM 6,799.00)","ASUS Official: RM 6,799.00",1,https://www.asus.com/my/laptops/for-work/expertbook/asus-expertbook-b3-g2-14-amd/,ASUS Official: https://www.asus.com/my/laptops/for-work/expertbook/asus-expertbook-b3-g2-14-amd/,https://dlcdnwebimgs.asus.com/gain/76b87590-65da-4314-8e8e-9dde6ee41e98/w185,ASUS Official,Powered by up to AMD Ryzen™ AI 9 HX processor,Up to AMD Radeon™ Graphics,Up to 64GB DDR5 memory,Up to 1TB SSD storage,2.5K 14-inch display with 144Hz refresh rate and 400nits brightness,WiFi 7 technology,,Windows 11 Pro - ASUS recommends Windows 10 Pro for business | Enterprise-grade security with ASUS ExpertGuardian
asusexpertbookb3g216intel_poweredbyupt_uptointel®_upto64_upto2t,"ASUS ExpertBook B3 G2 (16"" Intel); Copilot+ PC",,ASUS Official,ASUS Official: RM ,1,https://www.asus.com/my/laptops/for-work/expertbook/asus-expertbook-b3-g2-16-intel/,,https://dlcdnwebimgs.asus.com/gain/4fb1c576-cc39-4e6b-b029-8a33c2b963dd/w185,ASUS Official,Powered by up to Intel ® Core™ Ultra 7 Series 3 processor,Up to Intel ® Graphics,Up to 64GB DDR5 memory,Up to 2TB SSD storage,2.5K 16-inch display with 144Hz refresh rate and 400nits brightness,WiFi 7 technology,,Windows 11 Pro - ASUS recommends Windows 10 Pro for business | Enterprise-grade security with ASUS ExpertGuardian
asusexpertbookb3g216amdco_poweredbyupt_uptoamdrad_upto64_upto1t,ASUS ExpertBook B3 G2 (16'' AMD); Copilot+ PC,,ASUS Official,ASUS Official: RM ,1,https://www.asus.com/my/laptops/for-work/expertbook/asus-expertbook-b3-g2-16-amd/,,https://dlcdnwebimgs.asus.com/gain/e8e294a0-d8a7-4f01-991c-83963df52e91/w185,ASUS Official,Powered by up to AMD Ryzen™ AI 9 HX processor,Up to AMD Radeon™ Graphics,Up to 64GB DDR5 memory,Up to 1TB SSD storage,2.5K 16-inch display with 144Hz refresh rate and 400nits brightness,WiFi 7 technology,,Windows 11 Pro | Enterprise-grade security with ASUS ExpertGuardian
asusexpertbookb3g214intel_poweredbyupt_uptointel®_upto64_upto2t,"ASUS ExpertBook B3 G2 (14"" Intel); Copilot+ PC",,ASUS Official,ASUS Official: RM ,1,https://www.asus.com/my/laptops/for-work/expertbook/asus-expertbook-b3-g2-14-intel/,,https://dlcdnwebimgs.asus.com/gain/a680b384-e737-4048-bd6d-b3a0bfe3c273/w185,ASUS Official,Powered by up to Intel ® Core™ Ultra 7 Series 3 processor,Up to Intel ® Graphics,Up to 64GB DDR5 memory,Up to 2TB SSD storage,2.5K 14-inch display with 144Hz refresh rate and 400nits brightness,WiFi 7 technology,,Windows 11 Pro - ASUS recommends Windows 10 Pro for business | Enterprise-grade security with ASUS ExpertGuardian
asusexpertbookb5g216intel_poweredbyupt_intelinteg_upto96_upto6t,"ASUS ExpertBook B5 G2 (16"" Intel); Copilot+ PC",,ASUS Official,ASUS Official: RM ,1,https://www.asus.com/my/laptops/for-work/expertbook/asus-expertbook-b5-g2-16-intel/,,https://dlcdnwebimgs.asus.com/gain/7db719d3-22d9-45b0-884d-89ad86130ffd/w185,ASUS Official,Powered by up to Intel ® Core™ Ultra 7 Series 3 processor with up to 50 TOPS NPU,Intel Integrated Graphics,Up to 96GB DDR5 RAM,Up to 6TB dual-SSD storage,"16""",,High capacity 63Wh battery,"Windows 11 Pro - ASUS recommends Windows 11 Pro for business | ASUS ExpertGuardian for enterprise-grade security | Durable built that meets US MIL-STD 810H standards | Tailored solutions, effortless management"
asusexpertbookb5g214intel_poweredbyupt_intelinteg_upto96_upto6t,"ASUS ExpertBook B5 G2 (14"" Intel); Copilot+ PC",7499.00,"ASUS Official (RM 7,499.00)","ASUS Official: RM 7,499.00",1,https://www.asus.com/my/laptops/for-work/expertbook/asus-expertbook-b5-g2-14-intel/,ASUS Official: https://www.asus.com/my/laptops/for-work/expertbook/asus-expertbook-b5-g2-14-intel/,https://dlcdnwebimgs.asus.com/gain/1850b67e-ff19-45f7-9e36-6d02e2d9b380/w185,ASUS Official,Powered by up to Intel ® Core™ Ultra 7 Series 3 processor with up to 50 TOPS NPU,Intel Integrated Graphics,Up to 96GB DDR5 RAM,Up to 6TB dual-SSD storage,"14""",,High capacity 63Wh battery,"Windows 11 Pro - ASUS recommends Windows 11 Pro for business | ASUS ExpertGuardian for enterprise-grade security | Lightweight and durable at 1.38 kg, built to meet US MIL-STD 810H standards | Tailored solutions, effortless management"
asusexpertbookultracopilo_uptothelates_intelinteg_9hdura_,ASUS ExpertBook Ultra; Copilot+ PC,13699.00,"ASUS Official (RM 13,699.00)","ASUS Official: RM 13,699.00",1,https://www.asus.com/my/laptops/for-work/expertbook/asus-expertbook-ultra/,ASUS Official: https://www.asus.com/my/laptops/for-work/expertbook/asus-expertbook-ultra/,https://dlcdnwebimgs.asus.com/gain/9d3fb65e-12b9-4e88-a5d6-1644ece120b3/w185,ASUS Official,Up to the latest Intel ® Core™ Ultra X9 Series 3 processor with Intel ® Arc™ graphics,Intel Integrated Graphics,9H durability leveraging Nano Ceramic Technology,,Up to 14-inch 3K Tandem OLED with 1400 nits HDR brightness,,,"Windows 11 Pro - ASUS recommends Windows 11 Pro for business | Up to 50 NPU TOPS performance | Premium all-metal design, starting at 0.99kg and 10.9mm thin | ASUS ExpertCool Pro dual-fan cooling system delivers up to 50W TDP performance"
34660-ASUS-TUF,ASUS TUF Gaming A14 (2026) FA401EA,,ASUS Official,ASUS Official: RM ,1,https://www.asus.com/my/laptops/for-gaming/tuf-gaming/asus-tuf-gaming-a14-2026-fa401ea/,,https://dlcdnwebimgs.asus.com/gain/45542e0a-cfe1-4df7-840a-8898de542793/w185,ASUS Official,AMD Ryzen™ AI MAX+ 392 Processor,AMD Radeon Graphics,Up to 64GB LPDDR5X 8533 on board,Up to 2TB PCIe® 4.0 NVMe™ M.2 SSD,"Up to 14-inch, 2.5K (2560 x 1600, WQXGA) 16:10 aspect ratio, Refresh Rate:165Hz",,,Up to Windows 11 Pro | AMD XDNA™ NPU up to 55+TOPS
asuszenbookduoux8407copil_uptointel®co_intelinteg_high-t_upto2t,ASUS Zenbook DUO (UX8407); Copilot+ PC,13999.00,"ASUS Official (RM 13,999.00)","ASUS Official: RM 13,999.00",1,https://www.asus.com/my/laptops/for-home/zenbook/asus-zenbook-duo-ux8407/,ASUS Official: https://www.asus.com/my/laptops/for-home/zenbook/asus-zenbook-duo-ux8407/,https://dlcdnwebimgs.asus.com/gain/cee1353c-a974-4436-9235-ce4443f58285/w185,ASUS Official,Up to Intel ® Core™ Ultra X9 Series 3 processor,Intel Integrated Graphics,High-tech ceramic – Ceraluminum™,Up to 2TB PCIe ® 4.0 x4 SSD,Dual 14” 3K 144Hz ASUS Lumina Pro OLED touchscreens,,Dual-battery system with 99Wh battery,"Windows 11 Home - ASUS recommends Windows 11 Pro for business | Up to 32GB LPDDR5x memory | Versatile modes: Dual Screen, Desktop, Laptop, Sharing Mode"
proartpz14ht7407copilotpc_snapdragon®x_qualcomm®a_upto32_upto1t,ProArt PZ14 (HT7407); Copilot+ PC,11999.00,"ASUS Official (RM 11,999.00)","ASUS Official: RM 11,999.00",1,https://www.asus.com/my/laptops/for-creators/proart/proart-pz14-ht7407/,ASUS Official: https://www.asus.com/my/laptops/for-creators/proart/proart-pz14-ht7407/,https://dlcdnwebimgs.asus.com/gain/3724e2c3-d1c7-45a9-9d87-43d2db53b2dc/w185,ASUS Official,Snapdragon ® X2 Elite processor with 18 cores and up to 80 TOPs NPU,Qualcomm ® Adreno™ GPU,Up to 32GB memory,Up to 1TB SSD storage,"14” 3K up to 1,000 nits 144 Hz VRR anti-reflection coating ASUS Lumina Pro OLED 16:10 touchscreen",Detachable Bluetooth keyboard and stand cover,,Windows 11 Home - ASUS recommends Windows 11 Pro for business | Copilot+ PC | MPP 2.6 stylus support | IP52-rated and military-grade durability
asuszenbooka16ux3607copil_uptosnapdrag_qualcommad_high-t_upto2t,ASUS Zenbook A16 (UX3607); Copilot+ PC,6599.00,"ASUS Official (RM 6,599.00)","ASUS Official: RM 6,599.00",1,https://www.asus.com/my/laptops/for-home/zenbook/asus-zenbook-a16-ux3607/,ASUS Official: https://www.asus.com/my/laptops/for-home/zenbook/asus-zenbook-a16-ux3607/,https://dlcdnwebimgs.asus.com/gain/ec3e3399-c34a-4ed9-be76-c9be1ac1ca6e/w185,ASUS Official,Up to Snapdragon ® X2 Elite Extreme processor,Qualcomm Adreno Graphics,High-tech ceramic: Ceraluminum™,Up to 2TB PCIe ® Gen 4 SSD,Up to 16:10 3K OLED display with 6 speakers,,21+ hours of sustained battery,Windows 11 Home - ASUS recommends Windows 11 Pro for business | 1.2 kg ultra-portable Copilot+ PC | Up to 48GB LPDDR5x 9600 MT/s RAM | Full I/O ports with two USB4 ® and SD card reader
proartgoproeditionpx13hn7_uptoamdryzen_amdradeong_upto12_upto1t,ProArt GoPro Edition (PX13 | HN7306); Copilot+ PC,,ASUS Official,ASUS Official: RM ,1,https://www.asus.com/my/laptops/for-creators/proart/proart-gopro-edition-px13-hn7306/,,https://dlcdnwebimgs.asus.com/gain/ed87296a-777a-4aba-a66d-bbb79025c196/w185,ASUS Official,Up to AMD Ryzen™ AI Max+ 395 processor,AMD Radeon Graphics,Up to 128GB memory,Up to 1TB SSD storage,13.3” 3K OLED 16:10 display,WiFi 7 (802.11be),,Windows 11 Pro | Copilot+ PC | Dedicated neural processing unit | ASUS DialPad
asusexpertbookpm3pm3406co_poweredbyupt_amdradeong_upto64_dual-s,ASUS ExpertBook PM3 (PM3406); Copilot+ PC,4999.00,"ASUS Official (RM 4,999.00)","ASUS Official: RM 4,999.00",1,https://www.asus.com/my/laptops/for-work/expertbook/asus-expertbook-p3-pm3406/,ASUS Official: https://www.asus.com/my/laptops/for-work/expertbook/asus-expertbook-p3-pm3406/,https://dlcdnwebimgs.asus.com/gain/d8f08a6e-929a-4d45-b6a0-5b4932eb5db2/w185,ASUS Official,Powered by up to AMD Ryzen™ AI 7 PRO processors,AMD Radeon Graphics,Up to 64GB DDR5 RAM4,Dual-SSD support up to 3TB storage,,Always stay connected with up to Wi-Fi 7,Productivity on the go with high capacity 70Wh battery,Windows 11 Pro - ASUS recommends Windows 11 Pro for business | Power through AI workloads with up to 45W TDP | ExpertCool thermal solution keeps things cool whether opened or closed
asusexpertbookpm3pm3606co_poweredbyupt_amdradeong_upto64_dual-s,ASUS ExpertBook PM3 (PM3606); Copilot+ PC,5299.00,"ASUS Official (RM 5,299.00)","ASUS Official: RM 5,299.00",1,https://www.asus.com/my/laptops/for-work/expertbook/asus-expertbook-p3-pm3606/,ASUS Official: https://www.asus.com/my/laptops/for-work/expertbook/asus-expertbook-p3-pm3606/,https://dlcdnwebimgs.asus.com/gain/f22e023a-d288-42de-93e2-47bc9c910ba6/w185,ASUS Official,Powered by up to AMD Ryzen™ AI 7 processors,AMD Radeon Graphics,Up to 64GB DDR5 RAM4,Dual-SSD support up to 3TB storage,,Always stay connected with up to Wi-Fi 7,Productivity on the go with high capacity 70Wh battery,Windows 11 Pro | Power through AI workloads with up to 45W TDP | ExpertCool thermal solution keeps things cool whether opened or closed
M001Z0-ROG-STRIX,ROG Strix G18 (2025) G814,,ASUS Official,ASUS Official: RM ,1,https://rog.asus.com/my/laptops/rog-strix/rog-strix-g18-2025-g814/,,https://dlcdnwebimgs.asus.com/gain/411E94B0-A933-4A47-824A-1EF025652775/w185,ASUS Official,AMD Ryzen™ 9 9955HX Processor,NVIDIA® GeForce RTX™ 5070 Laptop GPU,,1TB M.2 NVMe™ PCIe® 4.0 SSD storage,"18"" 2.5K (2560 x 1600, WQXGA) 16:10 240Hz ROG Nebula Display",,,Windows 11 Home
M008E0-ROG-STRIX,ROG Strix G16 (2025) G614,9099.00,"ASUS Official (RM 9,099.00)","ASUS Official: RM 9,099.00",1,https://rog.asus.com/my/laptops/rog-strix/rog-strix-g16-2025-g614/,ASUS Official: https://rog.asus.com/my/laptops/rog-strix/rog-strix-g16-2025-g614/,https://dlcdnwebimgs.asus.com/gain/F31D9BD8-34F4-442B-8053-7FDE1BF7189C/w185,ASUS Official,AMD Ryzen™ 9 8940HX Processor,NVIDIA® GeForce RTX™ 5060 Laptop GPU,,1TB M.2 NVMe™ PCIe® 4.0 SSD storage,"16"" 2.5K (2560 x 1600, WQXGA) 16:10 300Hz ROG Nebula Display",,,Windows 11 Home
31165-ASUS-TUF,ASUS TUF Gaming A14 (2025),7499.00,"ASUS Official (RM 7,499.00)","ASUS Official: RM 7,499.00",1,https://www.asus.com/my/laptops/for-gaming/tuf-gaming/asus-tuf-gaming-a14-2025/,ASUS Official: https://www.asus.com/my/laptops/for-gaming/tuf-gaming/asus-tuf-gaming-a14-2025/,https://dlcdnwebimgs.asus.com/gain/c563e899-8bbe-4f9c-81ad-030863b1b9a8/w185,ASUS Official,Up AMD Ryzen™ AI 7 H 350 Processor,NVIDIA® GeForce RTX™ 5060 Laptop GPU,Up to 16GB*2 LPDDR5X 7500 on board,Up to 2TB PCIe® 4.0 NVMe™ M.2 SSD,"Up to 14-inch, 2.5K (2560 x 1600, WQXGA) 16:10 aspect ratio, Refresh Rate:165Hz",,,Windows 11 Home
asusvivobooks16s3607copil_uptointel®co_uma(intel®_upto16_upto1t,ASUS Vivobook S16 (S3607); Copilot+ PC,6299.00,"ASUS Official (RM 6,299.00)","ASUS Official: RM 6,299.00",1,https://www.asus.com/my/laptops/for-home/vivobook/asus-vivobook-s16-s3607/,ASUS Official: https://www.asus.com/my/laptops/for-home/vivobook/asus-vivobook-s16-s3607/,https://dlcdnwebimgs.asus.com/gain/520eaec0-3e4d-4e59-9b48-cb077e7dd702/w185,ASUS Official,Up to Intel ® Core™ Ultra 7 processor (Series 2),UMA (Intel ® UHD Graphics),Up to 16 GB DDR5 memory,Up to 1 TB PCIe ® 4.0 x4 SSD,16” 16:10 FHD OLED or 144 Hz IPS NanoEdge display,,,Windows 11 Home - ASUS recommends Windows 11 Home for business | Larger touchpad with Smart Gesture | AI camera with face recognition
asusvivobooks14s3407copil_uptointel®co_uma(intel®_upto16_upto1t,ASUS Vivobook S14 (S3407); Copilot+ PC,5499.00,"ASUS Official (RM 5,499.00)","ASUS Official: RM 5,499.00",1,https://www.asus.com/my/laptops/for-home/vivobook/asus-vivobook-s14-s3407/,ASUS Official: https://www.asus.com/my/laptops/for-home/vivobook/asus-vivobook-s14-s3407/,https://dlcdnwebimgs.asus.com/gain/db4d139c-69d6-4f57-91cd-46761642e137/w185,ASUS Official,Up to Intel ® Core™ Ultra 7 processor (Series 2),UMA (Intel ® UHD Graphics),Up to 16 GB DDR5 memory,Up to 1 TB PCIe ® 4.0 x4 SSD,14” 16:10 FHD IPS 60 Hz NanoEdge display,,,Windows 11 Home - ASUS recommends Windows 11 Home for business | larger touchpad with Smart Gesture | AI camera with face recognition
asusvivobooks16m3607copil_uptoamdryzen_amdradeon™__,ASUS Vivobook S16 (M3607); Copilot+ PC,4399.00,"ASUS Official (RM 4,399.00)","ASUS Official: RM 4,399.00",1,https://www.asus.com/my/laptops/for-home/vivobook/asus-vivobook-s16-m3607/,ASUS Official: https://www.asus.com/my/laptops/for-home/vivobook/asus-vivobook-s16-m3607/,https://dlcdnwebimgs.asus.com/gain/d0393b25-ce92-49c9-bbf0-01a51d0e09f3/w185,ASUS Official,Up to AMD Ryzen™ AI 7 445 processor,AMD Radeon™ graphics,,,16” WUXGA OLED NanoEdge display,,Long-lasting up to 23 hours battery life,Windows 11 Home - ASUS recommends Windows 11 Pro for business | 1.70 kg light and 1.59 cm thin | Larger touchpad with Smart Gesture | Full set of I/O ports
asusvivobooks14m3407copil_uptoamdryzen_amdradeon™__,ASUS Vivobook S14 (M3407); Copilot+ PC,4799.00,"ASUS Official (RM 4,799.00)","ASUS Official: RM 4,799.00",1,https://www.asus.com/my/laptops/for-home/vivobook/asus-vivobook-s14-m3407/,ASUS Official: https://www.asus.com/my/laptops/for-home/vivobook/asus-vivobook-s14-m3407/,https://dlcdnwebimgs.asus.com/gain/d483b62d-e34d-4125-8448-788a9b5e9150/w185,ASUS Official,Up to AMD Ryzen™ AI 7 350 processor,AMD Radeon™ graphics,,,14” FHD OLED NanoEdge display,,Long-lasting up to 23 hours battery,Windows 11 Home - ASUS recommends Windows 11 Home for business | 1.40 kg light and 1.59 cm thin | Larger touchpad with Smart Gesture | Full set of I/O ports
asusvivobook16a1607qcopil_snapdragon®x_qualcomm®a_16gbme_upto1t,ASUS Vivobook 16 (A1607Q); Copilot+ PC,3999.00,"ASUS Official (RM 3,999.00)","ASUS Official: RM 3,999.00",1,https://www.asus.com/my/laptops/for-home/vivobook/asus-vivobook-16-a1607q/,ASUS Official: https://www.asus.com/my/laptops/for-home/vivobook/asus-vivobook-16-a1607q/,https://dlcdnwebimgs.asus.com/gain/3fb8b452-71ea-4783-a2a5-83121e47afc3/w185,ASUS Official,Snapdragon ® X Processor,Qualcomm ® Adreno™ GPU,16 GB memory,Up to 1 TB PCIe ® 4.0 SSD,16” 16:10 FHD IPS 60 Hz NanoEdge display,,,Windows 11 Home - ASUS recommends Windows 11 Pro for business | Larger touchpad with Smart Gestures | FHD IR camera with face recognition
asusvivobook14a1407qcopil_snapdragon®x_qualcomm®a_16gbme_upto1t,ASUS Vivobook 14 (A1407Q); Copilot+ PC,,ASUS Official,ASUS Official: RM ,1,https://www.asus.com/my/laptops/for-home/vivobook/asus-vivobook-14-a1407q/,,https://dlcdnwebimgs.asus.com/gain/4a1f9365-e104-46f2-8fac-bc5ce39f0f88/w185,ASUS Official,Snapdragon ® X Processor,Qualcomm ® Adreno™ GPU,16 GB memory,Up to 1 TB PCIe ® 4.0 SSD,14” FHD IPS NanoEdge display,,,Windows 11 Home - ASUS recommends Windows 11 Pro for business | 30% larger touchpad with Smart Gesture | FHD IR camera with face recognition
asusvivobook16a1607ca_intel®core™u_uptointel®_upto32_upto1t,ASUS Vivobook 16 (A1607CA),4099.00,"ASUS Official (RM 4,099.00)","ASUS Official: RM 4,099.00",1,https://www.asus.com/my/laptops/for-home/vivobook/asus-vivobook-16-a1607/,ASUS Official: https://www.asus.com/my/laptops/for-home/vivobook/asus-vivobook-16-a1607/,https://dlcdnwebimgs.asus.com/gain/af5a7e38-7e68-49b2-a5dd-58ecafc738fc/w185,ASUS Official,Intel ® Core™ Ultra 5 processor (Series 2),Up to Intel ® ARC™ Graphics,Up to 32 GB DDR5 memory,Up to 1 TB PCIe ® 4.0 x4 SSD,16” 16:10 FHD IPS 60 Hz NanoEdge display,,,Windows 11 Home - ASUS recommends Windows 11 Home for business | Larger touchpad with Smart Gesture | FHD IR camera with face recognition
M00520-ROG-STRIX,ROG Strix G16 (2025),,ASUS Official,ASUS Official: RM ,1,https://rog.asus.com/my/laptops/rog-strix/rog-strix-g16-2025/,,https://dlcdnwebimgs.asus.com/gain/592283F1-E2E5-4946-A1B9-F67E9CFCFA1E/w185,ASUS Official,Intel® Core™ Ultra 9 Processor 275HX,NVIDIA® GeForce RTX™ 5060 Laptop GPU,,1TB M.2 NVMe™ PCIe® 4.0 SSD storage,"16"" 2.5K (2560 x 1600, WQXGA) 16:10 240Hz ROG Nebula Display",,,Windows 11 Home
rogzephyrusg162025gu605_intel®core™u_nvidia®gef__1tbm.2,ROG Zephyrus G16 (2025) GU605,,ASUS Official,ASUS Official: RM ,1,https://rog.asus.com/my/laptops/rog-zephyrus/rog-zephyrus-g16-2025-gu605/,,https://dlcdnwebimgs.asus.com/gain/8DFC1629-C380-4005-A755-517B02AACD98/w185,ASUS Official,Intel® Core™ Ultra 9 Processor 285H,NVIDIA® GeForce RTX™ 5070 Laptop GPU,,1TB M.2 NVMe™ PCIe® 4.0 SSD storage,"16"" 2.5K (2560 x 1600, WQXGA) 16:10 240Hz OLED ROG Nebula Display",,,Windows 11 Home
M00080-ROG-FLOW,ROG Flow Z13 (2025),12999.00,"ASUS Official (RM 12,999.00)","ASUS Official: RM 12,999.00",1,https://rog.asus.com/my/laptops/rog-flow/ROG-Flow-Z13-2025/,ASUS Official: https://rog.asus.com/my/laptops/rog-flow/ROG-Flow-Z13-2025/,https://dlcdnwebimgs.asus.com/gain/34C1E26D-F64A-4B4F-8DAC-6C168F7C90E2/w185,ASUS Official,AMD Ryzen™ AI MAX+ 395 Processor,AMD Radeon Graphics,,1TB M.2 NVMe™ PCIe® 4.0 SSD storage,"13.4"" 2.5K (2560 x 1600, WQXGA) 16:10 180Hz ROG Nebula Display touchscreen",,,Windows 11 Home | AMD XDNA™ NPU up to 50TOPS
30939-ASUS-TUF,ASUS TUF Gaming F16 (2025),7899.00,"ASUS Official (RM 7,899.00)","ASUS Official: RM 7,899.00",1,https://www.asus.com/my/laptops/for-gaming/tuf-gaming/asus-tuf-gaming-f16-2025/,ASUS Official: https://www.asus.com/my/laptops/for-gaming/tuf-gaming/asus-tuf-gaming-f16-2025/,https://dlcdnwebimgs.asus.com/gain/425797b1-a292-4654-a846-a2898f7b9cf5/w185,ASUS Official,Up to Intel® Core™ Ultra 9 Processor 275HX,Up to NVIDIA® GeForce RTX™ 5070 Laptop GPU,Up to 16GB DDR5-5600 SO-DIMM x 2,Up to 2TB PCIe® 4.0 NVMe™ M.2 SSD,"Up to 16-inch, 2.5K (2560 x 1600, WQXGA) 16:10 aspect ratio, Refresh Rate:165Hz",,,Windows 11 Home
30940-ASUS-TUF,ASUS TUF Gaming A16 (2025),8299.00,"ASUS Official (RM 8,299.00)","ASUS Official: RM 8,299.00",1,https://www.asus.com/my/laptops/for-gaming/tuf-gaming/asus-tuf-gaming-a16-2025/,ASUS Official: https://www.asus.com/my/laptops/for-gaming/tuf-gaming/asus-tuf-gaming-a16-2025/,https://dlcdnwebimgs.asus.com/gain/c18cb414-d4a8-4ca3-a34b-242a62df40e2/w185,ASUS Official,AMD Ryzen™ 7 260 Processor,NVIDIA® GeForce RTX™ 5070 Laptop GPU,Up to 16GB DDR5-5600 SO-DIMM x 2,Up to 2TB PCIe® 4.0 NVMe™ M.2 SSD,"Up to 16-inch, 2.5K (2560 x 1600, WQXGA) 16:10 aspect ratio, Refresh Rate:165Hz",,,Windows 11 Home
asusvivobook14m1407copilo_uptoamdryzen_uptoamdrad_upto32_upto1t,ASUS Vivobook 14 (M1407); Copilot+ PC,,ASUS Official,ASUS Official: RM ,1,https://www.asus.com/my/laptops/for-home/vivobook/asus-vivobook-14-m1407/,,https://dlcdnwebimgs.asus.com/gain/7811951a-a914-4302-9ca1-0024928a8834/w185,ASUS Official,Up to AMD Ryzen™ AI 7 350 processor,Up to AMD Radeon™ Graphics,Up to 32 GB DDR5 memory,Up to 1 TB PCIe ® 4.0 x4 SSD,14” FHD IPS NanoEdge display,,,Windows 11 Home - ASUS recommends Windows 11 Pro for business | 30% larger touchpad with Smart Gesture | FHD IR camera with face recognition
asusvivobooks16s3607qacop_snapdragon®x_qualcomm®a__,ASUS Vivobook S16 (S3607QA); Copilot+ PC,,ASUS Official,ASUS Official: RM ,1,https://www.asus.com/my/laptops/for-home/vivobook/asus-vivobook-s16-s3607q/,,https://dlcdnwebimgs.asus.com/gain/44522ea3-d75a-4546-8aa3-c10eb74b72b1/w185,ASUS Official,Snapdragon ® X Processor,Qualcomm ® Adreno™ GPU,,,16” FHD OLED NanoEdge display,,Long-lasting 70 Wh battery,Windows 11 Pro - ASUS recommends Windows 11 Pro for business | 1.67 kg light and 1.59 cm thin | Larger touchpad with Smart Gesture | Full set of I/O ports
asusvivobooks14s3407qacop_snapdragon®x_qualcomm®a__,ASUS Vivobook S14 (S3407QA); Copilot+ PC,,ASUS Official,ASUS Official: RM ,1,https://www.asus.com/my/laptops/for-home/vivobook/asus-vivobook-s14-s3407q/,,https://dlcdnwebimgs.asus.com/gain/fccddb25-35cb-480a-a978-cc64b6a1af66/w185,ASUS Official,Snapdragon ® X Processor,Qualcomm ® Adreno™ GPU,,,14” FHD OLED NanoEdge display,,Long-lasting 70 Wh battery,Windows 11 Home - ASUS recommends Windows 11 Pro for business | 1.39 kg light and 1.59 cm thin | Larger touchpad with Smart Gesture | Full set of I/O ports
M007E0-ROG-STRIX,ROG Strix SCAR 16 (2025),,ASUS Official,ASUS Official: RM ,1,https://rog.asus.com/my/laptops/rog-strix/rog-strix-scar-16-2025/,,https://dlcdnwebimgs.asus.com/gain/F14EA47A-694A-484E-B523-03B29374AC4E/w185,ASUS Official,Intel® Core™ Ultra 9 Processor 275HX,NVIDIA® GeForce RTX™ 5090 Laptop GPU,,2TB M.2 NVMe™ PCIe® 4.0 Performance SSD storage,"16"" 2.5K (2560 x 1600, WQXGA) 16:10 240Hz ROG Nebula HDR Display",,,Windows 11 Home
asusexpertbookb3b3605_uptointel®co_uptointel®_upto64_dual-s,ASUS ExpertBook B3 (B3605),6499.00,"ASUS Official (RM 6,499.00)","ASUS Official: RM 6,499.00",1,https://www.asus.com/my/laptops/for-work/expertbook/asus-expertbook-b3-b3605/,ASUS Official: https://www.asus.com/my/laptops/for-work/expertbook/asus-expertbook-b3-b3605/,https://dlcdnwebimgs.asus.com/gain/ef456468-a90d-4886-a648-5c8527935af4/w185,ASUS Official,Up to Intel® Core™ Ultra 7 processor with Intel vPro®,Up to Intel® Arc graphics,Up to 64 GB memory,Dual-SSD RAID supports up to 1TB capacity,155,,,"Windows 11 Pro | ASUS-exclusive AI ExpertMeet | Lightweight design, starting at 1.78kg | Business-grade BIOS security compliant with NIST SP 800-155 resilience requirements"
asusexpertbookb3b3405_uptointel®co_uptointel®_upto64_dual-s,ASUS ExpertBook B3 (B3405),5599.00,"ASUS Official (RM 5,599.00)","ASUS Official: RM 5,599.00",1,https://www.asus.com/my/laptops/for-work/expertbook/asus-expertbook-b3-b3405/,ASUS Official: https://www.asus.com/my/laptops/for-work/expertbook/asus-expertbook-b3-b3405/,https://dlcdnwebimgs.asus.com/gain/c83adbdd-9753-4259-8045-b223654ae2ee/w185,ASUS Official,Up to Intel® Core™ Ultra 7 processor with Intel vPro®,Up to Intel® Arc graphics,Up to 64 GB memory,Dual-SSD RAID supports up to 1TB capacity,"Lightweight design, starting at 1.4kg",,,Windows 11 Pro | ASUS-exclusive AI ExpertMeet | Business-grade BIOS security compliant with NIST SP 800-155 resilience requirements | ASUS ExpertCool thermal design
27558-ASUS-GAMING,ASUS Gaming V16 (V3607),,ASUS Official,ASUS Official: RM ,1,https://www.asus.com/my/laptops/for-gaming/all-series/asus-gaming-v16-v3607/,,https://dlcdnwebimgs.asus.com/gain/9c0932c2-838a-4993-b02c-8487dd7d0b58/w185,ASUS Official,Intel ® Core™ 5 processor 210H,NVIDIA ® GeForce RTX 4050 GPU,16 GB DDR5 memory,512 GB SSD storage,16-inch FHD 144Hz refresh rate display,,,Windows 11 Home - ASUS recommends Windows 11 Home for business | Larger touchpad with Smart-gesture | Full I/O ports | Military-Grade durability
asuszenbooka14ux3407copil_uptosnapdrag_qualcommad_high-t_upto1t,ASUS Zenbook A14 (UX3407); Copilot+ PC,4999.00,"ASUS Official (RM 4,999.00)","ASUS Official: RM 4,999.00",1,https://www.asus.com/my/laptops/for-home/zenbook/asus-zenbook-a14-ux3407/,ASUS Official: https://www.asus.com/my/laptops/for-home/zenbook/asus-zenbook-a14-ux3407/,https://dlcdnwebimgs.asus.com/gain/14c6be57-e7d1-462c-a109-4f93c353d93c/w185,ASUS Official,Up to Snapdragon ® X Elite processor,Qualcomm Adreno Graphics,High-tech ceramic: Ceraluminum™,Up to 1 TB PCIe ® Gen 4 SSD,Up to 32 GB LPDDR5x 8533 MHz RAM,,Up to 32 hours of sustained battery,Windows 11 Home - ASUS recommends Windows 11 Pro for business | Under 1 kg featherweight | 16:10 FHD OLED display | Super-linear speakers with Snapdragon Sound™
asusexpertbookb1b1503_uptointel®co_uptointel®_upto64_,ASUS ExpertBook B1 (B1503),5671.00,"ASUS Official (RM 5,671.00)","ASUS Official: RM 5,671.00",1,https://www.asus.com/my/laptops/for-work/expertbook/asus-expertbook-b1-b1503/,ASUS Official: https://www.asus.com/my/laptops/for-work/expertbook/asus-expertbook-b1-b1503/,https://dlcdnwebimgs.asus.com/gain/5d22a2a2-006f-47ed-b293-20d73d86fca5/w185,ASUS Official,Up to Intel® Core™ 7 processor,Up to Intel® Iris® Xe Graphics,Up to 64 GB memory,,,,,Windows 11 Pro | AI ExpertMeet for productivity | 1.6 Kg portable design | Brand new design and easy repairability
asusexpertbookbm1bm1403_uptoamd®ryze_uptoamd®ra_upto64_,ASUS ExpertBook BM1 (BM1403),4799.00,"ASUS Official (RM 4,799.00)","ASUS Official: RM 4,799.00",1,https://www.asus.com/my/laptops/for-work/expertbook/asus-expertbook-bm1-bm1403/,ASUS Official: https://www.asus.com/my/laptops/for-work/expertbook/asus-expertbook-bm1-bm1403/,https://dlcdnwebimgs.asus.com/gain/3c775430-96cd-459d-bd95-797381741844/w185,ASUS Official,Up to AMD® Ryzen™ 7 processor,Up to AMD® Radeon™ Graphics,Up to 64 GB memory,,,,,Windows 11 Pro | AI ExpertMeet for productivity | 1.4 Kg portable design | Brand new design and easy repairability
asusexpertbookb1b1403_uptointel®co_uptointel®_upto64_,ASUS ExpertBook B1 (B1403),5671.00,"ASUS Official (RM 5,671.00)","ASUS Official: RM 5,671.00",1,https://www.asus.com/my/laptops/for-work/expertbook/asus-expertbook-b1-b1403/,ASUS Official: https://www.asus.com/my/laptops/for-work/expertbook/asus-expertbook-b1-b1403/,https://dlcdnwebimgs.asus.com/gain/adb7a0d1-04b6-4d3b-a06f-4669dbca6ca4/w185,ASUS Official,Up to Intel® Core™ 7 processor,Up to Intel® Iris® Xe Graphics,Up to 64 GB memory,,,,,Windows 11 Pro | AI ExpertMeet for productivity | 1.4 Kg portable design | Brand new design and easy repairability
asusexpertbookp1p1503_uptointel®co_intelinteg__dual-s,ASUS ExpertBook P1 (P1503),4299.00,"ASUS Official (RM 4,299.00)","ASUS Official: RM 4,299.00",1,https://www.asus.com/my/laptops/for-work/expertbook/expertbook-p1-p1503/,ASUS Official: https://www.asus.com/my/laptops/for-work/expertbook/expertbook-p1-p1503/,https://dlcdnwebimgs.asus.com/gain/a2a7c17b-2b45-43d5-bbde-b4abd4b4707d/w185,ASUS Official,Up to Intel® Core™ i7 processor,Intel Integrated Graphics,,Dual-SSD RAID supports up to 1TB capacity,155,,,"Windows 11 Pro | Lightweight design, starting at 1.6kg | ASUS-exclusive AI ExpertMeet supercharges meetings productivity and efficiency | Business-grade BIOS security compliant with NIST SP 800-155 resilience requirements"
asusvivobook14fliptp3407c_uptointel®co_intelinteg__,ASUS Vivobook 14 Flip (TP3407); Copilot+ PC,4463.00,"ASUS Official (RM 4,463.00)","ASUS Official: RM 4,463.00",1,https://www.asus.com/my/laptops/for-home/vivobook/asus-vivobook-14-flip-tp3407/,ASUS Official: https://www.asus.com/my/laptops/for-home/vivobook/asus-vivobook-14-flip-tp3407/,https://dlcdnwebimgs.asus.com/gain/223a5ff4-8847-468e-963c-d224182797ce/w185,ASUS Official,Up to Intel ® Core™ Ultra 7 processor (Series 2),Intel Integrated Graphics,,,14” FHD 60 Hz OLED display,,Long-lasting 70 Wh battery,"Windows 11 Home - ASUS recommends Windows 11 Pro for business | Thin and light: 1.69 cm, 1.5 kg | Intel ® Evo™ certified laptop | Up to 47 NPU TOPS AI performance"
asuszenbooks14ux5406copil_uptointel®co_intelinteg_high-t_upto1t,ASUS Zenbook S14 (UX5406); Copilot+ PC,8699.00,"ASUS Official (RM 8,699.00)","ASUS Official: RM 8,699.00",1,https://www.asus.com/my/laptops/for-home/zenbook/asus-zenbook-s-14-ux5406/,ASUS Official: https://www.asus.com/my/laptops/for-home/zenbook/asus-zenbook-s-14-ux5406/,https://dlcdnwebimgs.asus.com/gain/a5738fa1-48b7-4e89-92ca-f7bff3a28045/w185,ASUS Official,Up to Intel ® Core™ Ultra 9 processor (Series 2),Intel Integrated Graphics,High-tech ceramic: Ceraluminum TM,Up to 1 TB PCIe ® Gen 4 SSD,16:10 3K OLED display with 4 speakers,WiFi 7 (802.11be),Long-lasting 72 Wh battery,"Windows 11 Home - ASUS recommends Windows 11 Pro for business | Thin and light: 1.1 cm, 1.2 kg | Up to 32 GB LPDDR5x 8533 MHz RAM | Full I/O ports with 2 Thunderbolt TM 4 USB-C TM"
proartpx13hn7306copilotpc_uptoamdryzen_amdradeong_upto12_upto1t,ProArt PX13 (HN7306); Copilot+ PC,,ASUS Official,ASUS Official: RM ,1,https://www.asus.com/my/laptops/for-creators/proart/proart-px13-hn7306/,,https://dlcdnwebimgs.asus.com/gain/44d6aa24-a7d6-43fa-8de9-9c20598dce1b/w185,ASUS Official,Up to AMD Ryzen™ AI Max+ 395 processor,AMD Radeon Graphics,Up to 128GB memory,Up to 1TB SSD storage,13.3” 3K OLED 16:10 display,WiFi 7 (802.11be),,Windows 11 Home - ASUS recommends Windows 11 Pro for business | Copilot+ PC | Dedicated neural processing unit | ASUS DialPad
proartp16h7606copilotpc_uptoamdryzen_uptonvidia_upto64_upto4t,ProArt P16 (H7606); Copilot+ PC,25999.00,"ASUS Official (RM 25,999.00)","ASUS Official: RM 25,999.00",1,https://www.asus.com/my/laptops/for-creators/proart/proart-p16-h7606/,ASUS Official: https://www.asus.com/my/laptops/for-creators/proart/proart-p16-h7606/,https://dlcdnwebimgs.asus.com/gain/2323a5ef-f5e6-48ed-b731-493e988e38c4/w185,ASUS Official,Up to AMD Ryzen™ AI 9 HX 370 processor,Up to NVIDIA ® GeForce RTX™ 5070 Laptop GPU,Up to 64GB memory,Up to 4TB SSD storage,16” 4K OLED 16:10 display,WiFi 7 (802.11be),,Windows 11 Home - ASUS recommends Windows 11 Pro for business | Dedicated neural processing unit | ASUS DialPad | Full I/O ports with USB 4 Type-C
asuszenbooks16um5606copil_uptoamdryzen_amdradeong__upto1t,ASUS Zenbook S16 (UM5606); Copilot+ PC,8999.00,"ASUS Official (RM 8,999.00)","ASUS Official: RM 8,999.00",1,https://www.asus.com/my/laptops/for-home/zenbook/asus-zenbook-s-16-um5606/,ASUS Official: https://www.asus.com/my/laptops/for-home/zenbook/asus-zenbook-s-16-um5606/,https://dlcdnwebimgs.asus.com/gain/ffb8dfaa-fbf2-4f74-aad1-24af2b901c4d/w185,ASUS Official,Up to AMD Ryzen™ AI 9 HX 370 processor,AMD Radeon Graphics,,Up to 1 TB PCIe ® Gen 4 SSD,Up to 32 GB LPDDR5x 7500 MHz RAM,WiFi 7 (802.11be),,"Windows 11 Home - ASUS recommends Windows 11 Pro for business | 16:10 3K ASUS Lumina OLED display | Thin and light:1.1cm, 1.5kg | 6 built-in speakers"
asusexpertbookcx54chromeb_uptointel®co_intelinteg_upto16_,ASUS ExpertBook CX54 Chromebook Plus(CX5403),,ASUS Official,ASUS Official: RM ,1,https://www.asus.com/my/laptops/for-home/chromebook/asus-expertbook-cx54-chromebook-plus-cx5403/,,https://dlcdnwebimgs.asus.com/gain/e39286b5-b991-4864-ad5a-3e8bab961963/w185,ASUS Official,Up to Intel® Core™ Ultra 7 processor,Intel Integrated Graphics,Up to 16 GB memory,,16:10 WQXGA display,,,Chromebook Plus | 1.3 kg all-metal chassis | Anti-glare and anti-fingerprint screen
asusvivobook14a1405_uptointel®co_intelinteg_upto16_upto1t,ASUS Vivobook 14 (A1405),,ASUS Official,ASUS Official: RM ,1,https://www.asus.com/my/laptops/for-home/vivobook/asus-vivobook-14-a1405/,,https://dlcdnwebimgs.asus.com/gain/9548130d-f8f7-4bc7-b44c-3375331f9a84/w185,ASUS Official,Up to Intel ® Core™ 7 Series 1 processor,Intel Integrated Graphics,Up to 16 GB DDR4 memory,Up to 1 TB SSD storage,14,,,Windows 11 Home - ASUS recommends Windows 11 Home for business | Up to 14” NanoEdge display | Optional fingerprint login sensor | ASUS Antimicrobial Guard Plus
asuschromebookcr12flipcr1_intel®proces_intel®uhdg_upto16_128gb,ASUS Chromebook CR12 Flip (CR1204F),,ASUS Official,ASUS Official: RM ,1,https://www.asus.com/my/laptops/for-students/chromebook/asus-chromebook-cr12-flip-cr1204f/,,https://dlcdnwebimgs.asus.com/gain/fcb195d4-c86d-46f1-8664-ccfbf071d065/w185,ASUS Official,Intel® Processor N-series processor,Intel® UHD graphics,Up to 16 GB memory,128 GB,16:10 WUXGA display,,,ChromeOS | 128 GB eMMC | Military-grade reliability | 13MP World-Facing Camera
asusbr1104c_uptointel®pr_intelinteg__,ASUS BR1104C,,ASUS Official,ASUS Official: RM ,1,https://www.asus.com/my/laptops/for-students/br-series/asus-br1104c/,,https://dlcdnwebimgs.asus.com/gain/4215112a-2fcb-4d7e-ac6d-ef4c9221869d/w185,ASUS Official,Up to Intel® Processor N250,Intel Integrated Graphics,,,,,,Windows 11 Pro Education | MIL-STD 810H US military durability standard | Modular design for easy maintenance | Comprehensive connectivity
asusbr1104f_uptointel®pr_intelinteg__,ASUS BR1104F,,ASUS Official,ASUS Official: RM ,1,https://www.asus.com/my/laptops/for-students/br-series/asus-br1104f/,,https://dlcdnwebimgs.asus.com/gain/6d160165-1a87-433e-b20e-3eb7e1411a99/w185,ASUS Official,Up to Intel® Processor N250,Intel Integrated Graphics,,,,,,Windows 11 Pro Education | MIL-STD 810H US military durability standard | Modular design for easy maintenance | Comprehensive connectivity
asusbr1204c_uptointel®pr_intelinteg__,ASUS BR1204C,,ASUS Official,ASUS Official: RM ,1,https://www.asus.com/my/laptops/for-students/br-series/asus-br1204c/,,https://dlcdnwebimgs.asus.com/gain/c936ad60-cf8c-4b32-a721-a270316a9ee7/w185,ASUS Official,Up to Intel® Processor N250,Intel Integrated Graphics,,,16,,,Windows 11 Pro Education | Marvelous 12.2” rugged laptop with 16:10 display for superb visual experiences | MIL-STD 810H US military durability standard | Modular design for easy maintenance
asusbr1204f_uptointel®pr_intelinteg__,ASUS BR1204F,,ASUS Official,ASUS Official: RM ,1,https://www.asus.com/my/laptops/for-students/br-series/asus-br1204f/,,https://dlcdnwebimgs.asus.com/gain/2f90a7b1-8d72-4433-9423-205fe57e52b0/w185,ASUS Official,Up to Intel® Processor N250,Intel Integrated Graphics,,,16,,,Windows 11 Pro Education | Marvelous 12.2” rugged laptop with 16:10 display for superb visual experiences | MIL-STD 810H US military durability standard | Modular design for easy maintenance
asusvivobook16a1605_uptointel®co_intelinteg_upto16_upto51,ASUS Vivobook 16 (A1605),,ASUS Official,ASUS Official: RM ,1,https://www.asus.com/my/laptops/for-home/vivobook/vivobook-16-a1605/,,https://dlcdnwebimgs.asus.com/gain/7adac3c9-a8d5-46f4-9507-a1df684f683d/w185,ASUS Official,Up to Intel ® Core™ 5 Series 1 processor,Intel Integrated Graphics,Up to 16 GB DDR4 memory,Up to 512 GB SSD storage,16,,,Windows 11 Home - ASUS recommends Windows 11 Home for business | Up to 16” NanoEdge display | Optional fingerprint login sensor | ASUS Antimicrobial Guard Plus
asusvivobooks14s5406_uptointel®co_intelinteg__,ASUS Vivobook S 14 (S5406),5099.00,"ASUS Official (RM 5,099.00)","ASUS Official: RM 5,099.00",1,https://www.asus.com/my/laptops/for-home/vivobook/asus-vivobook-s-14-oled-s5406/,ASUS Official: https://www.asus.com/my/laptops/for-home/vivobook/asus-vivobook-s-14-oled-s5406/,https://dlcdnwebimgs.asus.com/gain/94332ee6-a61b-470a-a100-244ef9cfc139/w185,ASUS Official,Up to Intel ® Core™ Ultra 9 Processor,Intel Integrated Graphics,,,14” 3K 120 Hz OLED HDR display,,Long-lasting 75 Wh battery,"Windows 11 Home - ASUS recommends Windows 11 Pro for business | Thin and light: 1.39 cm, 1.3 kg | Intel ® Evo™ certified laptop | Dedicated Copilot key for more AI exploration"
asuszenbook14oledum3406co_amdryzen™804_amdradeong_upto16_upto1t,ASUS Zenbook 14 OLED (UM3406); Copilot+ PC,6299.00,"ASUS Official (RM 6,299.00)","ASUS Official: RM 6,299.00",1,https://www.asus.com/my/laptops/for-home/zenbook/asus-zenbook-14-oled-um3406/,ASUS Official: https://www.asus.com/my/laptops/for-home/zenbook/asus-zenbook-14-oled-um3406/,https://dlcdnwebimgs.asus.com/gain/26b2a6c1-fa0f-4de9-87e7-3cbde6b4fd77/w185,ASUS Official,AMD Ryzen™ 8040 Series Processor,AMD Radeon Graphics,Up to 16 GB memory,Up to 1 TB SSD storage,Up to 14” 120Hz 3K OLED HDR display,,Long-lasting 75 Wh battery,"Windows 11 Home - ASUS recommends Windows 11 Pro for business | Thin and light: 1.2 kg, 14.9 mm | Full IO ports with USB 4 Type-C ®"
24075-ASUS-TUF,ASUS TUF Gaming F16 (2024),,ASUS Official,ASUS Official: RM ,1,https://www.asus.com/my/laptops/for-gaming/tuf-gaming/asus-tuf-gaming-f16-2024/,,https://dlcdnwebimgs.asus.com/gain/f69cfad3-af20-403e-ad93-1ffb91604d82/w185,ASUS Official,Intel ® Core ™ i7-13650HX,Up to NVIDIA ® GeForce RTX ™ 4070 Laptop GPU,,,16-inch QHD 165Hz,,,Windows 11 Home | NVIDIA Advanced Optimus | 16:10 aspect ratio | Dolby Atmos
25083-ASUS-TUF,ASUS TUF Gaming A16 (2024),4949.00,"ASUS Official (RM 4,949.00)","ASUS Official: RM 4,949.00",1,https://www.asus.com/my/laptops/for-gaming/tuf-gaming/asus-tuf-gaming-a16-2024/,ASUS Official: https://www.asus.com/my/laptops/for-gaming/tuf-gaming/asus-tuf-gaming-a16-2024/,https://dlcdnwebimgs.asus.com/gain/7f8d804d-3316-4841-bc31-e931d0929719/w185,ASUS Official,AMD Ryzen™ 7 170 Processor,GeForce RTX™ 4050,16GB DDR5,512GB SSD,16-inch,,,Windows 11 Home | FHD+ 16:10 | G-Sync | 144Hz
asuszenbookduoux8406_intel®evo™ce_intelinteg__upto32,ASUS Zenbook DUO UX8406,,ASUS Official,ASUS Official: RM ,1,https://www.asus.com/my/laptops/for-home/zenbook/asus-zenbook-duo-2024-ux8406/,,https://dlcdnwebimgs.asus.com/gain/e1c062dc-b3ad-4b84-b310-eda9f5984d2c/w185,ASUS Official,Intel ® Evo™ certified laptop,Intel Integrated Graphics,,Up to 32 GB LPDDR5x RAM and 2 TB SSD,"Up to dual 14"" 3K 120Hz OLED NanoEdge touchscreens",,Long-lasting 75 Wh battery,"Windows 11 Home - ASUS recommends Windows 11 Home for business | Up to Intel ® Core™ Ultra 9 processor with NPU | Thin and light: 14.6 mm, 1.35 kg (without keyboard) | Versatile modes: Dual Screen, Desktop, Laptop, Sharing Mode"
asuszenbook14oledux3405co_intel®evo™ce_intelinteg_upto32_upto1t,ASUS Zenbook 14 OLED (UX3405); Copilot+ PC,4599.00,"ASUS Official (RM 4,599.00)","ASUS Official: RM 4,599.00",1,https://www.asus.com/my/laptops/for-home/zenbook/asus-zenbook-14-oled-ux3405/,ASUS Official: https://www.asus.com/my/laptops/for-home/zenbook/asus-zenbook-14-oled-ux3405/,https://dlcdnwebimgs.asus.com/gain/838fbdac-6d10-4190-8e52-d4b9463f5d23/w185,ASUS Official,Intel ® Evo™ certified laptop,Intel Integrated Graphics,Up to 32 GB memory,Up to 1 TB SSD,"Up to 14"" 120Hz 3K OLED HDR display",,75wh battery capacity,"Windows 11 Home - ASUS recommends Windows 11 Home for business | Up to Intel ® Core™ Ultra processor | Thin and light:1.2kg, 14.9mm"
asuschromebookpluscx34cx3_uptointel®12_intelinteg_upto16_upto51,ASUS Chromebook Plus CX34 (CX3402),,ASUS Official,ASUS Official: RM ,1,https://www.asus.com/my/laptops/for-home/chromebook/asus-chromebook-plus-cx34-cx3402/,,https://dlcdnwebimgs.asus.com/gain/bbce1386-768e-4cca-8a52-6cf134d4efbb/w185,ASUS Official,Up to Intel® 12th Core™ i7 processor,Intel Integrated Graphics,Up to 16 GB memory,Up to 512 GB SSD,FHD NanoEdge display,WiFi 6 technology,,Chromebook Plus | FHD webcam | Expansive touchpad and full-sized backlit keyboard
13TH-GEN-INTEL,"Vivobook 17 (A1704, 13th Gen Intel)",,ASUS Official,ASUS Official: RM ,1,https://www.asus.com/my/laptops/for-home/vivobook/vivobook-17-a1704-13th-gen-intel/,,https://dlcdnwebimgs.asus.com/gain/79294eb8-e9c3-4429-93bb-2e531c6653b9/w185,ASUS Official,Intel ® Core™ i7-1355U processor,Intel Integrated Graphics,,1 TB SSD storage,16 GB DDR4 3200 MHz,,,Windows 11 Home - ASUS recommends Windows 11 Home for business | 17.3'' NanoEdge display | 180-degree hinge design | Military-Grade durability
12TH-GEN-INTEL,"Vivobook 14 (A1404, 12th Gen Intel)",,ASUS Official,ASUS Official: RM ,1,https://www.asus.com/my/laptops/for-home/vivobook/vivobook-14-a1404-12th-gen-intel/,,https://dlcdnwebimgs.asus.com/gain/d7dac694-ccb7-416e-acea-0c776a878760/w185,ASUS Official,Up to Intel ® Core™ i7-1355U processor,Intel Integrated Graphics,,Up to 512 FB SSD storage,Up to Up to 16 GB DDR4 3200 MHz,,,Windows 11 Home - ASUS recommends Windows 11 Home for business | Up to 14'' NanoEdge display | 180-degree hinge design | Military-Grade durability
asusvivobook15a1504_uptointel®co_intelinteg__upto1t,ASUS Vivobook 15 (A1504),3449.00,"ASUS Official (RM 3,449.00)","ASUS Official: RM 3,449.00",1,https://www.asus.com/my/laptops/for-home/vivobook/asus-vivobook-15-a1504/,ASUS Official: https://www.asus.com/my/laptops/for-home/vivobook/asus-vivobook-15-a1504/,https://dlcdnwebimgs.asus.com/gain/d76a41bc-780e-41ef-938b-4ee8ac4a5634/w185,ASUS Official,Up to Intel ® Core™ i7-1355U processor,Intel Integrated Graphics,,Up to 1 TB SSD storage,Up to Up to 16 GB DDR4 3200 MHz,,,Windows 11 Home - ASUS recommends Windows 11 Home for business | Up to 15.6'' NanoEdge display | 180-degree hinge design | Military-Grade durability
asusvivobook16m1605_uptoamdryzen_amdradeong__upto1t,ASUS Vivobook 16 (M1605),,ASUS Official,ASUS Official: RM ,1,https://www.asus.com/my/laptops/for-home/vivobook/asus-vivobook-16-m1605/,,https://dlcdnwebimgs.asus.com/gain/e7bccfbd-9a96-4922-ad06-1814a770579a/w185,ASUS Official,Up to AMD Ryzen™ 7 7730U Processor,AMD Radeon Graphics,,Up to 1 TB SSD storage,Up to 16” 3.2K OLED NanoEdge display,,,Windows 11 Home - ASUS recommends Windows 11 Home for business | 180-degree hinge design | Optional fingerprint login sensor | ASUS Antimicrobial Guard Plus
asusvivobookgo14e1404f_uptoamdryzen_amdradeong__upto51,ASUS Vivobook Go 14 (E1404F),2899.00,"ASUS Official (RM 2,899.00)","ASUS Official: RM 2,899.00",1,https://www.asus.com/my/laptops/for-home/vivobook/vivobook-go-14-e1404f/,ASUS Official: https://www.asus.com/my/laptops/for-home/vivobook/vivobook-go-14-e1404f/,https://dlcdnwebimgs.asus.com/gain/7b6485d2-2950-485c-92c9-58692b928766/w185,ASUS Official,Up to AMD Ryzen™ 5 Mobile Processor,AMD Radeon Graphics,,Up to 512 GB SSD storage,Up to Up to 16 GB LPDDR5 5500 MHz,,,Windows 11 Home - ASUS recommends Windows 11 Home for business | Up to 14'' FHD NanoEdge display | 180-degree hinge design | Military-Grade durability
asusvivobookgo15e1504f_uptoamdryzen_amdradeong__upto51,ASUS Vivobook Go 15 (E1504F),2849.00,"ASUS Official (RM 2,849.00)","ASUS Official: RM 2,849.00",1,https://www.asus.com/my/laptops/for-home/vivobook/vivobook-go-15-e1504f/,ASUS Official: https://www.asus.com/my/laptops/for-home/vivobook/vivobook-go-15-e1504f/,https://dlcdnwebimgs.asus.com/gain/b6d2e59f-ed3c-49de-92b5-410c799a1858/w185,ASUS Official,Up to AMD Ryzen™ 5 Mobile Processor,AMD Radeon Graphics,,Up to 512 GB SSD storage,Up to Up to 16 GB LPDDR5 5500 MHz,,,Windows 11 Home - ASUS recommends Windows 11 Home for business | Up to 15.6'' OLED NanoEdge display | 180-degree hinge design | Military-Grade durability
M015B0-ROG-STRIX,ROG Strix G16,,ASUS Official,ASUS Official: RM ,1,https://rog.asus.com/my/laptops/rog-strix/rog-strix-g16-2023-series/,,https://dlcdnwebimgs.asus.com/gain/3C38EBCB-420C-438B-B02F-072F4A9E47DB/w185,ASUS Official,13th Gen Intel® Core™ i7-13650HX Processor,NVIDIA® GeForce RTX™ 4050 Laptop GPU,,1TB M.2 NVMe™ PCIe® 4.0 SSD storage,"16"" FHD+ (1920 x 1200, WUXGA) 16:10 165Hz",,,Windows 11 Home
asuschromebookflipcr1cr11_uptointel®pe_intelinteg_upto8g_,ASUS Chromebook Flip CR1 (CR1100),,ASUS Official,ASUS Official: RM ,1,https://www.asus.com/my/laptops/for-students/chromebook/asus-chromebook-flip-cr1-cr1100/,,https://dlcdnwebimgs.asus.com/gain/016579c8-3822-4028-a497-4462d412742d/w185,ASUS Official,Up to Intel ® Pentium ® Silver N6000 Processor,Intel Integrated Graphics,Up to 8 GB memory,,,,,ChromeOS | Up to 64 GB eMMC | Optional garaged USI stylus | World-facing camera
asusvivobookgo14e410__integrated__,ASUS Vivobook Go 14 (E410),,ASUS Official,ASUS Official: RM ,1,https://www.asus.com/my/laptops/for-home/vivobook/vivobook-go-14-e410/,,https://dlcdnwebimgs.asus.com/gain/bb59f0d4-ce53-4b45-bc4a-10ff76c8fac4/w185,ASUS Official,,Integrated Graphics,,,14,,,Windows 11 Home - ASUS recommends Windows 11 Home for business | NanoEdge display | 180-degree lay-flat hinge | Unique ASUS motif on the lid
15375-ASUS-LAPTOP,ASUS Laptop 15 A516,,ASUS Official,ASUS Official: RM ,1,https://www.asus.com/my/laptops/for-home/everyday-use/a516/,,https://dlcdnwebimgs.asus.com/gain/b07aba3c-a9f3-49d8-a41c-67174ca563f6/w185,ASUS Official,Up to 10th gen Intel® Core™ i7 processor,Up to NVIDIA® GeForce® MX330,Up to 16 GB memory,Up to 1 TB HDD + 512GB SSD,Up to 15.6” FHD NanoEdge display,,,Windows 10 Home - ASUS recommends Windows 11 Pro for business | Optional fingerprint sensor | Stylish with multiple color options
15366-ASUS-TUF,ASUS TUF Gaming A15,4299.00,"ASUS Official (RM 4,299.00)","ASUS Official: RM 4,299.00",1,https://www.asus.com/my/laptops/for-gaming/tuf-gaming/2021-asus-tuf-gaming-a15/,ASUS Official: https://www.asus.com/my/laptops/for-gaming/tuf-gaming/2021-asus-tuf-gaming-a15/,https://dlcdnwebimgs.asus.com/gain/ed4c3cdc-29c4-4bdf-a42b-9f008244a173/w185,ASUS Official,Up to AMD Ryzen™ 7 5800H,Up to GeForce RTX™ 3070,,,Up to 15.6” FHD 240Hz 100% sRGB,,,Windows 11 Home | Dual 83-Blade Fans
2in1laptops____,2-in-1 Laptops,,Gloo,Gloo: RM ,1,https://www.gloo.com.my/laptop/2-in-1-laptop,,https://p3-ofp.static.pub/ShareResource/na/products/laptops/subseries-hero/lenovo-legion-pro-7i-gen-9-16inch-intel-hero.png,Gloo Official,,,,,,,,Gloo SNS Network Official Distributor Warranty
commerciallaptops____,Commercial Laptops,,Gloo,Gloo: RM ,1,https://www.gloo.com.my/laptop/commercial-laptop,,https://p3-ofp.static.pub/ShareResource/na/products/laptops/subseries-hero/lenovo-legion-pro-7i-gen-9-16inch-intel-hero.png,Gloo Official,,,,,,,,Gloo SNS Network Official Distributor Warranty
consumerlaptops____,Consumer Laptops,,Gloo,Gloo: RM ,1,https://www.gloo.com.my/laptop/consumer-laptop,,https://p3-ofp.static.pub/ShareResource/na/products/laptops/subseries-hero/lenovo-legion-pro-7i-gen-9-16inch-intel-hero.png,Gloo Official,,,,,,,,Gloo SNS Network Official Distributor Warranty
programs____,Programs,,Gloo,Gloo: RM ,1,https://www.gloo.com.my,,https://dlcdnrog.asus.com/rog/media/1684365775369.jpg,Gloo Official,,,,,,,,Gloo SNS Network Official Distributor Warranty
employeepurchaseprogram____,Employee Purchase Program,,Gloo,Gloo: RM ,1,https://www.gloo.com.myemployee-purchase-program,,https://dlcdnrog.asus.com/rog/media/1684365775369.jpg,Gloo Official,,,,,,,,Gloo SNS Network Official Distributor Warranty
geforcertxlaptops____,GeForce RTX Laptops,,Gloo,Gloo: RM ,1,https://www.gloo.com.my/NVIDIA/GeForce-RTX-Laptops,,https://p3-ofp.static.pub/ShareResource/na/products/laptops/subseries-hero/lenovo-legion-pro-7i-gen-9-16inch-intel-hero.png,Gloo Official,,,,,,,,Gloo SNS Network Official Distributor Warranty
2in1laptop____,2-in-1 Laptop,,Gloo,Gloo: RM ,1,https://www.gloo.com.my/brands-store/Dell/dell-2-in-1,,https://p3-ofp.static.pub/ShareResource/na/products/laptops/subseries-hero/lenovo-legion-pro-7i-gen-9-16inch-intel-hero.png,Gloo Official,,,,,,,,Gloo SNS Network Official Distributor Warranty
msilaptop____,MSI Laptop,,Gloo,Gloo: RM ,1,https://www.gloo.com.my/brands-store/msi/MSI-Laptop,,https://asset.msi.com/resize/image/global/product/product_16842065874c2d3a958e94e438c823053bb074906f.png62405b38c58fe0f07fcef2367d8a9ba1/1024.png,Gloo Official,,,,,,,,Gloo SNS Network Official Distributor Warranty
gaminglaptop____,Gaming Laptop,,Gloo,Gloo: RM ,1,https://www.gloo.com.my/brands-store/acer/acer-gaming-laptop,,https://p3-ofp.static.pub/ShareResource/na/products/laptops/subseries-hero/lenovo-legion-pro-7i-gen-9-16inch-intel-hero.png,Gloo Official,,,,,,,,Gloo SNS Network Official Distributor Warranty
predator____,Predator,,Gloo,Gloo: RM ,1,https://www.gloo.com.my/brands-store/acer/Acer-Predator,,https://images.acer.com/is/image/acer/Predator-Helios-16-PH16-71-RGB-KBD-Backlit-on-01a-1?$png-large$,Gloo Official,,,,,,,,Gloo SNS Network Official Distributor Warranty
GLOO-11-TUF,TUF Gaming,,Gloo,Gloo: RM ,1,https://www.gloo.com.my/brands-store/asus/asus-tuf-gaming,,https://dlcdnrog.asus.com/rog/media/1684365775369.jpg,Gloo Official,,,,,,,,Gloo SNS Network Official Distributor Warranty
vivobook____,Vivobook,,Gloo,Gloo: RM ,1,https://www.gloo.com.my/brands-store/asus/asus-vivobook,,https://p3-ofp.static.pub/ShareResource/na/products/laptops/subseries-hero/lenovo-legion-pro-7i-gen-9-16inch-intel-hero.png,Gloo Official,,,,,,,,Gloo SNS Network Official Distributor Warranty
consumerlaptop____,Consumer Laptop,,Gloo,Gloo: RM ,1,https://www.gloo.com.my/brands-store/joi/joi-consumer-laptop,,https://p3-ofp.static.pub/ShareResource/na/products/laptops/subseries-hero/lenovo-legion-pro-7i-gen-9-16inch-intel-hero.png,Gloo Official,,,,,,,,Gloo SNS Network Official Distributor Warranty
thinkpade14____,ThinkPad E14,,Gloo,Gloo: RM ,1,https://www.gloo.com.my/brands-store/lenovo/thinkpad-e14,,https://asset.msi.com/resize/image/global/product/product_16842065874c2d3a958e94e438c823053bb074906f.png62405b38c58fe0f07fcef2367d8a9ba1/1024.png,Gloo Official,,,,,,,,Gloo SNS Network Official Distributor Warranty
thinkpade16____,ThinkPad E16,,Gloo,Gloo: RM ,1,https://www.gloo.com.my/brands-store/lenovo/thinkpad-e16,,https://asset.msi.com/resize/image/global/product/product_16842065874c2d3a958e94e438c823053bb074906f.png62405b38c58fe0f07fcef2367d8a9ba1/1024.png,Gloo Official,,,,,,,,Gloo SNS Network Official Distributor Warranty
thinkpadl14series____,ThinkPad L14 Series,,Gloo,Gloo: RM ,1,https://www.gloo.com.my/brands-store/lenovo/ThinkPad-L14-Series,,https://asset.msi.com/resize/image/global/product/product_16842065874c2d3a958e94e438c823053bb074906f.png62405b38c58fe0f07fcef2367d8a9ba1/1024.png,Gloo Official,,,,,,,,Gloo SNS Network Official Distributor Warranty
thinkpadseries____,ThinkPad Series,,Gloo,Gloo: RM ,1,https://www.gloo.com.my/brands-store/lenovo/think-series,,https://asset.msi.com/resize/image/global/product/product_16842065874c2d3a958e94e438c823053bb074906f.png62405b38c58fe0f07fcef2367d8a9ba1/1024.png,Gloo Official,,,,,,,,Gloo SNS Network Official Distributor Warranty
GLOO-18-LENOVO,Lenovo IdeaPad 3,,Gloo,Gloo: RM ,1,https://www.gloo.com.my/brands-store/lenovo/Lenovo-IdeaPad-3,,https://p3-ofp.static.pub/ShareResource/na/products/laptops/subseries-hero/lenovo-legion-pro-7i-gen-9-16inch-intel-hero.png,Gloo Official,,,,,,,,Gloo SNS Network Official Distributor Warranty
GLOO-19-LENOVO,Lenovo IdeaPad Gaming 3,,Gloo,Gloo: RM ,1,https://www.gloo.com.my/brands-store/lenovo/Lenovo-IdeaPad-Gaming-3,,https://p3-ofp.static.pub/ShareResource/na/products/laptops/subseries-hero/lenovo-legion-pro-7i-gen-9-16inch-intel-hero.png,Gloo Official,,,,,,,,Gloo SNS Network Official Distributor Warranty
microsoftsurfacelaptop13____,"Microsoft Surface Laptop 13""",,Gloo,Gloo: RM ,1,https://www.gloo.com.my/brands-store/microsoft/Microsoft-Surface-Laptop-13-inch,,https://p3-ofp.static.pub/ShareResource/na/products/laptops/subseries-hero/lenovo-legion-pro-7i-gen-9-16inch-intel-hero.png,Gloo Official,,,,,"13""",,,Gloo SNS Network Official Distributor Warranty
microsoftsurfacelaptop8th____,Microsoft Surface Laptop 8th Edition 13.8inch,,Gloo,Gloo: RM ,1,https://www.gloo.com.my/brands-store/microsoft/Microsoft-Surface-Laptop-8-Edition-13-8inch,,https://p3-ofp.static.pub/ShareResource/na/products/laptops/subseries-hero/lenovo-legion-pro-7i-gen-9-16inch-intel-hero.png,Gloo Official,,,,,13.,,,Gloo SNS Network Official Distributor Warranty
microsoftsurfacelaptop7th____,Microsoft Surface Laptop 7th Edition,,Gloo,Gloo: RM ,1,https://www.gloo.com.my/brands-store/microsoft/Microsoft-Surface-Laptop-7,,https://p3-ofp.static.pub/ShareResource/na/products/laptops/subseries-hero/lenovo-legion-pro-7i-gen-9-16inch-intel-hero.png,Gloo Official,,,,,,,,Gloo SNS Network Official Distributor Warranty
GLOO-24-FREE,Free Laptop Assistance Program x Sarawak Government x Yayasan Sarawak,,Gloo,Gloo: RM ,1,https://www.gloo.com.my/index.php?route=product/category&path=1073,,https://dlcdnrog.asus.com/rog/media/1684365775369.jpg,Gloo Official,,,,,,,,Gloo SNS Network Official Distributor Warranty
gamechangergeforcertx50se____,Game Changer Geforce RTX50 Series Laptop,,Gloo,Gloo: RM ,1,https://www.gloo.com.my/index.php?route=product/category&path=952,,https://p3-ofp.static.pub/ShareResource/na/products/laptops/subseries-hero/lenovo-legion-pro-7i-gen-9-16inch-intel-hero.png,Gloo Official,,,,,,,,Gloo SNS Network Official Distributor Warranty
GLOO-26-INTEL,Intel AI Laptop,,Gloo,Gloo: RM ,1,https://www.gloo.com.my/intel-AI-laptop,,https://p3-ofp.static.pub/ShareResource/na/products/laptops/subseries-hero/lenovo-legion-pro-7i-gen-9-16inch-intel-hero.png,Gloo Official,,,,,,,,Gloo SNS Network Official Distributor Warranty
GLOO-28-SMB,SMB Laptop and Desktop,,Gloo,Gloo: RM ,1,https://www.gloo.com.my/SMB-Laptop-Desktop,,https://p3-ofp.static.pub/ShareResource/na/products/laptops/subseries-hero/lenovo-legion-pro-7i-gen-9-16inch-intel-hero.png,Gloo Official,,,,,,,,Gloo SNS Network Official Distributor Warranty
GLOO-29-SMB,SMB Program,,Gloo,Gloo: RM ,1,https://www.gloo.com.my/SMB-product,,https://dlcdnrog.asus.com/rog/media/1684365775369.jpg,Gloo Official,,,,,,,,Gloo SNS Network Official Distributor Warranty
15-GB0187AX,"HP HYPERX OMEN 15-GB0187AX/R7-8745HX/16GB D5-5200/512GB G4/RTX5050 8GB/15.3"" 2K 165HZ/W11H/HOME24/2YW+ADP/BLACK (BP)",6999.00,"PC Image (RM 6,999.00)","PC Image: RM 6,999.00 | HP Official: RM 7,839.00",2,https://store.pcimage.com.my/product/hp-hyperx-omen-15-gb0187axr7-8745hx16gb-d5-5200512gb-g4rtx5050-8gb153-2k-165hzw11hhome242ywadpblack-bp,PC Image: https://store.pcimage.com.my/product/hp-hyperx-omen-15-gb0187axr7-8745hx16gb-d5-5200512gb-g4rtx5050-8gb153-2k-165hzw11hhome242ywadpblack-bp | HP Official: https://www.hp.com/my-en/shop/hyperx-omen-15-inch-gaming-laptop-pc-15-gb0187ax-dj6r8pa.html,https://cdn1.sgliteasset.com/pcimagee/images/product/product-7788396/cached/3i9NXp2D6a71a85deac21_1785833565_webstore_listing_image1.jpg,PC Image - HP,AMD Ryzen™ 7-8745HX processor,NVIDIA® GeForce RTX™ 5050,16 GB DDR5-5200 RAM,512 GB SSD Hard drive,"15.3"" diagonal 2K display",,,
FA608U-HITU066W,"ASUS TUF GAMING A16 FA608U-HITU066W/FA608U-HITU066WP R7 260/16GB D5-5600/512GB G4/1-ZONE RGB/RTX5050 8GB/16"" FHD WUXGA 144Hz/W11H/2 YR GLOBAL WITH 1ST YR ADP/JAEGER GRAY (TUF BACKPACK)",6299.00,"PC Image (RM 6,299.00)","PC Image: RM 6,299.00",1,https://store.pcimage.com.my/product/asus-tuf-gaming-a16-fa608u-hitu066wfa608u-hitu066wp-r7-26016gb-d5-5600512gb-g41-zone-rgbrtx5050-8gb16-fhd-wuxga-144hzw11h2-yr-global-with-1st-yr-adpjaeger-gray-tuf-backpack,PC Image: https://store.pcimage.com.my/product/asus-tuf-gaming-a16-fa608u-hitu066wfa608u-hitu066wp-r7-26016gb-d5-5600512gb-g41-zone-rgbrtx5050-8gb16-fhd-wuxga-144hzw11h2-yr-global-with-1st-yr-adpjaeger-gray-tuf-backpack,https://cdn1.sgliteasset.com/pcimagee/images/product/product-7745604/cached/gLCXSCVb6a63012b34cd7_1784873259_webstore_listing_image1.jpg,PC Image - Asus,R7 260,RTX5050,16GB D5-5600,16GB D5-5600,"16"" FHD",,,
FA608U-PRV028WP,"ASUS TUF GAMING A16 FA608U-PRV028WP R7-260/16GB D5-5600/512GB G4/1-ZONE RGB/RTX5070 8GB/16"" FHD 165Hz/W11H/2 YR GLOBAL WITH 2 YR ADP/JAEGER GRAY (TUF BACKPACK)",7599.00,"PC Image (RM 7,599.00)","PC Image: RM 7,599.00",1,https://store.pcimage.com.my/product/asus-tuf-gaming-a16-fa608u-prv028wp-r7-26016gb-d5-5600512gb-g41-zone-rgbrtx5070-8gb16-fhd-165hzw11h2-yr-global-with-2-yr-adpjaeger-gray-tuf-backpack,PC Image: https://store.pcimage.com.my/product/asus-tuf-gaming-a16-fa608u-prv028wp-r7-26016gb-d5-5600512gb-g41-zone-rgbrtx5070-8gb16-fhd-165hzw11h2-yr-global-with-2-yr-adpjaeger-gray-tuf-backpack,https://cdn1.sgliteasset.com/pcimagee/images/product/product-7745411/cached/vQjKl4XI6a62ea5bbe1b2_1784867419_webstore_listing_image1.jpg,PC Image - Asus,,RTX5070,16GB D5-5600,16GB D5-5600,"16"" FHD 165Hz",,,
ASUS-ROG-STRIX,"ASUS ROG STRIX G16 G614P-HRV057W A9-8940HX/16GB DDR5/1TB/RTX5050 8GB/16"" FHD 165HZ/W11/2YW WITH 1 YEAR ADP/ECLIPSE GRAY",7699.00,"PC Image (RM 7,699.00)","PC Image: RM 7,699.00",1,https://store.pcimage.com.my/product/asus-rog-strix-g16-g614p-hrv057w-a9-8940hx-16gb-ddr5-extra-slot-1tb-4-rtx5050-8gb-16-fhd-165hz-w11-2-years-global-with-1-year-adp-eclipse-gr,PC Image: https://store.pcimage.com.my/product/asus-rog-strix-g16-g614p-hrv057w-a9-8940hx-16gb-ddr5-extra-slot-1tb-4-rtx5050-8gb-16-fhd-165hz-w11-2-years-global-with-1-year-adp-eclipse-gr,https://cdn1.sgliteasset.com/pcimagee/images/product/product-7405351/cached/VFnlKd8F6a10f409656c1_1779495945_webstore_listing_image1.jpg,PC Image - Asus,"CU9-275HX,",RTX 5060,8GB (R9-9955HX,8GB (R9-9955HX,"16"" WQXGA 240Hz",,,
C13WFO-419MY,"MSI CYBORG 15 C13WFO-419MY I5-13420H/16GB 3200MHZ(8+8)/512GB SSD/RTX5060 8GB/15.6"" FHD 144HZ/W11H/2YW/PLATINUM GRAY/WHITE BACKLIT GAMING KB COPILOT KEY(ESSENTIAL BACKPACK)",5099.00,"PC Image (RM 5,099.00)","PC Image: RM 5,099.00",1,https://store.pcimage.com.my/product/msi-cyborg-15-c13wfo-419my-i5-13420h16gb-3200mhz88512gb-ssdrtx5060-8gb156-fhd-144hzw11h2ywplatinum-graywhite-backlit-gaming-kb-copilot-keyessential-backpack,PC Image: https://store.pcimage.com.my/product/msi-cyborg-15-c13wfo-419my-i5-13420h16gb-3200mhz88512gb-ssdrtx5060-8gb156-fhd-144hzw11h2ywplatinum-graywhite-backlit-gaming-kb-copilot-keyessential-backpack,https://cdn1.sgliteasset.com/pcimagee/images/product/product-7725433/cached/dabDwlxq6a5ecd46aced5_1784597830_webstore_listing_image1.jpg,PC Image - MSI,I5-13420H,RTX5060,16GB 3200MHZ(8+8),16GB 3200MHZ(8+8),"15.6"" FHD 144HZ",,,
C13WEO-420MY,"MSI CYBORG 15 C13WEO-420MY I7-13620H/16GB 3200MHZ(8+8)/512GB SSD/RTX5050 8GB/15.6"" FHD 144HZ/W11H/2YW/PLATINUM GRAY/WHITE BACKLIT GAMING KB COPILOT KEY(ESSENTIAL BACKPACK)",5499.00,"PC Image (RM 5,499.00)","PC Image: RM 5,499.00",1,https://store.pcimage.com.my/product/msi-cyborg-15-c13weo-420my-i7-13620h16gb-3200mhz88512gb-ssdrtx5050-8gb156-fhd-144hzw11h2ywplatinum-graywhite-backlit-gaming-kb-copilot-keyessential-backpack,PC Image: https://store.pcimage.com.my/product/msi-cyborg-15-c13weo-420my-i7-13620h16gb-3200mhz88512gb-ssdrtx5050-8gb156-fhd-144hzw11h2ywplatinum-graywhite-backlit-gaming-kb-copilot-keyessential-backpack,https://cdn1.sgliteasset.com/pcimagee/images/product/product-7725429/cached/cb42C5n16a5ecbad9822d_1784597421_webstore_listing_image1.jpg,PC Image - MSI,I7-13620H,RTX5050,16GB 3200MHZ(8+8),16GB 3200MHZ(8+8),"15.6"" FHD 144HZ",,,
B8WH-026MY,"MSI RAIDER A16 HX B8WH-026MY R9-8940HX/16GB 5200MHZ/1TB SSD/RTX5070TI 12GB/16"" QHD+ 240HZ/W11H/2YW/CORE BLACK/24-ZONE RGB GAMING KB COPILOT KEY(MAX GAMING BACKPACK)",10899.00,"PC Image (RM 10,899.00)","PC Image: RM 10,899.00",1,https://store.pcimage.com.my/product/msi-raider-a16-hx-b8wh-026my-r9-8940hx16gb-5200mhz1tb-ssdrtx5070ti-12gb16-qhd-240hzw11h2ywcore-black24-zone-rgb-gaming-kb-copilot-keymax-gaming-backpack,PC Image: https://store.pcimage.com.my/product/msi-raider-a16-hx-b8wh-026my-r9-8940hx16gb-5200mhz1tb-ssdrtx5070ti-12gb16-qhd-240hzw11h2ywcore-black24-zone-rgb-gaming-kb-copilot-keymax-gaming-backpack,https://cdn1.sgliteasset.com/pcimagee/images/product/product-7723623/cached/ZukOjYtD6a5deee6366c3_1784540902_webstore_listing_image1.jpg,PC Image - MSI,,RTX5070TI,16GB 5200MHZ,16GB 5200MHZ,"16"" QHD+ 240HZ",,,
FA608U-HRV095W,"ASUS TUF GAMING A16 FA608U-HRV095W R7-260/16GB D5-5600/1TB G4/1-ZONE RGB/RTX5050 8GB/16"" FHD 165HZ/W11H/2 YR GLOBAL WITH 1 YR ADP/JAEGER GRAY",5799.00,"PC Image (RM 5,799.00)","PC Image: RM 5,799.00",1,https://store.pcimage.com.my/product/asus-tuf-gaming-a16-fa608u-hrv095w-r7-26016gb-d5-56001tb-g41-zone-rgbrtx5050-8gb16-fhd-165hzw11h2-yr-global-with-1-yr-adpjaeger-gray,PC Image: https://store.pcimage.com.my/product/asus-tuf-gaming-a16-fa608u-hrv095w-r7-26016gb-d5-56001tb-g41-zone-rgbrtx5050-8gb16-fhd-165hzw11h2-yr-global-with-1-yr-adpjaeger-gray,https://cdn1.sgliteasset.com/pcimagee/images/product/product-7711819/cached/dz3dittc6a575088a0db3_1784107144_webstore_listing_image1.jpg,PC Image - Asus,,RTX5050,16GB D5-5600,16GB D5-5600,"16"" FHD 165HZ",,,
FX608J-MITU268WP,"ASUS/TUF GAMING F16 FX608J-MITU268W I7-14650HX/16GB D5-5600/512GB G4/1-ZONE RGB/RTX5060 8GB/16"" FHD 144Hz/W11H/2 YR GLOBAL WITH 2YR ADP/JAEGER GRAY",6599.00,"PC Image (RM 6,599.00)","PC Image: RM 6,599.00",1,https://store.pcimage.com.my/product/asustuf-gaming-f16-fx608j-mitu268w-i7-14650hx16gb-d5-5600512gb-g41-zone-rgbrtx5060-8gb16-fhd-144hzw11h2-yr-global-with-2yr-adpjaeger-gray,PC Image: https://store.pcimage.com.my/product/asustuf-gaming-f16-fx608j-mitu268w-i7-14650hx16gb-d5-5600512gb-g41-zone-rgbrtx5060-8gb16-fhd-144hzw11h2-yr-global-with-2yr-adpjaeger-gray,https://cdn1.sgliteasset.com/pcimagee/images/product/product-7711741/cached/BC2VTmYN6a574c50a3a81_1784106064_webstore_listing_image1.jpg,PC Image - Asus,I7-14650HX,RTX5060,16GB D5-5600,16GB D5-5600,"16"" FHD 144Hz",,,
FX608J-MITU268W,"ASUS TUF GAMING F16 FX608J-MITU268W I7-14650HX/16GB D5-5600)/512GB G4/1-ZONE RGB/RTX5060 8GB/16"" FHD 144Hz/W11H/2 YR GLOBAL WITH 1ST YR ADP/JAEGER GRAY",6599.00,"PC Image (RM 6,599.00)","PC Image: RM 6,599.00",1,https://store.pcimage.com.my/product/asus-tuf-gaming-f16-fx608j-mitu268w-i7-14650hx16gb-d5-5600512gb-g41-zone-rgbrtx5060-8gb16-fhd-144hzw11h2-yr-global-with-1st-yr-adpjaeger-gray,PC Image: https://store.pcimage.com.my/product/asus-tuf-gaming-f16-fx608j-mitu268w-i7-14650hx16gb-d5-5600512gb-g41-zone-rgbrtx5060-8gb16-fhd-144hzw11h2-yr-global-with-1st-yr-adpjaeger-gray,https://cdn1.sgliteasset.com/pcimagee/images/product/product-7711635/cached/ZIo95MyZ6a574b0687525_1784105734_webstore_listing_image1.jpg,PC Image - Asus,I7-14650HX,RTX5060,16GB D5-5600),16GB D5-5600),"16"" FHD 144Hz",,,
15-FA2743TX,"HP VICTUS GAMING 15-FA2743TX/i7-14650HX/16GB D5-5600/512GB/RTX4050 6GB/15.6"""" FHD IPS/W11H/HOME24/2YW+ADP/MICA SILVER",4599.00,"PC Image (RM 4,599.00)","PC Image: RM 4,599.00 | HP Official: RM 5,711.00",2,https://store.pcimage.com.my/product/hp-victus-gaming-15-fa2743txi7-14650hx16gb-d5-5600512gbrtx4050-6gb156-fhd-ipsw11hhome242ywadpmica-silver,PC Image: https://store.pcimage.com.my/product/hp-victus-gaming-15-fa2743txi7-14650hx16gb-d5-5600512gbrtx4050-6gb156-fhd-ipsw11hhome242ywadpmica-silver | HP Official: https://www.hp.com/my-en/shop/victus-gaming-laptop-15-fa2743tx-dt7t9pa.html,https://cdn1.sgliteasset.com/pcimagee/images/product/product-7686029/cached/paKvQwzI6a4df31f415d9_1783493407_webstore_listing_image1.jpg,PC Image - HP,14th Generation Intel® Core™ i7-14650HX processor,NVIDIA® GeForce RTX™ 4050,16 GB DDR5-5600 RAM,512 GB SSD Hard Drive,"15.6"" diagonal FHD display",,,
A715-59G-54Q6,"ACER/ASPIRE 7 A715-59G-54Q6/CORE 5 210H/8GB D4-3600/512G G4/RTX3050 4GB/15.6"" 144HZ FHD IPS/W11H/HOME24+M365B/2YW",3299.00,"PC Image (RM 3,299.00)","PC Image: RM 3,299.00",1,https://store.pcimage.com.my/product/acer-aspire-7-a715-59g-54q6core-5-210h8gb-d4-3600512g-g4rtx3050-4gb156-144hz-fhd-ipsw11hhome24m365b2yw1styitw1zone-rgb-backlitblackbp,PC Image: https://store.pcimage.com.my/product/acer-aspire-7-a715-59g-54q6core-5-210h8gb-d4-3600512g-g4rtx3050-4gb156-144hz-fhd-ipsw11hhome24m365b2yw1styitw1zone-rgb-backlitblackbp,https://cdn1.sgliteasset.com/pcimagee/images/product/product-7648030/cached/sSqN96ud6a3f922569084_1782551077_webstore_listing_image1.jpg,PC Image - ACER,,RTX3050,8GB D4-3600,8GB D4-3600,"15.6"" 144HZ",,,
A715-59G-527W,"ACER ASPIRE 7 A715-59G-527W/CORE 5 210H/8GB D4-3600/512G G4/RTX3050 4GB/15.6"" 144HZ FHD IPS/W11H/HOME24+M365B/2YW(1STYITW)/1ZONE RGB BACKLIT/BLACK/(BP)",3299.00,"PC Image (RM 3,299.00)","PC Image: RM 3,299.00",1,https://store.pcimage.com.my/product/acer-aspire-7-a715-59g-527wcore-5-210h8gb-d4-3600512g-g4rtx3050-4gb156-144hz-fhd-ipsw11hhome24m365b2yw1styitw1zone-rgb-backlitblackbp,PC Image: https://store.pcimage.com.my/product/acer-aspire-7-a715-59g-527wcore-5-210h8gb-d4-3600512g-g4rtx3050-4gb156-144hz-fhd-ipsw11hhome24m365b2yw1styitw1zone-rgb-backlitblackbp,https://cdn1.sgliteasset.com/pcimagee/images/product/product-7648011/cached/kgGeJixf6a3f8f9c44ef4_1782550428_webstore_listing_image1.jpg,PC Image - ACER,,RTX3050,8GB D4-3600,8GB D4-3600,"15.6"" 144HZ",,,
PH18-I71-961F,"Acer Predator Helios 18 AI PH18-I71-961F 18"" Laptop/ Notebook (Ultra 9 290HX Plus, 48GB, 1TB, NV RTX5090, W11H, Off H&S + Off 365 Basic, 120Hz, AI)",18299.00,"TechHypermart (RM 18,299.00)","TechHypermart: RM 18,299.00 | PC Image: RM 19,999.00",2,https://www.techhypermart.com/notebooks/acer-predator-helios-18-ai-ph18-i71-961f-18-laptop-notebook-ultra-9-290hx-plus-48gb-1tb-nv-rtx5090-w11h-off-h-s-off-365-basic-120hz-ai,TechHypermart: https://www.techhypermart.com/notebooks/acer-predator-helios-18-ai-ph18-i71-961f-18-laptop-notebook-ultra-9-290hx-plus-48gb-1tb-nv-rtx5090-w11h-off-h-s-off-365-basic-120hz-ai | PC Image: https://store.pcimage.com.my/product/acer-predator-helios-18-ai-ph18-i71-961fcore-ultra-9-290hx-plus48gb-d5-56001tb-g4rtx5090-24gb18-wquxga-4k-120hzw11hhome24m365b2yw1styitwadtper-key-rgbblackbp,https://www.techhypermart.com/image/cache/catalog/laptopnotebook/acer/PH18-I71-961F-a-250x250.png,TechHypermart - Acer,I71-961F-2-W11P-EPP,NV RTX5090,48GB D5-5600,48GB D5-5600,,,,
PH18-I71-92V8,"Acer Predator Helios 18 AI PH18-I71-92V8 18"" Laptop/ Notebook (Ultra 9 290HX Plus, 32GB, 1TB, NV RTX5080, W11H, Off H&S + Off 365 Basic, 120Hz, AI)",16499.00,"TechHypermart (RM 16,499.00)","TechHypermart: RM 16,499.00 | PC Image: RM 17,999.00",2,https://www.techhypermart.com/notebooks/acer-predator-helios-18-ai-ph18-i71-92v8-18-laptop-notebook-ultra-9-290hx-plus-32gb-1tb-nv-rtx5080-w11h-off-h-s-off-365-basic-120hz-ai,TechHypermart: https://www.techhypermart.com/notebooks/acer-predator-helios-18-ai-ph18-i71-92v8-18-laptop-notebook-ultra-9-290hx-plus-32gb-1tb-nv-rtx5080-w11h-off-h-s-off-365-basic-120hz-ai | PC Image: https://store.pcimage.com.my/product/acer-predator-helios-18-ai-ph18-i71-92v8core-ultra-9-290hx-plus32gb-d5-56001tb-g4rtx5080-16gb18-wquxga-4k-120hzw11hhome24m365b2yw1styitwadtper-key-rgbblackbp,https://www.techhypermart.com/image/cache/catalog/laptopnotebook/acer/PH18-I71-92V8-a-250x250.png,TechHypermart - Acer,I71-92V8-2-W11P-EPP,NV RTX5080,32GB D5-5600,32GB D5-5600,,,,
rogstrixg18u9290hx32gb1tb__rtx5060_32gb_32gb,"ROG Strix G18 ( U9-290HX/32GB/1TB/RTX5060 8GB/18"" 2.5K 300HZ/W11 )G815L-MTT9068W G815L-MTT9068WP",14999.00,"PC Image (RM 14,999.00)","PC Image: RM 14,999.00",1,https://store.pcimage.com.my/product/rog-strix-g18--u9-290hx32gb1tbrtx5060-8gb18-25k-300hzw11-g815l-mtt9068w-g815l-mtt9068wp,PC Image: https://store.pcimage.com.my/product/rog-strix-g18--u9-290hx32gb1tbrtx5060-8gb18-25k-300hzw11-g815l-mtt9068w-g815l-mtt9068wp,https://cdn1.sgliteasset.com/pcimagee/images/product/product-7647174/cached/zaWNrMKN6a3f6865c3812_1782540389_webstore_listing_image1.jpg,PC Image - Asus,,RTX5060,32GB,32GB,,,,
rogstrixg16u9290hx32gb1tb__rtx5070_32gb_32gb,"ROG Strix G16 ( U9-290HX/ 32GB/1TB/RTX5070 8GB/16"" 2.5K 300HZ/W11 ) G615L-PTS6108WP",15999.00,"PC Image (RM 15,999.00)","PC Image: RM 15,999.00",1,https://store.pcimage.com.my/product/rog-strix-g16--u9-290hx-32gb1tbrtx5070-8gb16-25k-300hzw11--g615l-pts6108wp,PC Image: https://store.pcimage.com.my/product/rog-strix-g16--u9-290hx-32gb1tbrtx5070-8gb16-25k-300hzw11--g615l-pts6108wp,https://cdn1.sgliteasset.com/pcimagee/images/product/product-7647169/cached/NCOFEMhW6a3f67279f5a6_1782540071_webstore_listing_image1.jpg,PC Image - Asus,,RTX5070,32GB,32GB,"16"" 2.5K",,,
rogstrixscar18u9290hx64gb__rtx5080_64gb_64gb,"ROG Strix SCAR 18 ( U9-290HX/64GB/2TB/RTX5080 16GB/18"" 2.5K 240HZ/W11 ) G835L-WGSA378WP",27999.00,"PC Image (RM 27,999.00)","PC Image: RM 27,999.00",1,https://store.pcimage.com.my/product/rog-strix-scar-18--u9-290hx64gb2tbrtx5080-16gb18-25k-240hzw11--g835l-wgsa378wp,PC Image: https://store.pcimage.com.my/product/rog-strix-scar-18--u9-290hx64gb2tbrtx5080-16gb18-25k-240hzw11--g835l-wgsa378wp,https://cdn1.sgliteasset.com/pcimagee/images/product/product-7647145/cached/OZ0UVxon6a3f65a8daf99_1782539688_webstore_listing_image1.jpg,PC Image - Asus,,RTX5080,64GB,64GB,,,,
rogstrixg18ultra9290hx32g__rtx5070ti1_32gb_32gb,"ROG Strix G18 (Ultra 9-290HX/32GB/1TB/RTX5070TI12GB/18"" 2.5K WQXGA/W11) G815L-RTT362WP",16999.00,"PC Image (RM 16,999.00)","PC Image: RM 16,999.00",1,https://store.pcimage.com.my/product/rog-strix-g18-ultra-9-290hx32gb1tbrtx5070ti12gb18-25k-wqxgaw11-g815l-rtt362wp,PC Image: https://store.pcimage.com.my/product/rog-strix-g18-ultra-9-290hx32gb1tbrtx5070ti12gb18-25k-wqxgaw11-g815l-rtt362wp,https://cdn1.sgliteasset.com/pcimagee/images/product/product-7647136/cached/tqdgPUUp6a3f645a0dbd5_1782539354_webstore_listing_image1.jpg,PC Image - Asus,,RTX5070TI12GB,32GB,32GB,,,,
rogstrixg16u7255hx32gb1tb__rtx5060_32gb_32gb,"ROG Strix G16 ( U7-255HX/32GB/1TB/RTX5060 8GB/16"" 2.5K WQXGA/W11 ) G615L-MTS5088W",12999.00,"PC Image (RM 12,999.00)","PC Image: RM 12,999.00",1,https://store.pcimage.com.my/product/rog-strix-g16--u7-255hx32gb1tbrtx5060-8gb16-25k-wqxgaw11--g615l-mts5088w,PC Image: https://store.pcimage.com.my/product/rog-strix-g16--u7-255hx32gb1tbrtx5060-8gb16-25k-wqxgaw11--g615l-mts5088w,https://cdn1.sgliteasset.com/pcimagee/images/product/product-7647106/cached/4NUz6fCV6a3f635792546_1782539095_webstore_listing_image1.jpg,PC Image - Asus,,RTX5060,32GB,32GB,"16"" 2.5K",,,
WQUXGA-4K-240HZ,"ROG Strix SCAR 18 ( Ultra 9-290HX/64GB/2TB/RTX5090 24GB/18"" WQUXGA 4K 240HZ/W11 ) G835L-XGTQ284WP",32999.00,"PC Image (RM 32,999.00)","PC Image: RM 32,999.00",1,https://store.pcimage.com.my/product/rog-strix-scar-18--ultra-9-290hx64gb2tbrtx5090-24gb18-wquxga-4k-240hzw11--g835l-xgtq284wp,PC Image: https://store.pcimage.com.my/product/rog-strix-scar-18--ultra-9-290hx64gb2tbrtx5090-24gb18-wquxga-4k-240hzw11--g835l-xgtq284wp,https://cdn1.sgliteasset.com/pcimagee/images/product/product-7647071/cached/MCj5Nkv36a3f649f126de_1782539423_webstore_listing_image1.jpg,PC Image - Asus,,RTX5090,64GB,64GB,,,,
rogstrixg16u9290hx32gb1tb__rtx5060_32gb_32gb,"ROG Strix G16 ( U9-290HX/32GB/1TB/RTX5060 8GB/16"" 2.5K WQXGA/W11) G615L-MTS5078WP",13999.00,"PC Image (RM 13,999.00)","PC Image: RM 13,999.00",1,https://store.pcimage.com.my/product/rog-strix-g16--u9-290hx32gb1tbrtx5060-8gb16-25k-wqxgaw11-g615l-mts5078wp,PC Image: https://store.pcimage.com.my/product/rog-strix-g16--u9-290hx32gb1tbrtx5060-8gb16-25k-wqxgaw11-g615l-mts5078wp,https://cdn1.sgliteasset.com/pcimagee/images/product/product-7647034/cached/L85qj5476a3f5fc79794d_1782538183_webstore_listing_image1.jpg,PC Image - Asus,,RTX5060,32GB,32GB,"16"" 2.5K",,,
STRIX-G16-G614P,"ROG Strix G16 G614P-MTS088W R9-8940HX/16GB DDR5/1TB SSD/RTX5060 8GB/16.0"" FHD/W11H/ECLIPSE  GRAY/2YW",9099.00,"PC Image (RM 9,099.00)","PC Image: RM 9,099.00",1,https://store.pcimage.com.my/product/rog-strix-g16-g614p-mts088w-r9-8940hx-16gb-ddr5-1tb-ssd-rtx5060-8gb-16-fhd-w11h-eclipse-gray-2yw,PC Image: https://store.pcimage.com.my/product/rog-strix-g16-g614p-mts088w-r9-8940hx-16gb-ddr5-1tb-ssd-rtx5060-8gb-16-fhd-w11h-eclipse-gray-2yw,https://cdn1.sgliteasset.com/pcimagee/images/product/product-7524839/cached/H9qiqbWK6a267948e1f96_1780906313_webstore_listing_image1.jpg,PC Image - Asus,,RTX5060,16GB DDR5,16GB DDR5,"16.0"" FHD",,,
GX651A-XSR222W,"ROG Zephyrus Duo (2026) GX651( U9-386H/64GB/2TB/RTX5090 24GB/16"" 3K OLED TOUCH ) GX651A-XSR222W",36999.00,"PC Image (RM 36,999.00)","PC Image: RM 36,999.00",1,https://store.pcimage.com.my/product/rog-zephyrus-duo-2026-gx651-u9-386h64gb2tbrtx5090-24gb16-3k-oled-touch--gx651a-xsr222w,PC Image: https://store.pcimage.com.my/product/rog-zephyrus-duo-2026-gx651-u9-386h64gb2tbrtx5090-24gb16-3k-oled-touch--gx651a-xsr222w,https://cdn1.sgliteasset.com/pcimagee/images/product/product-7639423/cached/9Fmjwlo76a3dc5a58fef2_1782433189_webstore_listing_image1.jpg,PC Image - Asus,,RTX5090,64GB,64GB,"16""",,,
FA608U-MITU216WP,"ASUS TUF GAMING A16 FA608U-MITU216WP R7-260/16GB D5-5600/512GB G4/1-ZONE RGB/RTX5060 8GB/16"" FHD 144HZ/W11H/2 YR GLOBAL WITH 2YR ADP/JAEGER GRAY",6699.00,"PC Image (RM 6,699.00)","PC Image: RM 6,699.00",1,https://store.pcimage.com.my/product/asus-tuf-gaming-a16-fa608u-mitu216wp-r7-26016gb-d5-5600extra-slot512gb-g4extra-slot1-zone-rgbrtx5060-8gb16-fhd-144hzw11h2-yr-global-with-2yr-adpjaeger-gray-tuf-backpack,PC Image: https://store.pcimage.com.my/product/asus-tuf-gaming-a16-fa608u-mitu216wp-r7-26016gb-d5-5600extra-slot512gb-g4extra-slot1-zone-rgbrtx5060-8gb16-fhd-144hzw11h2-yr-global-with-2yr-adpjaeger-gray-tuf-backpack,https://cdn1.sgliteasset.com/pcimagee/images/product/product-7616290/cached/w17JL5y06a3a49b606878_1782204854_webstore_listing_image1.jpg,PC Image - Asus,,RTX5060,16GB D5-5600,16GB D5-5600,"16"" FHD 144HZ",,,
FX608J-HITU205W,"ASUS TUF GAMING F16 FX608J-HITU205W I5-14450HX/16GB D5-5600/512GB G4/1-ZONE RGB/RTX5050 8GB/16"" FHD 144HZ/W11H/2 YR WITH 1ST YR ADP/JAEGER GRAY",5599.00,"PC Image (RM 5,599.00)","PC Image: RM 5,599.00",1,https://store.pcimage.com.my/product/asus-tuf-gaming-f16-fx608j-hitu205w-i5-14450hx16gb-d5-5600extra-slot512gb-g4extra-slot1-zone-rgbrtx5050-8gb16-fhd-144hzw11h2-yr-with-1st-yr-adpjaeger-gray-tuf-gaming-backpack,PC Image: https://store.pcimage.com.my/product/asus-tuf-gaming-f16-fx608j-hitu205w-i5-14450hx16gb-d5-5600extra-slot512gb-g4extra-slot1-zone-rgbrtx5050-8gb16-fhd-144hzw11h2-yr-with-1st-yr-adpjaeger-gray-tuf-gaming-backpack,https://cdn1.sgliteasset.com/pcimagee/images/product/product-7616232/cached/AtiR8LyO6a3a45715ee14_1782203761_webstore_listing_image1.jpg,PC Image - Asus,I5-14450HX,RTX5050,16GB D5-5600,16GB D5-5600,"16"" FHD 144HZ",,,
FA608P-PRV048W,"ASUS TUF GAMING A16 FA608P-PRV048W R9-8940HX/16GB D5-5600/512GB G4/1-ZONE RGB/RTX5070 8GB/16"" FHD 165HZ/W11H/2 YR GLOBAL WITH 1ST YR ADP/JAEGER GRAY (TUF BP)",8999.00,"PC Image (RM 8,999.00)","PC Image: RM 8,999.00",1,https://store.pcimage.com.my/product/asus-tuf-gaming-a16-fa608p-prv048w-r9-8940hx16gb-d5-5600extra-slot512gb-g4extra-slot1-zone-rgbrtx5070-8gb16-fhd-165hzw11h2-yr-global-with-1st-yr-adpjaeger-gray-tuf-bp,PC Image: https://store.pcimage.com.my/product/asus-tuf-gaming-a16-fa608p-prv048w-r9-8940hx16gb-d5-5600extra-slot512gb-g4extra-slot1-zone-rgbrtx5070-8gb16-fhd-165hzw11h2-yr-global-with-1st-yr-adpjaeger-gray-tuf-bp,https://cdn1.sgliteasset.com/pcimagee/images/product/product-7616194/cached/Qd2zF4tG6a3a41f27f62a_1782202866_webstore_listing_image1.jpg,PC Image - Asus,,RTX5070,16GB D5-5600,16GB D5-5600,"16"" FHD 165HZ",,,
FA607N-UQRL788WS,"ASUS TUF GAMING A16 FA607N-UQRL788WS R7 170/8GB D5-4800/512GB G4/1-ZONE RGB/RTX4050 6GB/16"" FHD 144HZ/W11H/HOME24+365B/2 YR GLOBAL WITH 1 YR ADP/MECHA GRAY (TUF BP)",4599.00,"PC Image (RM 4,599.00)","PC Image: RM 4,599.00",1,https://store.pcimage.com.my/product/asus-tuf-gaming-a16-fa607n-uqrl788ws-r7-1708gb-d5-4800extra-slot512gb-g4extra-slot1-zone-rgbrtx4050-6gb16-fhd-144hzw11hhome24365b2-yr-global-with-1-yr-adpmecha-gray-tuf-bp,PC Image: https://store.pcimage.com.my/product/asus-tuf-gaming-a16-fa607n-uqrl788ws-r7-1708gb-d5-4800extra-slot512gb-g4extra-slot1-zone-rgbrtx4050-6gb16-fhd-144hzw11hhome24365b2-yr-global-with-1-yr-adpmecha-gray-tuf-bp,https://cdn1.sgliteasset.com/pcimagee/images/product/product-7616104/cached/2ZwSK6xu6a350db718e74_1781861815_webstore_listing_image1.jpg,PC Image - Asus,R7 170,RTX4050,8GB D5-4800,8GB D5-4800,"16"" FHD 144HZ",,,
FA506N-CGHN566WSP,"ASUS TUF GAMING A15 FA506N-CGHN566WSP R7-8845HS/16GB D5-5600/512GB G4/1-ZONE RGB/RTX3050 4GB/15.6"" FHD 144HHZ/W11H/HOME 24+365B/GRAPHITE BLACK (TUF BP)",4299.00,"PC Image (RM 4,299.00)","PC Image: RM 4,299.00",1,https://store.pcimage.com.my/product/asus-tuf-gaming-a15-fa506n-cghn566wsp-r7-8845hs16gb-d5-5600extra-slot512gb-g4extra-slot1-zone-rgbrtx3050-4gb156-fhd-144hhzw11hhome-24365bgraphite-black-tuf-bp,PC Image: https://store.pcimage.com.my/product/asus-tuf-gaming-a15-fa506n-cghn566wsp-r7-8845hs16gb-d5-5600extra-slot512gb-g4extra-slot1-zone-rgbrtx3050-4gb156-fhd-144hhzw11hhome-24365bgraphite-black-tuf-bp,https://cdn1.sgliteasset.com/pcimagee/images/product/product-7616021/cached/zcqEX0S56a35016abd1d7_1781858666_webstore_listing_image1.jpg,PC Image - Asus,,RTX3050,16GB D5-5600,16GB D5-5600,"15.6"" FHD",,,
PHN16-I31-73TC,"Acer Predator Helios Neo 16 PHN16-I31-73TC 16"" Laptop/ Notebook (i7-14650HX, 16GB, 1TB, NV RTX5060, W11H, Off H&S + Off 365 Basic, 180Hz, AI)",8188.00,"TechHypermart (RM 8,188.00)","TechHypermart: RM 8,188.00 | PC Image: RM 8,699.00",2,https://www.techhypermart.com/notebooks/acer-predator-helios-neo-16-phn16-i31-73tc-16-laptop-notebook-i7-14650hx-16gb-1tb-nv-rtx5060-w11h-off-h-s-off-365-basic-180hz-ai,TechHypermart: https://www.techhypermart.com/notebooks/acer-predator-helios-neo-16-phn16-i31-73tc-16-laptop-notebook-i7-14650hx-16gb-1tb-nv-rtx5060-w11h-off-h-s-off-365-basic-180hz-ai | PC Image: https://store.pcimage.com.my/product/acerpredator-helios-neo-16-phn16-i31-73tci7-14650hx16gb-d5-56001tb-g4rtx5060-8gb16-180hz-wuxgaw11h2ywosadt4-zone-rgb-backlitblackbp-nhu4rsm002,https://www.techhypermart.com/image/cache/catalog/laptopnotebook/acer/PHN16-I31-73TC-a-250x250.png,TechHypermart - Acer,I31-73TC-24-2-W11P-EPP,NV RTX5060,16GB D5-5600,16GB D5-5600,16,,,
PHN16-I31-55MB,"Acer Predator Helios Neo 16 PHN16-I31-55MB 16"" Laptop/ Notebook (i5-14450HX, 16GB, 512GB, NV RTX5060, W11H, Off H&S + Off 365 Basic, 180Hz, AI)",7558.00,"TechHypermart (RM 7,558.00)","TechHypermart: RM 7,558.00 | PC Image: RM 7,999.00",2,https://www.techhypermart.com/notebooks/acer-predator-helios-neo-16-phn16-i31-55mb-16-laptop-notebook-i5-14450hx-16gb-512gb-nv-rtx5060-w11h-off-h-s-off-365-basic-180hz-ai,TechHypermart: https://www.techhypermart.com/notebooks/acer-predator-helios-neo-16-phn16-i31-55mb-16-laptop-notebook-i5-14450hx-16gb-512gb-nv-rtx5060-w11h-off-h-s-off-365-basic-180hz-ai | PC Image: https://store.pcimage.com.my/product/acerpredator-helios-neo-16-phn16-i31-55mbi5-14450hx16gb-d5-5600512gb-g4rtx5060-8gb16-180hz-wuxgaw11h2ywosadt4-zone-rgb-backlitblackbp-nhu4rsm001,https://www.techhypermart.com/image/cache/catalog/laptopnotebook/acer/PHN16-I31-55MB-a-250x250.png,TechHypermart - Acer,I31-55MB-24-1-W11P-EPP,NV RTX5060,16GB D5-5600,16GB D5-5600,16,,,
PHN16-I31-72SS,"Acer Predator Helios Neo 16 PHN16-I31-72SS 16"" Laptop/ Notebook (i7-14650HX, 16GB, 1TB, NV RTX5070, W11H, Off H&S + Off 365 Basic, 180Hz, AI)",9158.00,"TechHypermart (RM 9,158.00)","TechHypermart: RM 9,158.00 | PC Image: RM 9,699.00",2,https://www.techhypermart.com/notebooks/acer-predator-helios-neo-16-phn16-i31-72ss-16-laptop-notebook-i7-14650hx-16gb-1tb-nv-rtx5070-w11h-off-h-s-off-365-basic-180hz-ai,TechHypermart: https://www.techhypermart.com/notebooks/acer-predator-helios-neo-16-phn16-i31-72ss-16-laptop-notebook-i7-14650hx-16gb-1tb-nv-rtx5070-w11h-off-h-s-off-365-basic-180hz-ai | PC Image: https://store.pcimage.com.my/product/acerpredator-helios-neo-16-phn16-i31-72ssi7-14650hx16gb-d5-56001tb-g4rtx5070-8gb16-180hz-wuxgaw11h2ywosadt4-zone-rgb-backlitblackbp-nhu4qsm001,https://www.techhypermart.com/image/cache/catalog/laptopnotebook/acer/PHN16-I31-72SS-a-250x250.png,TechHypermart - Acer,I31-72SS-24-2-W11P-EPP,NV RTX5070,16GB D5-5600,16GB D5-5600,16,,,
msicrosshair16hxaid2xwfkg__rtx5060_16gb56_16gb56,"MSI CROSSHAIR 16 HX AI D2XWFKG-020MY 16"" Gaming Laptop Cosmos Grey (U9-275HX AI, 16GB 5600MHZ, 1TB SSD, RTX5060 8GB, 16"" QHD+ 240HZ, Win11H, 2YW)",6999.00,"PC Image (RM 6,999.00)","PC Image: RM 6,999.00",1,https://store.pcimage.com.my/product/msi-crosshair-16-hx-ai-d2xwfkg-020my-16-gaming-laptop-cosmos-grey-u9-275hx-ai-16gb-56000mhz-1tb-ssd-rtx5060-8gb-16-qhd-240hz-win11h-2yw,PC Image: https://store.pcimage.com.my/product/msi-crosshair-16-hx-ai-d2xwfkg-020my-16-gaming-laptop-cosmos-grey-u9-275hx-ai-16gb-56000mhz-1tb-ssd-rtx5060-8gb-16-qhd-240hz-win11h-2yw,https://cdn1.sgliteasset.com/pcimagee/images/product/product-7536381/cached/GSmicbbW6a27c32f928f7_1780990767_webstore_listing_image1.jpg,PC Image - MSI,,RTX5060,"16GB 5600MHZ,","16GB 5600MHZ,","16"" QHD+ 240HZ",,,
15-FA2607TX,"HP/VICTUS GAMING 15-FA2607TX/15-FA2608TX/i5-13420H/16GB D4-3200(EXTRA SLOT)/512GB G4/RTX3050 6GB/15.6"" FHD 144HZ/W11H/HOME24/2YW+ADP/POWDER PINK/BLUE (BP) P/N: D86ZWPA",3799.00,"PC Image (RM 3,799.00)","PC Image: RM 3,799.00",1,https://store.pcimage.com.my/product/hpvictus-gaming-15-fa2607tx15-fa2608txi5-13420h16gb-d4-3200extra-slot512gb-g4rtx3050-6gb156-fhd-144hzw11hhome242ywadppowder-pinkblue-bp-pn-d86zwpa,PC Image: https://store.pcimage.com.my/product/hpvictus-gaming-15-fa2607tx15-fa2608txi5-13420h16gb-d4-3200extra-slot512gb-g4rtx3050-6gb156-fhd-144hzw11hhome242ywadppowder-pinkblue-bp-pn-d86zwpa,https://cdn1.sgliteasset.com/pcimagee/images/product/product-7524164/cached/3oXJIZrd6a266de2d9923_1780903394_webstore_listing_image1.jpg,PC Image - HP,i5-13420H,RTX3050,16GB D4-3200(EXTRA,16GB D4-3200(EXTRA,"15.6"" FHD 144HZ",,,
colorfulevolp15d4i513420h_4i5-13420h_rtx5050_16gbd5_16gbd5,"COLORFUL EVOL P15 D4 I5-13420H/16GB D5/512GB G4/RTX5050 8GB/15.6"" FHD 144HZ/W11H/2Y P15 HK55F16512A-W-J1D-LAC",4199.00,"PC Image (RM 4,199.00)","PC Image: RM 4,199.00",1,https://store.pcimage.com.my/product/colorful-evol-p15-d4-i5-13420h-16gb-d5-5200-512gb-g4-extra-slot-rtx5050-8gb-15-6-fhd-144hz-w11h-2y-gaming-laptop,PC Image: https://store.pcimage.com.my/product/colorful-evol-p15-d4-i5-13420h-16gb-d5-5200-512gb-g4-extra-slot-rtx5050-8gb-15-6-fhd-144hz-w11h-2y-gaming-laptop,https://cdn1.sgliteasset.com/pcimagee/images/product/product-7489369/cached/Np0SN8fu6a193b28cb238_1780038440_webstore_listing_image1.jpg,PC Image - Colorful,4 I5-13420H,RTX5050,16GB D5,16GB D5,"15.6"" FHD 144HZ",,,
16GB-D5-5600,"COLORFUL EVOL P15 I7-14650HX GeForce RTX™ 5060 8GB (16GB D5-5600/512GB G4(EXTRA SLOT)/15.6"" QHD 165HZ/W11H/2YW) Gaming Laptop",5299.00,"PC Image (RM 5,299.00)","PC Image: RM 5,299.00",1,https://store.pcimage.com.my/product/colorful-evol-p15-i7-14650hx-16gb-d5-5600-512gb-g4-extra-slot-rtx5060-8gb-15-6-qhd-165hz-w11h-2yw-gaming-laptop,PC Image: https://store.pcimage.com.my/product/colorful-evol-p15-i7-14650hx-16gb-d5-5600-512gb-g4-extra-slot-rtx5060-8gb-15-6-qhd-165hz-w11h-2yw-gaming-laptop,https://cdn1.sgliteasset.com/pcimagee/images/product/product-7489370/cached/v0BP5Hfc6a193588a909f_1780037000_webstore_listing_image1.jpg,PC Image - Colorful,5 I7-14650HX,,8GB (16GB,8GB (16GB,"15.6"" QHD 165HZ",,,
"colorfulx15xs22156laptopi_i5-12450h,_rtx3050_16gbra_16gbra","COLORFUL X15-XS22 15.6"" Laptop (i5-12450H, 16GB RAM, 512GB SSD, RTX3050 4GB, 15.6"" 144HZ, Win11H, 2YW, Grey)",2859.00,"PC Image (RM 2,859.00)","PC Image: RM 2,859.00",1,https://store.pcimage.com.my/product/colorful-x15-xs22-15-6-laptop-i5-12450h-16gb-ram-512gb-ssd-rtx3050-4gb-15-6-144hz-win11h-2yw-grey,PC Image: https://store.pcimage.com.my/product/colorful-x15-xs22-15-6-laptop-i5-12450h-16gb-ram-512gb-ssd-rtx3050-4gb-15-6-144hz-win11h-2yw-grey,https://cdn1.sgliteasset.com/pcimagee/images/product/product-7489368/cached/nRGDA1b86a19358832407_1780037000_webstore_listing_image1.jpg,PC Image - Colorful,"i5-12450H,",RTX3050,"16GB RAM,","16GB RAM,","15.6""",,,
colorfulx15xs22hd55016512_i5-12450h_rtx3050_16gb_16gb,"Colorful X15 XS 22-HD55016512B-G-SC ( i5-12450H/16GB/512GB SSD/RTX3050/15.6"" 144HZ)",2759.00,"PC Image (RM 2,759.00)","PC Image: RM 2,759.00",1,https://store.pcimage.com.my/product/colorful-x15-xs-22-hd55016512b-g-sc-i5-12450h-16gb-512gb-ssd-rtx3050-15-6-144hz,PC Image: https://store.pcimage.com.my/product/colorful-x15-xs-22-hd55016512b-g-sc-i5-12450h-16gb-512gb-ssd-rtx3050-15-6-144hz,https://cdn1.sgliteasset.com/pcimagee/images/product/product-7489367/cached/psPOTUQH6a1935829678a_1780036994_webstore_listing_image1.jpg,PC Image - Colorful,i5-12450H,RTX3050,16GB,16GB,"15.6"" 144HZ",,,
051MY-MSI-CYBORG,"MSI CYBORG A17 AI B2HWEKG-051MY RYZEN 7 260/16GB/512GB SSD/RTX5050 8GB/17.3"" FHD/W11H/TRANSLUCENT BLACK/2YW",5599.00,"PC Image (RM 5,599.00)","PC Image: RM 5,599.00",1,https://store.pcimage.com.my/product/msi-cyborg-a17-ai-b2hwekg-051my-ryzen-7-260-16gb-512gb-ssd-rtx5050-8gb-17-3-fhd-w11h-translucent-black-2yw,PC Image: https://store.pcimage.com.my/product/msi-cyborg-a17-ai-b2hwekg-051my-ryzen-7-260-16gb-512gb-ssd-rtx5050-8gb-17-3-fhd-w11h-translucent-black-2yw,https://cdn1.sgliteasset.com/pcimagee/images/product/product-7486479/cached/t0lowy7v6a17bab2208da_1779940018_webstore_listing_image1.jpg,PC Image - MSI,,RTX5050,16GB,16GB,"17.3"" FHD",,,
050MY-MSI-CYBORG,"MSI CYBORG A17 AI B2HWFKG-050MY Ryzen™ 7 260/16GB/512GB SSD/RTX5060 8GB/17.3"" FHD/W11H/TRANSLUCENT BLACK/2YW",5999.00,"PC Image (RM 5,999.00)","PC Image: RM 5,999.00",1,https://store.pcimage.com.my/product/msi-cyborg-a17-ai-b2hwfkg-050my-ryzen-7-260-16gb-512gb-ssd-rtx5060-8gb-17-3-fhd-w11h-translucent-black-2yw,PC Image: https://store.pcimage.com.my/product/msi-cyborg-a17-ai-b2hwfkg-050my-ryzen-7-260-16gb-512gb-ssd-rtx5060-8gb-17-3-fhd-w11h-translucent-black-2yw,https://cdn1.sgliteasset.com/pcimagee/images/product/product-7486478/cached/ymnSrauQ6a17bab1b83c8_1779940017_webstore_listing_image1.jpg,PC Image - MSI,,RTX5060,16GB,16GB,"17.3"" FHD",,,
A13VE-2215MY,"MSI CYBORG 15 A13VE-2215MY 15.6"" Gaming Laptop (i5-13420H, 16GB 5600MHZ, 512GB SSD, RTX4050 6GB, 15.6"" FHD 144HZ, Win11H, OfficeHome24, 2YW, Translucent Black)",3999.00,"PC Image (RM 3,999.00)","PC Image: RM 3,999.00",1,https://store.pcimage.com.my/product/msi-cyborg-15-a13ve-2215my-i5-13420h-16gb-5600mhz-512gb-ssd-rtx4050-6gb-15-6-fhd-144hz-w11h-home24-2yw-translucent-black,PC Image: https://store.pcimage.com.my/product/msi-cyborg-15-a13ve-2215my-i5-13420h-16gb-5600mhz-512gb-ssd-rtx4050-6gb-15-6-fhd-144hz-w11h-home24-2yw-translucent-black,https://cdn1.sgliteasset.com/pcimagee/images/product/product-7486460/cached/KQVcwKTu6a17ba9faa3a2_1779939999_webstore_listing_image1.jpg,PC Image - MSI,"i5-13420H,",RTX4050,"16GB 5600MHZ,","16GB 5600MHZ,","15.6"" FHD 144HZ",,,
B13UC-3439MY,"MSI THIN 15 B13UC-3439MY I7-13620H/16GB512GB SSD/RTX3050 4GB/15.6"" FHD 144HZ/W11H/HOME24/COSMOS GRAY/2YW",3799.00,"PC Image (RM 3,799.00)","PC Image: RM 3,799.00",1,https://store.pcimage.com.my/product/msi-thin-15-b13uc-3439my-i7-13620h-16gb512gb-ssd-rtx3050-4gb-15-6-fhd-144hz-w11h-home24-cosmos-gray-2yw,PC Image: https://store.pcimage.com.my/product/msi-thin-15-b13uc-3439my-i7-13620h-16gb512gb-ssd-rtx3050-4gb-15-6-fhd-144hz-w11h-home24-cosmos-gray-2yw,https://cdn1.sgliteasset.com/pcimagee/images/product/product-7486455/cached/nONY73fz6a17ba93e0260_1779939988_webstore_listing_image1.jpg,PC Image - MSI,I7-13620H,RTX3050,16GB512GB,16GB512GB,"15.6"" FHD 144HZ",,,
B13UC-3456MY,"MSI Gaming Thin 15 B13UC-3456MY i5-13420H/16GB DDR4/512GB SSD/15.6""FHD 144Hz/RTX3050/H&S+M365 Basic",3449.00,"ALL IT (RM 3,449.00)","ALL IT: RM 3,449.00 | PC Image: RM 3,499.00",2,https://www.allithypermarket.com.my/products/msi-gaming-thin-15-b13uc-3456my-i5-13420h-16gb-ddr4-512gb-ssd-15-6fhd-144hz-rtx3050-h-s-m365-basic,ALL IT: https://www.allithypermarket.com.my/products/msi-gaming-thin-15-b13uc-3456my-i5-13420h-16gb-ddr4-512gb-ssd-15-6fhd-144hz-rtx3050-h-s-m365-basic | PC Image: https://store.pcimage.com.my/product/msi-thin-15-b13uc-3456my-i5-13420h-16gb-512gb-ssd-rtx3050-4gb-15-6-fhd-144hz-w11h-home24-cosmos-gray-2yw,https://cdn.shopify.com/s/files/1/1974/9033/files/20260505024600d84299d93270f2951fb7134d76c4f649.jpg?v=1777949178,ALL IT - MSI,⁠ ⁠Powered by Intel® Core™ i5-13620H for strong gaming performance,⁠ ⁠NVIDIA® GeForce RTX™ 3050 graphics for smooth gameplay,⁠ ⁠16GB DDR4 RAM for multitasking and gaming,⁠ ⁠512GB NVMe SSD for fast loading speed,"⁠ ⁠15.6"" FHD 144Hz display for fluid visuals",Wi-Fi / Bluetooth,3-Cell 52.4WHr Battery,"FEATURE 1: Intel® Core™ i7-13620H Processor (13th Gen) | FEATURE 2: NVIDIA® GeForce RTX™ 3050 6GB GDDR6 | FEATURE 3: 16GB DDR4 RAM (Upgradeable) | FEATURE 4: 512GB PCIe NVMe SSD | FEATURE 5: 15.6"" FHD (1920×1080) 144Hz IPS-Level Display | CHARGING: 120W AC Adapter | PRODUCT DIMENSIONS: ~359 × 254 × 21.7 mm | PRODUCT WEIGHT: ~1.86 kg"
B13UC-3441MY,"MSI THIN 15 B13UC-3441MY I5-13420H/16GB/512GB SSD/RTX3050 4GB/15.6"" FHD 144HZ/W11H/COSMOS GRAY/2YW",3099.00,"PC Image (RM 3,099.00)","PC Image: RM 3,099.00",1,https://store.pcimage.com.my/product/msi-thin-15-b13uc-3441my-i5-13420h-16gb-512gb-ssd-rtx3050-4gb-15-6-fhd-144hz-w11h-cosmos-gray-2yw,PC Image: https://store.pcimage.com.my/product/msi-thin-15-b13uc-3441my-i5-13420h-16gb-512gb-ssd-rtx3050-4gb-15-6-fhd-144hz-w11h-cosmos-gray-2yw,https://cdn1.sgliteasset.com/pcimagee/images/product/product-7486453/cached/6CRifP3i6a17ba8f70e3a_1779939983_webstore_listing_image1.jpg,PC Image - MSI,I5-13420H,RTX3050,16GB,16GB,"15.6"" FHD 144HZ",,,
B7VE-657MY,"[ONLINE EXCLUSIVE] MSI THIN A15 B7VE-657MY R7-7735HS/16GB DDR5/512GB SSD/RTX4050 6GB/15.6"" FHD 144HZ/W11H/HOME24/COSMOS GRAYW/2Y",4299.00,"PC Image (RM 4,299.00)","PC Image: RM 4,299.00",1,https://store.pcimage.com.my/product/msi-thin-a15-b7ve-657my-r7-7735hs-16gb-ddr5-512gb-ssd-rtx4050-6gb-15-6-fhd-144hz-w11h-home24-cosmos-grayw-2y,PC Image: https://store.pcimage.com.my/product/msi-thin-a15-b7ve-657my-r7-7735hs-16gb-ddr5-512gb-ssd-rtx4050-6gb-15-6-fhd-144hz-w11h-home24-cosmos-grayw-2y,https://cdn1.sgliteasset.com/pcimagee/images/product/product-7486451/cached/CdkadYms6a17ba8d35dfb_1779939981_webstore_listing_image1.jpg,PC Image - MSI,,RTX4050,16GB DDR5,16GB DDR5,"15.6"" FHD 144HZ",,,
608MY-MSI-CYBORG,"MSI CYBORG 15 B13WEKG-608MY 15.6"" Gaming Laptop (i5-13420H, 16GB 5200MHZ, 512GB SSD, RTX5050 8GB, 15.6"" FHD 144HZ, Win11H, 2YW, Translucent Black)",4099.00,"PC Image (RM 4,099.00)","PC Image: RM 4,099.00",1,https://store.pcimage.com.my/product/msi-cyborg-15-b13wekg-608my-i5-13420h-16gb-5200mhz-512gb-ssd-rtx5050-8gb-15-6-fhd-144hz-w11h-2yw-translucent-black,PC Image: https://store.pcimage.com.my/product/msi-cyborg-15-b13wekg-608my-i5-13420h-16gb-5200mhz-512gb-ssd-rtx5050-8gb-15-6-fhd-144hz-w11h-2yw-translucent-black,https://cdn1.sgliteasset.com/pcimagee/images/product/product-7486441/cached/3cNQIMUV6a17ba83be6e3_1779939971_webstore_listing_image1.jpg,PC Image - MSI,"i5-13420H,",RTX5050,"16GB 5200MHZ,","16GB 5200MHZ,","15.6"" FHD 144HZ",,,
680MY-MSI-CYBORG,"MSI CYBORG 15 B13WFKG-680MY 15.6"" Gaming Laptop Translucent Black (i7-13620H, 16GB 5600MHZ, 1TB SSD, RTX5060 8GB, 15.6"" FHD 144HZ, Win11H, 2YW)",5399.00,"PC Image (RM 5,399.00)","PC Image: RM 5,399.00",1,https://store.pcimage.com.my/product/msi-cyborg-15-b13wfkg-680my-i7-13620h-16gb-5600mhz-1tb-ssd-rtx5060-8gb-15-6-fhd-144hz-w11h-2yw-translucent-black,PC Image: https://store.pcimage.com.my/product/msi-cyborg-15-b13wfkg-680my-i7-13620h-16gb-5600mhz-1tb-ssd-rtx5060-8gb-15-6-fhd-144hz-w11h-2yw-translucent-black,https://cdn1.sgliteasset.com/pcimagee/images/product/product-7486438/cached/cAvsfRpg6a17ba7bc0d88_1779939963_webstore_listing_image1.jpg,PC Image - MSI,"i7-13620H,",RTX5060,"16GB 5600MHZ,","16GB 5600MHZ,","15.6"" FHD 144HZ",,,
A12VF-2091MY,"MSI CYBORG 15 A12VF-2091MY 15.6"" Gaming Laptop Translucent Black (i7-12650H, 16GB 4800Mhz, 1TB SSD, RTX4060 8GB, 15.6"" FHD 144Hz, Win11H, 2YW)",4199.00,"PC Image (RM 4,199.00)","PC Image: RM 4,199.00",1,https://store.pcimage.com.my/product/msi-cyborg-15-a12vf-2091my-i7-12650h-16gb-4800mhz-8-8-1tb-ssd-rtx4060-8gb-15-6-fhd-144hz-w11h-2yw-translucent-black,PC Image: https://store.pcimage.com.my/product/msi-cyborg-15-a12vf-2091my-i7-12650h-16gb-4800mhz-8-8-1tb-ssd-rtx4060-8gb-15-6-fhd-144hz-w11h-2yw-translucent-black,https://cdn1.sgliteasset.com/pcimagee/images/product/product-7486436/cached/6VS1mQ5E6a17ba7aebc79_1779939963_webstore_listing_image1.jpg,PC Image Gaming,"i7-12650H,",RTX4060,"16GB 4800Mhz,","16GB 4800Mhz,","15.6"" FHD 144Hz",,,
B14WGK-676MY,"MSI KATANA 15 HX B14WGK-676MY I7-14700HX/16GB 5600MHZ(8+8)/1TB SSD/RTX5070 8GB/15.6"" QHD 165HZ/W11H/2YW/BLACK/4-ZONE RGB KB COPILOT KEY(ESSENTIAL BACKPACK) Laptop",6399.00,"PC Image (RM 6,399.00)","PC Image: RM 6,399.00",1,https://store.pcimage.com.my/product/msi-katana-15-hx-b14wgk-676my-i7-14700hx-16gb-5600mhz-8-8-1tb-ssd-rtx5070-8gb-15-6-qhd-165hz-w11h-2yw-black-4-zone-rgb-kb-copilot-key-essent,PC Image: https://store.pcimage.com.my/product/msi-katana-15-hx-b14wgk-676my-i7-14700hx-16gb-5600mhz-8-8-1tb-ssd-rtx5070-8gb-15-6-qhd-165hz-w11h-2yw-black-4-zone-rgb-kb-copilot-key-essent,https://cdn1.sgliteasset.com/pcimagee/images/product/product-7486434/cached/M32R5HfT6a17ba792ba81_1779939961_webstore_listing_image1.jpg,PC Image - MSI,I7-14700HX,RTX5070,16GB 5600MHZ(8+8),16GB 5600MHZ(8+8),"15.6"" QHD 165HZ",,,
B14WEK-659MY,"MSI KATANA 15 HX B14WEK-659MY I7-14700HX/16GB 5600MHZ(8+8)/1TB SSD/RTX5050 8GB/15.6"" QHD 165HZ/W11H/2YW/BLACK/4-ZONE RGB KB COPILOT KEY(ESSENTIAL BACKPACK) Laptop",5499.00,"PC Image (RM 5,499.00)","PC Image: RM 5,499.00",1,https://store.pcimage.com.my/product/msi-katana-15-hx-b14wek-659my-i7-14700hx-16gb-5600mhz-8-8-1tb-ssd-rtx5050-8gb-15-6-qhd-165hz-w11h-2yw-black-4-zone-rgb-kb-copilot-key-essent,PC Image: https://store.pcimage.com.my/product/msi-katana-15-hx-b14wek-659my-i7-14700hx-16gb-5600mhz-8-8-1tb-ssd-rtx5050-8gb-15-6-qhd-165hz-w11h-2yw-black-4-zone-rgb-kb-copilot-key-essent,https://cdn1.sgliteasset.com/pcimagee/images/product/product-7486433/cached/C8ZBBpzy6a17ba78a5be3_1779939961_webstore_listing_image1.jpg,PC Image - MSI,I7-14700HX,RTX5050,16GB 5600MHZ(8+8),16GB 5600MHZ(8+8),"15.6"" QHD 165HZ",,,
B14WEK-628MY,"MSI Katana 15 HX B14WEK-628MY 15.6"" Gaming Laptop Black (i5-14450HX, 16GB 5600Mhz, 1TB SSD, RTX5050 8GB, 15.6"" QHD 165Hz, Win11H, 2YW)",5299.00,"PC Image (RM 5,299.00)","PC Image: RM 5,299.00",1,https://store.pcimage.com.my/product/msi-katana-15-hx-b14wek-628my-15-6-gaming-laptop-black-i5-14450hx-16gb-5600mhz-1tb-ssd-rtx5050-8gb-15-6-qhd-165hz-win11h-2yw,PC Image: https://store.pcimage.com.my/product/msi-katana-15-hx-b14wek-628my-15-6-gaming-laptop-black-i5-14450hx-16gb-5600mhz-1tb-ssd-rtx5050-8gb-15-6-qhd-165hz-win11h-2yw,https://cdn1.sgliteasset.com/pcimagee/images/product/product-7486431/cached/IYwqniJB6a17ba7768202_1779939959_webstore_listing_image1.jpg,PC Image - MSI,"i5-14450HX,",RTX5050,"16GB 5600Mhz,","16GB 5600Mhz,","15.6"" QHD 165Hz",,,
225MY-MSI-CYBORG,"MSI Cyborg 15 B2RWEKG-225MY GeForce RTX™ 5050 8GB 15.6"" Gaming Laptop (C5-210H, 16GB DDR5, 512GB SSD, 15.6"" FHD 144Hz, Win11H, 2YW)",4299.00,"PC Image (RM 4,299.00)","PC Image: RM 4,299.00",1,https://store.pcimage.com.my/product/msi-cyborg-15-b2rwekg-225my-c5-210h-16gb-5600mhz-8-8-512gb-ssd-rtx5050-8gb-15-6-fhd-144hz-w11h-2yw-translucent-black,PC Image: https://store.pcimage.com.my/product/msi-cyborg-15-b2rwekg-225my-c5-210h-16gb-5600mhz-8-8-512gb-ssd-rtx5050-8gb-15-6-fhd-144hz-w11h-2yw-translucent-black,https://cdn1.sgliteasset.com/pcimagee/images/product/product-7486430/cached/O9JSflw16a17ba772dedf_1779939959_webstore_listing_image1.jpg,PC Image - MSI,C5-210H,,"8GB 15.6""","8GB 15.6""","15.6"" FHD 144Hz",,,
223MY-MSI-CYBORG,"MSI Cyborg 15 B2RWFKG-223MY 15.6"" Gaming Laptop (C5-210H, 16GB DDR5, 512GB SSD, RTX5060 8GB, 15.6"" FHD 144Hz, Win11H, 2YW)",4899.00,"PC Image (RM 4,899.00)","PC Image: RM 4,899.00",1,https://store.pcimage.com.my/product/msi-cyborg-15-b2rwfkg-223my-c5-210h-16gb-5600mhz-8-8-512gb-ssd-rtx5060-8gb-15-6-fhd-144hz-w11h-2yw-translucent-black,PC Image: https://store.pcimage.com.my/product/msi-cyborg-15-b2rwfkg-223my-c5-210h-16gb-5600mhz-8-8-512gb-ssd-rtx5060-8gb-15-6-fhd-144hz-w11h-2yw-translucent-black,https://cdn1.sgliteasset.com/pcimagee/images/product/product-7486428/cached/KTsiVvjG6a17ba6eb2fd4_1779939950_webstore_listing_image1.jpg,PC Image - MSI,C5-210H,RTX5060,"16GB DDR5,","16GB DDR5,","15.6"" FHD 144Hz",,,
B13VE-3216MY,"MSI THIN 15 B13VE-3216MY 15.6"" Gaming Laptop (i5-13420H, 8GB DDR4, 512GB SSD, RTX4050 6GB, 15.6"" FHD 144Hz, Win11H, OfficeHome24, 2YW)",3399.00,"PC Image (RM 3,399.00)","PC Image: RM 3,399.00",1,https://store.pcimage.com.my/product/msi-thin-15-b13ve-3216my-15-6-gaming-laptop-i5-13420h-8gb-ddr4-512gb-ssd-rtx4050-6gb-15-6-fhd-144hz-win11h-officehome24-2yw,PC Image: https://store.pcimage.com.my/product/msi-thin-15-b13ve-3216my-15-6-gaming-laptop-i5-13420h-8gb-ddr4-512gb-ssd-rtx4050-6gb-15-6-fhd-144hz-win11h-officehome24-2yw,https://cdn1.sgliteasset.com/pcimagee/images/product/product-7486427/cached/zukc25Ia6a17ba6e02024_1779939950_webstore_listing_image1.jpg,PC Image - MSI,"i5-13420H,",RTX4050,"8GB DDR4,","8GB DDR4,","15.6"" FHD 144Hz",,,
B7VE-605MY,"MSI THIN A15 B7VE-605MY 15.6"" Gaming Laptop (R5-7535HS, 8GB DDR5, 512GB SSD, RTX4050 6GB, 15.6"" FHD 144Hz, Win11H, OfficeHome24, 2YW)",3599.00,"PC Image (RM 3,599.00)","PC Image: RM 3,599.00",1,https://store.pcimage.com.my/product/msi-thin-a15-b7ve-605my-15-6-gaming-laptop-r5-7535hs-8gb-ddr5-512gb-ssd-rtx4050-6gb-15-6-fhd-144hz-win11h-officehome24-2yw,PC Image: https://store.pcimage.com.my/product/msi-thin-a15-b7ve-605my-15-6-gaming-laptop-r5-7535hs-8gb-ddr5-512gb-ssd-rtx4050-6gb-15-6-fhd-144hz-win11h-officehome24-2yw,https://cdn1.sgliteasset.com/pcimagee/images/product/product-7486426/cached/JOPY5ovr6a17ba6b289e3_1779939947_webstore_listing_image1.jpg,PC Image - MSI,,RTX4050,"8GB DDR5,","8GB DDR5,","15.6"" FHD 144Hz",,,
B14WEK-432MY,"MSI KATANA 15 HX B14WEK-432MY I9-14900HX/16GB 5600MHZ(8+8)/1TB SSD/RTX5050 8GB/15.6"" QHD 165HZ/W11H/2YW/BLACK",5899.00,"PC Image (RM 5,899.00)","PC Image: RM 5,899.00",1,https://store.pcimage.com.my/product/msi-katana-15-hx-b14wek-432my-i9-14900hx-16gb-5600mhz-8-8-1tb-ssd-rtx5050-8gb-15-6-qhd-165hz-w11h-2yw-black,PC Image: https://store.pcimage.com.my/product/msi-katana-15-hx-b14wek-432my-i9-14900hx-16gb-5600mhz-8-8-1tb-ssd-rtx5050-8gb-15-6-qhd-165hz-w11h-2yw-black,https://cdn1.sgliteasset.com/pcimagee/images/product/product-7486424/cached/APnovvCu6a17ba68bd57d_1779939944_webstore_listing_image1.jpg,PC Image - MSI,I9-14900HX,RTX5050,16GB 5600MHZ(8+8),16GB 5600MHZ(8+8),"15.6"" QHD 165HZ",,,
B14WEK-435MY,"MSI KATANA 15 HX B14WEK-435MY 15.6"" Gaming Laptop (i7-14650HX, 16GB DDR5, 512GB SSD, RTX5050 8GB, 15.6"" QHD 165Hz, Win11H, 2YW)",5399.00,"PC Image (RM 5,399.00)","PC Image: RM 5,399.00",1,https://store.pcimage.com.my/product/msi-katana-15-hx-b14wek-435my-i7-14650hx-16gb-5600mhz-8-8-512gb-ssd-rtx5050-8gb-15-6-qhd-165hz-w11h-2yw-black,PC Image: https://store.pcimage.com.my/product/msi-katana-15-hx-b14wek-435my-i7-14650hx-16gb-5600mhz-8-8-512gb-ssd-rtx5050-8gb-15-6-qhd-165hz-w11h-2yw-black,https://cdn1.sgliteasset.com/pcimagee/images/product/product-7486425/cached/MtafvaAn6a17ba68ccaa2_1779939944_webstore_listing_image1.jpg,PC Image - MSI,"i7-14650HX,",RTX5050,"16GB DDR5,","16GB DDR5,","15.6"" QHD 165Hz",,,
B14WFK-287MY,"MSI KATANA 15 HX B14WFK-287MY I9-14900HX/16GB 5600MHZ(8+8)/1TB SSD/RTX5060 8GB/15.6"" QHD 165HZ/W11H/2YW/BLACK",6599.00,"PC Image (RM 6,599.00)","PC Image: RM 6,599.00",1,https://store.pcimage.com.my/product/msi-katana-15-hx-b14wfk-287my-i9-14900hx-16gb-5600mhz-8-8-1tb-ssd-rtx5060-8gb-15-6-qhd-165hz-w11h-2yw-black,PC Image: https://store.pcimage.com.my/product/msi-katana-15-hx-b14wfk-287my-i9-14900hx-16gb-5600mhz-8-8-1tb-ssd-rtx5060-8gb-15-6-qhd-165hz-w11h-2yw-black,https://cdn1.sgliteasset.com/pcimagee/images/product/product-7486423/cached/GqJm6NfZ6a17ba67c5812_1779939943_webstore_listing_image1.jpg,PC Image - MSI,I9-14900HX,RTX5060,16GB 5600MHZ(8+8),16GB 5600MHZ(8+8),"15.6"" QHD 165HZ",,,
B14WGK-283MY,"MSI KATANA 15 HX B14WGK-283MY I9-14900HX/16GB 5600MHZ(8+8)/1TB SSD/RTX5070 8GB/15.6"" QHD 165HZ/W11H/2YW/BLACK",6899.00,"PC Image (RM 6,899.00)","PC Image: RM 6,899.00",1,https://store.pcimage.com.my/product/msi-katana-15-hx-b14wgk-283my-i9-14900hx-16gb-5600mhz-8-8-1tb-ssd-rtx5070-8gb-15-6-qhd-165hz-w11h-2yw-black,PC Image: https://store.pcimage.com.my/product/msi-katana-15-hx-b14wgk-283my-i9-14900hx-16gb-5600mhz-8-8-1tb-ssd-rtx5070-8gb-15-6-qhd-165hz-w11h-2yw-black,https://cdn1.sgliteasset.com/pcimagee/images/product/product-7486422/cached/5RxrNc4b6a17ba67be5e4_1779939943_webstore_listing_image1.jpg,PC Image - MSI,I9-14900HX,RTX5070,16GB 5600MHZ(8+8),16GB 5600MHZ(8+8),"15.6"" QHD 165HZ",,,
B14WFK-288MY,"MSI KATANA 15 HX B14WFK-288MY I7-14650HX/16GB 5600MHZ(8+8)/1TB SSD/RTX5060 8GB/15.6"" QHD 165HZ/W11H/2YW/BLACK",6399.00,"PC Image (RM 6,399.00)","PC Image: RM 6,399.00",1,https://store.pcimage.com.my/product/msi-katana-15-hx-b14wfk-288my-i7-14650hx-16gb-5600mhz-8-8-1tb-ssd-rtx5060-8gb-15-6-qhd-165hz-w11h-2yw-black,PC Image: https://store.pcimage.com.my/product/msi-katana-15-hx-b14wfk-288my-i7-14650hx-16gb-5600mhz-8-8-1tb-ssd-rtx5060-8gb-15-6-qhd-165hz-w11h-2yw-black,https://cdn1.sgliteasset.com/pcimagee/images/product/product-7486421/cached/D5K7GJHK6a17ba66c20dc_1779939942_webstore_listing_image1.jpg,PC Image - MSI,I7-14650HX,RTX5060,16GB 5600MHZ(8+8),16GB 5600MHZ(8+8),"15.6"" QHD 165HZ",,,
D8WGKG-018MY,"MSI CROSSHAIR A16 HX D8WGKG-018MY GeForce RTX™ 5070 R9-8940HX/16GB 5600MHZ(8+8)/1TB SSD(1*EXTRA GEN5 SLOT)/RTX5070 8GB/16"" QHD+ 240HZ/W11H/2YW/COSMOS GRAY",7199.00,"PC Image (RM 7,199.00)","PC Image: RM 7,199.00",1,https://store.pcimage.com.my/product/msi-crosshair-a16-hx-d8wgkg-018my-r9-8940hx-16gb-5600mhz-8-8-1tb-ssd-1-extra-gen5-slot-rtx5070-8gb-16-qhd-240hz-w11h-2yw-cosmos-gray,PC Image: https://store.pcimage.com.my/product/msi-crosshair-a16-hx-d8wgkg-018my-r9-8940hx-16gb-5600mhz-8-8-1tb-ssd-1-extra-gen5-slot-rtx5070-8gb-16-qhd-240hz-w11h-2yw-cosmos-gray,https://cdn1.sgliteasset.com/pcimagee/images/product/product-7486419/cached/gy4LUImN6a17ba62483fd_1779939938_webstore_listing_image1.jpg,PC Image - MSI,,RTX5070,16GB 5600MHZ(8+8),16GB 5600MHZ(8+8),"16"" QHD+ 240HZ",,,
B14WFK-289MY,"MSI Katana 15 HX-B14WFK-289MY 15.6"" Gaming Laptop Black (i7-14650HX/16GB 5600Mhz, 512GB SSD, RTX5060 8GB, 15.6"" QHD 165HZ, Win11H, 2YW)",5999.00,"PC Image (RM 5,999.00)","PC Image: RM 5,999.00",1,https://store.pcimage.com.my/product/msi-katana-15-hx-14wfk-289myi7-14650hx-16gb-5600mhz-8-512gb-ssd-rtx5060-8gb-15-6-qhd-165hz-w11h-2yw-black,PC Image: https://store.pcimage.com.my/product/msi-katana-15-hx-14wfk-289myi7-14650hx-16gb-5600mhz-8-512gb-ssd-rtx5060-8gb-15-6-qhd-165hz-w11h-2yw-black,https://cdn1.sgliteasset.com/pcimagee/images/product/product-7486418/cached/VUDrWu4N6a17ba61cfa11_1779939937_webstore_listing_image1.jpg,PC Image - MSI,i7-14650HX,RTX5060,"16GB 5600Mhz,","16GB 5600Mhz,","15.6"" QHD 165HZ",,,
019MY-U9-275HX,"MSI CROSSHAIR 16 HX AI D2XWGKG-019MY U9-275HX AI/16GB 5600MHZ(8+8)/1TB SSD(1*EXTRA GEN5 SLOT)/RTX5070 8GB/16"" QHD+ 240HZ/W11H/2YW/COSMOS GRAY/24-ZONE RGB GAMING KB COPILOT KEY(ESSENTIAL BACKPACK)",8599.00,"PC Image (RM 8,599.00)","PC Image: RM 8,599.00",1,https://store.pcimage.com.my/product/msi-crosshair-16-hx-ai-d2xwgkg-019my,PC Image: https://store.pcimage.com.my/product/msi-crosshair-16-hx-ai-d2xwgkg-019my,https://cdn1.sgliteasset.com/pcimagee/images/product/product-7486411/cached/2NKSwlwM6a17ba5232ca2_1779939922_webstore_listing_image1.jpg,PC Image - MSI,,RTX5070,16GB 5600MHZ(8+8),16GB 5600MHZ(8+8),"16"" QHD+ 240HZ",,,
A2XWHG-066MY,"MSI Vector 16 HX AI A2XWHG-066MY 16"" QHD+ Gaming Laptop Cosmos Grey (Ultra 9 275HX, 32GB, 2TB SSD, GeForce RTX 5070Ti 12GB, W11)",11999.00,"PC Image (RM 11,999.00)","PC Image: RM 11,999.00",1,https://store.pcimage.com.my/product/msi-vector-16-hx-ai-a2xwhg-066-16-qhd-gaming-laptop-ultra-9-275hx-32gb-2tb-ssd-rtx-5070ti-12gb-w11,PC Image: https://store.pcimage.com.my/product/msi-vector-16-hx-ai-a2xwhg-066-16-qhd-gaming-laptop-ultra-9-275hx-32gb-2tb-ssd-rtx-5070ti-12gb-w11,https://cdn1.sgliteasset.com/pcimagee/images/product/product-7486410/cached/zBrJQBFI6a17ba520d541_1779939922_webstore_listing_image1.jpg,PC Image - MSI,,RTX 5070Ti,"32GB,","32GB,","16"" QHD+",,,
A2XWIG-048MY,"MSI RAIDER 18 HX AI A2XWIG-048MY Gaming Laptop (U9-285HX AI/64GB 6400MHZ(32+32)/4TB SSD(2TB GEN5+2TB GEN4)/RTX5080 16GB/18"" UHD+ 120HZ/W11H/2YW ONSITE/CORE BLACK/PER KEY RGB GAMING KB COPILOT KEY)",17999.00,"PC Image (RM 17,999.00)","PC Image: RM 17,999.00",1,https://store.pcimage.com.my/product/msi-raider-18-hx-ai-a2xwig-048my-gaming-laptop-u9-285hx-ai-64gb-6400mhz-32-32-4tb-ssd-2tb-gen5-2tb-gen4-rtx5080-16gb-18-uhd-120hz-w11h-2yw-o,PC Image: https://store.pcimage.com.my/product/msi-raider-18-hx-ai-a2xwig-048my-gaming-laptop-u9-285hx-ai-64gb-6400mhz-32-32-4tb-ssd-2tb-gen5-2tb-gen4-rtx5080-16gb-18-uhd-120hz-w11h-2yw-o,https://cdn1.sgliteasset.com/pcimagee/images/product/product-7486407/cached/tkC38sg16a17ba4dabce3_1779939917_webstore_listing_image1.jpg,PC Image - MSI,,RTX5080,64GB 6400MHZ(32+32),64GB 6400MHZ(32+32),"18"" UHD+ 120HZ",,,
A3XVGG-089MY,"MSI Stealth A16 AI+ A3XVGG-089MY 16"" Gaming Laptop Core Black (R9 370/32GB LPDDR5X, 1TB SSD, RTX4070 8GB, 16"" UHD+ 120HZ, Win11H, 2YW)",8499.00,"PC Image (RM 8,499.00)","PC Image: RM 8,499.00",1,https://store.pcimage.com.my/product/stealth-a16-ai-a3xvgg-089my,PC Image: https://store.pcimage.com.my/product/stealth-a16-ai-a3xvgg-089my,https://cdn1.sgliteasset.com/pcimagee/images/product/product-7486406/cached/xtTnDo5v6a17ba4d92cc2_1779939917_webstore_listing_image1.jpg,PC Image - MSI,R9 370,RTX4070,"32GB LPDDR5X,","32GB LPDDR5X,","16"" UHD+ 120HZ",,,
PHN16-I31-71VG,"Acer Predator Helios Neo 16 PHN16-I31-71VG 16"" Laptop/ Notebook (i7-14650HX, 16GB, 512GB, NV RTX5050, W11H, Off H&S + Off 365 Basic, 180Hz, AI)",7288.00,"TechHypermart (RM 7,288.00)","TechHypermart: RM 7,288.00 | PC Image: RM 7,699.00",2,https://www.techhypermart.com/notebooks/acer-predator-helios-neo-16-phn16-i31-71vg-16-laptop-notebook-i7-14650hx-16gb-512gb-nv-rtx5050-w11h-off-h-s-off-365-basic-180hz-ai,TechHypermart: https://www.techhypermart.com/notebooks/acer-predator-helios-neo-16-phn16-i31-71vg-16-laptop-notebook-i7-14650hx-16gb-512gb-nv-rtx5050-w11h-off-h-s-off-365-basic-180hz-ai | PC Image: https://store.pcimage.com.my/product/acer-predator-helios-neo-16-phn16-i31-71vg-i7-14650hx-16gb-512gb-rtx5050-8gb-16-w11h-home24-m365b-black-2yw,https://www.techhypermart.com/image/cache/catalog/laptopnotebook/acer/PHN16-I31-71VG-a-250x250.png,TechHypermart - Acer,I31-71VG-24-1-W11P-EPP,NVIDIA®  GEFORCE RTX™ 5070 8GB,16GB,16GB,16,,,
PH18-73-90Z9,"Acer Predator Helios 18 AI PH18-73-90Z9 18"" Laptop/ Notebook (Ultra 9 275HX, 96GB, 4TB, NV RTX5090, W11H, Off H&S + Off 365 Basic, 120Hz, AI Chip)",19038.00,"TechHypermart (RM 19,038.00)","TechHypermart: RM 19,038.00 | PC Image: RM 23,999.00",2,https://www.techhypermart.com/notebooks/acer-predator-helios-18-ai-ph18-73-90z9-18-laptop-notebook-ultra-9-275hx-96gb-4tb-nv-rtx5090-w11h-off-h-s-off-365-basic-120hz-ai-chip,TechHypermart: https://www.techhypermart.com/notebooks/acer-predator-helios-18-ai-ph18-73-90z9-18-laptop-notebook-ultra-9-275hx-96gb-4tb-nv-rtx5090-w11h-off-h-s-off-365-basic-120hz-ai-chip | PC Image: https://store.pcimage.com.my/product/acer-predator-helios-18-ai-ph18-73-90z9-18-gaming-laptop-u9-275hx-96gb-ddr5-4tb-ssd-geforce-rtx5090-24gb-win11h-officehome24-365basic-2yw,https://www.techhypermart.com/image/cache/catalog/laptopnotebook/acer/PH18-73-90Z9-a-250x250.png,TechHypermart - Acer,,NV RTX5090,"96GB DDR5,","96GB DDR5,",,,,
NITRO-50-N50,"ACER Nitro 50 N50-660-225W11 Desktop PC (U5 225F, 8GB DDR5, 512GB SSD, RTX5060 8GB, Win11H, 3YW)",5499.00,"PC Image (RM 5,499.00)","PC Image: RM 5,499.00",1,https://store.pcimage.com.my/product/acer-nitro-50-n50-660-225w11-desktop-pc-u5-225f-8gb-ddr5-512gb-ssd-rtx5060-8gb-win11h-3yw,PC Image: https://store.pcimage.com.my/product/acer-nitro-50-n50-660-225w11-desktop-pc-u5-225f-8gb-ddr5-512gb-ssd-rtx5060-8gb-win11h-3yw,https://cdn1.sgliteasset.com/pcimagee/images/product/product-7483796/cached/xy28uwZy6a1561129bcde_1779786002_webstore_listing_image1.jpg,PC Image - ACER,,RTX5060,"8GB DDR5,","8GB DDR5,",,,,
NITRO-N50-656,"ACER Nitro N50-656-14400W11G Gaming Desktop PC (i5-14400F, 8GB DDR5, 512GB SSD, RTX3050 6GB, Win11H, OfficeHNS+M365,  3YW)",4199.00,"PC Image (RM 4,199.00)","PC Image: RM 4,199.00",1,https://store.pcimage.com.my/product/acer-nitro-n50-656-14400w11g-gaming-desktop-pc-i5-14400f-8gb-ddr5-512gb-ssd-rtx3050-6gb-win11h-officehns-m365-3y,PC Image: https://store.pcimage.com.my/product/acer-nitro-n50-656-14400w11g-gaming-desktop-pc-i5-14400f-8gb-ddr5-512gb-ssd-rtx3050-6gb-win11h-officehns-m365-3y,https://cdn1.sgliteasset.com/pcimagee/images/product/product-7483795/cached/En8BPzKb6a15610e867f5_1779785998_webstore_listing_image1.jpg,PC Image - ACER,"i5-14400F,",RTX3050,"8GB DDR5,","8GB DDR5,",,,,
ANV15-41-R0DZ,"ACER NITRO V15 ANV15-41-R0DZ R5-6600H/8G D5/512GB G4/RTX3050 6GB/15.6"" FHD IPS 165HZ/W11/HOME24/BLACK/2YW",3599.00,"PC Image (RM 3,599.00)","PC Image: RM 3,599.00",1,https://store.pcimage.com.my/product/acer-nitro-v15-anv15-41-r0dz-r5-6600h-8g-d5-5200-512gb-g4-rtx3050-6gb-15-6-fhd-ips-165hz-w11-home24-black-2yw,PC Image: https://store.pcimage.com.my/product/acer-nitro-v15-anv15-41-r0dz-r5-6600h-8g-d5-5200-512gb-g4-rtx3050-6gb-15-6-fhd-ips-165hz-w11-home24-black-2yw,https://cdn1.sgliteasset.com/pcimagee/images/product/product-7483771/cached/J68y8MBz6a1560e40cdb0_1779785956_webstore_listing_image1.jpg,PC Image - HP,,RTX3050,512GB G4,512GB G4,"15.6"" FHD",,,
ANV15-52-50XL,"ACER NITRO V15 ANV15-52-50XL CORE 5 210H/16GB D5-5200/512GB G4/RTX3050 6GB/15.6"" FHD/W11H/HOME24/BLACK/2YW",3599.00,"PC Image (RM 3,599.00)","PC Image: RM 3,599.00",1,https://store.pcimage.com.my/product/acer-nitro-v15-anv15-52-50xl-core-5-210h-16gb-d5-5200-512gb-g4-rtx3050-6gb-15-6-165hz-fhd-w11h-home24-2yw-1styitw-amber-backlit-black,PC Image: https://store.pcimage.com.my/product/acer-nitro-v15-anv15-52-50xl-core-5-210h-16gb-d5-5200-512gb-g4-rtx3050-6gb-15-6-165hz-fhd-w11h-home24-2yw-1styitw-amber-backlit-black,https://cdn1.sgliteasset.com/pcimagee/images/product/product-7483770/cached/A5RDXUFQ6a1560e3e9ab5_1779785956_webstore_listing_image1.jpg,PC Image - HP,,RTX3050,16GB D5-5200,16GB D5-5200,"15.6"" FHD",,,
ANV16S-71-715L,"ACER NITRO V16S ANV16S-71-715L GeForce RTX™ 55060 CORE 7 240H/16GB D5-5600/512GB G4/RTX5060 8GB/16"" WUXGA 180HZ/W11H/HNS24/2YW(1STYITW)/BLACK Gaming Laptop",5699.00,"PC Image (RM 5,699.00)","PC Image: RM 5,699.00",1,https://store.pcimage.com.my/product/acer-nitro-v16s-anv16s-71-715l-core-7-240h-16gb-d5-5600-512gb-g4-rtx5060-8gb-16-wuxga-180hz-w11h-hns24-2yw-1styitw-black-gaming-laptop,PC Image: https://store.pcimage.com.my/product/acer-nitro-v16s-anv16s-71-715l-core-7-240h-16gb-d5-5600-512gb-g4-rtx5060-8gb-16-wuxga-180hz-w11h-hns24-2yw-1styitw-black-gaming-laptop,https://cdn1.sgliteasset.com/pcimagee/images/product/product-7483767/cached/cJauiNhA6a1560df10d35_1779785951_webstore_listing_image1.jpg,PC Image - ACER,,RTX5060,16GB D5-5600,16GB D5-5600,"16"" WUXGA 180HZ",,,
ANV16S-71-58B0,"ACER NITRO V16S ANV16S-71-58B0 GeForce RTX™ 5060 CORE 5 210H/16GB D5-5600/512GB G4/RTX5060 8GB/16"" WUXGA 180HZ/W11H/HNS24/2YW(1STYITW)/BLACK Gaming Laptop",5199.00,"PC Image (RM 5,199.00)","PC Image: RM 5,199.00",1,https://store.pcimage.com.my/product/acer-nitro-v16s-anv16s-71-58b0-core-5-210h-16gb-d5-5600-512gb-g4-rtx5060-8gb-16-wuxga-180hz-w11h-hns24-2yw-1styitw-black,PC Image: https://store.pcimage.com.my/product/acer-nitro-v16s-anv16s-71-58b0-core-5-210h-16gb-d5-5600-512gb-g4-rtx5060-8gb-16-wuxga-180hz-w11h-hns24-2yw-1styitw-black,https://cdn1.sgliteasset.com/pcimagee/images/product/product-7483766/cached/lIgYEpsO6a1560da25bef_1779785946_webstore_listing_image1.jpg,PC Image - ACER,,RTX5060,16GB D5-5600,16GB D5-5600,"16"" WUXGA 180HZ",,,
ANV16S-41-R8T2,"ACER NITRO V16S ANV16S-41-R8T2 GeForce RTX™ 5050 R5 240/16GB D5-5600/512GB G4/RTX5050 8GB/16"" WUXGA 180HZ/W11H/HNS24/2YW(1STYITW)/BLACK Gaming Laptop",4499.00,"PC Image (RM 4,499.00)","PC Image: RM 4,499.00",1,https://store.pcimage.com.my/product/acer-nitro-v16s-anv16s-41-r8t2-r5-240-16gb-d5-5600-512gb-g4-rtx5050-8gb-16-wuxga-180hz-w11h-hns24-2yw-1styitw-black-gaming-laptop,PC Image: https://store.pcimage.com.my/product/acer-nitro-v16s-anv16s-41-r8t2-r5-240-16gb-d5-5600-512gb-g4-rtx5050-8gb-16-wuxga-180hz-w11h-hns24-2yw-1styitw-black-gaming-laptop,https://cdn1.sgliteasset.com/pcimagee/images/product/product-7483757/cached/Hc5yBaCl6a1560d4f0e78_1779785941_webstore_listing_image1.jpg,PC Image - ACER,R5 240,RTX5050,16GB D5-5600,16GB D5-5600,"16"" WUXGA 180HZ",,,
PHN16S-71-97UN,"ACER Predator Helios Neo 16S AI PHN16S-71-97UN GeForce RTX™ 5060 8GB (16"" Gaming Laptop Black (U9-275HX, 32GB DDR5, 1TB SSD, 16"" OLED 250HZ, Win11H, 2YW)",7599.00,"PC Image (RM 7,599.00)","PC Image: RM 7,599.00",1,https://store.pcimage.com.my/product/acer-predator-helios-neo-16s-ai-phn16s-71-97un-ultra-9-275hx-32gb-d5-5600-1tb-g4-extra-g4-rtx5060-8gb-16-oled-250hz-w11h-2yw-adp-black,PC Image: https://store.pcimage.com.my/product/acer-predator-helios-neo-16s-ai-phn16s-71-97un-ultra-9-275hx-32gb-d5-5600-1tb-g4-extra-g4-rtx5060-8gb-16-oled-250hz-w11h-2yw-adp-black,https://cdn1.sgliteasset.com/pcimagee/images/product/product-7483740/cached/FVVh5zBg6a1560b009d54_1779785904_webstore_listing_image1.jpg,PC Image - ACER,,,"8GB (16""","8GB (16""","16"" OLED 250HZ",,,
PH16-73-99FA,"ACER PREDATOR HELIOS 16 AI PH16-73-99FA/ULTRA 9 275HX/32GB D5-5600/1TB G4(EXTRA G4 SLOT)/RTX5070TI 12GB/16"" WQXGA 240HZ OLED/W11H/2YW+ADT/ADVANCED OPTIMUS/PER KEY RGB/BLACK",12999.00,"PC Image (RM 12,999.00)","PC Image: RM 12,999.00",1,https://store.pcimage.com.my/product/acer-predator-helios-16-ai-ph16-73-99fa-ultra-9-275hx-32gb-d5-5600-1tb-g4-extra-g4-slot-rtx5070ti-12gb-16-wqxga-240hz-oled-w11h-2yw-adt-adva,PC Image: https://store.pcimage.com.my/product/acer-predator-helios-16-ai-ph16-73-99fa-ultra-9-275hx-32gb-d5-5600-1tb-g4-extra-g4-slot-rtx5070ti-12gb-16-wqxga-240hz-oled-w11h-2yw-adt-adva,https://cdn1.sgliteasset.com/pcimagee/images/product/product-7483738/cached/DSuahQr76a1560ae6e083_1779785902_webstore_listing_image1.jpg,PC Image - ACER,,RTX5070TI,32GB D5-5600,32GB D5-5600,"16"" WQXGA 240HZ",,,
PHN16S-71-799J,"ACER Predator Helios NEO PHN16S-71-799J 16"" Gaming Laptop Black (U7 255HX, 16GB DDR5, 1TB SSD, GeForce RTX5070 8GB, 16"" WQXGA 240HZ OLED, Win11H, 2YW)",10699.00,"PC Image (RM 10,699.00)","PC Image: RM 10,699.00",1,https://store.pcimage.com.my/product/acer-predator-helios-neo-phn16s-71-799j-ultra-7-255hx-16gb-d5-5600-1tb-g4-extra-g4-slot-rtx5070-8gb-16-wqxga-240hz-oled-w11h-2yw-adp-nvidia-,PC Image: https://store.pcimage.com.my/product/acer-predator-helios-neo-phn16s-71-799j-ultra-7-255hx-16gb-d5-5600-1tb-g4-extra-g4-slot-rtx5070-8gb-16-wqxga-240hz-oled-w11h-2yw-adp-nvidia-,https://cdn1.sgliteasset.com/pcimagee/images/product/product-7483739/cached/tioonivV6a1560ae77d57_1779785902_webstore_listing_image1.jpg,PC Image Gaming,,RTX5070,"16GB DDR5,","16GB DDR5,","16"" WQXGA 240HZ",,,
PH16-73-93P0,"ACER Predator Helios 16 AI PH16-73-93P0 16"" Gaming Laptop Black (U9 275HX, 32GB DDR5, 2TB SSD, GeForce RTX5090 24GB, 16"" WQXGA 240Hz, Win11H, 2YW)",15999.00,"PC Image (RM 15,999.00)","PC Image: RM 15,999.00",1,https://store.pcimage.com.my/product/product-1754984609343acer-predator-helios-16-ai-ph16-73-93p0-core-ultra-9-275hx-32gb-d5-5600-2tb-g4-extra-slot-rtx5090-24gb-16-wqxga-240hz-w,PC Image: https://store.pcimage.com.my/product/product-1754984609343acer-predator-helios-16-ai-ph16-73-93p0-core-ultra-9-275hx-32gb-d5-5600-2tb-g4-extra-slot-rtx5090-24gb-16-wqxga-240hz-w,https://cdn1.sgliteasset.com/pcimagee/images/product/product-7483737/cached/q0Yt7dny6a1560ad5c367_1779785901_webstore_listing_image1.jpg,PC Image - ACER,,RTX5090,"32GB DDR5,","32GB DDR5,","16"" WQXGA 240Hz",,,
PHN16S-71-77TF,"ACER Predator Helios NEO 16S AI PHN16S-71-77TF Gaming Laptop Black (U7 255HX, 16GB DDR5, 1TB SSD, GeForce RTX5060 8GB, 16"" OLED 250HZ, Win11H, 2YW)",9699.00,"PC Image (RM 9,699.00)","PC Image: RM 9,699.00",1,https://store.pcimage.com.my/product/acer-predator-helios-neo-16s-ai-phn16s-71-77tf-gaming-laptop-black-u7-255hx-16gb-ddr5-1tb-ssd-rtx5060-8gb-16-oled-250hz-win11h-2yw,PC Image: https://store.pcimage.com.my/product/acer-predator-helios-neo-16s-ai-phn16s-71-77tf-gaming-laptop-black-u7-255hx-16gb-ddr5-1tb-ssd-rtx5060-8gb-16-oled-250hz-win11h-2yw,https://cdn1.sgliteasset.com/pcimagee/images/product/product-7483734/cached/5ZzhDrAh6a1560ab7b914_1779785899_webstore_listing_image1.jpg,PC Image - ACER,,RTX5060,"16GB DDR5,","16GB DDR5,","16"" OLED 250HZ",,,
ANV15-52-7287,"ACER Nitro V 15 ANV15-52-7287 15.6"" Laptop Black (C7-240H, 16GB DDR5, 512GB SSD, GeForce RTX4050 6GB, 15.6"" FHD 165HZ, Win11H, OfficeHome24, 2YW)",5399.00,"PC Image (RM 5,399.00)","PC Image: RM 5,399.00",1,https://store.pcimage.com.my/product/acer-nitro-v-15-anv15-52-7287-15-6-laptop-black-c7-240h-16gb-ddr5-512gb-ssd-rtx4050-6gb-15-6-fhd-165hz-win11h-officehome24-2yw,PC Image: https://store.pcimage.com.my/product/acer-nitro-v-15-anv15-52-7287-15-6-laptop-black-c7-240h-16gb-ddr5-512gb-ssd-rtx4050-6gb-15-6-fhd-165hz-win11h-officehome24-2yw,https://cdn1.sgliteasset.com/pcimagee/images/product/product-7483726/cached/WMJhFC7Q6a1560a1b99ef_1779785889_webstore_listing_image1.jpg,PC Image - ACER,,RTX4050,"16GB DDR5,","16GB DDR5,","15.6"" FHD 165HZ",,,
ANV15-52-5914,"ACER Nitro V 15 ANV15-52-5914 15.6"" Gaming Laptop Black (C5-210H, 16GB DDR5, 512GB SSD, GeForce RTX4050 6GB, 15.6"" FHD 165HZ, Win11H, OfficeHome24, 2YW)",4499.00,"PC Image (RM 4,499.00)","PC Image: RM 4,499.00",1,https://store.pcimage.com.my/product/acer-nitro-v-15-anv15-52-5914-15-6-gaming-laptop-black-c5-210h-16gb-ddr5-512gb-ssd-rtx4050-6gb-15-6-fhd-165hz-win11h-officehome24-2yw,PC Image: https://store.pcimage.com.my/product/acer-nitro-v-15-anv15-52-5914-15-6-gaming-laptop-black-c5-210h-16gb-ddr5-512gb-ssd-rtx4050-6gb-15-6-fhd-165hz-win11h-officehome24-2yw,https://cdn1.sgliteasset.com/pcimagee/images/product/product-7483725/cached/hwhjHqGu6a15609defda4_1779785886_webstore_listing_image1.jpg,PC Image - ACER,C5-210H,RTX4050,"16GB DDR5,","16GB DDR5,","15.6"" FHD 165HZ",,,
ANV15-52-78XQ,"ACER Nitro V15 ANV15-52-78XQ GeForce RTX™ 5050 15.6"" Gaming Laptop Black (i7-13620H, 16GB DDR4, 512GB SSD, GeForce RTX5050 6GB, 15.6"" FHD 180HZ, Win11H, officeHome24, 2YW)",5799.00,"PC Image (RM 5,799.00)","PC Image: RM 5,799.00",1,https://store.pcimage.com.my/product/acer-nitro-v15-anv15-52-78xq-i7-13620h-16gb-d4-3200-512gb-g4-rtx5050-6gb-15-6-fhd-180hz-w11h-home24-2yw-1styitw-amber-backlit-black,PC Image: https://store.pcimage.com.my/product/acer-nitro-v15-anv15-52-78xq-i7-13620h-16gb-d4-3200-512gb-g4-rtx5050-6gb-15-6-fhd-180hz-w11h-home24-2yw-1styitw-amber-backlit-black,https://cdn1.sgliteasset.com/pcimagee/images/product/product-7483720/cached/wV4wbJtY6a156097bd77a_1779785879_webstore_listing_image1.jpg,PC Image - ACER,"i7-13620H,",RTX5050,"16GB DDR4,","16GB DDR4,","15.6"" FHD 180HZ",,,
GU606A-WTB018WP,"ROG Zephyrus G16 OLED ( Ultra 9-386H/64GB/2TB/RTX5080/16"" 2.5K OLED 240HZ/W11H ) GU606A-WTB018WP",28999.00,"PC Image (RM 28,999.00)","PC Image: RM 28,999.00",1,https://store.pcimage.com.my/product/rog-zephyrus-g16-oled--ultra-9-386h64gb2tbrtx508016-25k-oled-240hzw11h--gu606a-wtb018w,PC Image: https://store.pcimage.com.my/product/rog-zephyrus-g16-oled--ultra-9-386h64gb2tbrtx508016-25k-oled-240hzw11h--gu606a-wtb018w,https://cdn1.sgliteasset.com/pcimagee/images/product/product-7481743/cached/2M3Nnio56a151056f0c29_1779765334_webstore_listing_image1.jpg,PC Image - Asus,,RTX5080,64GB,64GB,16 OLED,,,
GU606A-RTB128W,"ROG Zephyrus G16 OLED (ULTRA 9-385H/64GB/2TB/RTX5070TI/16"" 2.5K OLED 240HZ/W11H) GU606A-RTB128W",20599.00,"PC Image (RM 20,599.00)","PC Image: RM 20,599.00",1,https://store.pcimage.com.my/product/rog-zephyrus-g16-oled-ultra-9-385h64gb2tbrtx5070ti16-25k-oled-240hzw11h-gu606a-rtb128w,PC Image: https://store.pcimage.com.my/product/rog-zephyrus-g16-oled-ultra-9-385h64gb2tbrtx5070ti16-25k-oled-240hzw11h-gu606a-rtb128w,https://cdn1.sgliteasset.com/pcimagee/images/product/product-7466590/cached/q4l34xOe6a141031044e3_1779699761_webstore_listing_image1.jpg,PC Image - Asus,,RTX5070TI,64GB,64GB,16 OLED,,,
GU606A-XTB038WP,"ROG Zephyrus G16 ( ULTRA 9-385H/ 64GB/2TB/RTX5090 24GB/16"" 2.5K OLED 240HZ/W11H) GU606A-XTB038WP",30999.00,"PC Image (RM 30,999.00)","PC Image: RM 30,999.00",1,https://store.pcimage.com.my/product/rog-zephyrus-g16--ultra-9-385h-64gb2tbrtx5090-24gb16-25k-oled-240hzw11h-gu606a-xtb038w,PC Image: https://store.pcimage.com.my/product/rog-zephyrus-g16--ultra-9-385h-64gb2tbrtx5090-24gb16-25k-oled-240hzw11h-gu606a-xtb038w,https://cdn1.sgliteasset.com/pcimagee/images/product/product-7466405/cached/FBRqbesx6a140fada77c7_1779699629_webstore_listing_image1.jpg,PC Image - Asus,,RTX5090,64GB,64GB,"16"" 2.5K",,,
GU405A-WSY066W,"ROG Zephyrus G14 OLED ( ULTRA 9-385H/64GB/2TB/RTX5080 16GB/14"" 3K OLED 120HZ/W11) GU405A-WSY066W",26999.00,"PC Image (RM 26,999.00)","PC Image: RM 26,999.00",1,https://store.pcimage.com.my/product/rog-zephyrus-g14-oled--ultra-9-385h64gb2tbrtx5080-16gb14-3k-oled-120hzw11-gu405a-wsy066w,PC Image: https://store.pcimage.com.my/product/rog-zephyrus-g14-oled--ultra-9-385h64gb2tbrtx5080-16gb14-3k-oled-120hzw11-gu405a-wsy066w,https://cdn1.sgliteasset.com/pcimagee/images/product/product-7465906/cached/Y1hVdDF36a14004ada470_1779695690_webstore_listing_image1.jpg,PC Image - Asus,,RTX5080,64GB,64GB,14 OLED,,,
GU405A-RSY016WP,"ROG Zephyrus G14 OLED ( Ultra 9 -386H/32GB/1TB/RTX5070TI 12GB/14"" 3K OLED 120HZ/W11H) GU405A-RSY016WP",14599.00,"PC Image (RM 14,599.00)","PC Image: RM 14,599.00",1,https://store.pcimage.com.my/product/rog-zephyrus-g14-oled--ultra-9--386h32gb1tbrtx5070ti-12gb14-3k-oled-120hzw11h-gu405a-rsy016w,PC Image: https://store.pcimage.com.my/product/rog-zephyrus-g14-oled--ultra-9--386h32gb1tbrtx5070ti-12gb14-3k-oled-120hzw11h-gu405a-rsy016w,https://cdn1.sgliteasset.com/pcimagee/images/product/product-7465587/cached/N1whuQHY6a13f9afe76b5_1779693999_webstore_listing_image1.jpg,PC Image - Asus,,RTX5070TI,32GB,32GB,14 OLED,,,
83TN0066MJ,"LENOVO LOQ 15AHP11 83TN0066MJ R7 250/16GB/512GB/RTX5050 8GB/15.3"" WUXGA/W11H/HOME24+AI NOW/LUNA GREY/2YW",6099.00,"PC Image (RM 6,099.00)","PC Image: RM 6,099.00",1,https://store.pcimage.com.my/product/lenovo-loq-15ahp11-83tn0066mj-r7-250-16gb-512gb-rtx5050-8gb-15-3-wuxga-w11h-home24-ai-now-luna-grey-2yw,PC Image: https://store.pcimage.com.my/product/lenovo-loq-15ahp11-83tn0066mj-r7-250-16gb-512gb-rtx5050-8gb-15-3-wuxga-w11h-home24-ai-now-luna-grey-2yw,https://cdn1.sgliteasset.com/pcimagee/images/product/product-7411944/cached/ryN3xdXv6a1163c8e6718_1779524553_webstore_listing_image1.jpg,PC Image - Lenovo,R7 250,RTX5050,16GB,16GB,"15.3"" WUXGA",,,
83EY0080MJ,"LENOVO LEGION 9 18IAX10 83EY0080MJ CORE ULTRA 9 290HX PLUS/64GB/2TB/RTX5090 24GB/18"" WQUXGA/W11H/ECLIPSE BLACK/3YW",26999.00,"PC Image (RM 26,999.00)","PC Image: RM 26,999.00",1,https://store.pcimage.com.my/product/lenovo-legion-9-18iax10-83ey0080mj-core-ultra-9-290hx-plus-64gb-2tb-rtx5090-24gb-18-wquxga-w11h-eclipse-black-3yw,PC Image: https://store.pcimage.com.my/product/lenovo-legion-9-18iax10-83ey0080mj-core-ultra-9-290hx-plus-64gb-2tb-rtx5090-24gb-18-wquxga-w11h-eclipse-black-3yw,https://cdn1.sgliteasset.com/pcimagee/images/product/product-7411943/cached/7ObUJRAa6a1163c76c6cb_1779524551_webstore_listing_image1.jpg,PC Image - Lenovo,CORE ULTRA 9 290HX,RTX5090,64GB,64GB,,,,
83TN0065MJ,"LENOVO LOQ 15AHP11 83TN0065MJ R7 250/16GB/512GB/RTX5060 8GB/15.3"" WUXGA/W11H/HOME24+AI NOW/LUNA GREY/2YW",6499.00,"PC Image (RM 6,499.00)","PC Image: RM 6,499.00",1,https://store.pcimage.com.my/product/lenovo-loq-15ahp11-83tn0065mj-r7-250-16gb-512gb-rtx5060-8gb-15-3-wuxga-w11h-home24-ai-now-luna-grey-2yw,PC Image: https://store.pcimage.com.my/product/lenovo-loq-15ahp11-83tn0065mj-r7-250-16gb-512gb-rtx5060-8gb-15-3-wuxga-w11h-home24-ai-now-luna-grey-2yw,https://cdn1.sgliteasset.com/pcimagee/images/product/product-7411942/cached/N0U038IC6a1163c75bef8_1779524551_webstore_listing_image1.jpg,PC Image - Lenovo,R7 250,RTX5060,16GB,16GB,"15.3"" WUXGA",,,
83Q6005YMJ,"LENOVO LEGION 5 15AGP11 83Q6005YMJ R7 450 AI/16GB/512GB/RTX5050 8GB/15.3"" WQXGA OLED/W11H/GLACIWE WHITE/2YW",7799.00,"PC Image (RM 7,799.00)","PC Image: RM 7,799.00",1,https://store.pcimage.com.my/product/lenovo-legion-5-15agp11-83q6005ymj-r7-450-ai-16gb-512gb-rtx5050-8gb-15-3-wqxga-oled-w11h-glaciwe-white-2yw,PC Image: https://store.pcimage.com.my/product/lenovo-legion-5-15agp11-83q6005ymj-r7-450-ai-16gb-512gb-rtx5050-8gb-15-3-wqxga-oled-w11h-glaciwe-white-2yw,https://cdn1.sgliteasset.com/pcimagee/images/product/product-7411938/cached/xlD77Mxu6a1163c1a9367_1779524545_webstore_listing_image1.jpg,PC Image - Lenovo,R7 450,RTX5050,16GB,16GB,"15.3"" WQXGA",,,
83DV01JTMJ,"LENOVO LOQ 15IRX9 83DV01JTMJ I5-13450HX/16GB/512GB/RTX3050 6GB/15.6"" FHD/W11H/LUNA GREY/2YW",4499.00,"PC Image (RM 4,499.00)","PC Image: RM 4,499.00",1,https://store.pcimage.com.my/product/lenovo-loq-15irx9-83dv01jtmj-i5-13450hx-16gb-512gb-rtx3050-6gb-15-6-fhd-w11h-luna-grey-2yw,PC Image: https://store.pcimage.com.my/product/lenovo-loq-15irx9-83dv01jtmj-i5-13450hx-16gb-512gb-rtx3050-6gb-15-6-fhd-w11h-luna-grey-2yw,https://cdn1.sgliteasset.com/pcimagee/images/product/product-7411931/cached/fU0aCFMj6a1163bf1fe97_1779524543_webstore_listing_image1.jpg,PC Image - Lenovo,I5-13450HX,RTX3050,16GB,16GB,"15.6"" FHD",,,
83Q6005XMJ,"LENOVO LEGION 5 15AGP11 83Q6005XMJ R7 450 AI/16GB/512G4/RTX5060 8GB/15.3"" WQXGA OLED/W11H/GLACIWE WHITE/2YW",7999.00,"PC Image (RM 7,999.00)","PC Image: RM 7,999.00",1,https://store.pcimage.com.my/product/lenovo-legion-5-15agp11-83q6005xmj-r7-450-ai-16gb-512g4-rtx5060-8gb-15-3-wqxga-oled-w11h-glaciwe-white-2yw,PC Image: https://store.pcimage.com.my/product/lenovo-legion-5-15agp11-83q6005xmj-r7-450-ai-16gb-512g4-rtx5060-8gb-15-3-wqxga-oled-w11h-glaciwe-white-2yw,https://cdn1.sgliteasset.com/pcimagee/images/product/product-7411929/cached/D7GnUo1N6a1163beaa88e_1779524542_webstore_listing_image1.jpg,PC Image - Lenovo,R7 450,RTX5060,16GB,16GB,"15.3"" WQXGA",,,
83F500PXMJ,"LENOVO LEGION PRO 7 16IAX10H 83F500PXMJ CORE ULTRA 9 290HX PLUS/16GB*2 D5-6400/1TB G4/RTX5070 TI 12GB/16"" WQXGA OLED/W11H/ECLIPSE BLACK/3YW",14599.00,"PC Image (RM 14,599.00)","PC Image: RM 14,599.00",1,https://store.pcimage.com.my/product/lenovo-legion-pro-7-16iax10h-83f500pxmj-core-ultra-9-290hx-plus-16gb-2-d5-6400-1tb-g4-rtx5070-ti-12gb-16-wqxga-oled-w11h-eclipse-black-3yw,PC Image: https://store.pcimage.com.my/product/lenovo-legion-pro-7-16iax10h-83f500pxmj-core-ultra-9-290hx-plus-16gb-2-d5-6400-1tb-g4-rtx5070-ti-12gb-16-wqxga-oled-w11h-eclipse-black-3yw,https://cdn1.sgliteasset.com/pcimagee/images/product/product-7411928/cached/57LxmCI26a1163beaa76a_1779524542_webstore_listing_image1.jpg,PC Image - Lenovo,CORE ULTRA 9 290HX,RTX5070,16GB*2,16GB*2,"16"" WQXGA",,,
83RW001XMJ,"Legion 5i (15"", Gen 11)",7589.88,"Lenovo Official (RM 7,589.88)","Lenovo Official: RM 7,589.88 | PC Image: RM 7,699.00",2,https://www.lenovo.com/my/en/p/laptops/legion-laptops/legion-series/legion-5i-gen-11-15-inch-intel/83rw001xmj,Lenovo Official: https://www.lenovo.com/my/en/p/laptops/legion-laptops/legion-series/legion-5i-gen-11-15-inch-intel/83rw001xmj | PC Image: https://store.pcimage.com.my/product/lenovo-legion-5-15iph11-83rw001xmj-core-ultra-7-356h-16gb-d5-5600-1tb-g4-rtx5060-8gb-15-3-wqxga-w11h-eclipse-black-2yw,https://p3-ofp.static.pub/ShareResource/optimized/pdp/legion/legion-5-series/len101g0050/lenovo-legion-5i-gen-11-15-intel-pdp-gallery-1.4110b84470e37084.png,Lenovo Official,Intel® Core™ Ultra 7 356H Processor (E-cores up to 3.50 GHz P-cores up to 4.70 GHz),NVIDIA® Geforce RTX™ 5060 Laptop GPU 8GB GDDR7,16 GB DDR5-5600MT/s (SODIMM),1 TB SSD M.2 2242 PCIe Gen4 TLC,"15.3"" WQXGA (2560 x 1600), OLED, Glare, Non-Touch, HDR 1000 True Black, 100%DCI-P3, 500 nits, 165 Hz",,,"OS: Windows 11 Home 64 | Warranty: 2 Year Legion Ultimate Support | The Lenovo Legion 5 features a 15.3"" WQXGA OLED display with 165Hz refresh rate for stunning visuals and smooth gameplay. Powered by an Intel® Core™ Ultra 7 processor and NVIDIA® Geforce RTX™ 5060 GPU, it delivers top-notch performance for gamers. With 16GB DDR5 memory, 1TB SSD storage, and Wi-Fi 7, it ensures fast multitasking and connectivity."
83Q7002UMJ,"LENOVO LEGION 5 15AHP11 83Q7002UMJ R7 250/16GB D5-5600/512GB G4/RTX5060 8GB/15.3"" WQXGA OLED/W11H+AI NOW/ECLIPSE BLACK/2YW",6199.00,"PC Image (RM 6,199.00)","PC Image: RM 6,199.00",1,https://store.pcimage.com.my/product/lenovo-legion-5-15ahp11-83q7002umj-r7-250-16gb-d5-5600-512gb-g4-rtx5060-8gb-15-3-wqxga-oled-w11h-ai-now-eclipse-black-2yw,PC Image: https://store.pcimage.com.my/product/lenovo-legion-5-15ahp11-83q7002umj-r7-250-16gb-d5-5600-512gb-g4-rtx5060-8gb-15-3-wqxga-oled-w11h-ai-now-eclipse-black-2yw,https://cdn1.sgliteasset.com/pcimagee/images/product/product-7411913/cached/kBy78dRm6a1163af93a9b_1779524527_webstore_listing_image1.jpg,PC Image - Lenovo,R7 250,RTX5060,16GB D5-5600,16GB D5-5600,"15.3"" WQXGA",,,
83S000CCMJ,"LENOVO LOQ 15ARP10E 83S000CCMJ R7-7735HS/16GB D5-4800/512GB G4/RTX3050 6GB/15.6"" FHD/W11H/HOME24/LUNA GREY/2YW",3899.00,"PC Image (RM 3,899.00)","PC Image: RM 3,899.00",1,https://store.pcimage.com.my/product/lenovo-loq-15arp10e-83s000ccmj-r7-7735hs-16gb-d5-4800-512gb-g4-rtx3050-6gb-15-6-fhd-w11h-home24-luna-grey-2yw,PC Image: https://store.pcimage.com.my/product/lenovo-loq-15arp10e-83s000ccmj-r7-7735hs-16gb-d5-4800-512gb-g4-rtx3050-6gb-15-6-fhd-w11h-home24-luna-grey-2yw,https://cdn1.sgliteasset.com/pcimagee/images/product/product-7411895/cached/amHDgF5u6a1163a17856f_1779524513_webstore_listing_image1.jpg,PC Image - Lenovo,,RTX3050,16GB D5-4800,16GB D5-4800,"15.6"" FHD",,,
83F0008RMJ,"LENOVO LEGION 5 15IAX10 83F0008RMJ CORE ULTRA 7 255HX/16GB D5/1TB G4/RTX5060 8GB GDDR7/15.1"" WQXGA/LENOVO AI NOW/W11H/ECLIPSE BLACK/2YW",7599.00,"PC Image (RM 7,599.00)","PC Image: RM 7,599.00",1,https://store.pcimage.com.my/product/lenovo-legion-5-15iax10-83f0008rmj-core-ultra-7-255hx-16gb-d5-1tb-g4-rtx5060-8gb-gddr7-15-1-wqxga-lenovo-ai-now-w11h-eclipse-black-2yw,PC Image: https://store.pcimage.com.my/product/lenovo-legion-5-15iax10-83f0008rmj-core-ultra-7-255hx-16gb-d5-1tb-g4-rtx5060-8gb-gddr7-15-1-wqxga-lenovo-ai-now-w11h-eclipse-black-2yw,https://cdn1.sgliteasset.com/pcimagee/images/product/product-7411874/cached/rmlrr8mw6a11639516f4d_1779524501_webstore_listing_image1.jpg,PC Image - Lenovo,CORE ULTRA 7 255HX,RTX5060,16GB D5,16GB D5,"15.1"" WQXGA",,,
83F0008QMJ,"LENOVO LEGION 5 15IAX10 83F0008QMJ CORE ULTRA 9 275HX/2*16GB D5-5600/1TB G4/RTX5070 8GB/15.1"" WQXGA/LENOVO AI NOW/W11H/ECLIPSE BLACK/2YW",8999.00,"PC Image (RM 8,999.00)","PC Image: RM 8,999.00 | Lenovo Official: RM 9,435.14",2,https://store.pcimage.com.my/product/lenovo-legion-5-15iax10-83f0008qmj-core-ultra-9-275hx-2-16gb-d5-5600-1tb-g4-rtx5070-8gb-15-1-wqxga-lenovo-ai-now-w11h-eclipse-black-2yw,PC Image: https://store.pcimage.com.my/product/lenovo-legion-5-15iax10-83f0008qmj-core-ultra-9-275hx-2-16gb-d5-5600-1tb-g4-rtx5070-8gb-15-1-wqxga-lenovo-ai-now-w11h-eclipse-black-2yw | Lenovo Official: https://www.lenovo.com/my/en/p/laptops/legion-laptops/legion-series/lenovo-legion-5i-gen-10-15-inch-intel/83f0008qmj,https://cdn1.sgliteasset.com/pcimagee/images/product/product-7411873/cached/US10KTki6a1163949a06a_1779524500_webstore_listing_image1.jpg,PC Image - Lenovo,Intel® Core™ Ultra 9 275HX Processor (E-cores up to 4.60 GHz P-cores up to 5.40 GHz),NVIDIA® Geforce RTX™ 5070 Laptop GPU 8GB GDDR7,32 GB DDR5-5600MT/s (SODIMM)(2 x 16 GB),1 TB SSD M.2 2242 PCIe Gen4 TLC,"15.1"" WQXGA (2560 x 1600), OLED, Glare, Non-Touch, HDR 600 True Black, 100%DCI-P3, 500 nits, 165 Hz",,,
83LK00C2MJ,"LENOVO LOQ 15IAX9E-83LK00C2MJ 15.6"" Laptop Luna Grey (i5-12450HX, 16GB DDR5-4800, 512GB SSD, RTX3050 6GB, 15.6"" FHD IPS, Win11, OfficeHome24, 2YW)",3699.00,"PC Image (RM 3,699.00)","PC Image: RM 3,699.00",1,https://store.pcimage.com.my/product/lenovo-loq-15iax9e-83lk00c2mj-i5-12450hx-16gb-d5-4800-512gb-g4-rtx3050-6gb-15-6-fhd-w11-home24-2yw-white-backlit-luna-grey,PC Image: https://store.pcimage.com.my/product/lenovo-loq-15iax9e-83lk00c2mj-i5-12450hx-16gb-d5-4800-512gb-g4-rtx3050-6gb-15-6-fhd-w11-home24-2yw-white-backlit-luna-grey,https://cdn1.sgliteasset.com/pcimagee/images/product/product-7411866/cached/mMjsClOz6a11639295a51_1779524498_webstore_listing_image1.jpg,PC Image - Lenovo,"i5-12450HX,",RTX3050,"16GB DDR5-4800,","16GB DDR5-4800,","15.6"" FHD",,,
83F500JEMJ,"LENOVO LEGION PRO 7 16IAX10H 83F500JEMJ/CORE ULTRA 9 275HX/2*16GB DDR5/1TB SSD/RTX5070TI 12GB/16"" WQXGA OLED 240HZ/W11H/ECLIPSE BLACK/3YW",14599.00,"PC Image (RM 14,599.00)","PC Image: RM 14,599.00",1,https://store.pcimage.com.my/product/lenovo-legion-pro-7-16iax10h-83f500jemj-core-ultra-9-275hx-2-16gb-d5-6400-1tb-ssd-g4-rtx5070ti-12gb-16-wqxga-oled-240hz-w11h-ai-now-per-key-,PC Image: https://store.pcimage.com.my/product/lenovo-legion-pro-7-16iax10h-83f500jemj-core-ultra-9-275hx-2-16gb-d5-6400-1tb-ssd-g4-rtx5070ti-12gb-16-wqxga-oled-240hz-w11h-ai-now-per-key-,https://cdn1.sgliteasset.com/pcimagee/images/product/product-7411859/cached/suZ4NHij6a11638f99422_1779524495_webstore_listing_image1.jpg,PC Image - Lenovo,CORE ULTRA 9 275HX,RTX5070TI,16GB DDR5,16GB DDR5,"16"" WQXGA",,,
83SC004UMJ,"LENOVO LOQ ESSENTIAL 15IRX11 83SC004UMJ/I5-13450HX/16GB DDR5/512GB G4/RTX5050 8GB/15.6"" FHD/W11H/WHITE BACKLIT/LUNA GREY/2YW",4799.00,"PC Image (RM 4,799.00)","PC Image: RM 4,799.00",1,https://store.pcimage.com.my/product/lenovo-loq-essential-15irx11-83sc004umj-i5-13450hx-16gb-ddr5-512gb-g4-rtx5050-8gb-15-6-fhd-w11h-white-backlit-luna-grey-2yw,PC Image: https://store.pcimage.com.my/product/lenovo-loq-essential-15irx11-83sc004umj-i5-13450hx-16gb-ddr5-512gb-g4-rtx5050-8gb-15-6-fhd-w11h-white-backlit-luna-grey-2yw,https://cdn1.sgliteasset.com/pcimagee/images/product/product-7411839/cached/InsVxNIQ6a11637f04d57_1779524479_webstore_listing_image1.jpg,PC Image - Lenovo,I5-13450HX,RTX5050,16GB DDR5,16GB DDR5,"15.6"" FHD",,,
83S00044MJ,"LENOVO LOQ 15ARP10E 83S00044MJ /R7-7735HS/16GB/512GB /RTX4050 6GB/15.6"" FHD/W11H/HOME24/LUNA GREY/2YW",4499.00,"PC Image (RM 4,499.00)","PC Image: RM 4,499.00",1,https://store.pcimage.com.my/product/lenovo-loq-15arp10e-83s00044mj-r7-7735hs-16gb-512gb-rtx4050-6gb-15-6-fhd-w11h-home24-luna-grey-2yw,PC Image: https://store.pcimage.com.my/product/lenovo-loq-15arp10e-83s00044mj-r7-7735hs-16gb-512gb-rtx4050-6gb-15-6-fhd-w11h-home24-luna-grey-2yw,https://cdn1.sgliteasset.com/pcimagee/images/product/product-7411838/cached/AQ4aY9UI6a11637a4f689_1779524474_webstore_listing_image1.jpg,PC Image - Lenovo,,RTX4050,16GB,16GB,"15.6"" FHD",,,
83DV019GMJ,"LENOVO LOQ 15IRX9 83DV019GMJ 15.6"" Gaming Laptop (i7-13650HX, 16GB DDR5, 512GB SSD, RTX4050 6GB, 15.6"" FHD 144HZ, Win11H, OfficeHome24, 2YW, Luna Grey)",4999.00,"PC Image (RM 4,999.00)","PC Image: RM 4,999.00",1,https://store.pcimage.com.my/product/lenovo-loq-15irx9-83dv019gmj-i7-13650hx-16gb-d5-4800-512gb-g4-extra-g4-rtx4050-6gb-15-6-fhd-144hz-w11h-home24-2yw-white-backlit-luna-grey,PC Image: https://store.pcimage.com.my/product/lenovo-loq-15irx9-83dv019gmj-i7-13650hx-16gb-d5-4800-512gb-g4-extra-g4-rtx4050-6gb-15-6-fhd-144hz-w11h-home24-2yw-white-backlit-luna-grey,https://cdn1.sgliteasset.com/pcimagee/images/product/product-7411828/cached/aaQlfw7J6a1163725a3ac_1779524466_webstore_listing_image1.jpg,PC Image - Lenovo,"i7-13650HX,",RTX4050,"16GB DDR5,","16GB DDR5,","15.6"" FHD 144HZ",,,
83DV01BTMJ,"Lenovo LOQ 15IRX9 83DV01BTMJ 15.6'' FHD IPS 144Hz Gaming Laptop Luna Grey (i5-13450HX, 16GB, 512GB SSD, RTX4050 6GB, Win11H)",4499.00,"PC Image (RM 4,499.00)","PC Image: RM 4,499.00",1,https://store.pcimage.com.my/product/lenovo-loq-15irx9-83dv01btmj-15-6-fhd-ips-144hz-gaming-laptop-luna-grey-i5-13450hx-16gb-512gb-ssd-rtx4050-6gb-w11-hs,PC Image: https://store.pcimage.com.my/product/lenovo-loq-15irx9-83dv01btmj-15-6-fhd-ips-144hz-gaming-laptop-luna-grey-i5-13450hx-16gb-512gb-ssd-rtx4050-6gb-w11-hs,https://cdn1.sgliteasset.com/pcimagee/images/product/product-7411826/cached/BeWNI8VU6a1163714279c_1779524465_webstore_listing_image1.jpg,PC Image - Lenovo,"i5-13450HX,",RTX4050,"16GB,","16GB,",15.6,,,
83F1004MMJ,"LENOVO LEGION 5 15AKP10 83F1004MMJ AI R7-350/2*16GB D5-5600/1TB G4(EXTRA SLOT)/RTX5060 8GB/15.1"" WQXGA OLED 165HZ/W11/LENOVO AI NOW/2YWUS/24-ZONE RGB BACKLIT/ECLIPSE BLACK GAMING LAPTOP",7399.00,"PC Image (RM 7,399.00)","PC Image: RM 7,399.00",1,https://store.pcimage.com.my/product/lenovo-legion-5-15akp10-83f1004mmj-ai-r7-350-2-16gb-d5-5600-1tb-g4-extra-slot-rtx5060-8gb-15-1-wqxga-oled-165hz-w11-lenovo-ai-now-2ywus-24-z,PC Image: https://store.pcimage.com.my/product/lenovo-legion-5-15akp10-83f1004mmj-ai-r7-350-2-16gb-d5-5600-1tb-g4-extra-slot-rtx5060-8gb-15-1-wqxga-oled-165hz-w11-lenovo-ai-now-2ywus-24-z,https://cdn1.sgliteasset.com/pcimagee/images/product/product-7411817/cached/Rt6VFDKC6a116360cb0f2_1779524448_webstore_listing_image1.jpg,PC Image - Lenovo,,RTX5060,16GB D5-5600,16GB D5-5600,"15.1"" WQXGA",,,
83JE00TQMJ,"LENOVO LOQ 15IRX10 83JE00TQMJ/I7-14700HX/16GB D5-5600/512GB G4(EXTRA G4)/RTX5050 8GB/15.6"" FHD 144HZ/W11H/HOME24+AI NOW/2YWPC/24-ZONE RGB BACKLIT/LUNA GREY GAMING LAPTOP",5699.00,"PC Image (RM 5,699.00)","PC Image: RM 5,699.00",1,https://store.pcimage.com.my/product/lenovo-loq-15irx10-83je00tqmj-i7-14700hx-16gb-d5-5600-512gb-g4-extra-g4-rtx5050-8gb-15-6-fhd-144hz-w11h-home24-ai-now-2ywpc-24-zone-rgb-back,PC Image: https://store.pcimage.com.my/product/lenovo-loq-15irx10-83je00tqmj-i7-14700hx-16gb-d5-5600-512gb-g4-extra-g4-rtx5050-8gb-15-6-fhd-144hz-w11h-home24-ai-now-2ywpc-24-zone-rgb-back,https://cdn1.sgliteasset.com/pcimagee/images/product/product-7411816/cached/A2f6sIOM6a1163605728b_1779524448_webstore_listing_image1.jpg,PC Image - Lenovo,I7-14700HX,RTX5050,16GB D5-5600,16GB D5-5600,"15.6"" FHD 144HZ",,,
83F1004LMJ,"LENOVO LEGION 5 15AKP10 83F1004LMJ AI R7-350/2*16GB D5-5600/1TB G4(EXTRA SLOT)/RTX5070 8GB/15.1"" WQXGA OLED 165HZ/W11/LENOVO AI NOW/2YWUS/24-ZONE RGB BACKLIT/ECLIPSE BLACK GAMING LAPTOP",7999.00,"PC Image (RM 7,999.00)","PC Image: RM 7,999.00",1,https://store.pcimage.com.my/product/lenovo-legion-5-15akp10-83f1004lmj-ai-r7-350-2-16gb-d5-5600-1tb-g4-extra-slot-rtx5070-8gb-15-1-wqxga-oled-165hz-w11-lenovo-ai-now-2ywus-24-z,PC Image: https://store.pcimage.com.my/product/lenovo-legion-5-15akp10-83f1004lmj-ai-r7-350-2-16gb-d5-5600-1tb-g4-extra-slot-rtx5070-8gb-15-1-wqxga-oled-165hz-w11-lenovo-ai-now-2ywus-24-z,https://cdn1.sgliteasset.com/pcimagee/images/product/product-7411813/cached/V03eEElS6a11635f078bd_1779524447_webstore_listing_image1.jpg,PC Image - Lenovo,,RTX5070,16GB D5-5600,16GB D5-5600,"15.1"" WQXGA",,,
83JH008VMJ,"LENOVO LOQ 17IRX10 83JH008VMJ I7-14700HX/16GB D5-5600/512GB G4(EXTRA G4)/RTX5060 8GB/17.3"" FHD 165HZ/W11H/2YWPC/24 ZONE RGB BACKLIT/LUNA GREY GAMING LAPTOP",6299.00,"PC Image (RM 6,299.00)","PC Image: RM 6,299.00",1,https://store.pcimage.com.my/product/lenovo-loq-17irx10-83jh008vmj-i7-14700hx-16gb-d5-5600-512gb-g4-extra-g4-rtx5060-8gb-17-3-fhd-165hz-w11h-2ywpc-24-zone-rgb-backlit-luna-grey-,PC Image: https://store.pcimage.com.my/product/lenovo-loq-17irx10-83jh008vmj-i7-14700hx-16gb-d5-5600-512gb-g4-extra-g4-rtx5060-8gb-17-3-fhd-165hz-w11h-2ywpc-24-zone-rgb-backlit-luna-grey-,https://cdn1.sgliteasset.com/pcimagee/images/product/product-7411801/cached/1HGPHlfc6a11634f1001e_1779524431_webstore_listing_image1.jpg,PC Image - Lenovo,I7-14700HX,RTX5060,16GB D5-5600,16GB D5-5600,"17.3"" FHD 165HZ",,,
83JE00W3MJ,"LENOVO LOQ 15IRX10 83JE00W3MJ/I7-14700HX/16GB D5-5600/512GB G4/RTX5060 8GB/15.6"" FHD/W11H/HOME24/2YWPC/24-ZONE RGB/LUNA GREY GAMING LAPTOP",6099.00,"PC Image (RM 6,099.00)","PC Image: RM 6,099.00",1,https://store.pcimage.com.my/product/lenovo-loq-15irx10-83je00w3mj-i7-14700hx-16gb-d5-5600-512gb-g4-rtx5060-8gb-15-6-fhd-w11h-home24-2ywpc-24-zone-rgb-luna-grey-gaming-laptop,PC Image: https://store.pcimage.com.my/product/lenovo-loq-15irx10-83je00w3mj-i7-14700hx-16gb-d5-5600-512gb-g4-rtx5060-8gb-15-6-fhd-w11h-home24-2ywpc-24-zone-rgb-luna-grey-gaming-laptop,https://cdn1.sgliteasset.com/pcimagee/images/product/product-7411798/cached/JOKa6XOs6a11634d8c8ef_1779524429_webstore_listing_image1.jpg,PC Image - Lenovo,I7-14700HX,RTX5060,16GB D5-5600,16GB D5-5600,"15.6"" FHD",,,
83LY004DMJ,"LENOVO Legion 5 15IRX10-83LY004DMJ 15.1"" Gaming Laptop Eclipse Black (i7-14700HX, 16GB DDR5, 1TB SSD, GeForce RTX5060 8GB, 15.1"" WQXGA OLED, Win11H, 2YW)",7199.00,"PC Image (RM 7,199.00)","PC Image: RM 7,199.00",1,https://store.pcimage.com.my/product/lenovo-legion-5-15irx10-83ly004dmj-15-1-gaming-laptop-eclipse-black-i7-14700hx-16gb-ddr5-1tb-ssd-geforce-rtx5060-8gb-15-1-wqxga-oled-win11h-,PC Image: https://store.pcimage.com.my/product/lenovo-legion-5-15irx10-83ly004dmj-15-1-gaming-laptop-eclipse-black-i7-14700hx-16gb-ddr5-1tb-ssd-geforce-rtx5060-8gb-15-1-wqxga-oled-win11h-,https://cdn1.sgliteasset.com/pcimagee/images/product/product-7411795/cached/nlsOKnNr6a11634a561cb_1779524426_webstore_listing_image1.jpg,PC Image - Lenovo,"i7-14700HX,",RTX5060,"16GB DDR5,","16GB DDR5,","15.1"" WQXGA",,,
83F5004VMJ,"Legion Pro 7i (16″, Gen 10)",14136.22,"Lenovo Official (RM 14,136.22)","Lenovo Official: RM 14,136.22 | PC Image: RM 15,999.00",2,https://www.lenovo.com/my/en/p/laptops/legion-laptops/legion-pro-series/legion-pro-7i-gen-10-16-inch-intel/83f5004vmj,Lenovo Official: https://www.lenovo.com/my/en/p/laptops/legion-laptops/legion-pro-series/legion-pro-7i-gen-10-16-inch-intel/83f5004vmj | PC Image: https://store.pcimage.com.my/product/lenovo-legion-pro-7-16iax10h-83f5004vmj-16-gaming-laptop-eclipse-black-u9-275hx-32gb-ddr5-1tb-ssd-rtx5080-16gb-16-wqxga-oled-win11h-3yw,https://p1-ofp.static.pub//fes/cms/2025/10/12/cq22o5msdad5to7arfxsmmf6bsu6n4599010.png,Lenovo Official,Intel® Core™ Ultra 9 275HX Processor (E-cores up to 4.60 GHz P-cores up to 5.40 GHz),NVIDIA® Geforce RTX™ 5080 Laptop GPU 16GB GDDR7,32 GB DDR5-6400MT/s (CSODIMM)(2 x 16 GB),1 TB SSD M.2 2242 PCIe Gen4 TLC,"16"" WQXGA (2560 x 1600), OLED, Glare, Non-Touch, HDR 1000 True Black, 100%DCI-P3, 500 nits, 240 Hz, Low Blue Light",,,"OS: Windows 11 Home Single Language 64 | Warranty: 3 Year Legion Ultimate Support | The Lenovo Legion Pro 7 is a high-performance gaming laptop with an Intel® Core™ Ultra 9 processor and NVIDIA® Geforce RTX™ 5080 GPU. It features a stunning 16"" WQXGA OLED display with 240Hz refresh rate, 32GB DDR5 memory, 1TB SSD storage, and Wi-Fi 7 connectivity."
83JC00HSMJ,"LENOVO LOQ 15ARP9-83JC00HSMJ 15.6"" Laptop Luna Grey (R5-7235HS, 12GB DDR5, 512GB SSD, RTX3050 6GB, 15.6"" FHD IPS, Win11H, OfficeHome24, 2YW)",3299.00,"PC Image (RM 3,299.00)","PC Image: RM 3,299.00",1,https://store.pcimage.com.my/product/lenovo-loq-15arp9-83jc00hsmj-15-6-laptop-luna-grey-r5-7235hs-12gb-ddr5-512gb-ssd-rtx3050-6gb-15-6-fhd-ips-win11h-officehome24-2yw,PC Image: https://store.pcimage.com.my/product/lenovo-loq-15arp9-83jc00hsmj-15-6-laptop-luna-grey-r5-7235hs-12gb-ddr5-512gb-ssd-rtx3050-6gb-15-6-fhd-ips-win11h-officehome24-2yw,https://cdn1.sgliteasset.com/pcimagee/images/product/product-7411778/cached/9V4POXTa6a11633a3514c_1779524410_webstore_listing_image1.jpg,PC Image - Lenovo,,RTX3050,"12GB DDR5,","12GB DDR5,","15.6"" FHD",,,
83F3002PMJ,"LENOVO Legion Pro 5I 16IAX10-83F3002PMJ 16"" Gaming Laptop Eclipse Black (U9-275HX, 32GB DDR5, 1TB SSD, GeForce RTX5070 8GB, 16"" WQXGA OLED, Win11H, 2YW)",9799.00,"PC Image (RM 9,799.00)","PC Image: RM 9,799.00 | Lenovo Official: RM 10,077.49",2,https://store.pcimage.com.my/product/lenovo-legion-pro-5i-16iax10-83f3002pmj-16-gaming-laptop-eclipse-black-u9-275hx-32gb-ddr5-1tb-ssd-geforce-rtx5070-8gb-16-wqxga-oled-win11h-2,PC Image: https://store.pcimage.com.my/product/lenovo-legion-pro-5i-16iax10-83f3002pmj-16-gaming-laptop-eclipse-black-u9-275hx-32gb-ddr5-1tb-ssd-geforce-rtx5070-8gb-16-wqxga-oled-win11h-2 | Lenovo Official: https://www.lenovo.com/my/en/p/laptops/legion-laptops/legion-pro-series/legion-pro-5i-gen-10-16-inch-intel/83f3002pmj,https://cdn1.sgliteasset.com/pcimagee/images/product/product-7411761/cached/N2adtPWX6a11632b2f573_1779524395_webstore_listing_image1.jpg,PC Image - Lenovo,Intel® Core™ Ultra 9 275HX Processor (E-cores up to 4.60 GHz P-cores up to 5.40 GHz),NVIDIA® Geforce RTX™ 5070 Laptop GPU 8GB GDDR7,32 GB DDR5-5600MT/s (SODIMM)(2 x 16 GB),1 TB SSD M.2 2242 PCIe Gen4 TLC,"16"" WQXGA (2560 x 1600), OLED, Glare, Non-Touch, HDR 1000 True Black, 100%DCI-P3, 500 nits, 165 Hz, Low Blue Light",,,
83F3002QMJ,"LENOVO Legion Pro 5I 16IAX10-83F3002QMJ NVIDIA® GeForce RTX™ 5060 8GB/16""Gaming Laptop Eclipse Black (U7-255HX, 16GB DDR5, 1TB SSD, GeForce RTX5060 8GB, 16"" WQXGA OLED, Win11H, 2YW)",8399.00,"PC Image (RM 8,399.00)","PC Image: RM 8,399.00",1,https://store.pcimage.com.my/product/lenovo-legion-pro-5i-16iax10-83f3002qmj-16-gaming-laptop-eclipse-black-u7-255hx-16gb-ddr5-1tb-ssd-rtx5060-8gb-16-wqxga-oled-win11h-2yw,PC Image: https://store.pcimage.com.my/product/lenovo-legion-pro-5i-16iax10-83f3002qmj-16-gaming-laptop-eclipse-black-u7-255hx-16gb-ddr5-1tb-ssd-rtx5060-8gb-16-wqxga-oled-win11h-2yw,https://cdn1.sgliteasset.com/pcimagee/images/product/product-7411762/cached/Li4PkL2U6a11632b9d4c2_1779524395_webstore_listing_image1.jpg,PC Image - Lenovo,,RTX5060,8GB,8GB,"16"" WQXGA",,,
83LY004EMJ,"LENOVO Legion 5 15IRX10-83LY004EMJ GeForce RTX™ 5070 8GB 15.1"" Laptop Eclipse Black (i9-14900HX, 32GB DDR5, 1TB SSD, 15.1"" WQXGA OLED, Win11H, 2YW)",8599.00,"PC Image (RM 8,599.00)","PC Image: RM 8,599.00",1,https://store.pcimage.com.my/product/lenovo-legion-5-15irx10-83ly004emj-15-1-laptop-eclipse-black-i9-14900hx-32gb-ddr5-1tb-ssd-rtx5070-8gb-15-1-wqxga-oled-win11h-2yw,PC Image: https://store.pcimage.com.my/product/lenovo-legion-5-15irx10-83ly004emj-15-1-laptop-eclipse-black-i9-14900hx-32gb-ddr5-1tb-ssd-rtx5070-8gb-15-1-wqxga-oled-win11h-2yw,https://cdn1.sgliteasset.com/pcimagee/images/product/product-7411755/cached/FwDI1YDN6a116326ee17c_1779524391_webstore_listing_image1.jpg,PC Image - Lenovo,"i9-14900HX,",,"8GB 15.1""","8GB 15.1""","15.1"" WQXGA",,,
83F5004PMJ,"LENOVO Legion 7 16IAX10H-83F5004PMJ /16"" WQXGA OLED Laptop Eclipse Black (U9-275HX, 32GB DDR5/1TB SSD/NVIDIA® GeForce RTX™ 5070 Ti/Win11H/3YW)",13999.00,"PC Image (RM 13,999.00)","PC Image: RM 13,999.00",1,https://store.pcimage.com.my/product/lenovo-legion-7-16iax10h-83f5004pmj-16-laptop-eclipse-black-u9-275hx-32gb-ddr5-1tb-ssd-geforce-rtx5070ti-12gb-16-wqxga-oled-win11h-3yw,PC Image: https://store.pcimage.com.my/product/lenovo-legion-7-16iax10h-83f5004pmj-16-laptop-eclipse-black-u9-275hx-32gb-ddr5-1tb-ssd-geforce-rtx5070ti-12gb-16-wqxga-oled-win11h-3yw,https://cdn1.sgliteasset.com/pcimagee/images/product/product-7411754/cached/krZzkyqE6a116325c4efe_1779524389_webstore_listing_image1.jpg,PC Image - Lenovo,,NVIDIA® GeForce RTX™ 5070 Ti,32GB DDR5,32GB DDR5,"16"" WQXGA",,,
15-FA2547TX,"HP VICTUS   15-FA2547/48/49TX INTEL CORE i5-13420H/16GB D5/512GB G4/RTX3050 6GB/15.6"" FHD 144HZ/W11H/HOME24/2YW",3799.00,"PC Image (RM 3,799.00)","PC Image: RM 3,799.00 | ALL IT: RM 3,799.00",2,https://store.pcimage.com.my/product/hp-victus-gaming-15-fa2547tx-i5-13420h-16gb-d5-5200-extra-slot-512gb-g4-rtx3050-6gb-15-6-fhd-144hz-w11h-home24-2yw,PC Image: https://store.pcimage.com.my/product/hp-victus-gaming-15-fa2547tx-i5-13420h-16gb-d5-5200-extra-slot-512gb-g4-rtx3050-6gb-15-6-fhd-144hz-w11h-home24-2yw | ALL IT: https://www.allithypermarket.com.my/products/hp-gaming-victus-laptop-15-fa2547tx-15-fa2548tx-15-fa2549tx-i5-13420h-16gb-ddr5-512gb-ssd-15-6fhd-144hz-rtx3050,https://cdn1.sgliteasset.com/pcimagee/images/product/product-7408228/cached/IqQo1fPA6a113af18715d_1779514097_webstore_listing_image1.jpg,PC Image - HP,Intel® Core™ i5-13420H,NVIDIA® GeForce RTX™ 3050 Laptop GPU,16GB DDR5-5200 (1 × 16GB),512GB PCIe Gen4 NVMe M.2 SSD,"15.6"" FHD (1920 × 1080) IPS Anti-Glare",Wi-Fi 6 (2×2) + Bluetooth® 5.4,,
16-AM0166TX,"HP OMEN GeForce RTX 5050 16-AM0166TX Intel Core I7-14650HX/16GB D51TB/ 8GB/16"" 2K IPS 144HZ/W11H/BLACK/2YW",6999.00,"PC Image (RM 6,999.00)","PC Image: RM 6,999.00",1,https://store.pcimage.com.my/product/hp-omen-gaming-16-am0166tx-intel-core-i7-14650hx-16gb-d51tb-rtx5050-8gb-16-2k-ips-144hz-w11h-black-2yw,PC Image: https://store.pcimage.com.my/product/hp-omen-gaming-16-am0166tx-intel-core-i7-14650hx-16gb-d51tb-rtx5050-8gb-16-2k-ips-144hz-w11h-black-2yw,https://cdn1.sgliteasset.com/pcimagee/images/product/product-7408177/cached/x1hq2lzv6a19537a449f3_1780044666_webstore_listing_image1.jpg,PC Image - HP,Intel Core I7-14650HX,RTX 5050,16GB D51TB,16GB D51TB,16,,,
15-GA0047TX,"HP HYPERX OMEN GeForce RTX 5060 8GB 15-GA0047TX ( Intel® Core™ i7-14650HX/16GB D5/1TB/15.3"" WQXGA 180HZ/W11H/HOME24/BLACK )",6199.00,"PC Image (RM 6,199.00)","PC Image: RM 6,199.00 | ALL IT: RM 6,299.00",2,https://store.pcimage.com.my/product/hp-hyperx-omen-15-ga0047tx-intel-core-i7-14650hx-16gb-d5-1tb-rtx5060-8gb-15-3-wqxga-180hz-w11h-home24-black-2yw,PC Image: https://store.pcimage.com.my/product/hp-hyperx-omen-15-ga0047tx-intel-core-i7-14650hx-16gb-d5-1tb-rtx5060-8gb-15-3-wqxga-180hz-w11h-home24-black-2yw | ALL IT: https://www.allithypermarket.com.my/products/hp-hyper-x-omen-15-ga0047tx-laptop-i7-14650hx-16gb-ddr5-1tb-ssd-15-3-wqxga-180hz-rtx5060,https://cdn1.sgliteasset.com/pcimagee/images/product/product-7408170/cached/8WPPbCab6a194f636a503_1780043619_webstore_listing_image1.jpg,PC Image - HP,"Intel® Core™ i7-14650HX (16 cores / 24 threads, up to 5.2GHz)",NVIDIA® GeForce RTX™ 5060 8GB GDDR7,16GB DDR5 5600MHz (1×16GB),1TB PCIe Gen4 NVMe SSD,"15.3"" WQXGA (2560 × 1600) IPS Anti-Glare",Wi-Fi 6 + Bluetooth® 5.4,70Wh Li-ion Battery,
16-AP0057AX,"HP OMEN GAMING 16-AP0057AX/58AX/RYZEN AI 7 350/16GB D5/512GB G4/RTX5070 8GB/16"" 2K IPS 144HZ/W11H/HOME24/WHITE/BLACK/2YW+ADP",7499.00,"PC Image (RM 7,499.00)","PC Image: RM 7,499.00",1,https://store.pcimage.com.my/product/hp-omen-gaming-16-ap0057ax-58ax-ryzen-ai-7-350-16gb-d5-512gb-g4-rtx5070-8gb-16-2k-ips-144hz-w11h-home24-white-black-2yw-adp,PC Image: https://store.pcimage.com.my/product/hp-omen-gaming-16-ap0057ax-58ax-ryzen-ai-7-350-16gb-d5-512gb-g4-rtx5070-8gb-16-2k-ips-144hz-w11h-home24-white-black-2yw-adp,https://cdn1.sgliteasset.com/pcimagee/images/product/product-7408132/cached/LsQkMmc16a113ab6ba3e7_1779514038_webstore_listing_image1.jpg,PC Image - HP,,RTX5070,16GB D5,16GB D5,16,,,
16-AP0059AX,"HP OMEN GeForce RTX 5070 8GB 16-AP0059AX/RYZEN AI 9 365/2*16GB D5/1TB G4/16"" 2K IPS 144HZ/W11H/HOME24/WHITE/2YW+ADP",7999.00,"PC Image (RM 7,999.00)","PC Image: RM 7,999.00",1,https://store.pcimage.com.my/product/hp-omen-gaming-16-ap0059ax-ryzen-ai-9-365-2-16gb-d5-1tb-g4-rtx5070-8gb-16-2k-ips-144hz-w11h-home24-white-2yw-adp,PC Image: https://store.pcimage.com.my/product/hp-omen-gaming-16-ap0059ax-ryzen-ai-9-365-2-16gb-d5-1tb-g4-rtx5070-8gb-16-2k-ips-144hz-w11h-home24-white-2yw-adp,https://cdn1.sgliteasset.com/pcimagee/images/product/product-7408130/cached/QRfixtHD6a113ab21386a_1779514034_webstore_listing_image1.jpg,PC Image - HP,,RTX 5070,8GB 16-AP0059AX,8GB 16-AP0059AX,16,,,
15-FB3220AX,"HP VICTUS   15-FB3220AX/AMD R5-7535HS/8GB D5-560/512GB G4/RTX3050 6GB/15.6"" FHD 144HZ/W11H/HOME24/MICA SILVER/2YW+ADP",3399.00,"PC Image (RM 3,399.00)","PC Image: RM 3,399.00",1,https://store.pcimage.com.my/product/hp-victus-gaming-15-fb3220ax-amd-r5-7535hs-8gb-d5-560-512gb-g4-rtx3050-6gb-15-6-fhd-144hz-w11h-home24-mica-silver-2yw-adp,PC Image: https://store.pcimage.com.my/product/hp-victus-gaming-15-fb3220ax-amd-r5-7535hs-8gb-d5-560-512gb-g4-rtx3050-6gb-15-6-fhd-144hz-w11h-home24-mica-silver-2yw-adp,https://cdn1.sgliteasset.com/pcimagee/images/product/product-7408112/cached/bhpSvsTK6a113aa911459_1779514025_webstore_listing_image1.jpg,PC Image - HP,,RTX3050,8GB D5-560,8GB D5-560,"15.6"" FHD 144HZ",,,
83JG00AVMJ,"LENOVO LOQ 15AHP10 83JG00AVMJ /R7/16GB/512GB/RTX5060 8GB/15.6"" FHD/W11H/HOME24+AI NOW/LUNA GREY/2YW",5699.00,"PC Image (RM 5,699.00)","PC Image: RM 5,699.00",1,https://store.pcimage.com.my/product/lenovo-loq-15ahp10-83jg00avmj-r7-16gb-512gb-rtx5060-8gb-15-6-fhd-w11h-home24-ai-now-luna-grey-2yw,PC Image: https://store.pcimage.com.my/product/lenovo-loq-15ahp10-83jg00avmj-r7-16gb-512gb-rtx5060-8gb-15-6-fhd-w11h-home24-ai-now-luna-grey-2yw,https://cdn1.sgliteasset.com/pcimagee/images/product/product-7408111/cached/FiZCjv4S6a113aa72f0ba_1779514023_webstore_listing_image1.jpg,PC Image - Lenovo,,RTX5060,16GB,16GB,"15.6"" FHD",,,
16-AP0157AX,"HP OMEN GeForce RTX 5060 8GB 16-AP0157AX/R9-8940HX/2*16GB D5/1TB G4/16"" 2K IPS 144HZ/W11H/HOME24/BLACK/2YW+ADP",6599.00,"PC Image (RM 6,599.00)","PC Image: RM 6,599.00",1,https://store.pcimage.com.my/product/hp-omen-gaming-16-ap0157ax-r9-8940hx-2-16gb-d5-1tb-g4-rtx5060-8gb-16-2k-ips-144hz-w11h-home24-black-2yw-adp,PC Image: https://store.pcimage.com.my/product/hp-omen-gaming-16-ap0157ax-r9-8940hx-2-16gb-d5-1tb-g4-rtx5060-8gb-16-2k-ips-144hz-w11h-home24-black-2yw-adp,https://cdn1.sgliteasset.com/pcimagee/images/product/product-7408107/cached/bikuPMSJ6a195442a4021_1780044866_webstore_listing_image1.jpg,PC Image - HP,,RTX 5060,8GB 16-AP0157AX,8GB 16-AP0157AX,16,,,
15-FA2446TX,"HP VICTUS   15-FA2446TX/47TX CORE 5-210H/16GB D4-3200(EXTRA SLOT)/512GB G4/RTX4050 6GB/15.6"" FHD 144HZ/W11H/HOME24/POWDER PINK/BLUE/2YW+ADP",4299.00,"PC Image (RM 4,299.00)","PC Image: RM 4,299.00",1,https://store.pcimage.com.my/product/hp-victus-gaming-15-fa2446tx-47tx-core-5-210h-16gb-d4-3200-extra-slot-512gb-g4-rtx4050-6gb-15-6-fhd-144hz-w11h-home24-powder-pink-blue-2yw-a,PC Image: https://store.pcimage.com.my/product/hp-victus-gaming-15-fa2446tx-47tx-core-5-210h-16gb-d4-3200-extra-slot-512gb-g4-rtx4050-6gb-15-6-fhd-144hz-w11h-home24-powder-pink-blue-2yw-a,https://cdn1.sgliteasset.com/pcimagee/images/product/product-7408108/cached/Sm4Pn8zE6a113aa6861b2_1779514022_webstore_listing_image1.jpg,PC Image - HP,,RTX4050,16GB D4-3200(EXTRA,16GB D4-3200(EXTRA,"15.6"" FHD 144HZ",,,
16-AM0193TX,"HP OMEN 16-AM0193TX/94TX/ULTRA 7-255H/GeForce RTX™ 5070 8GB/16GB D5/1TB G4/16"" 2.5K IPS 240HZ/W11H/WHITE/BLACK/2YW+ADP",8199.00,"PC Image (RM 8,199.00)","PC Image: RM 8,199.00",1,https://store.pcimage.com.my/product/hp-omen-gaming-16-am0193tx-94tx-ultra-7-255h-16gb-d5-1tb-g4-rtx5070-8gb-16-2-5k-ips-240hz-w11h-home24-white-black-2yw-adp,PC Image: https://store.pcimage.com.my/product/hp-omen-gaming-16-am0193tx-94tx-ultra-7-255h-16gb-d5-1tb-g4-rtx5070-8gb-16-2-5k-ips-240hz-w11h-home24-white-black-2yw-adp,https://cdn1.sgliteasset.com/pcimagee/images/product/product-7408095/cached/XgTRSP9S6a56fcf0434cc_1784085744_webstore_listing_image1.jpg,PC Image - HP,,,8GB,8GB,16,,,
15-FB3229AX,"HP VICTUS   15-FB3229AX/15-FB3230AX  R7-7445HS/8GB D5-5600/512GB G4/RTX3050 6GB/15.6"" FHD 144HZ/W11H/HOME24/2YW",3599.00,"PC Image (RM 3,599.00)","PC Image: RM 3,599.00",1,https://store.pcimage.com.my/product/hp-victus-gaming-15-fb3229ax-15-fb3230ax-r7-7445hs-8gb-d5-5600-512gb-g4-rtx3050-6gb-15-6-fhd-144hz-w11h-home24-blue-mica-silver-2yw,PC Image: https://store.pcimage.com.my/product/hp-victus-gaming-15-fb3229ax-15-fb3230ax-r7-7445hs-8gb-d5-5600-512gb-g4-rtx3050-6gb-15-6-fhd-144hz-w11h-home24-blue-mica-silver-2yw,https://cdn1.sgliteasset.com/pcimagee/images/product/product-7408077/cached/ZonE1TQI6a113a96b9034_1779514006_webstore_listing_image1.jpg,PC Image - HP,,RTX3050,8GB D5-5600,8GB D5-5600,"15.6"" FHD 144HZ",,,
15-FB3257AX,"HP VICTUS   15-FB3257AX/15-FB3258AX R7-7445HS/16GB D5-5600/512GB G4/RTX3050 6GB/15.6"" FHD 144HZ/W11H/HOME24/2YW",3799.00,"PC Image (RM 3,799.00)","PC Image: RM 3,799.00",1,https://store.pcimage.com.my/product/hp-victus-gaming-15-fb3257ax-15-fb3258ax-r7-7445hs-16gb-d5-5600-512gb-g4-rtx3050-6gb-15-6-fhd-144hz-w11h-home24-blue-mica-silver-2yw,PC Image: https://store.pcimage.com.my/product/hp-victus-gaming-15-fb3257ax-15-fb3258ax-r7-7445hs-16gb-d5-5600-512gb-g4-rtx3050-6gb-15-6-fhd-144hz-w11h-home24-blue-mica-silver-2yw,https://cdn1.sgliteasset.com/pcimagee/images/product/product-7408068/cached/1dClfGUS6a113a8db9e78_1779513997_webstore_listing_image1.jpg,PC Image - HP,,RTX3050,16GB D5-5600,16GB D5-5600,"15.6"" FHD 144HZ",,,
16-AP0209AX,"HP OMEN RTX 5060 8GB 16-AP0209AX( R9-8940HX/32GB DDR5 5600MT/S (16+16)/1TB SSD/16"" 2K 144HZ IPS/OPI/MS24+1YR M365/W11 )",6599.00,"PC Image (RM 6,599.00)","PC Image: RM 6,599.00",1,https://store.pcimage.com.my/product/hp-omen-gaming-16-ap0209ax-amd-r9-8940hx-32gb-ddr5-5600mt-s-16-16-1tb-ssd-rtx5060-8gb-16-2k-144hz-ips-opi-ms24-1yr-m365-w11-2yw,PC Image: https://store.pcimage.com.my/product/hp-omen-gaming-16-ap0209ax-amd-r9-8940hx-32gb-ddr5-5600mt-s-16-16-1tb-ssd-rtx5060-8gb-16-2k-144hz-ips-opi-ms24-1yr-m365-w11-2yw,https://cdn1.sgliteasset.com/pcimagee/images/product/product-7408062/cached/R9nh9NUC6a194fb4be7a1_1780043700_webstore_listing_image1.jpg,PC Image - HP,R5 5600MT,RTX 5060,8GB 16-AP0209AX(,8GB 16-AP0209AX(,16,,,
15-FB3255AX,"HP VICTUS   15-FB3255AX/56AX R7-7445HS/16GB D5-5600/512GB G4/RTX4050 6GB/15.6"" FHD 144HZ/W11H/HOME24/BLUE/SILVER/2YW",3999.00,"PC Image (RM 3,999.00)","PC Image: RM 3,999.00",1,https://store.pcimage.com.my/product/hp-victus-gaming-15-fb3255ax-15-fb3256ax-r7-7445hs-16gb-d5-5600-extra-slot-512gb-g4-rtx4050-6gb-15-6-fhd-144hz-w11h-home24-blue-silver-2yw,PC Image: https://store.pcimage.com.my/product/hp-victus-gaming-15-fb3255ax-15-fb3256ax-r7-7445hs-16gb-d5-5600-extra-slot-512gb-g4-rtx4050-6gb-15-6-fhd-144hz-w11h-home24-blue-silver-2yw,https://cdn1.sgliteasset.com/pcimagee/images/product/product-7408059/cached/0uJ2oyfW6a113a8863bb8_1779513992_webstore_listing_image1.jpg,PC Image - HP,,RTX4050,16GB D5-5600,16GB D5-5600,"15.6"" FHD 144HZ",,,
16-AM0371TX,"HP OMEN GeForce RTX 5050 8GB 16-AM0371TX/ULTRA 7-255H/24GB D5/512GB G4/16"" 2K IPS 144HZ/W11H/HOME24/BLACK/2YW+ADP",5999.00,"PC Image (RM 5,999.00)","PC Image: RM 5,999.00",1,https://store.pcimage.com.my/product/hp-omen-gaming-16-am0371tx-ultra-7-255h-24gb-d5-512gb-g4-rtx5050-8gb-16-2k-ips-144hz-w11h-home24-black-2yw-adp,PC Image: https://store.pcimage.com.my/product/hp-omen-gaming-16-am0371tx-ultra-7-255h-24gb-d5-512gb-g4-rtx5050-8gb-16-2k-ips-144hz-w11h-home24-black-2yw-adp,https://cdn1.sgliteasset.com/pcimagee/images/product/product-7408057/cached/1N36Mt3S6a113a8439c91_1779513988_webstore_listing_image1.jpg,PC Image - HP,,RTX 5050,8GB 16-AM0371TX,8GB 16-AM0371TX,16,,,
16-AM0365TX,"HP OMEN GeForce RTX 5060 8GB 16-AM0365TX/ULTRA 7-255H/24GB D5/512GB G4/16"" 2K IPS 144HZ/W11H/HOME24/BLACK/2YW+ADP",5899.00,"PC Image (RM 5,899.00)","PC Image: RM 5,899.00",1,https://store.pcimage.com.my/product/hp-omen-gaming-16-am0365tx-ultra-7-255h-24gb-d5-512gb-g4-rtx5060-8gb-16-2k-ips-144hz-w11h-home24-black-2yw-adp,PC Image: https://store.pcimage.com.my/product/hp-omen-gaming-16-am0365tx-ultra-7-255h-24gb-d5-512gb-g4-rtx5060-8gb-16-2k-ips-144hz-w11h-home24-black-2yw-adp,https://cdn1.sgliteasset.com/pcimagee/images/product/product-7408056/cached/XCo59YBN6a113a83c42c1_1779513987_webstore_listing_image1.jpg,PC Image - HP,,RTX 5060,8GB 16-AM0365TX,8GB 16-AM0365TX,16,,,
14-FB0045TX,"HP OMEN  (14-FB0045TX/14-FB0046TX/Ceramic White/Shadow black)   Laptop ULTRA 7-155H/16GB DDR5 OB/1TB/RTX 4060 8GB/14"" 2.8K OLED/W11H/HNS/2YR+ADP",7999.00,"PC Image (RM 7,999.00)","PC Image: RM 7,999.00",1,https://store.pcimage.com.my/product/hp-omen-14-fb0045tx-14-fb0046tx-ceramic-white-shadow-black-gaming-laptop-ultra-7-155h-16gb-ddr5-ob-1tb-rtx-4060-8gb-14-2-8k-oled-w11h-hns-2y,PC Image: https://store.pcimage.com.my/product/hp-omen-14-fb0045tx-14-fb0046tx-ceramic-white-shadow-black-gaming-laptop-ultra-7-155h-16gb-ddr5-ob-1tb-rtx-4060-8gb-14-2-8k-oled-w11h-hns-2y,https://cdn1.sgliteasset.com/pcimagee/images/product/product-7408053/cached/a8sVlsZU6a113a81cab1a_1779513985_webstore_listing_image1.jpg,PC Image - HP,,RTX 4060,16GB DDR5,16GB DDR5,14,,,
16-AK0059AX,"HP OMEN MAX GeForce RTX 5070 8GB 16-AK0059AX/RYZEN AI 9 HX 375/16GB D5-5600/1TB G4/16"" 2K IPS 165HZ/W11H/HOME24/WHITE/2YW+ADP",9499.00,"PC Image (RM 9,499.00)","PC Image: RM 9,499.00",1,https://store.pcimage.com.my/product/hp-omen-max-gaming-16-ak0059ax-ryzen-ai-9-hx-375-16gb-d5-5600-1tb-g4-rtx5070-8gb-16-2k-ips-165hz-w11h-home24-white-2yw-adp,PC Image: https://store.pcimage.com.my/product/hp-omen-max-gaming-16-ak0059ax-ryzen-ai-9-hx-375-16gb-d5-5600-1tb-g4-rtx5070-8gb-16-2k-ips-165hz-w11h-home24-white-2yw-adp,https://cdn1.sgliteasset.com/pcimagee/images/product/product-7408050/cached/414PEfRG6a113a7e3df08_1779513982_webstore_listing_image1.jpg,PC Image - HP,,RTX 5070,8GB 16-AK0059AX,8GB 16-AK0059AX,16,,,
15-FA2726TX,"HP VICTUS   LAPTOP 15-FA2726TX i5-13420H/16GB DDR4-3200/512GB/RTX4050 6GB/15.6"" FHD/W11H/HNS24+365 BASIC/2YW+ADP",3799.00,"PC Image (RM 3,799.00)","PC Image: RM 3,799.00",1,https://store.pcimage.com.my/product/hp-victus-gaming-15-fb3227ax-r7-7445hs-16gb-d5-5600-extra-slot-512gb-g4-rtx3050-6gb-15-6-fhd-144hz-w11h-home24-2yw-adp,PC Image: https://store.pcimage.com.my/product/hp-victus-gaming-15-fb3227ax-r7-7445hs-16gb-d5-5600-extra-slot-512gb-g4-rtx3050-6gb-15-6-fhd-144hz-w11h-home24-2yw-adp,https://cdn1.sgliteasset.com/pcimagee/images/product/product-7408042/cached/G6uxjW5y6a113a7621fd2_1779513974_webstore_listing_image1.jpg,PC Image - HP,i5-13420H,RTX4050,16GB DDR4-3200,16GB DDR4-3200,"15.6"" FHD",,,
15-FB3227AX,"HP VICTUS   15-FB3227AX/28AX R7-7445HS/16GB D5-5600/512GB G4/RTX3050 6GB/15.6"" FHD 144HZ/W11H/HOME24/Blue/Mica Silver/2YW+ADP",3649.00,"PC Image (RM 3,649.00)","PC Image: RM 3,649.00",1,https://store.pcimage.com.my/product/hp-victus-gaming-15-fb3227ax-28ax-r7-7445hs-16gb-d5-5600-512gb-g4-rtx3050-6gb-15-6-fhd-144hz-w11h-home24-blue-mica-silver-2yw-adp,PC Image: https://store.pcimage.com.my/product/hp-victus-gaming-15-fb3227ax-28ax-r7-7445hs-16gb-d5-5600-512gb-g4-rtx3050-6gb-15-6-fhd-144hz-w11h-home24-blue-mica-silver-2yw-adp,https://cdn1.sgliteasset.com/pcimagee/images/product/product-7408036/cached/1yhqNPBx6a113a729a2c3_1779513970_webstore_listing_image1.jpg,PC Image - HP,,RTX3050,16GB D5-5600,16GB D5-5600,"15.6"" FHD 144HZ",,,
15-FA2320TX,"HP Victus GeForce RTX 5060 6GB 15-FA2320TX/21TX 15.6"" Laptop (i7-13620H, 16GB DDR5, 512GB SSD, 15.6"" FHD 144Hz, Win11H,OfficeHOME24,2YW)",5899.00,"PC Image (RM 5,899.00)","PC Image: RM 5,899.00",1,https://store.pcimage.com.my/product/hp-victus-gaming-15-fa2320tx-21tx-15-6-gaming-laptop-i7-13620h-16gb-ddr5-512gb-ssd-rtx5060-6gb-15-6-fhd-144hz-win11h-officehome24-2yw,PC Image: https://store.pcimage.com.my/product/hp-victus-gaming-15-fa2320tx-21tx-15-6-gaming-laptop-i7-13620h-16gb-ddr5-512gb-ssd-rtx5060-6gb-15-6-fhd-144hz-win11h-officehome24-2yw,https://cdn1.sgliteasset.com/pcimagee/images/product/product-7408025/cached/hiIKSfN86a19521747a19_1780044311_webstore_listing_image1.jpg,PC Image - HP,"i7-13620H,",RTX 5060,6GB 15-FA2320TX,6GB 15-FA2320TX,"15.6"" FHD 144Hz",,,
83JG008EMJ,"LENOVO LOQ 15AHP10 83JG008EMJ GeForce RTX™ 5050 8GB (R5 220/16GB D5-5600/512GB G4(EXTRA G4)/5.6"" FHD 144HZ/W11H/HOME24+AI NOW/2YWPC/24-ZONE RGB BACKLIT/LUNA GREY GAMING LAPTOP",4999.00,"PC Image (RM 4,999.00)","PC Image: RM 4,999.00",1,https://store.pcimage.com.my/product/lenovo-loq-15ahp10-83jg008emj-r5-220-16gb-d5-5600-512gb-g4-extra-g4-rtx5050-8gb-15-6-fhd-144hz-w11h-home24-ai-now-2ywpc-24-zone-rgb-backlit-,PC Image: https://store.pcimage.com.my/product/lenovo-loq-15ahp10-83jg008emj-r5-220-16gb-d5-5600-512gb-g4-extra-g4-rtx5050-8gb-15-6-fhd-144hz-w11h-home24-ai-now-2ywpc-24-zone-rgb-backlit-,https://cdn1.sgliteasset.com/pcimagee/images/product/product-7408024/cached/KW3DBcmL6a113a6779a39_1779513959_webstore_listing_image1.jpg,PC Image - Lenovo,R5 220,,8GB (R5,8GB (R5,"5.6"" FHD 144HZ",,,
15-FB3148AX,"HP Victus   15-FB3148AX/9AX 15.6""   Laptop (R7-7445HS, 16GB DDR5, 512GB SSD, GeForce RTX4050 6GB, 15.6"" FHD 144HZ, Win11H, OfficeHome24, 2YW)",4099.00,"PC Image (RM 4,099.00)","PC Image: RM 4,099.00 | ALL IT: RM 4,149.00",2,https://store.pcimage.com.my/product/hp-victus-gaming-15-fb3148ax-15-fb3149ax-r7-7445hs-16gb-d5-5600-extra-slot-512gb-g4-rtx4050-6gb-15-6-fhd-144hz-w11h-home24-2yw-adp,PC Image: https://store.pcimage.com.my/product/hp-victus-gaming-15-fb3148ax-15-fb3149ax-r7-7445hs-16gb-d5-5600-extra-slot-512gb-g4-rtx4050-6gb-15-6-fhd-144hz-w11h-home24-2yw-adp | ALL IT: https://www.allithypermarket.com.my/products/hp-victus-15-fb3148ax-3149ax-15-6-fhd-144hz-gaming-laptop-amd-ryzen-7-7445hs-16gb-512gb-ssd-rtx-4050-w11,https://cdn1.sgliteasset.com/pcimagee/images/product/product-7407983/cached/pBa7FTRI6a113a4fa1deb_1779513935_webstore_listing_image1.jpg,PC Image - HP,"Product Highlights Powered by AMD Ryzen™ 7 7445HS processor for gaming, multitasking and productivity NVIDIA® GeForce RTX™ 4050 Laptop GPU with 6GB GDDR6 dedicated graphics 15.6"" FHD IPS display with 144Hz refresh rate, anti-glare panel and 300 nits brightness 16GB DDR5-5600 memory and 512GB PCIe® Gen4 NVMe™ M.2 SSD storage Full-size backlit keyboard with numeric keypad, Wi-Fi 6, Bluetooth® 5.4 and RJ-45 LAN Pre-installed Microsoft Office Home & Student 2024 + Microsoft 365 Basic 1 Year Free Gift: HP Gaming Backpack + F-Secure Security while stocks last Key Specifications","Model: Victus 15-fb3148AX / Victus 15-fb3149AX Colour: Performance Blue / Mica Silver Operating System: Windows 11 Home Processor: AMD Ryzen™ 7 7445HS, up to 4.7GHz max boost clock, 16MB L3 cache, 6 cores, 12 threads Graphics: NVIDIA® GeForce RTX™ 4050 Laptop GPU 6GB GDDR6 / AMD Radeon™ 610M Graphics Display: 15.6"" FHD 1920 x 1080 IPS, 144Hz, micro-edge, anti-glare, 300 nits, 62.5% sRGB Memory: 16GB DDR5-5600 MT/s, 1 x 16GB Storage: 512GB PCIe® Gen4 NVMe™ M.2 SSD Keyboard: Full-size backlit keyboard with numeric keypad Camera: HP Wide Vision 720p HD camera with temporal noise reduction Audio: DTS:X® Ultra, dual speakers, HP Audio Boost Wireless: Realtek Wi-Fi 6 2x2 and Bluetooth® 5.4 LAN: RJ-45 Ethernet Ports: 1x USB Type-A 5Gbps with HP Sleep and Charge, 1x USB Type-C® 5Gbps with DisplayPort™ 1.4a and HP Sleep and Charge, 1x HDMI 2.1, 1x RJ-45, 1x headphone/microphone combo, 1x AC smart pin Battery: 4-cell, 70Wh Li-ion polymer Power Adapter: 120W AC power adapter","16GB DDR5,","16GB DDR5,","15.6"" FHD 144HZ",,,
15-FB3074AX,"HP Victus 15-fb3074AX/fb3075AX (BT1Q8PA/BT1Q9PA) Gaming Laptop Ryzen7-7445HS/8GB DDR5/512GB SSD/15.6""FHD 144Hz/RTX2050",3199.00,"ALL IT (RM 3,199.00)","ALL IT: RM 3,199.00 | PC Image: RM 3,399.00",2,https://www.allithypermarket.com.my/products/hp-victus-15-fb3074ax-fb3075ax-bt1q8pa-bt1q9pa-gaming-laptop-ryzen7-7445hs-8gb-ddr5-512gb-ssd-15-6fhd-144hz-rtx2050,ALL IT: https://www.allithypermarket.com.my/products/hp-victus-15-fb3074ax-fb3075ax-bt1q8pa-bt1q9pa-gaming-laptop-ryzen7-7445hs-8gb-ddr5-512gb-ssd-15-6fhd-144hz-rtx2050 | PC Image: https://store.pcimage.com.my/product/hp-victus-gaming-15-fb3074ax-15-fb3075ax-r7-7445hs-8gb-d5-5600-extra-slot-512gb-g4-rtx2050-4gb-15-6-fhd-144hz-w11h-home24-2yw-adp,https://cdn.shopify.com/s/files/1/1974/9033/files/fb3075AX-fb3074AXShopify.jpg?v=1784776024,ALL IT - HP,AMD Ryzen™ 7 7445HS,NVIDIA® GeForce RTX™ 2050,8GB D5-5600(EXTRA,8GB D5-5600(EXTRA,"15.6"" Full HD, 144Hz",,,THE TWO MODELS DIFFER ONLY BY COLOUR: Performance Blue (BT1Q8PA) | OPERATING SYSTEM: Windows 11 Home
16-AH0142TX,"HP OMEN GeForce RTX 5090 24GB 16-AH0142TX   Laptop Black (U9-275HX, 32GB 5600Mhz, 2TB SSD, RTX5090 24GB, 16"" 2.5K OLED, Win11H, 2YW)",18999.00,"PC Image (RM 18,999.00)","PC Image: RM 18,999.00",1,https://store.pcimage.com.my/product/hp-omen-gaming-laptop-16-ah0142tx-ultra-9-275hx-16gb-2-ddr5-5600-2tb-pcie-gen4-rtx5090-24gb-16-2-5k-oled-w11h-2yw-adp-black,PC Image: https://store.pcimage.com.my/product/hp-omen-gaming-laptop-16-ah0142tx-ultra-9-275hx-16gb-2-ddr5-5600-2tb-pcie-gen4-rtx5090-24gb-16-2-5k-oled-w11h-2yw-adp-black,https://cdn1.sgliteasset.com/pcimagee/images/product/product-7407962/cached/hyDep2yV6a19515303c31_1780044115_webstore_listing_image1.jpg,PC Image - HP,,RTX 5090,24GB 16-AH0142TX,24GB 16-AH0142TX,16,,,
16-AH0139TX,"HP OMEN MAX GeForce  RTX 5080 16GB 16-AH0139TX (U7-255HX/16GB*2 DDR5/1TB GEN4/16"" 2.5K/W11H/WHITE/2YW+ADP",11999.00,"PC Image (RM 11,999.00)","PC Image: RM 11,999.00",1,https://store.pcimage.com.my/product/hp-omen-gaming-laptop-16-ah0139tx-ultra-7-255hx-16gb-2-ddr5-5600-1tb-pcie-gen4-rtx5080-16gb-16-2-5k-oled-w11h-2yw-adp-white,PC Image: https://store.pcimage.com.my/product/hp-omen-gaming-laptop-16-ah0139tx-ultra-7-255hx-16gb-2-ddr5-5600-1tb-pcie-gen4-rtx5080-16gb-16-2-5k-oled-w11h-2yw-adp-white,https://cdn1.sgliteasset.com/pcimagee/images/product/product-7407958/cached/lkoz1fzS6a1950f2d63d0_1780044018_webstore_listing_image1.jpg,PC Image - HP,,RTX 5080,16GB 16-AH0139TX,16GB 16-AH0139TX,16,,,
FA506N-CGHN777WS,ASUS TUF A15 FA506N-CGHN777WS Gaming Laptop R7-8845HS/RTX3050/8GB/512GB/15.6/W11H/OFFICE HOME 24(MY)+M365 BASIC/BLACK/2YW,3699.00,"PC Image (RM 3,699.00)","PC Image: RM 3,699.00",1,https://store.pcimage.com.my/product/asus-tuf-a15-fa506n-cghn777ws-gaming-laptop-r7-8845hs-rtx3050-8gb-512gb-15-6-w11h-office-home-24-my-m365-basic-black-2yw,PC Image: https://store.pcimage.com.my/product/asus-tuf-a15-fa506n-cghn777ws-gaming-laptop-r7-8845hs-rtx3050-8gb-512gb-15-6-w11h-office-home-24-my-m365-basic-black-2yw,https://cdn1.sgliteasset.com/pcimagee/images/product/product-7405465/cached/652NfOo96a10f46618822_1779496038_webstore_listing_image1.jpg,PC Image - Asus,,RTX3050,8GB,8GB,15.6,,,
FA401U-MRG018W,"ASUS TUF A14 FA401U-MRG018W Gaming Laptop R7 260/16GB/512GB/GeForce RTX™ 5060 8GB /14""/W11H/MICROSOFT 365 TRIAL 30D/GRAY/2YW",7499.00,"PC Image (RM 7,499.00)","PC Image: RM 7,499.00",1,https://store.pcimage.com.my/product/asus-tuf-a14-fa401u-mrg018w-gaming-laptop-r7-260-16gb-512gb-nv-rtx5060-g4-14-w11h-microsoft-365-trial-30d-gray-2yw,PC Image: https://store.pcimage.com.my/product/asus-tuf-a14-fa401u-mrg018w-gaming-laptop-r7-260-16gb-512gb-nv-rtx5060-g4-14-w11h-microsoft-365-trial-30d-gray-2yw,https://cdn1.sgliteasset.com/pcimagee/images/product/product-7405464/cached/Sanlal2v6a10f4656278d_1779496037_webstore_listing_image1.jpg,PC Image - Asus,R7 260,,16GB,16GB,14,,,
FX608J-PRRV208W,"ASUS TUF F16 FX608J-PRRV208W Gaming Laptop I7-14650HX/16GB DDR5/1TB SSD/NVIDIA® GeForce RTX™ 5070 8GB/16.0"" FHD/W11H/JAEGER GRAY/2YW",7899.00,"PC Image (RM 7,899.00)","PC Image: RM 7,899.00",1,https://store.pcimage.com.my/product/asus-tuf-f16-fx608j-prrv208w-gaming-laptop-i7-14650hx-16gb-ddr5-1tb-ssd-rtx5070-8gb-16-fhd-w11h-jaeger-gray-2yw,PC Image: https://store.pcimage.com.my/product/asus-tuf-f16-fx608j-prrv208w-gaming-laptop-i7-14650hx-16gb-ddr5-1tb-ssd-rtx5070-8gb-16-fhd-w11h-jaeger-gray-2yw,https://cdn1.sgliteasset.com/pcimagee/images/product/product-7405444/cached/c2Ofib4B6a10f45611f70_1779496022_webstore_listing_image1.jpg,PC Image - Asus,I7-14650HX,NVIDIA® GeForce RTX™ 5070 8GB,16GB DDR5,16GB DDR5,"16.0"" FHD",,,
GA403G-MSY018W,"ASUS ROG ZEPHYRUS G14 GA403G-MSY018W AI 9-465/16GB D5/1TB G4/RTX5060 8GB/14"" 3K OLED 120HZ/W11H/2YW+ 1YR PERFECT WRTY/PLATINUM WHITE",10699.00,"PC Image (RM 10,699.00)","PC Image: RM 10,699.00",1,https://store.pcimage.com.my/product/asus-rog-zephyrus-g14-ga403g-msy018w-ai-9-465-16gb-d5-ob-1tb-g4-rtx5060-8gb-14-3k-oled-120hz-w11h-2yw-1yr-perfect-wrty-platinum-white,PC Image: https://store.pcimage.com.my/product/asus-rog-zephyrus-g14-ga403g-msy018w-ai-9-465-16gb-d5-ob-1tb-g4-rtx5060-8gb-14-3k-oled-120hz-w11h-2yw-1yr-perfect-wrty-platinum-white,https://cdn1.sgliteasset.com/pcimagee/images/product/product-7405422/cached/nENadVN86a10f43e85cd9_1779495998_webstore_listing_image1.jpg,PC Image - Asus,,RTX5060,16GB D5,16GB D5,"14""",,,
FA607N-UQRL888WS,"ASUS TUF A16 FA607N-UQRL888WS 16.0"" AMD Ryzen™ 7 170/16GB DDR5/512GB SSD/RTX4050 6GB/16.0"" FHD/HNS24/W11H/MECHA GRAY/2YW",4799.00,"PC Image (RM 4,799.00)","PC Image: RM 4,799.00",1,https://store.pcimage.com.my/product/asus-tuf-a16-fa607n-uqrl888ws-16-amd-ryzen-7-170-16gb-ddr5-512gb-ssd-nvidia-rtx4050-16-fhd-hns24-w11h-mecha-gray-2yw,PC Image: https://store.pcimage.com.my/product/asus-tuf-a16-fa607n-uqrl888ws-16-amd-ryzen-7-170-16gb-ddr5-512gb-ssd-nvidia-rtx4050-16-fhd-hns24-w11h-mecha-gray-2yw,https://cdn1.sgliteasset.com/pcimagee/images/product/product-7405402/cached/16OEpnuZ6a10f4353efa7_1779495989_webstore_listing_image1.jpg,PC Image - Asus,,RTX4050,16GB DDR5,16GB DDR5,"16.0"" FHD",,,
FA608U-PRV038W,"ASUS TUF GAMING A16 FA608U-PRV038W 16.0” AMD R7 260/16GB DDR5/1TB SSD/NVIDIA/RTX5070/16.0"" FHD/HNS24/W11H/JAEGER GREY/2YW",7099.00,"PC Image (RM 7,099.00)","PC Image: RM 7,099.00",1,https://store.pcimage.com.my/product/asus-tuf-gaming-a16-fa608u-prv038w-16-amd-r7-260-16gb-ddr5-1tb-ssd-nvidia-rtx5070-16-fhd-hns24-w11h-jaeger-grey-2yw,PC Image: https://store.pcimage.com.my/product/asus-tuf-gaming-a16-fa608u-prv038w-16-amd-r7-260-16gb-ddr5-1tb-ssd-nvidia-rtx5070-16-fhd-hns24-w11h-jaeger-grey-2yw,https://cdn1.sgliteasset.com/pcimagee/images/product/product-7405401/cached/eJr5sfBc6a10f430bdd8f_1779495984_webstore_listing_image1.jpg,PC Image - Asus,R7 260,RTX5070,16GB DDR5,16GB DDR5,"16.0"" FHD",,,
FX608J-MRRV058W,"ASUS TUF GAMING F16 FX608J-MRRV058W 16.0"" Intel® Core™ i7 14650HX/16GB DDR5/1TB SSD/NVIDIA/RTX™ 5060/16.0"" FHD/HNS24/W11H/JAEGER GREY/2YW",6299.00,"PC Image (RM 6,299.00)","PC Image: RM 6,299.00",1,https://store.pcimage.com.my/product/asus-tuf-gaming-f16-fx608j-mrrv058w-16-intel-core-i7-14650hx-16gb-ddr5-1tb-ssd-nvidia-rtx-5060-16-fhd-hns24-w11h-jaeger-grey-2yw,PC Image: https://store.pcimage.com.my/product/asus-tuf-gaming-f16-fx608j-mrrv058w-16-intel-core-i7-14650hx-16gb-ddr5-1tb-ssd-nvidia-rtx-5060-16-fhd-hns24-w11h-jaeger-grey-2yw,https://cdn1.sgliteasset.com/pcimagee/images/product/product-7405400/cached/Tdz3G08j6a10f42e11081_1779495982_webstore_listing_image1.jpg,PC Image - Asus,i7,,16GB DDR5,16GB DDR5,"16.0"" FHD",,,
FA506N-CQHN666WS,ASUS TUF Gaming A15 FA506N-CQHN666WS 15.6'' FHD 144Hz Gaming Laptop AMD Ryzen 7 170/16GB/512GB SSD/RTX3050/H&S 2024+M365/W11/2YW,3999.00,"PC Image (RM 3,999.00)","PC Image: RM 3,999.00",1,https://store.pcimage.com.my/product/asus-tuf-gaming-a15-ai-fa506n-cqhn666ws-amd-ryzen-7-7435hs-8gb-ddr5-512gb-ssd-rtx-2050-15-6-fhd-w11-2yw,PC Image: https://store.pcimage.com.my/product/asus-tuf-gaming-a15-ai-fa506n-cqhn666ws-amd-ryzen-7-7435hs-8gb-ddr5-512gb-ssd-rtx-2050-15-6-fhd-w11-2yw,https://cdn1.sgliteasset.com/pcimagee/images/product/product-7405372/cached/UOK6qDDz6a10f413b36da_1779495955_webstore_listing_image1.jpg,PC Image - Asus,,RTX3050,16GB,16GB,15.6,,,
asusgamingv3607vjrp188wsc_c5-210h_rtx3050_8gbddr_8gbddr,"ASUS GAMING (V3607V-JRP188WS) C5-210H, 8GB DDR5, 512GB SSD, RTX3050 4GB, 16"" WUXGA 144Hz, Win11H, 2YW, Matte Black",3599.00,"PC Image (RM 3,599.00)","PC Image: RM 3,599.00",1,https://store.pcimage.com.my/product/asus-gaming-v3607v-jrp188ws-core-5-210h-8gb-d5-5600-extra-slot-512gb-4-rtx3050-4gb-16-wuxga-144hz-w11h-2-years-global-with-1-year-adp-matte-,PC Image: https://store.pcimage.com.my/product/asus-gaming-v3607v-jrp188ws-core-5-210h-8gb-d5-5600-extra-slot-512gb-4-rtx3050-4gb-16-wuxga-144hz-w11h-2-years-global-with-1-year-adp-matte-,https://cdn1.sgliteasset.com/pcimagee/images/product/product-7405336/cached/Pqpiz9uE6a10f40365c58_1779495939_webstore_listing_image1.jpg,PC Image - Asus,C5-210H,RTX3050,"8GB DDR5,","8GB DDR5,","16"" WUXGA 144Hz",,,
asusrogstrixg615jhn3046w1_i5-13450hx_rtx5050_16gbdd_16gbdd,"ASUS  ROG Strix G615J-HN3046W  16"" 165HZ/ i5-13450HX/16GB DDR5/ 1TB SSD/ RTX5050 8GB/ 2YW",6499.00,"PC Image (RM 6,499.00)","PC Image: RM 6,499.00",1,https://store.pcimage.com.my/product/asus-rog-strix-g16-2025-g615j-hrv043w-g615j-hn3046w-i5-13450hx-16gb-ddr5-1tb-ssd-rtx5050-8gb-16-165hz,PC Image: https://store.pcimage.com.my/product/asus-rog-strix-g16-2025-g615j-hrv043w-g615j-hn3046w-i5-13450hx-16gb-ddr5-1tb-ssd-rtx5050-8gb-16-165hz,https://cdn1.sgliteasset.com/pcimagee/images/product/product-7405332/cached/6ftPoIGx6a10f3f5e5877_1779495926_webstore_listing_image1.jpg,PC Image - Asus,i5-13450HX,RTX5050,16GB DDR5,16GB DDR5,"16"" 165HZ",,,
FA608U-HRV068W,"ASUS TUF GAMING A16 AI (FA608U-HRV068W) GeForce RTX™ 5050 8GB (R7-260, 16GB DDR5, 512GB SSD,16"" FHD 165Hz, Win11H, 2YW, Jaeger Grey)",5499.00,"PC Image (RM 5,499.00)","PC Image: RM 5,499.00",1,https://store.pcimage.com.my/product/asus-tuf-gaming-a16-ai-fa608u-hrv068w-r7-260-16gb-ddr5-512gb-ssd-geforce-rtx5050-8gb-16-fhd-165hz-win11h-2yw-jaeger-grey,PC Image: https://store.pcimage.com.my/product/asus-tuf-gaming-a16-ai-fa608u-hrv068w-r7-260-16gb-ddr5-512gb-ssd-geforce-rtx5050-8gb-16-fhd-165hz-win11h-2yw-jaeger-grey,https://cdn1.sgliteasset.com/pcimagee/images/product/product-7405310/cached/Zr1qrMwa6a10f3e2231bd_1779495906_webstore_listing_image1.jpg,PC Image - Asus,,,"8GB (R7-260,","8GB (R7-260,","16"" FHD 165Hz",,,
FX608J-HRV054W,"ASUS TUF GAMING F16 (FX608J-HRV054W) i5-13450HX, 16GB DDR5, 512GB SSD, RTX5050 8GB, 16"" FHD 165Hz, Win11, 2YW, Jaeger Grey",5099.00,"PC Image (RM 5,099.00)","PC Image: RM 5,099.00",1,https://store.pcimage.com.my/product/asus-tuf-gaming-f16-fx608j-hrv054w-i5-13450hx-16gb-ddr5-512gb-ssd-rtx5050-8gb-16-fhd-165hz-win11-2yw-jaeger-grey,PC Image: https://store.pcimage.com.my/product/asus-tuf-gaming-f16-fx608j-hrv054w-i5-13450hx-16gb-ddr5-512gb-ssd-rtx5050-8gb-16-fhd-165hz-win11-2yw-jaeger-grey,https://cdn1.sgliteasset.com/pcimagee/images/product/product-7405302/cached/NojbInf86a10f3d4d5c24_1779495892_webstore_listing_image1.jpg,PC Image - Asus,"i5-13450HX,",RTX5050,"16GB DDR5,","16GB DDR5,","16"" FHD 165Hz",,,
FA608P-MRV047W,"ASUS TUF Gaming A16 FA608P-MRV047W R9-8940HX, 16GB DDR5, 1TB SSD, RTX5060 8GB, 16'' 165Hz, Win11H, 2YW Gaming Laptop",8299.00,"PC Image (RM 8,299.00)","PC Image: RM 8,299.00",1,https://store.pcimage.com.my/product/asus-tuf-gaming-a16-fa608p-mrv047w-r9-8940hx-16gb-ddr5-1tb-ssd-rtx5060-8gb-16-165hz-win11h-2yw-gaming-laptop,PC Image: https://store.pcimage.com.my/product/asus-tuf-gaming-a16-fa608p-mrv047w-r9-8940hx-16gb-ddr5-1tb-ssd-rtx5060-8gb-16-165hz-win11h-2yw-gaming-laptop,https://cdn1.sgliteasset.com/pcimagee/images/product/product-7405298/cached/OlgtuJsS6a10f3d2c5561_1779495890_webstore_listing_image1.jpg,PC Image - Asus,,RTX5060,"16GB DDR5,","16GB DDR5,",16,,,
FX608J-MRV040W,"ASUS TUF Gaming F16 (FX608J-MRV040W) i5-13450HX, 16GB DDR5, 512GB SSD, GeForce RTX5060 8GB, 16"" FHD 165Hz, Win11H, 2YW, Jaeger Grey)",5799.00,"PC Image (RM 5,799.00)","PC Image: RM 5,799.00",1,https://store.pcimage.com.my/product/asus-tuf-gaming-f16-fx608j-mrv040w,PC Image: https://store.pcimage.com.my/product/asus-tuf-gaming-f16-fx608j-mrv040w,https://cdn1.sgliteasset.com/pcimagee/images/product/product-7405269/cached/jlAWejya6a10f3b0ac60f_1779495856_webstore_listing_image1.jpg,PC Image - Asus,"i5-13450HX,",RTX5060,"16GB DDR5,","16GB DDR5,","16"" FHD 165Hz",,,
FX607V-URL009W,"ASUS TUF Gaming F16 (FX607V-URL009W) C5-210H, 16GB DDR5, 512GB SSD, RTX4050 6GB, 16"" WUXGA 144Hz, Win11, 2 Years Warranty - Mecha Grey",4599.00,"PC Image (RM 4,599.00)","PC Image: RM 4,599.00",1,https://store.pcimage.com.my/product/asus-tuf-gaming-f16-fx607v-url009w-c5-210h-16gb-ddr5-512gb-ssd-rtx4050-6gb-16-fhd-144hz-win11-2-years-warranty-mecha-grey,PC Image: https://store.pcimage.com.my/product/asus-tuf-gaming-f16-fx607v-url009w-c5-210h-16gb-ddr5-512gb-ssd-rtx4050-6gb-16-fhd-144hz-win11-2-years-warranty-mecha-grey,https://cdn1.sgliteasset.com/pcimagee/images/product/product-7405235/cached/002CBGzo6a10f382961b6_1779495810_webstore_listing_image1.jpg,PC Image - Asus,C5-210H,RTX4050,"16GB DDR5,","16GB DDR5,","16"" WUXGA 144Hz",,,
GZ302E-ARU007W,"ASUS ROG Flow Z13 (GZ302E-ARU007W) Ryzen AI MAX+ 395, 32GB LPDDR5X, 1TB SSD, RTX5080 16GB, 13.4"" WQXGA 180Hz, Win11H, 2YW - Off Black",12999.00,"PC Image (RM 12,999.00)","PC Image: RM 12,999.00",1,https://store.pcimage.com.my/product/asus-rog-flow-z13-gz302e-aru007w-ryzen-ai-max-395-32gb-lpddr5x-1tb-ssd-rtx5080-16gb-13-4-wqxga-180hz-win11h-2yw-off-black,PC Image: https://store.pcimage.com.my/product/asus-rog-flow-z13-gz302e-aru007w-ryzen-ai-max-395-32gb-lpddr5x-1tb-ssd-rtx5080-16gb-13-4-wqxga-180hz-win11h-2yw-off-black,https://cdn1.sgliteasset.com/pcimagee/images/product/product-7405200/cached/DJ1PXVK36a10f3699b228_1779495785_webstore_listing_image1.jpg,PC Image - Asus,,RTX5080,"32GB LPDDR5X,","32GB LPDDR5X,","13.4"" WQXGA 180Hz",,,
56207-ACER-ASPIRE,"Acer Aspire 7 A715-59G-501E 15.6"" Laptop/ Notebook (Core 5 210H, 16GB, 512GB, NV RTX3050, W11H, Off H&S + Off 365 Basic, 144Hz)",3628.00,"TechHypermart (RM 3,628.00)","TechHypermart: RM 3,628.00",1,https://www.techhypermart.com/notebooks/acer-aspire-7-a715-59g-501e-15-6-laptop-notebook-core-5-210h-16gb-512gb-nv-rtx3050-w11h-off-h-s-off-365-basic-144hz,TechHypermart: https://www.techhypermart.com/notebooks/acer-aspire-7-a715-59g-501e-15-6-laptop-notebook-core-5-210h-16gb-512gb-nv-rtx3050-w11h-off-h-s-off-365-basic-144hz,https://www.techhypermart.com/image/cache/catalog/laptopnotebook/acer/A715-59G-501E-a-250x250.png,TechHypermart - Acer,Core 5,NV RTX3050,16GB,16GB,"15.6""",,,
57248-ACER-ASPIRE,"Acer Aspire 7 A715-59G-501E-1-W11-EPP 15.6"" Laptop/ Notebook (Core 5 210H, 16GB, 1TB, NV RTX3050, W11H, Off H&S + Off 365 Basic, 144Hz)",5369.00,"TechHypermart (RM 5,369.00)","TechHypermart: RM 5,369.00",1,https://www.techhypermart.com/notebooks/acer-aspire-7-a715-59g-501e-1-w11-epp-15-6-laptop-notebook-core-5-210h-16gb-1tb-nv-rtx3050-w11h-off-h-s-off-365-basic-144hz,TechHypermart: https://www.techhypermart.com/notebooks/acer-aspire-7-a715-59g-501e-1-w11-epp-15-6-laptop-notebook-core-5-210h-16gb-1tb-nv-rtx3050-w11h-off-h-s-off-365-basic-144hz,https://www.techhypermart.com/image/cache/catalog/laptopnotebook/acer/A715-59G-501E-epp-250x250.png,TechHypermart - Acer,Core 5,NV RTX3050,16GB,16GB,"15.6""",,,
57250-ACER-ASPIRE,"Acer Aspire 7 A715-59G-501E-1-W11P-EPP 15.6"" Laptop/ Notebook (Core 5 210H, 16GB, 1TB, NV RTX3050, W11P, Off H&S + Off 365 Basic, 144Hz)",6219.00,"TechHypermart (RM 6,219.00)","TechHypermart: RM 6,219.00",1,https://www.techhypermart.com/notebooks/acer-aspire-7-a715-59g-501e-1-w11p-epp-15-6-laptop-notebook-core-5-210h-16gb-1tb-nv-rtx3050-w11p-off-h-s-off-365-basic-144hz,TechHypermart: https://www.techhypermart.com/notebooks/acer-aspire-7-a715-59g-501e-1-w11p-epp-15-6-laptop-notebook-core-5-210h-16gb-1tb-nv-rtx3050-w11p-off-h-s-off-365-basic-144hz,https://www.techhypermart.com/image/cache/catalog/laptopnotebook/acer/A715-59G-501E-w11p-epp-250x250.png,TechHypermart - Acer,Core 5,NV RTX3050,16GB,16GB,"15.6""",,,
57249-ACER-ASPIRE,"Acer Aspire 7 A715-59G-501E-W11P 15.6"" Laptop/ Notebook (Core 5 210H, 16GB, 512GB, NV RTX3050, W11P, Off H&S + Off 365 Basic, 144Hz)",4429.00,"TechHypermart (RM 4,429.00)","TechHypermart: RM 4,429.00",1,https://www.techhypermart.com/notebooks/acer-aspire-7-a715-59g-501e-w11p-15-6-laptop-notebook-core-5-210h-16gb-512gb-nv-rtx3050-w11p-off-h-s-off-365-basic-144hz,TechHypermart: https://www.techhypermart.com/notebooks/acer-aspire-7-a715-59g-501e-w11p-15-6-laptop-notebook-core-5-210h-16gb-512gb-nv-rtx3050-w11p-off-h-s-off-365-basic-144hz,https://www.techhypermart.com/image/cache/catalog/laptopnotebook/acer/A715-59G-501E-w11p-250x250.png,TechHypermart - Acer,Core 5,NV RTX3050,16GB,16GB,"15.6""",,,
56882-ACER-ASPIRE,"Acer Aspire 7 A715-59G-527W 15.6"" Laptop/ Notebook (Core 5 210H, 8GB, 512GB, NV RTX3050, W11H, Off H&S + Off 365 Basic, 144Hz)",3279.00,"TechHypermart (RM 3,279.00)","TechHypermart: RM 3,279.00",1,https://www.techhypermart.com/notebooks/acer-aspire-7-a715-59g-527w-15-6-laptop-notebook-core-5-210h-8gb-512gb-nv-rtx3050-w11h-off-h-s-off-365-basic-144hz,TechHypermart: https://www.techhypermart.com/notebooks/acer-aspire-7-a715-59g-527w-15-6-laptop-notebook-core-5-210h-8gb-512gb-nv-rtx3050-w11h-off-h-s-off-365-basic-144hz,https://www.techhypermart.com/image/cache/catalog/laptopnotebook/acer/A715-59G-527W-a-250x250.png,TechHypermart - Acer,Core 5,NV RTX3050,8GB,8GB,"15.6""",,,
57415-ACER-ASPIRE,"Acer Aspire 7 A715-59G-527W-1-W11-EPP 15.6"" Laptop/ Notebook (Core 5 210H, 8GB, 1TB, NV RTX3050, W11H, Off H&S + Off 365 Basic, 144Hz)",5009.00,"TechHypermart (RM 5,009.00)","TechHypermart: RM 5,009.00",1,https://www.techhypermart.com/notebooks/acer-aspire-7-a715-59g-527w-1-w11-epp-15-6-laptop-notebook-core-5-210h-8gb-1tb-nv-rtx3050-w11h-off-h-s-off-365-basic-144hz,TechHypermart: https://www.techhypermart.com/notebooks/acer-aspire-7-a715-59g-527w-1-w11-epp-15-6-laptop-notebook-core-5-210h-8gb-1tb-nv-rtx3050-w11h-off-h-s-off-365-basic-144hz,https://www.techhypermart.com/image/cache/catalog/laptopnotebook/acer/A715-59G-527W-epp-250x250.png,TechHypermart - Acer,Core 5,NV RTX3050,8GB,8GB,"15.6""",,,
57421-ACER-ASPIRE,"Acer Aspire 7 A715-59G-527W-1-W11P-EPP 15.6"" Laptop/ Notebook (Core 5 210H, 8GB, 1TB, NV RTX3050, W11P, Off H&S + Off 365 Basic, 144Hz)",5859.00,"TechHypermart (RM 5,859.00)","TechHypermart: RM 5,859.00",1,https://www.techhypermart.com/notebooks/acer-aspire-7-a715-59g-527w-1-w11p-epp-15-6-laptop-notebook-core-5-210h-8gb-1tb-nv-rtx3050-w11p-off-h-s-off-365-basic-144hz,TechHypermart: https://www.techhypermart.com/notebooks/acer-aspire-7-a715-59g-527w-1-w11p-epp-15-6-laptop-notebook-core-5-210h-8gb-1tb-nv-rtx3050-w11p-off-h-s-off-365-basic-144hz,https://www.techhypermart.com/image/cache/catalog/laptopnotebook/acer/A715-59G-527W-w11p-epp-250x250.png,TechHypermart - Acer,Core 5,NV RTX3050,8GB,8GB,"15.6""",,,
57416-ACER-ASPIRE,"Acer Aspire 7 A715-59G-527W-16-1-W11-EPP 15.6"" Laptop/ Notebook (Core 5 210H, 16GB, 1TB, NV RTX3050, W11H, Off H&S + Off 365 Basic, 144Hz)",5439.00,"TechHypermart (RM 5,439.00)","TechHypermart: RM 5,439.00",1,https://www.techhypermart.com/notebooks/acer-aspire-7-a715-59g-527w-16-1-w11-epp-15-6-laptop-notebook-core-5-210h-16gb-1tb-nv-rtx3050-w11h-off-h-s-off-365-basic-144hz,TechHypermart: https://www.techhypermart.com/notebooks/acer-aspire-7-a715-59g-527w-16-1-w11-epp-15-6-laptop-notebook-core-5-210h-16gb-1tb-nv-rtx3050-w11h-off-h-s-off-365-basic-144hz,https://www.techhypermart.com/image/cache/catalog/laptopnotebook/acer/A715-59G-527W-epp-250x250.png,TechHypermart - Acer,Core 5,NV RTX3050,16GB,16GB,16,,,
57422-ACER-ASPIRE,"Acer Aspire 7 A715-59G-527W-16-1-W11P-EPP 15.6"" Laptop/ Notebook (Core 5 210H, 16GB, 1TB, NV RTX3050, W11P, Off H&S + Off 365 Basic, 144Hz)",6289.00,"TechHypermart (RM 6,289.00)","TechHypermart: RM 6,289.00",1,https://www.techhypermart.com/notebooks/acer-aspire-7-a715-59g-527w-16-1-w11p-epp-15-6-laptop-notebook-core-5-210h-16gb-1tb-nv-rtx3050-w11p-off-h-s-off-365-basic-144hz,TechHypermart: https://www.techhypermart.com/notebooks/acer-aspire-7-a715-59g-527w-16-1-w11p-epp-15-6-laptop-notebook-core-5-210h-16gb-1tb-nv-rtx3050-w11p-off-h-s-off-365-basic-144hz,https://www.techhypermart.com/image/cache/catalog/laptopnotebook/acer/A715-59G-527W-w11p-epp-250x250.png,TechHypermart - Acer,Core 5,NV RTX3050,16GB,16GB,16,,,
56907-ACER-ASPIRE,"Acer Aspire 7 A715-59G-527W-16-W11 15.6"" Laptop/ Notebook (Core 5 210H, 16GB, 512GB, NV RTX3050, W11H, Off H&S + Off 365 Basic, 144Hz)",3689.00,"TechHypermart (RM 3,689.00)","TechHypermart: RM 3,689.00",1,https://www.techhypermart.com/notebooks/acer-aspire-7-a715-59g-527w-16-w11-15-6-laptop-notebook-core-5-210h-16gb-512gb-nv-rtx3050-w11h-off-h-s-off-365-basic-144hz,TechHypermart: https://www.techhypermart.com/notebooks/acer-aspire-7-a715-59g-527w-16-w11-15-6-laptop-notebook-core-5-210h-16gb-512gb-nv-rtx3050-w11h-off-h-s-off-365-basic-144hz,https://www.techhypermart.com/image/cache/catalog/laptopnotebook/acer/A715-59G-527W-a-250x250.png,TechHypermart - Acer,Core 5,NV RTX3050,16GB,16GB,16,,,
57419-ACER-ASPIRE,"Acer Aspire 7 A715-59G-527W-16-W11P 15.6"" Laptop/ Notebook (Core 5 210H, 16GB, 512GB, NV RTX3050, W11P, Off H&S + Off 365 Basic, 144Hz)",4489.00,"TechHypermart (RM 4,489.00)","TechHypermart: RM 4,489.00",1,https://www.techhypermart.com/notebooks/acer-aspire-7-a715-59g-527w-16-w11p-15-6-laptop-notebook-core-5-210h-16gb-512gb-nv-rtx3050-w11p-off-h-s-off-365-basic-144hz,TechHypermart: https://www.techhypermart.com/notebooks/acer-aspire-7-a715-59g-527w-16-w11p-15-6-laptop-notebook-core-5-210h-16gb-512gb-nv-rtx3050-w11p-off-h-s-off-365-basic-144hz,https://www.techhypermart.com/image/cache/catalog/laptopnotebook/acer/A715-59G-527W-w11p-250x250.png,TechHypermart - Acer,Core 5,NV RTX3050,16GB,16GB,16,,,
57417-ACER-ASPIRE,"Acer Aspire 7 A715-59G-527W-24-1-W11-EPP 15.6"" Laptop/ Notebook (Core 5 210H, 24GB, 1TB, NV RTX3050, W11H, Off H&S + Off 365 Basic, 144Hz)",5819.00,"TechHypermart (RM 5,819.00)","TechHypermart: RM 5,819.00",1,https://www.techhypermart.com/notebooks/acer-aspire-7-a715-59g-527w-24-1-w11-epp-15-6-laptop-notebook-core-5-210h-24gb-1tb-nv-rtx3050-w11h-off-h-s-off-365-basic-144hz,TechHypermart: https://www.techhypermart.com/notebooks/acer-aspire-7-a715-59g-527w-24-1-w11-epp-15-6-laptop-notebook-core-5-210h-24gb-1tb-nv-rtx3050-w11h-off-h-s-off-365-basic-144hz,https://www.techhypermart.com/image/cache/catalog/laptopnotebook/acer/A715-59G-527W-epp-250x250.png,TechHypermart - Acer,Core 5,NV RTX3050,24GB,24GB,"15.6""",,,
57423-ACER-ASPIRE,"Acer Aspire 7 A715-59G-527W-24-1-W11P-EPP 15.6"" Laptop/ Notebook (Core 5 210H, 24GB, 1TB, NV RTX3050, W11P, Off H&S + Off 365 Basic, 144Hz)",6669.00,"TechHypermart (RM 6,669.00)","TechHypermart: RM 6,669.00",1,https://www.techhypermart.com/notebooks/acer-aspire-7-a715-59g-527w-24-1-w11p-epp-15-6-laptop-notebook-core-5-210h-24gb-1tb-nv-rtx3050-w11p-off-h-s-off-365-basic-144hz,TechHypermart: https://www.techhypermart.com/notebooks/acer-aspire-7-a715-59g-527w-24-1-w11p-epp-15-6-laptop-notebook-core-5-210h-24gb-1tb-nv-rtx3050-w11p-off-h-s-off-365-basic-144hz,https://www.techhypermart.com/image/cache/catalog/laptopnotebook/acer/A715-59G-527W-w11p-epp-250x250.png,TechHypermart - Acer,Core 5,NV RTX3050,24GB,24GB,"15.6""",,,
56908-ACER-ASPIRE,"Acer Aspire 7 A715-59G-527W-24-W11 15.6"" Laptop/ Notebook (Core 5 210H, 24GB, 512GB, NV RTX3050, W11H, Off H&S + Off 365 Basic, 144Hz)",4039.00,"TechHypermart (RM 4,039.00)","TechHypermart: RM 4,039.00",1,https://www.techhypermart.com/notebooks/acer-aspire-7-a715-59g-527w-24-w11-15-6-laptop-notebook-core-5-210h-24gb-512gb-nv-rtx3050-w11h-off-h-s-off-365-basic-144hz,TechHypermart: https://www.techhypermart.com/notebooks/acer-aspire-7-a715-59g-527w-24-w11-15-6-laptop-notebook-core-5-210h-24gb-512gb-nv-rtx3050-w11h-off-h-s-off-365-basic-144hz,https://www.techhypermart.com/image/cache/catalog/laptopnotebook/acer/A715-59G-527W-a-250x250.png,TechHypermart - Acer,Core 5,NV RTX3050,24GB,24GB,"15.6""",,,
57420-ACER-ASPIRE,"Acer Aspire 7 A715-59G-527W-24-W11P 15.6"" Laptop/ Notebook (Core 5 210H, 24GB, 512GB, NV RTX3050, W11P, Off H&S + Off 365 Basic, 144Hz)",4839.00,"TechHypermart (RM 4,839.00)","TechHypermart: RM 4,839.00",1,https://www.techhypermart.com/notebooks/acer-aspire-7-a715-59g-527w-24-w11p-15-6-laptop-notebook-core-5-210h-24gb-512gb-nv-rtx3050-w11p-off-h-s-off-365-basic-144hz,TechHypermart: https://www.techhypermart.com/notebooks/acer-aspire-7-a715-59g-527w-24-w11p-15-6-laptop-notebook-core-5-210h-24gb-512gb-nv-rtx3050-w11p-off-h-s-off-365-basic-144hz,https://www.techhypermart.com/image/cache/catalog/laptopnotebook/acer/A715-59G-527W-w11p-250x250.png,TechHypermart - Acer,Core 5,NV RTX3050,24GB,24GB,"15.6""",,,
57418-ACER-ASPIRE,"Acer Aspire 7 A715-59G-527W-W11P 15.6"" Laptop/ Notebook (Core 5 210H, 8GB, 512GB, NV RTX3050, W11P, Off H&S + Off 365 Basic, 144Hz)",4089.00,"TechHypermart (RM 4,089.00)","TechHypermart: RM 4,089.00",1,https://www.techhypermart.com/notebooks/acer-aspire-7-a715-59g-527w-w11p-15-6-laptop-notebook-core-5-210h-8gb-512gb-nv-rtx3050-w11p-off-h-s-off-365-basic-144hz,TechHypermart: https://www.techhypermart.com/notebooks/acer-aspire-7-a715-59g-527w-w11p-15-6-laptop-notebook-core-5-210h-8gb-512gb-nv-rtx3050-w11p-off-h-s-off-365-basic-144hz,https://www.techhypermart.com/image/cache/catalog/laptopnotebook/acer/A715-59G-527W-w11p-250x250.png,TechHypermart - Acer,Core 5,NV RTX3050,8GB,8GB,"15.6""",,,
56883-ACER-ASPIRE,"Acer Aspire 7 A715-59G-54Q6 15.6"" Laptop/ Notebook (Core 5 210H, 8GB, 512GB, NV RTX3050, W11H, Off H&S + Off 365 Basic, 144Hz)",3289.00,"TechHypermart (RM 3,289.00)","TechHypermart: RM 3,289.00",1,https://www.techhypermart.com/notebooks/acer-aspire-7-a715-59g-54q6-15-6-laptop-notebook-core-5-210h-8gb-512gb-nv-rtx3050-w11h-off-h-s-off-365-basic-144hz,TechHypermart: https://www.techhypermart.com/notebooks/acer-aspire-7-a715-59g-54q6-15-6-laptop-notebook-core-5-210h-8gb-512gb-nv-rtx3050-w11h-off-h-s-off-365-basic-144hz,https://www.techhypermart.com/image/cache/catalog/laptopnotebook/acer/A715-59G-54Q6-a-250x250.png,TechHypermart - Acer,Core 5,NV RTX3050,8GB,8GB,"15.6""",,,
57424-ACER-ASPIRE,"Acer Aspire 7 A715-59G-54Q6-1-W11-EPP 15.6"" Laptop/ Notebook (Core 5 210H, 8GB, 1TB, NV RTX3050, W11H, Off H&S + Off 365 Basic, 144Hz)",5019.00,"TechHypermart (RM 5,019.00)","TechHypermart: RM 5,019.00",1,https://www.techhypermart.com/notebooks/acer-aspire-7-a715-59g-54q6-1-w11-epp-15-6-laptop-notebook-core-5-210h-8gb-1tb-nv-rtx3050-w11h-off-h-s-off-365-basic-144hz,TechHypermart: https://www.techhypermart.com/notebooks/acer-aspire-7-a715-59g-54q6-1-w11-epp-15-6-laptop-notebook-core-5-210h-8gb-1tb-nv-rtx3050-w11h-off-h-s-off-365-basic-144hz,https://www.techhypermart.com/image/cache/catalog/laptopnotebook/acer/A715-59G-54Q6-epp-250x250.png,TechHypermart - Acer,Core 5,NV RTX3050,8GB,8GB,"15.6""",,,
57431-ACER-ASPIRE,"Acer Aspire 7 A715-59G-54Q6-1-W11P-EPP 15.6"" Laptop/ Notebook (Core 5 210H, 8GB, 1TB, NV RTX3050, W11P, Off H&S + Off 365 Basic, 144Hz)",5869.00,"TechHypermart (RM 5,869.00)","TechHypermart: RM 5,869.00",1,https://www.techhypermart.com/notebooks/acer-aspire-7-a715-59g-54q6-1-w11p-epp-15-6-laptop-notebook-core-5-210h-8gb-1tb-nv-rtx3050-w11p-off-h-s-off-365-basic-144hz,TechHypermart: https://www.techhypermart.com/notebooks/acer-aspire-7-a715-59g-54q6-1-w11p-epp-15-6-laptop-notebook-core-5-210h-8gb-1tb-nv-rtx3050-w11p-off-h-s-off-365-basic-144hz,https://www.techhypermart.com/image/cache/catalog/laptopnotebook/acer/A715-59G-54Q6-w11p-epp-250x250.png,TechHypermart - Acer,Core 5,NV RTX3050,8GB,8GB,"15.6""",,,
57425-ACER-ASPIRE,"Acer Aspire 7 A715-59G-54Q6-16-1-W11-EPP 15.6"" Laptop/ Notebook (Core 5 210H, 16GB, 1TB, NV RTX3050, W11H, Off H&S + Off 365 Basic, 144Hz)",5449.00,"TechHypermart (RM 5,449.00)","TechHypermart: RM 5,449.00",1,https://www.techhypermart.com/notebooks/acer-aspire-7-a715-59g-54q6-16-1-w11-epp-15-6-laptop-notebook-core-5-210h-16gb-1tb-nv-rtx3050-w11h-off-h-s-off-365-basic-144hz,TechHypermart: https://www.techhypermart.com/notebooks/acer-aspire-7-a715-59g-54q6-16-1-w11-epp-15-6-laptop-notebook-core-5-210h-16gb-1tb-nv-rtx3050-w11h-off-h-s-off-365-basic-144hz,https://www.techhypermart.com/image/cache/catalog/laptopnotebook/acer/A715-59G-54Q6-epp-250x250.png,TechHypermart - Acer,Core 5,NV RTX3050,16GB,16GB,16,,,
57432-ACER-ASPIRE,"Acer Aspire 7 A715-59G-54Q6-16-1-W11P-EPP 15.6"" Laptop/ Notebook (Core 5 210H, 16GB, 1TB, NV RTX3050, W11P, Off H&S + Off 365 Basic, 144Hz)",6229.00,"TechHypermart (RM 6,229.00)","TechHypermart: RM 6,229.00",1,https://www.techhypermart.com/notebooks/acer-aspire-7-a715-59g-54q6-16-1-w11p-epp-15-6-laptop-notebook-core-5-210h-16gb-1tb-nv-rtx3050-w11p-off-h-s-off-365-basic-144hz,TechHypermart: https://www.techhypermart.com/notebooks/acer-aspire-7-a715-59g-54q6-16-1-w11p-epp-15-6-laptop-notebook-core-5-210h-16gb-1tb-nv-rtx3050-w11p-off-h-s-off-365-basic-144hz,https://www.techhypermart.com/image/cache/catalog/laptopnotebook/acer/A715-59G-54Q6-w11p-epp-250x250.png,TechHypermart - Acer,Core 5,NV RTX3050,16GB,16GB,16,,,
56911-ACER-ASPIRE,"Acer Aspire 7 A715-59G-54Q6-16-W11 15.6"" Laptop/ Notebook (Core 5 210H, 16GB, 512GB, NV RTX3050, W11H, Off H&S + Off 365 Basic, 144Hz)",3699.00,"TechHypermart (RM 3,699.00)","TechHypermart: RM 3,699.00",1,https://www.techhypermart.com/notebooks/acer-aspire-7-a715-59g-54q6-16-w11-15-6-laptop-notebook-core-5-210h-16gb-512gb-nv-rtx3050-w11h-off-h-s-off-365-basic-144hz,TechHypermart: https://www.techhypermart.com/notebooks/acer-aspire-7-a715-59g-54q6-16-w11-15-6-laptop-notebook-core-5-210h-16gb-512gb-nv-rtx3050-w11h-off-h-s-off-365-basic-144hz,https://www.techhypermart.com/image/cache/catalog/laptopnotebook/acer/A715-59G-54Q6-a-250x250.png,TechHypermart - Acer,Core 5,NV RTX3050,16GB,16GB,16,,,
57428-ACER-ASPIRE,"Acer Aspire 7 A715-59G-54Q6-16-W11P 15.6"" Laptop/ Notebook (Core 5 210H, 16GB, 512GB, NV RTX3050, W11P, Off H&S + Off 365 Basic, 144Hz)",4499.00,"TechHypermart (RM 4,499.00)","TechHypermart: RM 4,499.00",1,https://www.techhypermart.com/notebooks/acer-aspire-7-a715-59g-54q6-16-w11p-15-6-laptop-notebook-core-5-210h-16gb-512gb-nv-rtx3050-w11p-off-h-s-off-365-basic-144hz,TechHypermart: https://www.techhypermart.com/notebooks/acer-aspire-7-a715-59g-54q6-16-w11p-15-6-laptop-notebook-core-5-210h-16gb-512gb-nv-rtx3050-w11p-off-h-s-off-365-basic-144hz,https://www.techhypermart.com/image/cache/catalog/laptopnotebook/acer/A715-59G-54Q6-w11p-250x250.png,TechHypermart - Acer,Core 5,NV RTX3050,16GB,16GB,16,,,
57426-ACER-ASPIRE,"Acer Aspire 7 A715-59G-54Q6-24-1-W11-EPP 15.6"" Laptop/ Notebook (Core 5 210H, 24GB, 1TB, NV RTX3050, W11H, Off H&S + Off 365 Basic, 144Hz)",5829.00,"TechHypermart (RM 5,829.00)","TechHypermart: RM 5,829.00",1,https://www.techhypermart.com/notebooks/acer-aspire-7-a715-59g-54q6-24-1-w11-epp-15-6-laptop-notebook-core-5-210h-24gb-1tb-nv-rtx3050-w11h-off-h-s-off-365-basic-144hz,TechHypermart: https://www.techhypermart.com/notebooks/acer-aspire-7-a715-59g-54q6-24-1-w11-epp-15-6-laptop-notebook-core-5-210h-24gb-1tb-nv-rtx3050-w11h-off-h-s-off-365-basic-144hz,https://www.techhypermart.com/image/cache/catalog/laptopnotebook/acer/A715-59G-54Q6-epp-250x250.png,TechHypermart - Acer,Core 5,NV RTX3050,24GB,24GB,"15.6""",,,
57433-ACER-ASPIRE,"Acer Aspire 7 A715-59G-54Q6-24-1-W11P-EPP 15.6"" Laptop/ Notebook (Core 5 210H, 24GB, 1TB, NV RTX3050, W11P, Off H&S + Off 365 Basic, 144Hz)",6679.00,"TechHypermart (RM 6,679.00)","TechHypermart: RM 6,679.00",1,https://www.techhypermart.com/notebooks/acer-aspire-7-a715-59g-54q6-24-1-w11p-epp-15-6-laptop-notebook-core-5-210h-24gb-1tb-nv-rtx3050-w11p-off-h-s-off-365-basic-144hz,TechHypermart: https://www.techhypermart.com/notebooks/acer-aspire-7-a715-59g-54q6-24-1-w11p-epp-15-6-laptop-notebook-core-5-210h-24gb-1tb-nv-rtx3050-w11p-off-h-s-off-365-basic-144hz,https://www.techhypermart.com/image/cache/catalog/laptopnotebook/acer/A715-59G-54Q6-w11p-epp-250x250.png,TechHypermart - Acer,Core 5,NV RTX3050,24GB,24GB,"15.6""",,,
56912-ACER-ASPIRE,"Acer Aspire 7 A715-59G-54Q6-24-W11 15.6"" Laptop/ Notebook (Core 5 210H, 24GB, 512GB, NV RTX3050, W11H, Off H&S + Off 365 Basic, 144Hz)",4049.00,"TechHypermart (RM 4,049.00)","TechHypermart: RM 4,049.00",1,https://www.techhypermart.com/notebooks/acer-aspire-7-a715-59g-54q6-24-w11-15-6-laptop-notebook-core-5-210h-24gb-512gb-nv-rtx3050-w11h-off-h-s-off-365-basic-144hz,TechHypermart: https://www.techhypermart.com/notebooks/acer-aspire-7-a715-59g-54q6-24-w11-15-6-laptop-notebook-core-5-210h-24gb-512gb-nv-rtx3050-w11h-off-h-s-off-365-basic-144hz,https://www.techhypermart.com/image/cache/catalog/laptopnotebook/acer/A715-59G-54Q6-a-250x250.png,TechHypermart - Acer,Core 5,NV RTX3050,24GB,24GB,"15.6""",,,
57429-ACER-ASPIRE,"Acer Aspire 7 A715-59G-54Q6-24-W11P 15.6"" Laptop/ Notebook (Core 5 210H, 24GB, 512GB, NV RTX3050, W11P, Off H&S + Off 365 Basic, 144Hz)",4849.00,"TechHypermart (RM 4,849.00)","TechHypermart: RM 4,849.00",1,https://www.techhypermart.com/notebooks/acer-aspire-7-a715-59g-54q6-24-w11p-15-6-laptop-notebook-core-5-210h-24gb-512gb-nv-rtx3050-w11p-off-h-s-off-365-basic-144hz,TechHypermart: https://www.techhypermart.com/notebooks/acer-aspire-7-a715-59g-54q6-24-w11p-15-6-laptop-notebook-core-5-210h-24gb-512gb-nv-rtx3050-w11p-off-h-s-off-365-basic-144hz,https://www.techhypermart.com/image/cache/catalog/laptopnotebook/acer/A715-59G-54Q6-w11p-250x250.png,TechHypermart - Acer,Core 5,NV RTX3050,24GB,24GB,"15.6""",,,
57427-ACER-ASPIRE,"Acer Aspire 7 A715-59G-54Q6-W11P 15.6"" Laptop/ Notebook (Core 5 210H, 8GB, 512GB, NV RTX3050, W11P, Off H&S + Off 365 Basic, 144Hz)",4099.00,"TechHypermart (RM 4,099.00)","TechHypermart: RM 4,099.00",1,https://www.techhypermart.com/notebooks/acer-aspire-7-a715-59g-54q6-w11p-15-6-laptop-notebook-core-5-210h-8gb-512gb-nv-rtx3050-w11p-off-h-s-off-365-basic-144hz,TechHypermart: https://www.techhypermart.com/notebooks/acer-aspire-7-a715-59g-54q6-w11p-15-6-laptop-notebook-core-5-210h-8gb-512gb-nv-rtx3050-w11p-off-h-s-off-365-basic-144hz,https://www.techhypermart.com/image/cache/catalog/laptopnotebook/acer/A715-59G-54Q6-w11p-250x250.png,TechHypermart - Acer,Core 5,NV RTX3050,8GB,8GB,"15.6""",,,
57066-ACER-ASPIRE,"Acer Aspire Go AG14-I71M-52DP 14"" Laptop/ Notebook (Ultra 5 125H, 16GB, 512GB, Intel Arc, W11H, Off H&S + Off 365 Basic, AI)",3388.00,"TechHypermart (RM 3,388.00)","TechHypermart: RM 3,388.00",1,https://www.techhypermart.com/notebooks/acer-aspire-go-ag14-i71m-52dp-14-laptop-notebook-ultra-5-125h-16gb-512gb-intel-arc-w11h-off-h-s-off-365-basic-ai,TechHypermart: https://www.techhypermart.com/notebooks/acer-aspire-go-ag14-i71m-52dp-14-laptop-notebook-ultra-5-125h-16gb-512gb-intel-arc-w11h-off-h-s-off-365-basic-ai,https://www.techhypermart.com/image/cache/catalog/laptopnotebook/acer/AG14-I71M-52DP-a-250x250.png,TechHypermart - Acer,I71M-52DP,Intel Arc,16GB,16GB,"14""",,,
57712-ACER-ASPIRE,"Acer Aspire Go AG14-I71M-52DP-1-W11-EPP 14"" Laptop/ Notebook (Ultra 5 125H, 16GB, 1TB, Intel Arc, W11H, Off H&S + Off 365 Basic, AI)",5109.00,"TechHypermart (RM 5,109.00)","TechHypermart: RM 5,109.00",1,https://www.techhypermart.com/notebooks/acer-aspire-go-ag14-i71m-52dp-1-w11-epp-14-laptop-notebook-ultra-5-125h-16gb-1tb-intel-arc-w11h-off-h-s-off-365-basic-ai,TechHypermart: https://www.techhypermart.com/notebooks/acer-aspire-go-ag14-i71m-52dp-1-w11-epp-14-laptop-notebook-ultra-5-125h-16gb-1tb-intel-arc-w11h-off-h-s-off-365-basic-ai,https://www.techhypermart.com/image/cache/catalog/laptopnotebook/acer/AG14-I71M-52DP-epp-250x250.png,TechHypermart - Acer,I71M-52DP-1-W11-EPP,Intel Arc,16GB,16GB,"14""",,,
57715-ACER-ASPIRE,"Acer Aspire Go AG14-I71M-52DP-1-W11P-EPP 14"" Laptop/ Notebook (Ultra 5 125H, 16GB, 1TB, Intel Arc, W11P, Off H&S + Off 365 Basic, AI)",5959.00,"TechHypermart (RM 5,959.00)","TechHypermart: RM 5,959.00",1,https://www.techhypermart.com/notebooks/acer-aspire-go-ag14-i71m-52dp-1-w11p-epp-14-laptop-notebook-ultra-5-125h-16gb-1tb-intel-arc-w11p-off-h-s-off-365-basic-ai,TechHypermart: https://www.techhypermart.com/notebooks/acer-aspire-go-ag14-i71m-52dp-1-w11p-epp-14-laptop-notebook-ultra-5-125h-16gb-1tb-intel-arc-w11p-off-h-s-off-365-basic-ai,https://www.techhypermart.com/image/cache/catalog/laptopnotebook/acer/AG14-I71M-52DP-w11p-epp-250x250.png,TechHypermart - Acer,I71M-52DP-1-W11P-EPP,Intel Arc,16GB,16GB,"14""",,,
57714-ACER-ASPIRE,"Acer Aspire Go AG14-I71M-52DP-W11P 14"" Laptop/ Notebook (Ultra 5 125H, 16GB, 512GB, Intel Arc, W11P, Off H&S + Off 365 Basic, AI)",4189.00,"TechHypermart (RM 4,189.00)","TechHypermart: RM 4,189.00",1,https://www.techhypermart.com/notebooks/acer-aspire-go-ag14-i71m-52dp-w11p-14-laptop-notebook-ultra-5-125h-16gb-512gb-intel-arc-w11p-off-h-s-off-365-basic-ai,TechHypermart: https://www.techhypermart.com/notebooks/acer-aspire-go-ag14-i71m-52dp-w11p-14-laptop-notebook-ultra-5-125h-16gb-512gb-intel-arc-w11p-off-h-s-off-365-basic-ai,https://www.techhypermart.com/image/cache/catalog/laptopnotebook/acer/AG14-I71M-52DP-w11p-250x250.png,TechHypermart - Acer,I71M-52DP-W11P,Intel Arc,16GB,16GB,"14""",,,
57062-ACER-ASPIRE,"Acer Aspire Go AG14-I71M-98U8 14"" Laptop/ Notebook (Ultra 9 185H, 16GB, 512GB, Intel Arc, W11H, Off H&S + Off 365 Basic, AI)",4208.00,"TechHypermart (RM 4,208.00)","TechHypermart: RM 4,208.00",1,https://www.techhypermart.com/notebooks/acer-aspire-go-ag14-i71m-98u8-14-laptop-notebook-ultra-9-185h-16gb-512gb-intel-arc-w11h-off-h-s-off-365-basic-ai,TechHypermart: https://www.techhypermart.com/notebooks/acer-aspire-go-ag14-i71m-98u8-14-laptop-notebook-ultra-9-185h-16gb-512gb-intel-arc-w11h-off-h-s-off-365-basic-ai,https://www.techhypermart.com/image/cache/catalog/laptopnotebook/acer/AG14-I71M-98U8-a-250x250.png,TechHypermart - Acer,I71M-98U8,Intel Arc,16GB,16GB,"14""",,,
57709-ACER-ASPIRE,"Acer Aspire Go AG14-I71M-98U8-1-W11-EPP 14"" Laptop/ Notebook (Ultra 9 185H, 16GB, 1TB, Intel Arc, W11H, Off H&S + Off 365 Basic, AI)",5999.00,"TechHypermart (RM 5,999.00)","TechHypermart: RM 5,999.00",1,https://www.techhypermart.com/notebooks/acer-aspire-go-ag14-i71m-98u8-1-w11-epp-14-laptop-notebook-ultra-9-185h-16gb-1tb-intel-arc-w11h-off-h-s-off-365-basic-ai,TechHypermart: https://www.techhypermart.com/notebooks/acer-aspire-go-ag14-i71m-98u8-1-w11-epp-14-laptop-notebook-ultra-9-185h-16gb-1tb-intel-arc-w11h-off-h-s-off-365-basic-ai,https://www.techhypermart.com/image/cache/catalog/laptopnotebook/acer/AG14-I71M-98U8-epp-250x250.png,TechHypermart - Acer,I71M-98U8-1-W11-EPP,Intel Arc,16GB,16GB,"14""",,,
57711-ACER-ASPIRE,"Acer Aspire Go AG14-I71M-98U8-1-W11P-EPP 14"" Laptop/ Notebook (Ultra 9 185H, 16GB, 1TB, Intel Arc, W11P, Off H&S + Off 365 Basic, AI)",6849.00,"TechHypermart (RM 6,849.00)","TechHypermart: RM 6,849.00",1,https://www.techhypermart.com/notebooks/acer-aspire-go-ag14-i71m-98u8-1-w11p-epp-14-laptop-notebook-ultra-9-185h-16gb-1tb-intel-arc-w11p-off-h-s-off-365-basic-ai,TechHypermart: https://www.techhypermart.com/notebooks/acer-aspire-go-ag14-i71m-98u8-1-w11p-epp-14-laptop-notebook-ultra-9-185h-16gb-1tb-intel-arc-w11p-off-h-s-off-365-basic-ai,https://www.techhypermart.com/image/cache/catalog/laptopnotebook/acer/AG14-I71M-98U8-w11p-epp-1-250x250.png,TechHypermart - Acer,I71M-98U8-1-W11P-EPP,Intel Arc,16GB,16GB,"14""",,,
57710-ACER-ASPIRE,"Acer Aspire Go AG14-I71M-98U8-W11P 14"" Laptop/ Notebook (Ultra 9 185H, 16GB, 512GB, Intel Arc, W11P, Off H&S + Off 365 Basic, AI)",5009.00,"TechHypermart (RM 5,009.00)","TechHypermart: RM 5,009.00",1,https://www.techhypermart.com/notebooks/acer-aspire-go-ag14-i71m-98u8-w11p-14-laptop-notebook-ultra-9-185h-16gb-512gb-intel-arc-w11p-off-h-s-off-365-basic-ai,TechHypermart: https://www.techhypermart.com/notebooks/acer-aspire-go-ag14-i71m-98u8-w11p-14-laptop-notebook-ultra-9-185h-16gb-512gb-intel-arc-w11p-off-h-s-off-365-basic-ai,https://www.techhypermart.com/image/cache/catalog/laptopnotebook/acer/AG14-I71M-98U8-w11p-250x250.png,TechHypermart - Acer,I71M-98U8-W11P,Intel Arc,16GB,16GB,"14""",,,
55160-ACER-ASPIRE,"Acer Aspire Lite AL14-45P-R1K9 14"" Laptop/ Notebook (Ryzen 3 5400U, 8GB, 512GB, AMD Radeon, W11H, Off H&S + Off 365 Basic)",2448.00,"TechHypermart (RM 2,448.00)","TechHypermart: RM 2,448.00",1,https://www.techhypermart.com/notebooks/acer-aspire-lite-al14-45p-r1k9-14-laptop-notebook-ryzen-3-5400u-8gb-512gb-amd-radeon-w11h-off-h-s-off-365-basic,TechHypermart: https://www.techhypermart.com/notebooks/acer-aspire-lite-al14-45p-r1k9-14-laptop-notebook-ryzen-3-5400u-8gb-512gb-amd-radeon-w11h-off-h-s-off-365-basic,https://www.techhypermart.com/image/cache/catalog/laptopnotebook/acer/AL14-45P-R1K9-a-250x250.png,TechHypermart - Acer,Ryzen 3 5400U,AMD Radeon,8GB,8GB,"14""",,,
56453-ACER-ASPIRE,"Acer Aspire Lite AL14-45P-R1K9-1-W11-EPP 14"" Laptop/ Notebook (Ryzen 3 5400U, 8GB, 1TB, AMD Radeon, W11H, Off H&S + Off 365 Basic)",3969.00,"TechHypermart (RM 3,969.00)","TechHypermart: RM 3,969.00",1,https://www.techhypermart.com/notebooks/acer-aspire-lite-al14-45p-r1k9-1-w11-epp-14-laptop-notebook-ryzen-3-5400u-8gb-1tb-amd-radeon-w11h-off-h-s-off-365-basic,TechHypermart: https://www.techhypermart.com/notebooks/acer-aspire-lite-al14-45p-r1k9-1-w11-epp-14-laptop-notebook-ryzen-3-5400u-8gb-1tb-amd-radeon-w11h-off-h-s-off-365-basic,https://www.techhypermart.com/image/cache/catalog/laptopnotebook/acer/AL14-45P-R1K9-epp-250x250.png,TechHypermart - Acer,Ryzen 3 5400U,AMD Radeon,8GB,8GB,"14""",,,
56460-ACER-ASPIRE,"Acer Aspire Lite AL14-45P-R1K9-1-W11P-EPP 14"" Laptop/ Notebook (Ryzen 3 5400U, 8GB, 1TB, AMD Radeon, W11P, Off H&S + Off 365 Basic)",4819.00,"TechHypermart (RM 4,819.00)","TechHypermart: RM 4,819.00",1,https://www.techhypermart.com/notebooks/acer-aspire-lite-al14-45p-r1k9-1-w11p-epp-14-laptop-notebook-ryzen-3-5400u-8gb-1tb-amd-radeon-w11p-off-h-s-off-365-basic,TechHypermart: https://www.techhypermart.com/notebooks/acer-aspire-lite-al14-45p-r1k9-1-w11p-epp-14-laptop-notebook-ryzen-3-5400u-8gb-1tb-amd-radeon-w11p-off-h-s-off-365-basic,https://www.techhypermart.com/image/cache/catalog/laptopnotebook/acer/AL14-45P-R1K9-w11p-epp-250x250.png,TechHypermart - Acer,Ryzen 3 5400U,AMD Radeon,8GB,8GB,"14""",,,
56454-ACER-ASPIRE,"Acer Aspire Lite AL14-45P-R1K9-16-1-W11-EPP 14"" Laptop/ Notebook (Ryzen 3 5400U, 16GB, 1TB, AMD Radeon, W11H, Off H&S + Off 365 Basic)",4579.00,"TechHypermart (RM 4,579.00)","TechHypermart: RM 4,579.00",1,https://www.techhypermart.com/notebooks/acer-aspire-lite-al14-45p-r1k9-16-1-w11-epp-14-laptop-notebook-ryzen-3-5400u-16gb-1tb-amd-radeon-w11h-off-h-s-off-365-basic,TechHypermart: https://www.techhypermart.com/notebooks/acer-aspire-lite-al14-45p-r1k9-16-1-w11-epp-14-laptop-notebook-ryzen-3-5400u-16gb-1tb-amd-radeon-w11h-off-h-s-off-365-basic,https://www.techhypermart.com/image/cache/catalog/laptopnotebook/acer/AL14-45P-R1K9-epp-250x250.png,TechHypermart - Acer,Ryzen 3 5400U,AMD Radeon,16GB,16GB,16,,,
56461-ACER-ASPIRE,"Acer Aspire Lite AL14-45P-R1K9-16-1-W11P-EPP 14"" Laptop/ Notebook (Ryzen 3 5400U, 16GB, 1TB, AMD Radeon, W11P, Off H&S + Off 365 Basic)",5429.00,"TechHypermart (RM 5,429.00)","TechHypermart: RM 5,429.00",1,https://www.techhypermart.com/notebooks/acer-aspire-lite-al14-45p-r1k9-16-1-w11p-epp-14-laptop-notebook-ryzen-3-5400u-16gb-1tb-amd-radeon-w11p-off-h-s-off-365-basic,TechHypermart: https://www.techhypermart.com/notebooks/acer-aspire-lite-al14-45p-r1k9-16-1-w11p-epp-14-laptop-notebook-ryzen-3-5400u-16gb-1tb-amd-radeon-w11p-off-h-s-off-365-basic,https://www.techhypermart.com/image/cache/catalog/laptopnotebook/acer/AL14-45P-R1K9-w11p-epp-250x250.png,TechHypermart - Acer,Ryzen 3 5400U,AMD Radeon,16GB,16GB,16,,,
55615-ACER-ASPIRE,"Acer Aspire Lite AL14-45P-R1K9-16-W11 14"" Laptop/ Notebook (Ryzen 3 5400U, 16GB, 512GB, AMD Radeon, W11H, Off H&S + Off 365 Basic)",3009.00,"TechHypermart (RM 3,009.00)","TechHypermart: RM 3,009.00",1,https://www.techhypermart.com/notebooks/acer-aspire-lite-al14-45p-r1k9-16-w11-14-laptop-notebook-ryzen-3-5400u-16gb-512gb-amd-radeon-w11h-off-h-s-off-365-basic,TechHypermart: https://www.techhypermart.com/notebooks/acer-aspire-lite-al14-45p-r1k9-16-w11-14-laptop-notebook-ryzen-3-5400u-16gb-512gb-amd-radeon-w11h-off-h-s-off-365-basic,https://www.techhypermart.com/image/cache/catalog/laptopnotebook/acer/AL14-45P-R1K9-a-250x250.png,TechHypermart - Acer,Ryzen 3 5400U,AMD Radeon,16GB,16GB,16,,,
56458-ACER-ASPIRE,"Acer Aspire Lite AL14-45P-R1K9-16-W11P 14"" Laptop/ Notebook (Ryzen 3 5400U, 16GB, 512GB, AMD Radeon, W11P, Off H&S + Off 365 Basic)",3809.00,"TechHypermart (RM 3,809.00)","TechHypermart: RM 3,809.00",1,https://www.techhypermart.com/notebooks/acer-aspire-lite-al14-45p-r1k9-16-w11p-14-laptop-notebook-ryzen-3-5400u-16gb-512gb-amd-radeon-w11p-off-h-s-off-365-basic,TechHypermart: https://www.techhypermart.com/notebooks/acer-aspire-lite-al14-45p-r1k9-16-w11p-14-laptop-notebook-ryzen-3-5400u-16gb-512gb-amd-radeon-w11p-off-h-s-off-365-basic,https://www.techhypermart.com/image/cache/catalog/laptopnotebook/acer/AL14-45P-R1K9-w11p-250x250.png,TechHypermart - Acer,Ryzen 3 5400U,AMD Radeon,16GB,16GB,16,,,
55618-ACER-ASPIRE,"Acer Aspire Lite AL14-45P-R1K9-24-W11 14"" Laptop/ Notebook (Ryzen 3 5400U, 24GB, 512GB, AMD Radeon, W11H, Off H&S + Off 365 Basic)",3309.00,"TechHypermart (RM 3,309.00)","TechHypermart: RM 3,309.00",1,https://www.techhypermart.com/notebooks/acer-aspire-lite-al14-45p-r1k9-24-w11-14-laptop-notebook-ryzen-3-5400u-24gb-512gb-amd-radeon-w11h-off-h-s-off-365-basic,TechHypermart: https://www.techhypermart.com/notebooks/acer-aspire-lite-al14-45p-r1k9-24-w11-14-laptop-notebook-ryzen-3-5400u-24gb-512gb-amd-radeon-w11h-off-h-s-off-365-basic,https://www.techhypermart.com/image/cache/catalog/laptopnotebook/acer/AL14-45P-R1K9-a-250x250.png,TechHypermart - Acer,Ryzen 3 5400U,AMD Radeon,24GB,24GB,"14""",,,
56459-ACER-ASPIRE,"Acer Aspire Lite AL14-45P-R1K9-24-W11P 14"" Laptop/ Notebook (Ryzen 3 5400U, 24GB, 512GB, AMD Radeon, W11P, Off H&S + Off 365 Basic)",4109.00,"TechHypermart (RM 4,109.00)","TechHypermart: RM 4,109.00",1,https://www.techhypermart.com/notebooks/acer-aspire-lite-al14-45p-r1k9-24-w11p-14-laptop-notebook-ryzen-3-5400u-24gb-512gb-amd-radeon-w11p-off-h-s-off-365-basic,TechHypermart: https://www.techhypermart.com/notebooks/acer-aspire-lite-al14-45p-r1k9-24-w11p-14-laptop-notebook-ryzen-3-5400u-24gb-512gb-amd-radeon-w11p-off-h-s-off-365-basic,https://www.techhypermart.com/image/cache/catalog/laptopnotebook/acer/AL14-45P-R1K9-w11p-250x250.png,TechHypermart - Acer,Ryzen 3 5400U,AMD Radeon,24GB,24GB,"14""",,,
56457-ACER-ASPIRE,"Acer Aspire Lite AL14-45P-R1K9-W11P 14"" Laptop/ Notebook (Ryzen 3 5400U, 8GB, 512GB, AMD Radeon, W11P, Off H&S + Off 365 Basic)",3249.00,"TechHypermart (RM 3,249.00)","TechHypermart: RM 3,249.00",1,https://www.techhypermart.com/notebooks/acer-aspire-lite-al14-45p-r1k9-w11p-14-laptop-notebook-ryzen-3-5400u-8gb-512gb-amd-radeon-w11p-off-h-s-off-365-basic,TechHypermart: https://www.techhypermart.com/notebooks/acer-aspire-lite-al14-45p-r1k9-w11p-14-laptop-notebook-ryzen-3-5400u-8gb-512gb-amd-radeon-w11p-off-h-s-off-365-basic,https://www.techhypermart.com/image/cache/catalog/laptopnotebook/acer/AL14-45P-R1K9-w11p-250x250.png,TechHypermart - Acer,Ryzen 3 5400U,AMD Radeon,8GB,8GB,"14""",,,
55165-ACER-ASPIRE,"Acer Aspire Lite AL14-45P-R1LF 14"" Laptop/ Notebook (Ryzen 3 5400U, 8GB, 512GB, AMD Radeon, W11H, Off H&S + Off 365 Basic)",2438.00,"TechHypermart (RM 2,438.00)","TechHypermart: RM 2,438.00",1,https://www.techhypermart.com/notebooks/acer-aspire-lite-al14-45p-r1lf-14-laptop-notebook-ryzen-3-5400u-8gb-512gb-amd-radeon-w11h-off-h-s-off-365-basic,TechHypermart: https://www.techhypermart.com/notebooks/acer-aspire-lite-al14-45p-r1lf-14-laptop-notebook-ryzen-3-5400u-8gb-512gb-amd-radeon-w11h-off-h-s-off-365-basic,https://www.techhypermart.com/image/cache/catalog/laptopnotebook/acer/AL14-45P-R1LF-a-250x250.png,TechHypermart - Acer,Ryzen 3 5400U,AMD Radeon,8GB,8GB,"14""",,,
56463-ACER-ASPIRE,"Acer Aspire Lite AL14-45P-R1LF-1-W11-EPP 14"" Laptop/ Notebook (Ryzen 3 5400U, 8GB, 1TB, AMD Radeon, W11H, Off H&S + Off 365 Basic)",3959.00,"TechHypermart (RM 3,959.00)","TechHypermart: RM 3,959.00",1,https://www.techhypermart.com/notebooks/acer-aspire-lite-al14-45p-r1lf-1-w11-epp-14-laptop-notebook-ryzen-3-5400u-8gb-1tb-amd-radeon-w11h-off-h-s-off-365-basic,TechHypermart: https://www.techhypermart.com/notebooks/acer-aspire-lite-al14-45p-r1lf-1-w11-epp-14-laptop-notebook-ryzen-3-5400u-8gb-1tb-amd-radeon-w11h-off-h-s-off-365-basic,https://www.techhypermart.com/image/cache/catalog/laptopnotebook/acer/AL14-45P-R1LF-epp-250x250.png,TechHypermart - Acer,Ryzen 3 5400U,AMD Radeon,8GB,8GB,"14""",,,
56469-ACER-ASPIRE,"Acer Aspire Lite AL14-45P-R1LF-1-W11P-EPP 14"" Laptop/ Notebook (Ryzen 3 5400U, 8GB, 1TB, AMD Radeon, W11P, Off H&S + Off 365 Basic)",4809.00,"TechHypermart (RM 4,809.00)","TechHypermart: RM 4,809.00",1,https://www.techhypermart.com/notebooks/acer-aspire-lite-al14-45p-r1lf-1-w11p-epp-14-laptop-notebook-ryzen-3-5400u-8gb-1tb-amd-radeon-w11p-off-h-s-off-365-basic,TechHypermart: https://www.techhypermart.com/notebooks/acer-aspire-lite-al14-45p-r1lf-1-w11p-epp-14-laptop-notebook-ryzen-3-5400u-8gb-1tb-amd-radeon-w11p-off-h-s-off-365-basic,https://www.techhypermart.com/image/cache/catalog/laptopnotebook/acer/AL14-45P-R1LF-w11p-epp-250x250.png,TechHypermart - Acer,Ryzen 3 5400U,AMD Radeon,8GB,8GB,"14""",,,
56464-ACER-ASPIRE,"Acer Aspire Lite AL14-45P-R1LF-16-1-W11-EPP 14"" Laptop/ Notebook (Ryzen 3 5400U, 16GB, 1TB, AMD Radeon, W11H, Off H&S + Off 365 Basic)",4569.00,"TechHypermart (RM 4,569.00)","TechHypermart: RM 4,569.00",1,https://www.techhypermart.com/notebooks/acer-aspire-lite-al14-45p-r1lf-16-1-w11-epp-14-laptop-notebook-ryzen-3-5400u-16gb-1tb-amd-radeon-w11h-off-h-s-off-365-basic,TechHypermart: https://www.techhypermart.com/notebooks/acer-aspire-lite-al14-45p-r1lf-16-1-w11-epp-14-laptop-notebook-ryzen-3-5400u-16gb-1tb-amd-radeon-w11h-off-h-s-off-365-basic,https://www.techhypermart.com/image/cache/catalog/laptopnotebook/acer/AL14-45P-R1LF-epp-250x250.png,TechHypermart - Acer,Ryzen 3 5400U,AMD Radeon,16GB,16GB,16,,,
56470-ACER-ASPIRE,"Acer Aspire Lite AL14-45P-R1LF-16-1-W11P-EPP 14"" Laptop/ Notebook (Ryzen 3 5400U, 16GB, 1TB, AMD Radeon, W11P, Off H&S + Off 365 Basic)",5419.00,"TechHypermart (RM 5,419.00)","TechHypermart: RM 5,419.00",1,https://www.techhypermart.com/notebooks/acer-aspire-lite-al14-45p-r1lf-16-1-w11p-epp-14-laptop-notebook-ryzen-3-5400u-16gb-1tb-amd-radeon-w11p-off-h-s-off-365-basic,TechHypermart: https://www.techhypermart.com/notebooks/acer-aspire-lite-al14-45p-r1lf-16-1-w11p-epp-14-laptop-notebook-ryzen-3-5400u-16gb-1tb-amd-radeon-w11p-off-h-s-off-365-basic,https://www.techhypermart.com/image/cache/catalog/laptopnotebook/acer/AL14-45P-R1LF-w11p-epp-250x250.png,TechHypermart - Acer,Ryzen 3 5400U,AMD Radeon,16GB,16GB,16,,,
55620-ACER-ASPIRE,"Acer Aspire Lite AL14-45P-R1LF-16-W11 14"" Laptop/ Notebook (Ryzen 3 5400U, 16GB, 512GB, AMD Radeon, W11H, Off H&S + Off 365 Basic)",2999.00,"TechHypermart (RM 2,999.00)","TechHypermart: RM 2,999.00",1,https://www.techhypermart.com/notebooks/acer-aspire-lite-al14-45p-r1lf-16-w11-14-laptop-notebook-ryzen-3-5400u-16gb-512gb-amd-radeon-w11h-off-h-s-off-365-basic,TechHypermart: https://www.techhypermart.com/notebooks/acer-aspire-lite-al14-45p-r1lf-16-w11-14-laptop-notebook-ryzen-3-5400u-16gb-512gb-amd-radeon-w11h-off-h-s-off-365-basic,https://www.techhypermart.com/image/cache/catalog/laptopnotebook/acer/AL14-45P-R1LF-a-250x250.png,TechHypermart - Acer,Ryzen 3 5400U,AMD Radeon,16GB,16GB,16,,,
56467-ACER-ASPIRE,"Acer Aspire Lite AL14-45P-R1LF-16-W11P 14"" Laptop/ Notebook (Ryzen 3 5400U, 16GB, 512GB, AMD Radeon, W11P, Off H&S + Off 365 Basic)",3799.00,"TechHypermart (RM 3,799.00)","TechHypermart: RM 3,799.00",1,https://www.techhypermart.com/notebooks/acer-aspire-lite-al14-45p-r1lf-16-w11p-14-laptop-notebook-ryzen-3-5400u-16gb-512gb-amd-radeon-w11p-off-h-s-off-365-basic,TechHypermart: https://www.techhypermart.com/notebooks/acer-aspire-lite-al14-45p-r1lf-16-w11p-14-laptop-notebook-ryzen-3-5400u-16gb-512gb-amd-radeon-w11p-off-h-s-off-365-basic,https://www.techhypermart.com/image/cache/catalog/laptopnotebook/acer/AL14-45P-R1LF-w11p-250x250.png,TechHypermart - Acer,Ryzen 3 5400U,AMD Radeon,16GB,16GB,16,,,
55621-ACER-ASPIRE,"Acer Aspire Lite AL14-45P-R1LF-24-W11 14"" Laptop/ Notebook (Ryzen 3 5400U, 24GB, 512GB, AMD Radeon, W11H, Off H&S + Off 365 Basic)",3299.00,"TechHypermart (RM 3,299.00)","TechHypermart: RM 3,299.00",1,https://www.techhypermart.com/notebooks/acer-aspire-lite-al14-45p-r1lf-24-w11-14-laptop-notebook-ryzen-3-5400u-24gb-512gb-amd-radeon-w11h-off-h-s-off-365-basic,TechHypermart: https://www.techhypermart.com/notebooks/acer-aspire-lite-al14-45p-r1lf-24-w11-14-laptop-notebook-ryzen-3-5400u-24gb-512gb-amd-radeon-w11h-off-h-s-off-365-basic,https://www.techhypermart.com/image/cache/catalog/laptopnotebook/acer/AL14-45P-R1LF-a-250x250.png,TechHypermart - Acer,Ryzen 3 5400U,AMD Radeon,24GB,24GB,"14""",,,
56468-ACER-ASPIRE,"Acer Aspire Lite AL14-45P-R1LF-24-W11P 14"" Laptop/ Notebook (Ryzen 3 5400U, 24GB, 512GB, AMD Radeon, W11P, Off H&S + Off 365 Basic)",4099.00,"TechHypermart (RM 4,099.00)","TechHypermart: RM 4,099.00",1,https://www.techhypermart.com/notebooks/acer-aspire-lite-al14-45p-r1lf-24-w11p-14-laptop-notebook-ryzen-3-5400u-24gb-512gb-amd-radeon-w11p-off-h-s-off-365-basic,TechHypermart: https://www.techhypermart.com/notebooks/acer-aspire-lite-al14-45p-r1lf-24-w11p-14-laptop-notebook-ryzen-3-5400u-24gb-512gb-amd-radeon-w11p-off-h-s-off-365-basic,https://www.techhypermart.com/image/cache/catalog/laptopnotebook/acer/AL14-45P-R1LF-w11p-250x250.png,TechHypermart - Acer,Ryzen 3 5400U,AMD Radeon,24GB,24GB,"14""",,,
56466-ACER-ASPIRE,"Acer Aspire Lite AL14-45P-R1LF-W11P 14"" Laptop/ Notebook (Ryzen 3 5400U, 8GB, 512GB, AMD Radeon, W11P, Off H&S + Off 365 Basic)",3239.00,"TechHypermart (RM 3,239.00)","TechHypermart: RM 3,239.00",1,https://www.techhypermart.com/notebooks/acer-aspire-lite-al14-45p-r1lf-w11p-14-laptop-notebook-ryzen-3-5400u-8gb-512gb-amd-radeon-w11p-off-h-s-off-365-basic,TechHypermart: https://www.techhypermart.com/notebooks/acer-aspire-lite-al14-45p-r1lf-w11p-14-laptop-notebook-ryzen-3-5400u-8gb-512gb-amd-radeon-w11p-off-h-s-off-365-basic,https://www.techhypermart.com/image/cache/catalog/laptopnotebook/acer/AL14-45P-R1LF-w11p-250x250.png,TechHypermart - Acer,Ryzen 3 5400U,AMD Radeon,8GB,8GB,"14""",,,
55167-ACER-ASPIRE,"Acer Aspire Lite AL14-53P-50UY 14"" Laptop/ Notebook (Ultra 5 115U, 16GB, 512GB, Intel, W11H, Off H&S + Off 365 Basic)",3208.00,"TechHypermart (RM 3,208.00)","TechHypermart: RM 3,208.00",1,https://www.techhypermart.com/notebooks/acer-aspire-lite-al14-53p-50uy-14-laptop-notebook-ultra-5-115u-16gb-512gb-intel-w11h-off-h-s-off-365-basic,TechHypermart: https://www.techhypermart.com/notebooks/acer-aspire-lite-al14-53p-50uy-14-laptop-notebook-ultra-5-115u-16gb-512gb-intel-w11h-off-h-s-off-365-basic,https://www.techhypermart.com/image/cache/catalog/laptopnotebook/acer/AL14-53P-50UY-a-250x250.png,TechHypermart - Acer,,,16GB,16GB,"14""",,,
56476-ACER-ASPIRE,"Acer Aspire Lite AL14-53P-50UY-1-W11-EPP 14"" Laptop/ Notebook (Ultra 5 115U, 16GB, 1TB, Intel, W11H, Off H&S + Off 365 Basic)",4799.00,"TechHypermart (RM 4,799.00)","TechHypermart: RM 4,799.00",1,https://www.techhypermart.com/notebooks/acer-aspire-lite-al14-53p-50uy-1-w11-epp-14-laptop-notebook-ultra-5-115u-16gb-1tb-intel-w11h-off-h-s-off-365-basic,TechHypermart: https://www.techhypermart.com/notebooks/acer-aspire-lite-al14-53p-50uy-1-w11-epp-14-laptop-notebook-ultra-5-115u-16gb-1tb-intel-w11h-off-h-s-off-365-basic,https://www.techhypermart.com/image/cache/catalog/laptopnotebook/acer/AL14-53P-50UY-epp-250x250.png,TechHypermart - Acer,,,16GB,16GB,"14""",,,
56484-ACER-ASPIRE,"Acer Aspire Lite AL14-53P-50UY-1-W11P-EPP 14"" Laptop/ Notebook (Ultra 5 115U, 16GB, 1TB, Intel, W11P, Off H&S + Off 365 Basic)",5649.00,"TechHypermart (RM 5,649.00)","TechHypermart: RM 5,649.00",1,https://www.techhypermart.com/notebooks/acer-aspire-lite-al14-53p-50uy-1-w11p-epp-14-laptop-notebook-ultra-5-115u-16gb-1tb-intel-w11p-off-h-s-off-365-basic,TechHypermart: https://www.techhypermart.com/notebooks/acer-aspire-lite-al14-53p-50uy-1-w11p-epp-14-laptop-notebook-ultra-5-115u-16gb-1tb-intel-w11p-off-h-s-off-365-basic,https://www.techhypermart.com/image/cache/catalog/laptopnotebook/acer/AL14-53P-50UY-w11p-epp-250x250.png,TechHypermart - Acer,,,16GB,16GB,"14""",,,
56477-ACER-ASPIRE,"Acer Aspire Lite AL14-53P-50UY-24-1-W11-EPP 14"" Laptop/ Notebook (Ultra 5 115U, 24GB, 1TB, Intel, W11H, Off H&S + Off 365 Basic)",5549.00,"TechHypermart (RM 5,549.00)","TechHypermart: RM 5,549.00",1,https://www.techhypermart.com/notebooks/acer-aspire-lite-al14-53p-50uy-24-1-w11-epp-14-laptop-notebook-ultra-5-115u-24gb-1tb-intel-w11h-off-h-s-off-365-basic,TechHypermart: https://www.techhypermart.com/notebooks/acer-aspire-lite-al14-53p-50uy-24-1-w11-epp-14-laptop-notebook-ultra-5-115u-24gb-1tb-intel-w11h-off-h-s-off-365-basic,https://www.techhypermart.com/image/cache/catalog/laptopnotebook/acer/AL14-53P-50UY-epp-250x250.png,TechHypermart - Acer,,,24GB,24GB,"14""",,,
56485-ACER-ASPIRE,"Acer Aspire Lite AL14-53P-50UY-24-1-W11P-EPP 14"" Laptop/ Notebook (Ultra 5 115U, 24GB, 1TB, Intel, W11P, Off H&S + Off 365 Basic)",6399.00,"TechHypermart (RM 6,399.00)","TechHypermart: RM 6,399.00",1,https://www.techhypermart.com/notebooks/acer-aspire-lite-al14-53p-50uy-24-1-w11p-epp-14-laptop-notebook-ultra-5-115u-24gb-1tb-intel-w11p-off-h-s-off-365-basic,TechHypermart: https://www.techhypermart.com/notebooks/acer-aspire-lite-al14-53p-50uy-24-1-w11p-epp-14-laptop-notebook-ultra-5-115u-24gb-1tb-intel-w11p-off-h-s-off-365-basic,https://www.techhypermart.com/image/cache/catalog/laptopnotebook/acer/AL14-53P-50UY-w11p-epp-250x250.png,TechHypermart - Acer,,,24GB,24GB,"14""",,,
55623-ACER-ASPIRE,"Acer Aspire Lite AL14-53P-50UY-24-W11 14"" Laptop/ Notebook (Ultra 5 115U, 24GB, 512GB, Intel, W11H, Off H&S + Off 365 Basic)",3809.00,"TechHypermart (RM 3,809.00)","TechHypermart: RM 3,809.00",1,https://www.techhypermart.com/notebooks/acer-aspire-lite-al14-53p-50uy-24-w11-14-laptop-notebook-ultra-5-115u-24gb-512gb-intel-w11h-off-h-s-off-365-basic,TechHypermart: https://www.techhypermart.com/notebooks/acer-aspire-lite-al14-53p-50uy-24-w11-14-laptop-notebook-ultra-5-115u-24gb-512gb-intel-w11h-off-h-s-off-365-basic,https://www.techhypermart.com/image/cache/catalog/laptopnotebook/acer/AL14-53P-50UY-a-250x250.png,TechHypermart - Acer,,,24GB,24GB,"14""",,,
56482-ACER-ASPIRE,"Acer Aspire Lite AL14-53P-50UY-24-W11P 14"" Laptop/ Notebook (Ultra 5 115U, 24GB, 512GB, Intel, W11P, Off H&S + Off 365 Basic)",4609.00,"TechHypermart (RM 4,609.00)","TechHypermart: RM 4,609.00",1,https://www.techhypermart.com/notebooks/acer-aspire-lite-al14-53p-50uy-24-w11p-14-laptop-notebook-ultra-5-115u-24gb-512gb-intel-w11p-off-h-s-off-365-basic,TechHypermart: https://www.techhypermart.com/notebooks/acer-aspire-lite-al14-53p-50uy-24-w11p-14-laptop-notebook-ultra-5-115u-24gb-512gb-intel-w11p-off-h-s-off-365-basic,https://www.techhypermart.com/image/cache/catalog/laptopnotebook/acer/AL14-53P-50UY-w11p-250x250.png,TechHypermart - Acer,,,24GB,24GB,"14""",,,
56478-ACER-ASPIRE,"Acer Aspire Lite AL14-53P-50UY-32-1-W11-EPP 14"" Laptop/ Notebook (Ultra 5 115U, 32GB, 1TB, Intel, W11H, Off H&S + Off 365 Basic)",6089.00,"TechHypermart (RM 6,089.00)","TechHypermart: RM 6,089.00",1,https://www.techhypermart.com/notebooks/acer-aspire-lite-al14-53p-50uy-32-1-w11-epp-14-laptop-notebook-ultra-5-115u-32gb-1tb-intel-w11h-off-h-s-off-365-basic,TechHypermart: https://www.techhypermart.com/notebooks/acer-aspire-lite-al14-53p-50uy-32-1-w11-epp-14-laptop-notebook-ultra-5-115u-32gb-1tb-intel-w11h-off-h-s-off-365-basic,https://www.techhypermart.com/image/cache/catalog/laptopnotebook/acer/AL14-53P-50UY-epp-250x250.png,TechHypermart - Acer,,,32GB,32GB,"14""",,,
56486-ACER-ASPIRE,"Acer Aspire Lite AL14-53P-50UY-32-1-W11P-EPP 14"" Laptop/ Notebook (Ultra 5 115U, 32GB, 1TB, Intel, W11P, Off H&S + Off 365 Basic)",6939.00,"TechHypermart (RM 6,939.00)","TechHypermart: RM 6,939.00",1,https://www.techhypermart.com/notebooks/acer-aspire-lite-al14-53p-50uy-32-1-w11p-epp-14-laptop-notebook-ultra-5-115u-32gb-1tb-intel-w11p-off-h-s-off-365-basic,TechHypermart: https://www.techhypermart.com/notebooks/acer-aspire-lite-al14-53p-50uy-32-1-w11p-epp-14-laptop-notebook-ultra-5-115u-32gb-1tb-intel-w11p-off-h-s-off-365-basic,https://www.techhypermart.com/image/cache/catalog/laptopnotebook/acer/AL14-53P-50UY-w11p-epp-250x250.png,TechHypermart - Acer,,,32GB,32GB,"14""",,,
55624-ACER-ASPIRE,"Acer Aspire Lite AL14-53P-50UY-32-W11 14"" Laptop/ Notebook (Ultra 5 115U, 32GB, 512GB, Intel, W11H, Off H&S + Off 365 Basic)",4309.00,"TechHypermart (RM 4,309.00)","TechHypermart: RM 4,309.00",1,https://www.techhypermart.com/notebooks/acer-aspire-lite-al14-53p-50uy-32-w11-14-laptop-notebook-ultra-5-115u-32gb-512gb-intel-w11h-off-h-s-off-365-basic,TechHypermart: https://www.techhypermart.com/notebooks/acer-aspire-lite-al14-53p-50uy-32-w11-14-laptop-notebook-ultra-5-115u-32gb-512gb-intel-w11h-off-h-s-off-365-basic,https://www.techhypermart.com/image/cache/catalog/laptopnotebook/acer/AL14-53P-50UY-a-250x250.png,TechHypermart - Acer,,,32GB,32GB,"14""",,,
56483-ACER-ASPIRE,"Acer Aspire Lite AL14-53P-50UY-32-W11P 14"" Laptop/ Notebook (Ultra 5 115U, 32GB, 512GB, Intel, W11P, Off H&S + Off 365 Basic)",5109.00,"TechHypermart (RM 5,109.00)","TechHypermart: RM 5,109.00",1,https://www.techhypermart.com/notebooks/acer-aspire-lite-al14-53p-50uy-32-w11p-14-laptop-notebook-ultra-5-115u-32gb-512gb-intel-w11p-off-h-s-off-365-basic,TechHypermart: https://www.techhypermart.com/notebooks/acer-aspire-lite-al14-53p-50uy-32-w11p-14-laptop-notebook-ultra-5-115u-32gb-512gb-intel-w11p-off-h-s-off-365-basic,https://www.techhypermart.com/image/cache/catalog/laptopnotebook/acer/AL14-53P-50UY-w11p-250x250.png,TechHypermart - Acer,,,32GB,32GB,"14""",,,
56481-ACER-ASPIRE,"Acer Aspire Lite AL14-53P-50UY-W11P 14"" Laptop/ Notebook (Ultra 5 115U, 16GB, 512GB, Intel, W11P, Off H&S + Off 365 Basic)",3999.00,"TechHypermart (RM 3,999.00)","TechHypermart: RM 3,999.00",1,https://www.techhypermart.com/notebooks/acer-aspire-lite-al14-53p-50uy-w11p-14-laptop-notebook-ultra-5-115u-16gb-512gb-intel-w11p-off-h-s-off-365-basic,TechHypermart: https://www.techhypermart.com/notebooks/acer-aspire-lite-al14-53p-50uy-w11p-14-laptop-notebook-ultra-5-115u-16gb-512gb-intel-w11p-off-h-s-off-365-basic,https://www.techhypermart.com/image/cache/catalog/laptopnotebook/acer/AL14-53P-50UY-w11p-250x250.png,TechHypermart - Acer,,,16GB,16GB,"14""",,,
57612-ACER-ASPIRE,"Acer Aspire Lite AL14-74P-50W3 14"" Laptop/ Notebook (Ultra 5 125H, 16GB, 512GB, Intel Arc, W11H, Off H&S + Off 365 Basic, AI)",3388.00,"TechHypermart (RM 3,388.00)","TechHypermart: RM 3,388.00",1,https://www.techhypermart.com/notebooks/acer-aspire-lite-al14-74p-50w3-14-laptop-notebook-ultra-5-125h-16gb-512gb-intel-arc-w11h-off-h-s-off-365-basic-ai,TechHypermart: https://www.techhypermart.com/notebooks/acer-aspire-lite-al14-74p-50w3-14-laptop-notebook-ultra-5-125h-16gb-512gb-intel-arc-w11h-off-h-s-off-365-basic-ai,https://www.techhypermart.com/image/cache/catalog/laptopnotebook/acer/AL14-74P-50W3-a-250x250.png,TechHypermart - Acer,,Intel Arc,16GB,16GB,"14""",,,
55155-ACER-ASPIRE,"Acer Aspire Lite AL15-32P-C6X3 15.6"" Laptop/ Notebook (N4500, 8GB, 512GB, Intel, W11H, Off H&S + Off 365 Basic, AI)",1918.00,"TechHypermart (RM 1,918.00)","TechHypermart: RM 1,918.00",1,https://www.techhypermart.com/notebooks/acer-aspire-lite-al15-32p-c6x3-15-6-laptop-notebook-n4500-8gb-512gb-intel-w11h-off-h-s-off-365-basic-ai,TechHypermart: https://www.techhypermart.com/notebooks/acer-aspire-lite-al15-32p-c6x3-15-6-laptop-notebook-n4500-8gb-512gb-intel-w11h-off-h-s-off-365-basic-ai,https://www.techhypermart.com/image/cache/catalog/laptopnotebook/acer/AL15-32P-C6X3-a-250x250.png,TechHypermart - Acer,,,8GB,8GB,"15.6""",,,
56293-ACER-ASPIRE,"Acer Aspire Lite AL15-32P-C6X3-1-W11-EPP 15.6"" Laptop/ Notebook (N4500, 8GB, 1TB, Intel, W11H, Off H&S + Off 365 Basic, AI)",3159.00,"TechHypermart (RM 3,159.00)","TechHypermart: RM 3,159.00",1,https://www.techhypermart.com/notebooks/acer-aspire-lite-al15-32p-c6x3-1-w11-epp-15-6-laptop-notebook-n4500-8gb-1tb-intel-w11h-off-h-s-off-365-basic-ai,TechHypermart: https://www.techhypermart.com/notebooks/acer-aspire-lite-al15-32p-c6x3-1-w11-epp-15-6-laptop-notebook-n4500-8gb-1tb-intel-w11h-off-h-s-off-365-basic-ai,https://www.techhypermart.com/image/cache/catalog/laptopnotebook/acer/AL15-32P-C6X3-epp-250x250.png,TechHypermart - Acer,,,8GB,8GB,"15.6""",,,
56294-ACER-ASPIRE,"Acer Aspire Lite AL15-32P-C6X3-16-1-W11-EPP 15.6"" Laptop/ Notebook (N4500, 16GB, 1TB, Intel, W11H, Off H&S + Off 365 Basic, AI)",4019.00,"TechHypermart (RM 4,019.00)","TechHypermart: RM 4,019.00",1,https://www.techhypermart.com/notebooks/acer-aspire-lite-al15-32p-c6x3-16-1-w11-epp-15-6-laptop-notebook-n4500-16gb-1tb-intel-w11h-off-h-s-off-365-basic-ai,TechHypermart: https://www.techhypermart.com/notebooks/acer-aspire-lite-al15-32p-c6x3-16-1-w11-epp-15-6-laptop-notebook-n4500-16gb-1tb-intel-w11h-off-h-s-off-365-basic-ai,https://www.techhypermart.com/image/cache/catalog/laptopnotebook/acer/AL15-32P-C6X3-epp-250x250.png,TechHypermart - Acer,,,16GB,16GB,16,,,
55609-ACER-ASPIRE,"Acer Aspire Lite AL15-32P-C6X3-16-W11 15.6"" Laptop/ Notebook (N4500, 16GB, 512GB, Intel, W11H, Off H&S + Off 365 Basic, AI)",2499.00,"TechHypermart (RM 2,499.00)","TechHypermart: RM 2,499.00",1,https://www.techhypermart.com/notebooks/acer-aspire-lite-al15-32p-c6x3-16-w11-15-6-laptop-notebook-n4500-16gb-512gb-intel-w11h-off-h-s-off-365-basic-ai,TechHypermart: https://www.techhypermart.com/notebooks/acer-aspire-lite-al15-32p-c6x3-16-w11-15-6-laptop-notebook-n4500-16gb-512gb-intel-w11h-off-h-s-off-365-basic-ai,https://www.techhypermart.com/image/cache/catalog/laptopnotebook/acer/AL15-32P-C6X3-a-250x250.png,TechHypermart - Acer,,,16GB,16GB,16,,,
55149-ACER-ASPIRE,"Acer Aspire Lite AL15-46P-R8LD 15.6"" Laptop/ Notebook (Ryzen 3 5400U, 8GB, 512GB, AMD Radeon, W11H, Off H&S + Off 365 Basic, AI)",2458.00,"TechHypermart (RM 2,458.00)","TechHypermart: RM 2,458.00",1,https://www.techhypermart.com/notebooks/acer-aspire-lite-al15-46p-r8ld-15-6-laptop-notebook-ryzen-3-5400u-8gb-512gb-amd-radeon-w11h-off-h-s-off-365-basic-ai,TechHypermart: https://www.techhypermart.com/notebooks/acer-aspire-lite-al15-46p-r8ld-15-6-laptop-notebook-ryzen-3-5400u-8gb-512gb-amd-radeon-w11h-off-h-s-off-365-basic-ai,https://www.techhypermart.com/image/cache/catalog/laptopnotebook/acer/AL15-46P-R8LD-a-250x250.png,TechHypermart - Acer,Ryzen 3 5400U,AMD Radeon,8GB,8GB,"15.6""",,,
56259-ACER-ASPIRE,"Acer Aspire Lite AL15-46P-R8LD-1-W11-EPP 15.6"" Laptop/ Notebook (Ryzen 3 5400U, 8GB, 1TB, AMD Radeon, W11H, Off H&S + Off 365 Basic, AI)",3979.00,"TechHypermart (RM 3,979.00)","TechHypermart: RM 3,979.00",1,https://www.techhypermart.com/notebooks/acer-aspire-lite-al15-46p-r8ld-1-w11-epp-15-6-laptop-notebook-ryzen-3-5400u-8gb-1tb-amd-radeon-w11h-off-h-s-off-365-basic-ai,TechHypermart: https://www.techhypermart.com/notebooks/acer-aspire-lite-al15-46p-r8ld-1-w11-epp-15-6-laptop-notebook-ryzen-3-5400u-8gb-1tb-amd-radeon-w11h-off-h-s-off-365-basic-ai,https://www.techhypermart.com/image/cache/catalog/laptopnotebook/acer/AL15-46P-R8LD-epp-250x250.png,TechHypermart - Acer,Ryzen 3 5400U,AMD Radeon,8GB,8GB,"15.6""",,,
56266-ACER-ASPIRE,"Acer Aspire Lite AL15-46P-R8LD-1-W11P-EPP 15.6"" Laptop/ Notebook (Ryzen 3 5400U, 8GB, 1TB, AMD Radeon, W11P, Off H&S + Off 365 Basic, AI)",4829.00,"TechHypermart (RM 4,829.00)","TechHypermart: RM 4,829.00",1,https://www.techhypermart.com/notebooks/acer-aspire-lite-al15-46p-r8ld-1-w11p-epp-15-6-laptop-notebook-ryzen-3-5400u-8gb-1tb-amd-radeon-w11p-off-h-s-off-365-basic-ai,TechHypermart: https://www.techhypermart.com/notebooks/acer-aspire-lite-al15-46p-r8ld-1-w11p-epp-15-6-laptop-notebook-ryzen-3-5400u-8gb-1tb-amd-radeon-w11p-off-h-s-off-365-basic-ai,https://www.techhypermart.com/image/cache/catalog/laptopnotebook/acer/AL15-46P-R8LD-w11p-epp-250x250.png,TechHypermart - Acer,Ryzen 3 5400U,AMD Radeon,8GB,8GB,"15.6""",,,
56260-ACER-ASPIRE,"Acer Aspire Lite AL15-46P-R8LD-16-1-W11-EPP 15.6"" Laptop/ Notebook (Ryzen 3 5400U, 16GB, 1TB, AMD Radeon, W11H, Off H&S + Off 365 Basic, AI)",4589.00,"TechHypermart (RM 4,589.00)","TechHypermart: RM 4,589.00",1,https://www.techhypermart.com/notebooks/acer-aspire-lite-al15-46p-r8ld-16-1-w11-epp-15-6-laptop-notebook-ryzen-3-5400u-16gb-1tb-amd-radeon-w11h-off-h-s-off-365-basic-ai,TechHypermart: https://www.techhypermart.com/notebooks/acer-aspire-lite-al15-46p-r8ld-16-1-w11-epp-15-6-laptop-notebook-ryzen-3-5400u-16gb-1tb-amd-radeon-w11h-off-h-s-off-365-basic-ai,https://www.techhypermart.com/image/cache/catalog/laptopnotebook/acer/AL15-46P-R8LD-epp-250x250.png,TechHypermart - Acer,Ryzen 3 5400U,AMD Radeon,16GB,16GB,16,,,
56267-ACER-ASPIRE,"Acer Aspire Lite AL15-46P-R8LD-16-1-W11P-EPP 15.6"" Laptop/ Notebook (Ryzen 3 5400U, 16GB, 1TB, AMD Radeon, W11P, Off H&S + Off 365 Basic, AI)",5439.00,"TechHypermart (RM 5,439.00)","TechHypermart: RM 5,439.00",1,https://www.techhypermart.com/notebooks/acer-aspire-lite-al15-46p-r8ld-16-1-w11p-epp-15-6-laptop-notebook-ryzen-3-5400u-16gb-1tb-amd-radeon-w11p-off-h-s-off-365-basic-ai,TechHypermart: https://www.techhypermart.com/notebooks/acer-aspire-lite-al15-46p-r8ld-16-1-w11p-epp-15-6-laptop-notebook-ryzen-3-5400u-16gb-1tb-amd-radeon-w11p-off-h-s-off-365-basic-ai,https://www.techhypermart.com/image/cache/catalog/laptopnotebook/acer/AL15-46P-R8LD-w11p-epp-250x250.png,TechHypermart - Acer,Ryzen 3 5400U,AMD Radeon,16GB,16GB,16,,,
55600-ACER-ASPIRE,"Acer Aspire Lite AL15-46P-R8LD-16-W11 15.6"" Laptop/ Notebook (Ryzen 3 5400U, 16GB, 512GB, AMD Radeon, W11H, Off H&S + Off 365 Basic, AI)",3019.00,"TechHypermart (RM 3,019.00)","TechHypermart: RM 3,019.00",1,https://www.techhypermart.com/notebooks/acer-aspire-lite-al15-46p-r8ld-16-w11-15-6-laptop-notebook-ryzen-3-5400u-16gb-512gb-amd-radeon-w11h-off-h-s-off-365-basic-ai,TechHypermart: https://www.techhypermart.com/notebooks/acer-aspire-lite-al15-46p-r8ld-16-w11-15-6-laptop-notebook-ryzen-3-5400u-16gb-512gb-amd-radeon-w11h-off-h-s-off-365-basic-ai,https://www.techhypermart.com/image/cache/catalog/laptopnotebook/acer/AL15-46P-R8LD-a-250x250.png,TechHypermart - Acer,Ryzen 3 5400U,AMD Radeon,16GB,16GB,16,,,
56263-ACER-ASPIRE,"Acer Aspire Lite AL15-46P-R8LD-16-W11P 15.6"" Laptop/ Notebook (Ryzen 3 5400U, 16GB, 512GB, AMD Radeon, W11P, Off H&S + Off 365 Basic, AI)",3819.00,"TechHypermart (RM 3,819.00)","TechHypermart: RM 3,819.00",1,https://www.techhypermart.com/notebooks/acer-aspire-lite-al15-46p-r8ld-16-w11p-15-6-laptop-notebook-ryzen-3-5400u-16gb-512gb-amd-radeon-w11p-off-h-s-off-365-basic-ai,TechHypermart: https://www.techhypermart.com/notebooks/acer-aspire-lite-al15-46p-r8ld-16-w11p-15-6-laptop-notebook-ryzen-3-5400u-16gb-512gb-amd-radeon-w11p-off-h-s-off-365-basic-ai,https://www.techhypermart.com/image/cache/catalog/laptopnotebook/acer/AL15-46P-R8LD-w11p-250x250.png,TechHypermart - Acer,Ryzen 3 5400U,AMD Radeon,16GB,16GB,16,,,
55601-ACER-ASPIRE,"Acer Aspire Lite AL15-46P-R8LD-24-W11 15.6"" Laptop/ Notebook (Ryzen 3 5400U, 24GB, 512GB, AMD Radeon, W11H, Off H&S + Off 365 Basic, AI)",3319.00,"TechHypermart (RM 3,319.00)","TechHypermart: RM 3,319.00",1,https://www.techhypermart.com/notebooks/acer-aspire-lite-al15-46p-r8ld-24-w11-15-6-laptop-notebook-ryzen-3-5400u-24gb-512gb-amd-radeon-w11h-off-h-s-off-365-basic-ai,TechHypermart: https://www.techhypermart.com/notebooks/acer-aspire-lite-al15-46p-r8ld-24-w11-15-6-laptop-notebook-ryzen-3-5400u-24gb-512gb-amd-radeon-w11h-off-h-s-off-365-basic-ai,https://www.techhypermart.com/image/cache/catalog/laptopnotebook/acer/AL15-46P-R8LD-a-250x250.png,TechHypermart - Acer,Ryzen 3 5400U,AMD Radeon,24GB,24GB,"15.6""",,,
56265-ACER-ASPIRE,"Acer Aspire Lite AL15-46P-R8LD-24-W11P 15.6"" Laptop/ Notebook (Ryzen 3 5400U, 24GB, 512GB, AMD Radeon, W11P, Off H&S + Off 365 Basic, AI)",4119.00,"TechHypermart (RM 4,119.00)","TechHypermart: RM 4,119.00",1,https://www.techhypermart.com/notebooks/acer-aspire-lite-al15-46p-r8ld-24-w11p-15-6-laptop-notebook-ryzen-3-5400u-24gb-512gb-amd-radeon-w11p-off-h-s-off-365-basic-ai,TechHypermart: https://www.techhypermart.com/notebooks/acer-aspire-lite-al15-46p-r8ld-24-w11p-15-6-laptop-notebook-ryzen-3-5400u-24gb-512gb-amd-radeon-w11p-off-h-s-off-365-basic-ai,https://www.techhypermart.com/image/cache/catalog/laptopnotebook/acer/AL15-46P-R8LD-w11p-250x250.png,TechHypermart - Acer,Ryzen 3 5400U,AMD Radeon,24GB,24GB,"15.6""",,,
56262-ACER-ASPIRE,"Acer Aspire Lite AL15-46P-R8LD-W11P 15.6"" Laptop/ Notebook (Ryzen 3 5400U, 8GB, 512GB, AMD Radeon, W11P, Off H&S + Off 365 Basic, AI)",3259.00,"TechHypermart (RM 3,259.00)","TechHypermart: RM 3,259.00",1,https://www.techhypermart.com/notebooks/acer-aspire-lite-al15-46p-r8ld-w11p-15-6-laptop-notebook-ryzen-3-5400u-8gb-512gb-amd-radeon-w11p-off-h-s-off-365-basic-ai,TechHypermart: https://www.techhypermart.com/notebooks/acer-aspire-lite-al15-46p-r8ld-w11p-15-6-laptop-notebook-ryzen-3-5400u-8gb-512gb-amd-radeon-w11p-off-h-s-off-365-basic-ai,https://www.techhypermart.com/image/cache/catalog/laptopnotebook/acer/AL15-46P-R8LD-w11p-250x250.png,TechHypermart - Acer,Ryzen 3 5400U,AMD Radeon,8GB,8GB,"15.6""",,,
57605-ACER-ASPIRE,"Acer Aspire Lite AL16-71P-54R5 16"" Laptop/ Notebook (Ultra 5 125H, 16GB, 512GB, Intel Arc, W11H, Off H&S + Off 365 Basic, AI)",3388.00,"TechHypermart (RM 3,388.00)","TechHypermart: RM 3,388.00",1,https://www.techhypermart.com/notebooks/acer-aspire-lite-al16-71p-54r5-16-laptop-notebook-ultra-5-125h-16gb-512gb-intel-arc-w11h-off-h-s-off-365-basic-ai,TechHypermart: https://www.techhypermart.com/notebooks/acer-aspire-lite-al16-71p-54r5-16-laptop-notebook-ultra-5-125h-16gb-512gb-intel-arc-w11h-off-h-s-off-365-basic-ai,https://www.techhypermart.com/image/cache/catalog/laptopnotebook/acer/AL16-71P-54R5-aa-250x250.png,TechHypermart - Acer,,Intel Arc,16GB,16GB,"16""",,,
57596-ACER-ASPIRE,"Acer Aspire Lite AL16-74P-535W 16"" Laptop/ Notebook (Ultra 5 125H, 16GB, 512GB, Intel Arc, W11H, Off H&S + Off 365 Basic, AI)",3398.00,"TechHypermart (RM 3,398.00)","TechHypermart: RM 3,398.00",1,https://www.techhypermart.com/notebooks/acer-aspire-lite-al16-74p-535w-16-laptop-notebook-ultra-5-125h-16gb-512gb-intel-arc-w11h-off-h-s-off-365-basic-ai,TechHypermart: https://www.techhypermart.com/notebooks/acer-aspire-lite-al16-74p-535w-16-laptop-notebook-ultra-5-125h-16gb-512gb-intel-arc-w11h-off-h-s-off-365-basic-ai,https://www.techhypermart.com/image/cache/catalog/laptopnotebook/acer/AL16-74P-535W-aa-250x250.png,TechHypermart - Acer,,Intel Arc,16GB,16GB,"16""",,,
CB514-6HT-39YQ,"Acer Chromebook Plus CB514-6HT-39YQ 14"" Laptop/ Notebook (Core 3 N355, 8GB, 128GB, Intel, ChromeOS, Touch, AI)",2779.00,"TechHypermart (RM 2,779.00)","TechHypermart: RM 2,779.00",1,https://www.techhypermart.com/notebooks/acer-chromebook-plus-cb514-6ht-39yq-14-laptop-notebook-core-3-n355-8gb-128gb-intel-chromeos-touch-ai,TechHypermart: https://www.techhypermart.com/notebooks/acer-chromebook-plus-cb514-6ht-39yq-14-laptop-notebook-core-3-n355-8gb-128gb-intel-chromeos-touch-ai,https://www.techhypermart.com/image/cache/catalog/laptopnotebook/acer/CB514-6HT-39YQ-a-250x250.png,TechHypermart - Acer,Core 3,,8GB,8GB,"14""",,,
CBE594-2T-50MW,"Acer Chromebook Plus Enterprise CBE594-2T-50MW 14"" Laptop/ Notebook (Core 5 120U, 16GB, 256GB, Intel, Chrome OS, Touchscreen, AI Chip)",3779.00,"TechHypermart (RM 3,779.00)","TechHypermart: RM 3,779.00",1,https://www.techhypermart.com/notebooks/acer-chromebook-plus-enterprise-cbe594-2t-50mw-14-laptop-notebook-core-5-120u-16gb-256gb-intel-chrome-os-touchscreen-ai-chip,TechHypermart: https://www.techhypermart.com/notebooks/acer-chromebook-plus-enterprise-cbe594-2t-50mw-14-laptop-notebook-core-5-120u-16gb-256gb-intel-chrome-os-touchscreen-ai-chip,https://www.techhypermart.com/image/cache/catalog/laptopnotebook/acer/CBE594-2T-50MW-a-250x250.png,TechHypermart - Acer,Core 5,,16GB,16GB,"14""",,,
CBE594-2T-76LR,"Acer Chromebook Plus Enterprise CBE594-2T-76LR 14"" Laptop/ Notebook (Core 7 150U, 16GB, 512GB, Intel, ChromeOS, Touch, AI)",4599.00,"TechHypermart (RM 4,599.00)","TechHypermart: RM 4,599.00",1,https://www.techhypermart.com/notebooks/acer-chromebook-plus-enterprise-cbe594-2t-76lr-14-laptop-notebook-core-7-150u-16gb-512gb-intel-chromeos-touch-ai,TechHypermart: https://www.techhypermart.com/notebooks/acer-chromebook-plus-enterprise-cbe594-2t-76lr-14-laptop-notebook-core-7-150u-16gb-512gb-intel-chromeos-touch-ai,https://www.techhypermart.com/image/cache/catalog/laptopnotebook/acer/CBE594-2T-76LR-a-250x250.png,TechHypermart - Acer,Core 7,,16GB,16GB,"14""",,,
53947-ACER-NITRO,"Acer Nitro V15 ANV15-41-R0DZ 15.6"" Laptop/ Notebook (Ryzen 5 6600H, 8GB, 512GB, NV RTX3050, W11H, Off H&S + Off 365 Basic, 165Hz, AI Chip)",3318.00,"TechHypermart (RM 3,318.00)","TechHypermart: RM 3,318.00",1,https://www.techhypermart.com/notebooks/acer-nitro-v15-anv15-41-r0dz-15-6-laptop-notebook-ryzen-5-6600h-8gb-512gb-nv-rtx3050-w11h-off-h-s-off-365-basic-165hz-ai-chip,TechHypermart: https://www.techhypermart.com/notebooks/acer-nitro-v15-anv15-41-r0dz-15-6-laptop-notebook-ryzen-5-6600h-8gb-512gb-nv-rtx3050-w11h-off-h-s-off-365-basic-165hz-ai-chip,https://www.techhypermart.com/image/cache/catalog/laptopnotebook/acer/ANV15-41-R0DZ-a-250x250.png,TechHypermart - Acer,Ryzen 5 6600H,NV RTX3050,8GB,8GB,"15.6""",,,
54455-ACER-NITRO,"Acer Nitro V15 ANV15-41-R0DZ-1-W11-EPP 15.6"" Laptop/ Notebook (Ryzen 5 6600H, 8GB, 1TB, NV RTX3050, W11H, Off H&S + Off 365 Basic, 165Hz, AI Chip)",4689.00,"TechHypermart (RM 4,689.00)","TechHypermart: RM 4,689.00",1,https://www.techhypermart.com/notebooks/acer-nitro-v15-anv15-41-r0dz-1-w11-epp-15-6-laptop-notebook-ryzen-5-6600h-8gb-1tb-nv-rtx3050-w11h-off-h-s-off-365-basic-165hz-ai-chip,TechHypermart: https://www.techhypermart.com/notebooks/acer-nitro-v15-anv15-41-r0dz-1-w11-epp-15-6-laptop-notebook-ryzen-5-6600h-8gb-1tb-nv-rtx3050-w11h-off-h-s-off-365-basic-165hz-ai-chip,https://www.techhypermart.com/image/cache/catalog/laptopnotebook/acer/ANV15-41-R0DZ-epp-250x250.png,TechHypermart - Acer,Ryzen 5 6600H,NV RTX3050,8GB,8GB,"15.6""",,,
54463-ACER-NITRO,"Acer Nitro V15 ANV15-41-R0DZ-1-W11P-EPP 15.6"" Laptop/ Notebook (Ryzen 5 6600H, 8GB, 1TB, NV RTX3050, W11P, Off H&S + Off 365 Basic, 165Hz, AI Chip)",5539.00,"TechHypermart (RM 5,539.00)","TechHypermart: RM 5,539.00",1,https://www.techhypermart.com/notebooks/acer-nitro-v15-anv15-41-r0dz-1-w11p-epp-15-6-laptop-notebook-ryzen-5-6600h-8gb-1tb-nv-rtx3050-w11p-off-h-s-off-365-basic-165hz-ai-chip,TechHypermart: https://www.techhypermart.com/notebooks/acer-nitro-v15-anv15-41-r0dz-1-w11p-epp-15-6-laptop-notebook-ryzen-5-6600h-8gb-1tb-nv-rtx3050-w11p-off-h-s-off-365-basic-165hz-ai-chip,https://www.techhypermart.com/image/cache/catalog/laptopnotebook/acer/ANV15-41-R0DZ-w11p-epp-250x250.png,TechHypermart - Acer,Ryzen 5 6600H,NV RTX3050,8GB,8GB,"15.6""",,,
54456-ACER-NITRO,"Acer Nitro V15 ANV15-41-R0DZ-16-1-W11-EPP 15.6"" Laptop/ Notebook (Ryzen 5 6600H, 16GB, 1TB, NV RTX3050, W11H, Off H&S + Off 365 Basic, 165Hz, AI Chip)",5479.00,"TechHypermart (RM 5,479.00)","TechHypermart: RM 5,479.00",1,https://www.techhypermart.com/notebooks/acer-nitro-v15-anv15-41-r0dz-16-1-w11-epp-15-6-laptop-notebook-ryzen-5-6600h-16gb-1tb-nv-rtx3050-w11h-off-h-s-off-365-basic-165hz-ai-chip,TechHypermart: https://www.techhypermart.com/notebooks/acer-nitro-v15-anv15-41-r0dz-16-1-w11-epp-15-6-laptop-notebook-ryzen-5-6600h-16gb-1tb-nv-rtx3050-w11h-off-h-s-off-365-basic-165hz-ai-chip,https://www.techhypermart.com/image/cache/catalog/laptopnotebook/acer/ANV15-41-R0DZ-epp-250x250.png,TechHypermart - Acer,Ryzen 5 6600H,NV RTX3050,16GB,16GB,16,,,
54464-ACER-NITRO,"Acer Nitro V15 ANV15-41-R0DZ-16-1-W11P-EPP 15.6"" Laptop/ Notebook (Ryzen 5 6600H, 16GB, 1TB, NV RTX3050, W11P, Off H&S + Off 365 Basic, 165Hz, AI Chip)",6329.00,"TechHypermart (RM 6,329.00)","TechHypermart: RM 6,329.00",1,https://www.techhypermart.com/notebooks/acer-nitro-v15-anv15-41-r0dz-16-1-w11p-epp-15-6-laptop-notebook-ryzen-5-6600h-16gb-1tb-nv-rtx3050-w11p-off-h-s-off-365-basic-165hz-ai-chip,TechHypermart: https://www.techhypermart.com/notebooks/acer-nitro-v15-anv15-41-r0dz-16-1-w11p-epp-15-6-laptop-notebook-ryzen-5-6600h-16gb-1tb-nv-rtx3050-w11p-off-h-s-off-365-basic-165hz-ai-chip,https://www.techhypermart.com/image/cache/catalog/laptopnotebook/acer/ANV15-41-R0DZ-w11p-epp-250x250.png,TechHypermart - Acer,Ryzen 5 6600H,NV RTX3050,16GB,16GB,16,,,
54026-ACER-NITRO,"Acer Nitro V15 ANV15-41-R0DZ-16-W11 15.6"" Laptop/ Notebook (Ryzen 5 6600H, 16GB, 512GB, NV RTX3050, W11H, Off H&S + Off 365 Basic, 165Hz, AI Chip)",3919.00,"TechHypermart (RM 3,919.00)","TechHypermart: RM 3,919.00",1,https://www.techhypermart.com/notebooks/acer-nitro-v15-anv15-41-r0dz-16-w11-15-6-laptop-notebook-ryzen-5-6600h-16gb-512gb-nv-rtx3050-w11h-off-h-s-off-365-basic-165hz-ai-chip,TechHypermart: https://www.techhypermart.com/notebooks/acer-nitro-v15-anv15-41-r0dz-16-w11-15-6-laptop-notebook-ryzen-5-6600h-16gb-512gb-nv-rtx3050-w11h-off-h-s-off-365-basic-165hz-ai-chip,https://www.techhypermart.com/image/cache/catalog/laptopnotebook/acer/ANV15-41-R0DZ-a-250x250.png,TechHypermart - Acer,Ryzen 5 6600H,NV RTX3050,16GB,16GB,16,,,
54460-ACER-NITRO,"Acer Nitro V15 ANV15-41-R0DZ-16-W11P 15.6"" Laptop/ Notebook (Ryzen 5 6600H, 16GB, 512GB, NV RTX3050, W11P, Off H&S + Off 365 Basic, 165Hz, AI Chip)",4719.00,"TechHypermart (RM 4,719.00)","TechHypermart: RM 4,719.00",1,https://www.techhypermart.com/notebooks/acer-nitro-v15-anv15-41-r0dz-16-w11p-15-6-laptop-notebook-ryzen-5-6600h-16gb-512gb-nv-rtx3050-w11p-off-h-s-off-365-basic-165hz-ai-chip,TechHypermart: https://www.techhypermart.com/notebooks/acer-nitro-v15-anv15-41-r0dz-16-w11p-15-6-laptop-notebook-ryzen-5-6600h-16gb-512gb-nv-rtx3050-w11p-off-h-s-off-365-basic-165hz-ai-chip,https://www.techhypermart.com/image/cache/catalog/laptopnotebook/acer/ANV15-41-R0DZ-w11p-250x250.png,TechHypermart - Acer,Ryzen 5 6600H,NV RTX3050,16GB,16GB,16,,,
54457-ACER-NITRO,"Acer Nitro V15 ANV15-41-R0DZ-24-1-W11-EPP 15.6"" Laptop/ Notebook (Ryzen 5 6600H, 24GB, 1TB, NV RTX3050, W11H, Off H&S + Off 365 Basic, 165Hz, AI Chip)",6019.00,"TechHypermart (RM 6,019.00)","TechHypermart: RM 6,019.00",1,https://www.techhypermart.com/notebooks/acer-nitro-v15-anv15-41-r0dz-24-1-w11-epp-15-6-laptop-notebook-ryzen-5-6600h-24gb-1tb-nv-rtx3050-w11h-off-h-s-off-365-basic-165hz-ai-chip,TechHypermart: https://www.techhypermart.com/notebooks/acer-nitro-v15-anv15-41-r0dz-24-1-w11-epp-15-6-laptop-notebook-ryzen-5-6600h-24gb-1tb-nv-rtx3050-w11h-off-h-s-off-365-basic-165hz-ai-chip,https://www.techhypermart.com/image/cache/catalog/laptopnotebook/acer/ANV15-41-R0DZ-epp-250x250.png,TechHypermart - Acer,Ryzen 5 6600H,NV RTX3050,24GB,24GB,"15.6""",,,
54465-ACER-NITRO,"Acer Nitro V15 ANV15-41-R0DZ-24-1-W11P-EPP 15.6"" Laptop/ Notebook (Ryzen 5 6600H, 24GB, 1TB, NV RTX3050, W11P, Off H&S + Off 365 Basic, 165Hz, AI Chip)",6869.00,"TechHypermart (RM 6,869.00)","TechHypermart: RM 6,869.00",1,https://www.techhypermart.com/notebooks/acer-nitro-v15-anv15-41-r0dz-24-1-w11p-epp-15-6-laptop-notebook-ryzen-5-6600h-24gb-1tb-nv-rtx3050-w11p-off-h-s-off-365-basic-165hz-ai-chip,TechHypermart: https://www.techhypermart.com/notebooks/acer-nitro-v15-anv15-41-r0dz-24-1-w11p-epp-15-6-laptop-notebook-ryzen-5-6600h-24gb-1tb-nv-rtx3050-w11p-off-h-s-off-365-basic-165hz-ai-chip,https://www.techhypermart.com/image/cache/catalog/laptopnotebook/acer/ANV15-41-R0DZ-w11p-epp-250x250.png,TechHypermart - Acer,Ryzen 5 6600H,NV RTX3050,24GB,24GB,"15.6""",,,
54027-ACER-NITRO,"Acer Nitro V15 ANV15-41-R0DZ-24-W11 15.6"" Laptop/ Notebook (Ryzen 5 6600H, 24GB, 512GB, NV RTX3050, W11H, Off H&S + Off 365 Basic, 165Hz, AI Chip)",4469.00,"TechHypermart (RM 4,469.00)","TechHypermart: RM 4,469.00",1,https://www.techhypermart.com/notebooks/acer-nitro-v15-anv15-41-r0dz-24-w11-15-6-laptop-notebook-ryzen-5-6600h-24gb-512gb-nv-rtx3050-w11h-off-h-s-off-365-basic-165hz-ai-chip,TechHypermart: https://www.techhypermart.com/notebooks/acer-nitro-v15-anv15-41-r0dz-24-w11-15-6-laptop-notebook-ryzen-5-6600h-24gb-512gb-nv-rtx3050-w11h-off-h-s-off-365-basic-165hz-ai-chip,https://www.techhypermart.com/image/cache/catalog/laptopnotebook/acer/ANV15-41-R0DZ-a-250x250.png,TechHypermart - Acer,Ryzen 5 6600H,NV RTX3050,24GB,24GB,"15.6""",,,
54461-ACER-NITRO,"Acer Nitro V15 ANV15-41-R0DZ-24-W11P 15.6"" Laptop/ Notebook (Ryzen 5 6600H, 24GB, 512GB, NV RTX3050, W11P, Off H&S + Off 365 Basic, 165Hz, AI Chip)",5269.00,"TechHypermart (RM 5,269.00)","TechHypermart: RM 5,269.00",1,https://www.techhypermart.com/notebooks/acer-nitro-v15-anv15-41-r0dz-24-w11p-15-6-laptop-notebook-ryzen-5-6600h-24gb-512gb-nv-rtx3050-w11p-off-h-s-off-365-basic-165hz-ai-chip,TechHypermart: https://www.techhypermart.com/notebooks/acer-nitro-v15-anv15-41-r0dz-24-w11p-15-6-laptop-notebook-ryzen-5-6600h-24gb-512gb-nv-rtx3050-w11p-off-h-s-off-365-basic-165hz-ai-chip,https://www.techhypermart.com/image/cache/catalog/laptopnotebook/acer/ANV15-41-R0DZ-w11p-250x250.png,TechHypermart - Acer,Ryzen 5 6600H,NV RTX3050,24GB,24GB,"15.6""",,,
54459-ACER-NITRO,"Acer Nitro V15 ANV15-41-R0DZ-W11P 15.6"" Laptop/ Notebook (Ryzen 5 6600H, 8GB, 512GB, NV RTX3050, W11P, Off H&S + Off 365 Basic, 165Hz, AI Chip)",4168.00,"TechHypermart (RM 4,168.00)","TechHypermart: RM 4,168.00",1,https://www.techhypermart.com/notebooks/acer-nitro-v15-anv15-41-r0dz-w11p-15-6-laptop-notebook-ryzen-5-6600h-8gb-512gb-nv-rtx3050-w11p-off-h-s-off-365-basic-165hz-ai-chip,TechHypermart: https://www.techhypermart.com/notebooks/acer-nitro-v15-anv15-41-r0dz-w11p-15-6-laptop-notebook-ryzen-5-6600h-8gb-512gb-nv-rtx3050-w11p-off-h-s-off-365-basic-165hz-ai-chip,https://www.techhypermart.com/image/cache/catalog/laptopnotebook/acer/ANV15-41-R0DZ-w11p-250x250.png,TechHypermart - Acer,Ryzen 5 6600H,NV RTX3050,8GB,8GB,"15.6""",,,
56881-ACER-NITRO,"Acer Nitro V15 ANV15-52-505D 15.6"" Laptop/ Notebook (Core 5 210H, 16GB, 512GB, NV RTX5050, W11H, Off H&S + Off 365 Basic, 180Hz, AI)",4758.00,"TechHypermart (RM 4,758.00)","TechHypermart: RM 4,758.00",1,https://www.techhypermart.com/notebooks/acer-nitro-v15-anv15-52-505d-15-6-laptop-notebook-core-5-210h-16gb-512gb-nv-rtx5050-w11h-off-h-s-off-365-basic-180hz-ai,TechHypermart: https://www.techhypermart.com/notebooks/acer-nitro-v15-anv15-52-505d-15-6-laptop-notebook-core-5-210h-16gb-512gb-nv-rtx5050-w11h-off-h-s-off-365-basic-180hz-ai,https://www.techhypermart.com/image/cache/catalog/laptopnotebook/acer/ANV15-52-505D-a-250x250.png,TechHypermart - Acer,Core 5,NV RTX5050,16GB,16GB,"15.6""",,,
57405-ACER-NITRO,"Acer Nitro V15 ANV15-52-505D-1-W11-EPP 15.6"" Laptop/ Notebook (Core 5 210H, 16GB, 1TB, NV RTX5050, W11H, Off H&S + Off 365 Basic, 180Hz, AI)",6599.00,"TechHypermart (RM 6,599.00)","TechHypermart: RM 6,599.00",1,https://www.techhypermart.com/notebooks/acer-nitro-v15-anv15-52-505d-1-w11-epp-15-6-laptop-notebook-core-5-210h-16gb-1tb-nv-rtx5050-w11h-off-h-s-off-365-basic-180hz-ai,TechHypermart: https://www.techhypermart.com/notebooks/acer-nitro-v15-anv15-52-505d-1-w11-epp-15-6-laptop-notebook-core-5-210h-16gb-1tb-nv-rtx5050-w11h-off-h-s-off-365-basic-180hz-ai,https://www.techhypermart.com/image/cache/catalog/laptopnotebook/acer/ANV15-52-505D-epp-250x250.png,TechHypermart - Acer,Core 5,NV RTX5050,16GB,16GB,"15.6""",,,
57412-ACER-NITRO,"Acer Nitro V15 ANV15-52-505D-1-W11P-EPP 15.6"" Laptop/ Notebook (Core 5 210H, 16GB, 1TB, NV RTX5050, W11P, Off H&S + Off 365 Basic, 180Hz, AI)",7449.00,"TechHypermart (RM 7,449.00)","TechHypermart: RM 7,449.00",1,https://www.techhypermart.com/notebooks/acer-nitro-v15-anv15-52-505d-1-w11p-epp-15-6-laptop-notebook-core-5-210h-16gb-1tb-nv-rtx5050-w11p-off-h-s-off-365-basic-180hz-ai,TechHypermart: https://www.techhypermart.com/notebooks/acer-nitro-v15-anv15-52-505d-1-w11p-epp-15-6-laptop-notebook-core-5-210h-16gb-1tb-nv-rtx5050-w11p-off-h-s-off-365-basic-180hz-ai,https://www.techhypermart.com/image/cache/catalog/laptopnotebook/acer/ANV15-52-505D-w11p-epp-250x250.png,TechHypermart - Acer,Core 5,NV RTX5050,16GB,16GB,"15.6""",,,
57406-ACER-NITRO,"Acer Nitro V15 ANV15-52-505D-24-1-W11-EPP 15.6"" Laptop/ Notebook (Core 5 210H, 24GB, 1TB, NV RTX5050, W11H, Off H&S + Off 365 Basic, 180Hz, AI)",7059.00,"TechHypermart (RM 7,059.00)","TechHypermart: RM 7,059.00",1,https://www.techhypermart.com/notebooks/acer-nitro-v15-anv15-52-505d-24-1-w11-epp-15-6-laptop-notebook-core-5-210h-24gb-1tb-nv-rtx5050-w11h-off-h-s-off-365-basic-180hz-ai,TechHypermart: https://www.techhypermart.com/notebooks/acer-nitro-v15-anv15-52-505d-24-1-w11-epp-15-6-laptop-notebook-core-5-210h-24gb-1tb-nv-rtx5050-w11h-off-h-s-off-365-basic-180hz-ai,https://www.techhypermart.com/image/cache/catalog/laptopnotebook/acer/ANV15-52-505D-epp-250x250.png,TechHypermart - Acer,Core 5,NV RTX5050,24GB,24GB,"15.6""",,,
57413-ACER-NITRO,"Acer Nitro V15 ANV15-52-505D-24-1-W11P-EPP 15.6"" Laptop/ Notebook (Core 5 210H, 24GB, 1TB, NV RTX5050, W11P, Off H&S + Off 365 Basic, 180Hz, AI)",7909.00,"TechHypermart (RM 7,909.00)","TechHypermart: RM 7,909.00",1,https://www.techhypermart.com/notebooks/acer-nitro-v15-anv15-52-505d-24-1-w11p-epp-15-6-laptop-notebook-core-5-210h-24gb-1tb-nv-rtx5050-w11p-off-h-s-off-365-basic-180hz-ai,TechHypermart: https://www.techhypermart.com/notebooks/acer-nitro-v15-anv15-52-505d-24-1-w11p-epp-15-6-laptop-notebook-core-5-210h-24gb-1tb-nv-rtx5050-w11p-off-h-s-off-365-basic-180hz-ai,https://www.techhypermart.com/image/cache/catalog/laptopnotebook/acer/ANV15-52-505D-w11p-epp-250x250.png,TechHypermart - Acer,Core 5,NV RTX5050,24GB,24GB,"15.6""",,,
56904-ACER-NITRO,"Acer Nitro V15 ANV15-52-505D-24-W11 15.6"" Laptop/ Notebook (Core 5 210H, 24GB, 512GB, NV RTX5050, W11H, Off H&S + Off 365 Basic, 180Hz, AI)",5189.00,"TechHypermart (RM 5,189.00)","TechHypermart: RM 5,189.00",1,https://www.techhypermart.com/notebooks/acer-nitro-v15-anv15-52-505d-24-w11-15-6-laptop-notebook-core-5-210h-24gb-512gb-nv-rtx5050-w11h-off-h-s-off-365-basic-180hz-ai,TechHypermart: https://www.techhypermart.com/notebooks/acer-nitro-v15-anv15-52-505d-24-w11-15-6-laptop-notebook-core-5-210h-24gb-512gb-nv-rtx5050-w11h-off-h-s-off-365-basic-180hz-ai,https://www.techhypermart.com/image/cache/catalog/laptopnotebook/acer/ANV15-52-505D-a-250x250.png,TechHypermart - Acer,Core 5,NV RTX5050,24GB,24GB,"15.6""",,,
57410-ACER-NITRO,"Acer Nitro V15 ANV15-52-505D-24-W11P 15.6"" Laptop/ Notebook (Core 5 210H, 24GB, 512GB, NV RTX5050, W11P, Off H&S + Off 365 Basic, 180Hz, AI)",5989.00,"TechHypermart (RM 5,989.00)","TechHypermart: RM 5,989.00",1,https://www.techhypermart.com/notebooks/acer-nitro-v15-anv15-52-505d-24-w11p-15-6-laptop-notebook-core-5-210h-24gb-512gb-nv-rtx5050-w11p-off-h-s-off-365-basic-180hz-ai,TechHypermart: https://www.techhypermart.com/notebooks/acer-nitro-v15-anv15-52-505d-24-w11p-15-6-laptop-notebook-core-5-210h-24gb-512gb-nv-rtx5050-w11p-off-h-s-off-365-basic-180hz-ai,https://www.techhypermart.com/image/cache/catalog/laptopnotebook/acer/ANV15-52-505D-w11p-250x250.png,TechHypermart - Acer,Core 5,NV RTX5050,24GB,24GB,"15.6""",,,
57407-ACER-NITRO,"Acer Nitro V15 ANV15-52-505D-32-1-W11-EPP 15.6"" Laptop/ Notebook (Core 5 210H, 32GB, 1TB, NV RTX5050, W11H, Off H&S + Off 365 Basic, 180Hz, AI)",7439.00,"TechHypermart (RM 7,439.00)","TechHypermart: RM 7,439.00",1,https://www.techhypermart.com/notebooks/acer-nitro-v15-anv15-52-505d-32-1-w11-epp-15-6-laptop-notebook-core-5-210h-32gb-1tb-nv-rtx5050-w11h-off-h-s-off-365-basic-180hz-ai,TechHypermart: https://www.techhypermart.com/notebooks/acer-nitro-v15-anv15-52-505d-32-1-w11-epp-15-6-laptop-notebook-core-5-210h-32gb-1tb-nv-rtx5050-w11h-off-h-s-off-365-basic-180hz-ai,https://www.techhypermart.com/image/cache/catalog/laptopnotebook/acer/ANV15-52-505D-epp-250x250.png,TechHypermart - Acer,Core 5,NV RTX5050,32GB,32GB,"15.6""",,,
57414-ACER-NITRO,"Acer Nitro V15 ANV15-52-505D-32-1-W11P-EPP 15.6"" Laptop/ Notebook (Core 5 210H, 32GB, 1TB, NV RTX5050, W11P, Off H&S + Off 365 Basic, 180Hz, AI)",8289.00,"TechHypermart (RM 8,289.00)","TechHypermart: RM 8,289.00",1,https://www.techhypermart.com/notebooks/acer-nitro-v15-anv15-52-505d-32-1-w11p-epp-15-6-laptop-notebook-core-5-210h-32gb-1tb-nv-rtx5050-w11p-off-h-s-off-365-basic-180hz-ai,TechHypermart: https://www.techhypermart.com/notebooks/acer-nitro-v15-anv15-52-505d-32-1-w11p-epp-15-6-laptop-notebook-core-5-210h-32gb-1tb-nv-rtx5050-w11p-off-h-s-off-365-basic-180hz-ai,https://www.techhypermart.com/image/cache/catalog/laptopnotebook/acer/ANV15-52-505D-w11p-epp-250x250.png,TechHypermart - Acer,Core 5,NV RTX5050,32GB,32GB,"15.6""",,,
56906-ACER-NITRO,"Acer Nitro V15 ANV15-52-505D-32-W11 15.6"" Laptop/ Notebook (Core 5 210H, 32GB, 512GB, NV RTX5050, W11H, Off H&S + Off 365 Basic, 180Hz, AI)",5539.00,"TechHypermart (RM 5,539.00)","TechHypermart: RM 5,539.00",1,https://www.techhypermart.com/notebooks/acer-nitro-v15-anv15-52-505d-32-w11-15-6-laptop-notebook-core-5-210h-32gb-512gb-nv-rtx5050-w11h-off-h-s-off-365-basic-180hz-ai,TechHypermart: https://www.techhypermart.com/notebooks/acer-nitro-v15-anv15-52-505d-32-w11-15-6-laptop-notebook-core-5-210h-32gb-512gb-nv-rtx5050-w11h-off-h-s-off-365-basic-180hz-ai,https://www.techhypermart.com/image/cache/catalog/laptopnotebook/acer/ANV15-52-505D-a-250x250.png,TechHypermart - Acer,Core 5,NV RTX5050,32GB,32GB,"15.6""",,,
57411-ACER-NITRO,"Acer Nitro V15 ANV15-52-505D-32-W11P 15.6"" Laptop/ Notebook (Core 5 210H, 32GB, 512GB, NV RTX5050, W11P, Off H&S + Off 365 Basic, 180Hz, AI)",6339.00,"TechHypermart (RM 6,339.00)","TechHypermart: RM 6,339.00",1,https://www.techhypermart.com/notebooks/acer-nitro-v15-anv15-52-505d-32-w11p-15-6-laptop-notebook-core-5-210h-32gb-512gb-nv-rtx5050-w11p-off-h-s-off-365-basic-180hz-ai,TechHypermart: https://www.techhypermart.com/notebooks/acer-nitro-v15-anv15-52-505d-32-w11p-15-6-laptop-notebook-core-5-210h-32gb-512gb-nv-rtx5050-w11p-off-h-s-off-365-basic-180hz-ai,https://www.techhypermart.com/image/cache/catalog/laptopnotebook/acer/ANV15-52-505D-w11p-250x250.png,TechHypermart - Acer,Core 5,NV RTX5050,32GB,32GB,"15.6""",,,
57408-ACER-NITRO,"Acer Nitro V15 ANV15-52-505D-W11P 15.6"" Laptop/ Notebook (Core 5 210H, 16GB, 512GB, NV RTX5050, W11P, Off H&S + Off 365 Basic, 180Hz, AI)",5559.00,"TechHypermart (RM 5,559.00)","TechHypermart: RM 5,559.00",1,https://www.techhypermart.com/notebooks/acer-nitro-v15-anv15-52-505d-w11p-15-6-laptop-notebook-core-5-210h-16gb-512gb-nv-rtx5050-w11p-off-h-s-off-365-basic-180hz-ai,TechHypermart: https://www.techhypermart.com/notebooks/acer-nitro-v15-anv15-52-505d-w11p-15-6-laptop-notebook-core-5-210h-16gb-512gb-nv-rtx5050-w11p-off-h-s-off-365-basic-180hz-ai,https://www.techhypermart.com/image/cache/catalog/laptopnotebook/acer/ANV15-52-505D-w11p-250x250.png,TechHypermart - Acer,Core 5,NV RTX5050,16GB,16GB,"15.6""",,,
51858-ACER-NITRO,"Acer Nitro V15 ANV15-52-529N 15.6"" Laptop/ Notebook (i5-13420H, 16GB, 512GB, NV RTX5050, W11H, Off H&S + Off 365 Basic, 180Hz, AI Chip)",4628.00,"TechHypermart (RM 4,628.00)","TechHypermart: RM 4,628.00",1,https://www.techhypermart.com/notebooks/acer-nitro-v15-anv15-52-529n-15-6-laptop-notebook-i5-13420h-16gb-512gb-nv-rtx5050-w11h-off-h-s-off-365-basic-180hz-ai-chip,TechHypermart: https://www.techhypermart.com/notebooks/acer-nitro-v15-anv15-52-529n-15-6-laptop-notebook-i5-13420h-16gb-512gb-nv-rtx5050-w11h-off-h-s-off-365-basic-180hz-ai-chip,https://www.techhypermart.com/image/cache/catalog/laptopnotebook/acer/ANV15-52-529N-a-250x250.png,TechHypermart - Acer,i5-13420H,NV RTX5050,16GB,16GB,"15.6""",,,
52682-ACER-NITRO,"Acer Nitro V15 ANV15-52-529N-1-W11-EPP 15.6"" Laptop/ Notebook (i5-13420H, 16GB, 1TB, NV RTX5050, W11H, Off H&S + Off 365 Basic, 180Hz, AI Chip)",6469.00,"TechHypermart (RM 6,469.00)","TechHypermart: RM 6,469.00",1,https://www.techhypermart.com/notebooks/acer-nitro-v15-anv15-52-529n-1-w11-epp-15-6-laptop-notebook-i5-13420h-16gb-1tb-nv-rtx5050-w11h-off-h-s-off-365-basic-180hz-ai-chip,TechHypermart: https://www.techhypermart.com/notebooks/acer-nitro-v15-anv15-52-529n-1-w11-epp-15-6-laptop-notebook-i5-13420h-16gb-1tb-nv-rtx5050-w11h-off-h-s-off-365-basic-180hz-ai-chip,https://www.techhypermart.com/image/cache/catalog/laptopnotebook/acer/ANV15-52-529N-epp-250x250.png,TechHypermart - Acer,i5-13420H,NV RTX5050,16GB,16GB,"15.6""",,,
52692-ACER-NITRO,"Acer Nitro V15 ANV15-52-529N-1-W11P-EPP 15.6"" Laptop/ Notebook (i5-13420H, 16GB, 1TB, NV RTX5050, W11P, Off H&S + Off 365 Basic, 180Hz, AI Chip)",7319.00,"TechHypermart (RM 7,319.00)","TechHypermart: RM 7,319.00",1,https://www.techhypermart.com/notebooks/acer-nitro-v15-anv15-52-529n-1-w11p-epp-15-6-laptop-notebook-i5-13420h-16gb-1tb-nv-rtx5050-w11p-off-h-s-off-365-basic-180hz-ai-chip,TechHypermart: https://www.techhypermart.com/notebooks/acer-nitro-v15-anv15-52-529n-1-w11p-epp-15-6-laptop-notebook-i5-13420h-16gb-1tb-nv-rtx5050-w11p-off-h-s-off-365-basic-180hz-ai-chip,https://www.techhypermart.com/image/cache/catalog/laptopnotebook/acer/ANV15-52-529N-w11p-epp-250x250.png,TechHypermart - Acer,i5-13420H,NV RTX5050,16GB,16GB,"15.6""",,,
52683-ACER-NITRO,"Acer Nitro V15 ANV15-52-529N-24-1-W11-EPP 15.6"" Laptop/ Notebook (i5-13420H, 24GB, 1TB, NV RTX5050, W11H, Off H&S + Off 365 Basic, 180Hz, AI Chip)",7279.00,"TechHypermart (RM 7,279.00)","TechHypermart: RM 7,279.00",1,https://www.techhypermart.com/notebooks/acer-nitro-v15-anv15-52-529n-24-1-w11-epp-15-6-laptop-notebook-i5-13420h-24gb-1tb-nv-rtx5050-w11h-off-h-s-off-365-basic-180hz-ai-chip,TechHypermart: https://www.techhypermart.com/notebooks/acer-nitro-v15-anv15-52-529n-24-1-w11-epp-15-6-laptop-notebook-i5-13420h-24gb-1tb-nv-rtx5050-w11h-off-h-s-off-365-basic-180hz-ai-chip,https://www.techhypermart.com/image/cache/catalog/laptopnotebook/acer/ANV15-52-529N-epp-250x250.png,TechHypermart - Acer,i5-13420H,NV RTX5050,24GB,24GB,"15.6""",,,
52693-ACER-NITRO,"Acer Nitro V15 ANV15-52-529N-24-1-W11P-EPP 15.6"" Laptop/ Notebook (i5-13420H, 24GB, 1TB, NV RTX5050, W11P, Off H&S + Off 365 Basic, 180Hz, AI Chip)",8129.00,"TechHypermart (RM 8,129.00)","TechHypermart: RM 8,129.00",1,https://www.techhypermart.com/notebooks/acer-nitro-v15-anv15-52-529n-24-1-w11p-epp-15-6-laptop-notebook-i5-13420h-24gb-1tb-nv-rtx5050-w11p-off-h-s-off-365-basic-180hz-ai-chip,TechHypermart: https://www.techhypermart.com/notebooks/acer-nitro-v15-anv15-52-529n-24-1-w11p-epp-15-6-laptop-notebook-i5-13420h-24gb-1tb-nv-rtx5050-w11p-off-h-s-off-365-basic-180hz-ai-chip,https://www.techhypermart.com/image/cache/catalog/laptopnotebook/acer/ANV15-52-529N-w11p-epp-250x250.png,TechHypermart - Acer,i5-13420H,NV RTX5050,24GB,24GB,"15.6""",,,
51884-ACER-NITRO,"Acer Nitro V15 ANV15-52-529N-24-W11 15.6"" Laptop/ Notebook (i5-13420H, 24GB, 512GB, NV RTX5050, W11H, Off H&S + Off 365 Basic, 180Hz, AI Chip)",5429.00,"TechHypermart (RM 5,429.00)","TechHypermart: RM 5,429.00",1,https://www.techhypermart.com/notebooks/acer-nitro-v15-anv15-52-529n-24-w11-15-6-laptop-notebook-i5-13420h-24gb-512gb-nv-rtx5050-w11h-off-h-s-off-365-basic-180hz-ai-chip,TechHypermart: https://www.techhypermart.com/notebooks/acer-nitro-v15-anv15-52-529n-24-w11-15-6-laptop-notebook-i5-13420h-24gb-512gb-nv-rtx5050-w11h-off-h-s-off-365-basic-180hz-ai-chip,https://www.techhypermart.com/image/cache/catalog/laptopnotebook/acer/ANV15-52-529N-a-250x250.png,TechHypermart - Acer,i5-13420H,NV RTX5050,24GB,24GB,"15.6""",,,
52688-ACER-NITRO,"Acer Nitro V15 ANV15-52-529N-24-W11P 15.6"" Laptop/ Notebook (i5-13420H, 24GB, 512GB, NV RTX5050, W11P, Off H&S + Off 365 Basic, 180Hz, AI Chip)",6229.00,"TechHypermart (RM 6,229.00)","TechHypermart: RM 6,229.00",1,https://www.techhypermart.com/notebooks/acer-nitro-v15-anv15-52-529n-24-w11p-15-6-laptop-notebook-i5-13420h-24gb-512gb-nv-rtx5050-w11p-off-h-s-off-365-basic-180hz-ai-chip,TechHypermart: https://www.techhypermart.com/notebooks/acer-nitro-v15-anv15-52-529n-24-w11p-15-6-laptop-notebook-i5-13420h-24gb-512gb-nv-rtx5050-w11p-off-h-s-off-365-basic-180hz-ai-chip,https://www.techhypermart.com/image/cache/catalog/laptopnotebook/acer/ANV15-52-529N-w11p-250x250.png,TechHypermart - Acer,i5-13420H,NV RTX5050,24GB,24GB,"15.6""",,,
52684-ACER-NITRO,"Acer Nitro V15 ANV15-52-529N-32-1-W11-EPP 15.6"" Laptop/ Notebook (i5-13420H, 32GB, 1TB, NV RTX5050, W11H, Off H&S + Off 365 Basic, 180Hz, AI Chip)",7819.00,"TechHypermart (RM 7,819.00)","TechHypermart: RM 7,819.00",1,https://www.techhypermart.com/notebooks/acer-nitro-v15-anv15-52-529n-32-1-w11-epp-15-6-laptop-notebook-i5-13420h-32gb-1tb-nv-rtx5050-w11h-off-h-s-off-365-basic-180hz-ai-chip,TechHypermart: https://www.techhypermart.com/notebooks/acer-nitro-v15-anv15-52-529n-32-1-w11-epp-15-6-laptop-notebook-i5-13420h-32gb-1tb-nv-rtx5050-w11h-off-h-s-off-365-basic-180hz-ai-chip,https://www.techhypermart.com/image/cache/catalog/laptopnotebook/acer/ANV15-52-529N-epp-250x250.png,TechHypermart - Acer,i5-13420H,NV RTX5050,32GB,32GB,"15.6""",,,
52694-ACER-NITRO,"Acer Nitro V15 ANV15-52-529N-32-1-W11P-EPP 15.6"" Laptop/ Notebook (i5-13420H, 32GB, 1TB, NV RTX5050, W11P, Off H&S + Off 365 Basic, 180Hz, AI Chip)",9879.00,"TechHypermart (RM 9,879.00)","TechHypermart: RM 9,879.00",1,https://www.techhypermart.com/notebooks/acer-nitro-v15-anv15-52-529n-32-1-w11p-epp-15-6-laptop-notebook-i5-13420h-32gb-1tb-nv-rtx5050-w11p-off-h-s-off-365-basic-180hz-ai-chip,TechHypermart: https://www.techhypermart.com/notebooks/acer-nitro-v15-anv15-52-529n-32-1-w11p-epp-15-6-laptop-notebook-i5-13420h-32gb-1tb-nv-rtx5050-w11p-off-h-s-off-365-basic-180hz-ai-chip,https://www.techhypermart.com/image/cache/catalog/laptopnotebook/acer/ANV15-52-529N-w11p-epp-250x250.png,TechHypermart - Acer,i5-13420H,NV RTX5050,32GB,32GB,"15.6""",,,
51885-ACER-NITRO,"Acer Nitro V15 ANV15-52-529N-32-W11 15.6"" Laptop/ Notebook (i5-13420H, 32GB, 512GB, NV RTX5050, W11H, Off H&S + Off 365 Basic, 180Hz, AI Chip)",5929.00,"TechHypermart (RM 5,929.00)","TechHypermart: RM 5,929.00",1,https://www.techhypermart.com/notebooks/acer-nitro-v15-anv15-52-529n-32-w11-15-6-laptop-notebook-i5-13420h-32gb-512gb-nv-rtx5050-w11h-off-h-s-off-365-basic-180hz-ai-chip,TechHypermart: https://www.techhypermart.com/notebooks/acer-nitro-v15-anv15-52-529n-32-w11-15-6-laptop-notebook-i5-13420h-32gb-512gb-nv-rtx5050-w11h-off-h-s-off-365-basic-180hz-ai-chip,https://www.techhypermart.com/image/cache/catalog/laptopnotebook/acer/ANV15-52-529N-a-250x250.png,TechHypermart - Acer,i5-13420H,NV RTX5050,32GB,32GB,"15.6""",,,
52689-ACER-NITRO,"Acer Nitro V15 ANV15-52-529N-32-W11P 15.6"" Laptop/ Notebook (i5-13420H, 32GB, 512GB, NV RTX5050, W11P, Off H&S + Off 365 Basic, 180Hz, AI Chip)",6729.00,"TechHypermart (RM 6,729.00)","TechHypermart: RM 6,729.00",1,https://www.techhypermart.com/notebooks/acer-nitro-v15-anv15-52-529n-32-w11p-15-6-laptop-notebook-i5-13420h-32gb-512gb-nv-rtx5050-w11p-off-h-s-off-365-basic-180hz-ai-chip,TechHypermart: https://www.techhypermart.com/notebooks/acer-nitro-v15-anv15-52-529n-32-w11p-15-6-laptop-notebook-i5-13420h-32gb-512gb-nv-rtx5050-w11p-off-h-s-off-365-basic-180hz-ai-chip,https://www.techhypermart.com/image/cache/catalog/laptopnotebook/acer/ANV15-52-529N-w11p-250x250.png,TechHypermart - Acer,i5-13420H,NV RTX5050,32GB,32GB,"15.6""",,,
52685-ACER-NITRO,"Acer Nitro V15 ANV15-52-529N-48-1-W11-EPP 15.6"" Laptop/ Notebook (i5-13420H, 48GB, 1TB, NV RTX5050, W11H, Off H&S + Off 365 Basic, 180Hz, AI Chip)",9049.00,"TechHypermart (RM 9,049.00)","TechHypermart: RM 9,049.00",1,https://www.techhypermart.com/notebooks/acer-nitro-v15-anv15-52-529n-48-1-w11-epp-15-6-laptop-notebook-i5-13420h-48gb-1tb-nv-rtx5050-w11h-off-h-s-off-365-basic-180hz-ai-chip,TechHypermart: https://www.techhypermart.com/notebooks/acer-nitro-v15-anv15-52-529n-48-1-w11-epp-15-6-laptop-notebook-i5-13420h-48gb-1tb-nv-rtx5050-w11h-off-h-s-off-365-basic-180hz-ai-chip,https://www.techhypermart.com/image/cache/catalog/laptopnotebook/acer/ANV15-52-529N-epp-250x250.png,TechHypermart - Acer,i5-13420H,NV RTX5050,48GB,48GB,"15.6""",,,
52695-ACER-NITRO,"Acer Nitro V15 ANV15-52-529N-48-1-W11P-EPP 15.6"" Laptop/ Notebook (i5-13420H, 48GB, 1TB, NV RTX5050, W11P, Off H&S + Off 365 Basic, 180Hz, AI Chip)",9899.00,"TechHypermart (RM 9,899.00)","TechHypermart: RM 9,899.00",1,https://www.techhypermart.com/notebooks/acer-nitro-v15-anv15-52-529n-48-1-w11p-epp-15-6-laptop-notebook-i5-13420h-48gb-1tb-nv-rtx5050-w11p-off-h-s-off-365-basic-180hz-ai-chip,TechHypermart: https://www.techhypermart.com/notebooks/acer-nitro-v15-anv15-52-529n-48-1-w11p-epp-15-6-laptop-notebook-i5-13420h-48gb-1tb-nv-rtx5050-w11p-off-h-s-off-365-basic-180hz-ai-chip,https://www.techhypermart.com/image/cache/catalog/laptopnotebook/acer/ANV15-52-529N-w11p-epp-250x250.png,TechHypermart - Acer,i5-13420H,NV RTX5050,48GB,48GB,"15.6""",,,
51886-ACER-NITRO,"Acer Nitro V15 ANV15-52-529N-48-W11 15.6"" Laptop/ Notebook (i5-13420H, 48GB, 512GB, NV RTX5050, W11H, Off H&S + Off 365 Basic, 180Hz, AI Chip)",7069.00,"TechHypermart (RM 7,069.00)","TechHypermart: RM 7,069.00",1,https://www.techhypermart.com/notebooks/acer-nitro-v15-anv15-52-529n-48-w11-15-6-laptop-notebook-i5-13420h-48gb-512gb-nv-rtx5050-w11h-off-h-s-off-365-basic-180hz-ai-chip,TechHypermart: https://www.techhypermart.com/notebooks/acer-nitro-v15-anv15-52-529n-48-w11-15-6-laptop-notebook-i5-13420h-48gb-512gb-nv-rtx5050-w11h-off-h-s-off-365-basic-180hz-ai-chip,https://www.techhypermart.com/image/cache/catalog/laptopnotebook/acer/ANV15-52-529N-a-250x250.png,TechHypermart - Acer,i5-13420H,NV RTX5050,48GB,48GB,"15.6""",,,
52690-ACER-NITRO,"Acer Nitro V15 ANV15-52-529N-48-W11P 15.6"" Laptop/ Notebook (i5-13420H, 48GB, 512GB, NV RTX5050, W11P, Off H&S + Off 365 Basic, 180Hz, AI Chip)",7869.00,"TechHypermart (RM 7,869.00)","TechHypermart: RM 7,869.00",1,https://www.techhypermart.com/notebooks/acer-nitro-v15-anv15-52-529n-48-w11p-15-6-laptop-notebook-i5-13420h-48gb-512gb-nv-rtx5050-w11p-off-h-s-off-365-basic-180hz-ai-chip,TechHypermart: https://www.techhypermart.com/notebooks/acer-nitro-v15-anv15-52-529n-48-w11p-15-6-laptop-notebook-i5-13420h-48gb-512gb-nv-rtx5050-w11p-off-h-s-off-365-basic-180hz-ai-chip,https://www.techhypermart.com/image/cache/catalog/laptopnotebook/acer/ANV15-52-529N-w11p-250x250.png,TechHypermart - Acer,i5-13420H,NV RTX5050,48GB,48GB,"15.6""",,,
52686-ACER-NITRO,"Acer Nitro V15 ANV15-52-529N-64-1-W11-EPP 15.6"" Laptop/ Notebook (i5-13420H, 64GB, 1TB, NV RTX5050, W11H, Off H&S + Off 365 Basic, 180Hz, AI Chip)",11439.00,"TechHypermart (RM 11,439.00)","TechHypermart: RM 11,439.00",1,https://www.techhypermart.com/notebooks/acer-nitro-v15-anv15-52-529n-64-1-w11-epp-15-6-laptop-notebook-i5-13420h-64gb-1tb-nv-rtx5050-w11h-off-h-s-off-365-basic-180hz-ai-chip,TechHypermart: https://www.techhypermart.com/notebooks/acer-nitro-v15-anv15-52-529n-64-1-w11-epp-15-6-laptop-notebook-i5-13420h-64gb-1tb-nv-rtx5050-w11h-off-h-s-off-365-basic-180hz-ai-chip,https://www.techhypermart.com/image/cache/catalog/laptopnotebook/acer/ANV15-52-529N-epp-250x250.png,TechHypermart - Acer,i5-13420H,NV RTX5050,64GB,64GB,"15.6""",,,
52696-ACER-NITRO,"Acer Nitro V15 ANV15-52-529N-64-1-W11P-EPP 15.6"" Laptop/ Notebook (i5-13420H, 64GB, 1TB, NV RTX5050, W11P, Off H&S + Off 365 Basic, 180Hz, AI Chip)",12289.00,"TechHypermart (RM 12,289.00)","TechHypermart: RM 12,289.00",1,https://www.techhypermart.com/notebooks/acer-nitro-v15-anv15-52-529n-64-1-w11p-epp-15-6-laptop-notebook-i5-13420h-64gb-1tb-nv-rtx5050-w11p-off-h-s-off-365-basic-180hz-ai-chip,TechHypermart: https://www.techhypermart.com/notebooks/acer-nitro-v15-anv15-52-529n-64-1-w11p-epp-15-6-laptop-notebook-i5-13420h-64gb-1tb-nv-rtx5050-w11p-off-h-s-off-365-basic-180hz-ai-chip,https://www.techhypermart.com/image/cache/catalog/laptopnotebook/acer/ANV15-52-529N-w11p-epp-250x250.png,TechHypermart - Acer,i5-13420H,NV RTX5050,64GB,64GB,"15.6""",,,
51887-ACER-NITRO,"Acer Nitro V15 ANV15-52-529N-64-W11 15.6"" Laptop/ Notebook (i5-13420H, 64GB, 512GB, NV RTX5050, W11H, Off H&S + Off 365 Basic, 180Hz, AI Chip)",9179.00,"TechHypermart (RM 9,179.00)","TechHypermart: RM 9,179.00",1,https://www.techhypermart.com/notebooks/acer-nitro-v15-anv15-52-529n-64-w11-15-6-laptop-notebook-i5-13420h-64gb-512gb-nv-rtx5050-w11h-off-h-s-off-365-basic-180hz-ai-chip,TechHypermart: https://www.techhypermart.com/notebooks/acer-nitro-v15-anv15-52-529n-64-w11-15-6-laptop-notebook-i5-13420h-64gb-512gb-nv-rtx5050-w11h-off-h-s-off-365-basic-180hz-ai-chip,https://www.techhypermart.com/image/cache/catalog/laptopnotebook/acer/ANV15-52-529N-a-250x250.png,TechHypermart - Acer,i5-13420H,NV RTX5050,64GB,64GB,"15.6""",,,
52691-ACER-NITRO,"Acer Nitro V15 ANV15-52-529N-64-W11P 15.6"" Laptop/ Notebook (i5-13420H, 64GB, 512GB, NV RTX5050, W11P, Off H&S + Off 365 Basic, 180Hz, AI Chip)",9979.00,"TechHypermart (RM 9,979.00)","TechHypermart: RM 9,979.00",1,https://www.techhypermart.com/notebooks/acer-nitro-v15-anv15-52-529n-64-w11p-15-6-laptop-notebook-i5-13420h-64gb-512gb-nv-rtx5050-w11p-off-h-s-off-365-basic-180hz-ai-chip,TechHypermart: https://www.techhypermart.com/notebooks/acer-nitro-v15-anv15-52-529n-64-w11p-15-6-laptop-notebook-i5-13420h-64gb-512gb-nv-rtx5050-w11p-off-h-s-off-365-basic-180hz-ai-chip,https://www.techhypermart.com/image/cache/catalog/laptopnotebook/acer/ANV15-52-529N-w11p-250x250.png,TechHypermart - Acer,i5-13420H,NV RTX5050,64GB,64GB,"15.6""",,,
52687-ACER-NITRO,"Acer Nitro V15 ANV15-52-529N-W11P 15.6"" Laptop/ Notebook (i5-13420H, 16GB, 512GB, NV RTX5050, W11P, Off H&S + Off 365 Basic, 180Hz, AI Chip)",5499.00,"TechHypermart (RM 5,499.00)","TechHypermart: RM 5,499.00",1,https://www.techhypermart.com/notebooks/acer-nitro-v15-anv15-52-529n-w11p-15-6-laptop-notebook-i5-13420h-16gb-512gb-nv-rtx5050-w11p-off-h-s-off-365-basic-180hz-ai-chip,TechHypermart: https://www.techhypermart.com/notebooks/acer-nitro-v15-anv15-52-529n-w11p-15-6-laptop-notebook-i5-13420h-16gb-512gb-nv-rtx5050-w11p-off-h-s-off-365-basic-180hz-ai-chip,https://www.techhypermart.com/image/cache/catalog/laptopnotebook/acer/ANV15-52-529N-w11p-250x250.png,TechHypermart - Acer,i5-13420H,NV RTX5050,16GB,16GB,"15.6""",,,
49961-ACER-NITRO,"Acer Nitro V15 ANV15-52-5914 15.6"" Laptop/ Notebook (Core 5 210H, 16GB, 512GB, NV RTX4050, W11H, Off H&S + Off 365 Basic, 165Hz, AI Chip)",3988.00,"TechHypermart (RM 3,988.00)","TechHypermart: RM 3,988.00",1,https://www.techhypermart.com/notebooks/acer-nitro-v15-anv15-52-5914-15-6-laptop-notebook-core-5-210h-16gb-512gb-nv-rtx4050-w11h-off-h-s-off-365-basic-165hz-ai-chip,TechHypermart: https://www.techhypermart.com/notebooks/acer-nitro-v15-anv15-52-5914-15-6-laptop-notebook-core-5-210h-16gb-512gb-nv-rtx4050-w11h-off-h-s-off-365-basic-165hz-ai-chip,https://www.techhypermart.com/image/cache/catalog/laptopnotebook/acer/ANV15-52-5914-a-250x250.png,TechHypermart - Acer,Core 5,NV RTX4050,16GB,16GB,"15.6""",,,
50354-ACER-NITRO,"Acer Nitro V15 ANV15-52-5914-1-W11-EPP 15.6"" Laptop/ Notebook (Core 5 210H, 16GB, 1TB, NV RTX4050, W11H, Off H&S + Off 365 Basic, 165Hz, AI Chip)",5739.00,"TechHypermart (RM 5,739.00)","TechHypermart: RM 5,739.00",1,https://www.techhypermart.com/notebooks/acer-nitro-v15-anv15-52-5914-1-w11-epp-15-6-laptop-notebook-core-5-210h-16gb-1tb-nv-rtx4050-w11h-off-h-s-off-365-basic-165hz-ai-chip,TechHypermart: https://www.techhypermart.com/notebooks/acer-nitro-v15-anv15-52-5914-1-w11-epp-15-6-laptop-notebook-core-5-210h-16gb-1tb-nv-rtx4050-w11h-off-h-s-off-365-basic-165hz-ai-chip,https://www.techhypermart.com/image/cache/catalog/laptopnotebook/acer/ANV15-52-5914-epp-250x250.png,TechHypermart - Acer,Core 5,NV RTX4050,16GB,16GB,"15.6""",,,
50365-ACER-NITRO,"Acer Nitro V15 ANV15-52-5914-1-W11P-EPP 15.6"" Laptop/ Notebook (Core 5 210H, 16GB, 1TB, NV RTX4050, W11P, Off H&S + Off 365 Basic, 165Hz, AI Chip)",6589.00,"TechHypermart (RM 6,589.00)","TechHypermart: RM 6,589.00",1,https://www.techhypermart.com/notebooks/acer-nitro-v15-anv15-52-5914-1-w11p-epp-15-6-laptop-notebook-core-5-210h-16gb-1tb-nv-rtx4050-w11p-off-h-s-off-365-basic-165hz-ai-chip,TechHypermart: https://www.techhypermart.com/notebooks/acer-nitro-v15-anv15-52-5914-1-w11p-epp-15-6-laptop-notebook-core-5-210h-16gb-1tb-nv-rtx4050-w11p-off-h-s-off-365-basic-165hz-ai-chip,https://www.techhypermart.com/image/cache/catalog/laptopnotebook/acer/ANV15-52-5914-w11p-epp-250x250.png,TechHypermart - Acer,Core 5,NV RTX4050,16GB,16GB,"15.6""",,,
50355-ACER-NITRO,"Acer Nitro V15 ANV15-52-5914-24-1-W11-EPP 15.6"" Laptop/ Notebook (Core 5 210H, 24GB, 1TB, NV RTX4050, W11H, Off H&S + Off 365 Basic, 165Hz, AI Chip)",6619.00,"TechHypermart (RM 6,619.00)","TechHypermart: RM 6,619.00",1,https://www.techhypermart.com/notebooks/acer-nitro-v15-anv15-52-5914-24-1-w11-epp-15-6-laptop-notebook-core-5-210h-24gb-1tb-nv-rtx4050-w11h-off-h-s-off-365-basic-165hz-ai-chip,TechHypermart: https://www.techhypermart.com/notebooks/acer-nitro-v15-anv15-52-5914-24-1-w11-epp-15-6-laptop-notebook-core-5-210h-24gb-1tb-nv-rtx4050-w11h-off-h-s-off-365-basic-165hz-ai-chip,https://www.techhypermart.com/image/cache/catalog/laptopnotebook/acer/ANV15-52-5914-epp-250x250.png,TechHypermart - Acer,Core 5,NV RTX4050,24GB,24GB,"15.6""",,,
50366-ACER-NITRO,"Acer Nitro V15 ANV15-52-5914-24-1-W11P-EPP 15.6"" Laptop/ Notebook (Core 5 210H, 24GB, 1TB, NV RTX4050, W11P, Off H&S + Off 365 Basic, 165Hz, AI Chip)",7469.00,"TechHypermart (RM 7,469.00)","TechHypermart: RM 7,469.00",1,https://www.techhypermart.com/notebooks/acer-nitro-v15-anv15-52-5914-24-1-w11p-epp-15-6-laptop-notebook-core-5-210h-24gb-1tb-nv-rtx4050-w11p-off-h-s-off-365-basic-165hz-ai-chip,TechHypermart: https://www.techhypermart.com/notebooks/acer-nitro-v15-anv15-52-5914-24-1-w11p-epp-15-6-laptop-notebook-core-5-210h-24gb-1tb-nv-rtx4050-w11p-off-h-s-off-365-basic-165hz-ai-chip,https://www.techhypermart.com/image/cache/catalog/laptopnotebook/acer/ANV15-52-5914-w11p-epp-250x250.png,TechHypermart - Acer,Core 5,NV RTX4050,24GB,24GB,"15.6""",,,
50284-ACER-NITRO,"Acer Nitro V15 ANV15-52-5914-24-W11 15.6"" Laptop/ Notebook (Core 5 210H, 24GB, 512GB, NV RTX4050, W11H, Off H&S + Off 365 Basic, 165Hz, AI Chip)",4709.00,"TechHypermart (RM 4,709.00)","TechHypermart: RM 4,709.00",1,https://www.techhypermart.com/notebooks/acer-nitro-v15-anv15-52-5914-24-w11-15-6-laptop-notebook-core-5-210h-24gb-512gb-nv-rtx4050-w11h-off-h-s-off-365-basic-165hz-ai-chip,TechHypermart: https://www.techhypermart.com/notebooks/acer-nitro-v15-anv15-52-5914-24-w11-15-6-laptop-notebook-core-5-210h-24gb-512gb-nv-rtx4050-w11h-off-h-s-off-365-basic-165hz-ai-chip,https://www.techhypermart.com/image/cache/catalog/laptopnotebook/acer/ANV15-52-5914-a-250x250.png,TechHypermart - Acer,Core 5,NV RTX4050,24GB,24GB,"15.6""",,,
50361-ACER-NITRO,"Acer Nitro V15 ANV15-52-5914-24-W11P 15.6"" Laptop/ Notebook (Core 5 210H, 24GB, 512GB, NV RTX4050, W11P, Off H&S + Off 365 Basic, 165Hz, AI Chip)",5499.00,"TechHypermart (RM 5,499.00)","TechHypermart: RM 5,499.00",1,https://www.techhypermart.com/notebooks/acer-nitro-v15-anv15-52-5914-24-w11p-15-6-laptop-notebook-core-5-210h-24gb-512gb-nv-rtx4050-w11p-off-h-s-off-365-basic-165hz-ai-chip,TechHypermart: https://www.techhypermart.com/notebooks/acer-nitro-v15-anv15-52-5914-24-w11p-15-6-laptop-notebook-core-5-210h-24gb-512gb-nv-rtx4050-w11p-off-h-s-off-365-basic-165hz-ai-chip,https://www.techhypermart.com/image/cache/catalog/laptopnotebook/acer/ANV15-52-5914-w11p-250x250.png,TechHypermart - Acer,Core 5,NV RTX4050,24GB,24GB,"15.6""",,,
50357-ACER-NITRO,"Acer Nitro V15 ANV15-52-5914-32-1-W11-EPP 15.6"" Laptop/ Notebook (Core 5 210H, 32GB, 1TB, NV RTX4050, W11H, Off H&S + Off 365 Basic, 165Hz, AI Chip)",7059.00,"TechHypermart (RM 7,059.00)","TechHypermart: RM 7,059.00",1,https://www.techhypermart.com/notebooks/acer-nitro-v15-anv15-52-5914-32-1-w11-epp-15-6-laptop-notebook-core-5-210h-32gb-1tb-nv-rtx4050-w11h-off-h-s-off-365-basic-165hz-ai-chip,TechHypermart: https://www.techhypermart.com/notebooks/acer-nitro-v15-anv15-52-5914-32-1-w11-epp-15-6-laptop-notebook-core-5-210h-32gb-1tb-nv-rtx4050-w11h-off-h-s-off-365-basic-165hz-ai-chip,https://www.techhypermart.com/image/cache/catalog/laptopnotebook/acer/ANV15-52-5914-epp-250x250.png,TechHypermart - Acer,Core 5,NV RTX4050,32GB,32GB,"15.6""",,,
50367-ACER-NITRO,"Acer Nitro V15 ANV15-52-5914-32-1-W11P-EPP 15.6"" Laptop/ Notebook (Core 5 210H, 32GB, 1TB, NV RTX4050, W11P, Off H&S + Off 365 Basic, 165Hz, AI Chip)",7909.00,"TechHypermart (RM 7,909.00)","TechHypermart: RM 7,909.00",1,https://www.techhypermart.com/notebooks/acer-nitro-v15-anv15-52-5914-32-1-w11p-epp-15-6-laptop-notebook-core-5-210h-32gb-1tb-nv-rtx4050-w11p-off-h-s-off-365-basic-165hz-ai-chip,TechHypermart: https://www.techhypermart.com/notebooks/acer-nitro-v15-anv15-52-5914-32-1-w11p-epp-15-6-laptop-notebook-core-5-210h-32gb-1tb-nv-rtx4050-w11p-off-h-s-off-365-basic-165hz-ai-chip,https://www.techhypermart.com/image/cache/catalog/laptopnotebook/acer/ANV15-52-5914-w11p-epp-250x250.png,TechHypermart - Acer,Core 5,NV RTX4050,32GB,32GB,"15.6""",,,
50285-ACER-NITRO,"Acer Nitro V15 ANV15-52-5914-32-W11 15.6"" Laptop/ Notebook (Core 5 210H, 32GB, 512GB, NV RTX4050, W11H, Off H&S + Off 365 Basic, 165Hz, AI Chip)",5199.00,"TechHypermart (RM 5,199.00)","TechHypermart: RM 5,199.00",1,https://www.techhypermart.com/notebooks/acer-nitro-v15-anv15-52-5914-32-w11-15-6-laptop-notebook-core-5-210h-32gb-512gb-nv-rtx4050-w11h-off-h-s-off-365-basic-165hz-ai-chip,TechHypermart: https://www.techhypermart.com/notebooks/acer-nitro-v15-anv15-52-5914-32-w11-15-6-laptop-notebook-core-5-210h-32gb-512gb-nv-rtx4050-w11h-off-h-s-off-365-basic-165hz-ai-chip,https://www.techhypermart.com/image/cache/catalog/laptopnotebook/acer/ANV15-52-5914-a-250x250.png,TechHypermart - Acer,Core 5,NV RTX4050,32GB,32GB,"15.6""",,,
50362-ACER-NITRO,"Acer Nitro V15 ANV15-52-5914-32-W11P 15.6"" Laptop/ Notebook (Core 5 210H, 32GB, 512GB, NV RTX4050, W11P, Off H&S + Off 365 Basic, 165Hz, AI Chip)",5999.00,"TechHypermart (RM 5,999.00)","TechHypermart: RM 5,999.00",1,https://www.techhypermart.com/notebooks/acer-nitro-v15-anv15-52-5914-32-w11p-15-6-laptop-notebook-core-5-210h-32gb-512gb-nv-rtx4050-w11p-off-h-s-off-365-basic-165hz-ai-chip,TechHypermart: https://www.techhypermart.com/notebooks/acer-nitro-v15-anv15-52-5914-32-w11p-15-6-laptop-notebook-core-5-210h-32gb-512gb-nv-rtx4050-w11p-off-h-s-off-365-basic-165hz-ai-chip,https://www.techhypermart.com/image/cache/catalog/laptopnotebook/acer/ANV15-52-5914-w11p-250x250.png,TechHypermart - Acer,Core 5,NV RTX4050,32GB,32GB,"15.6""",,,
50358-ACER-NITRO,"Acer Nitro V15 ANV15-52-5914-48-1-W11-EPP 15.6"" Laptop/ Notebook (Core 5 210H, 48GB, 1TB, NV RTX4050, W11H, Off H&S + Off 365 Basic, 165Hz, AI Chip)",8219.00,"TechHypermart (RM 8,219.00)","TechHypermart: RM 8,219.00",1,https://www.techhypermart.com/notebooks/acer-nitro-v15-anv15-52-5914-48-1-w11-epp-15-6-laptop-notebook-core-5-210h-48gb-1tb-nv-rtx4050-w11h-off-h-s-off-365-basic-165hz-ai-chip,TechHypermart: https://www.techhypermart.com/notebooks/acer-nitro-v15-anv15-52-5914-48-1-w11-epp-15-6-laptop-notebook-core-5-210h-48gb-1tb-nv-rtx4050-w11h-off-h-s-off-365-basic-165hz-ai-chip,https://www.techhypermart.com/image/cache/catalog/laptopnotebook/acer/ANV15-52-5914-epp-250x250.png,TechHypermart - Acer,Core 5,NV RTX4050,48GB,48GB,"15.6""",,,
50368-ACER-NITRO,"Acer Nitro V15 ANV15-52-5914-48-1-W11P-EPP 15.6"" Laptop/ Notebook (Core 5 210H, 48GB, 1TB, NV RTX4050, W11P, Off H&S + Off 365 Basic, 165Hz, AI Chip)",9069.00,"TechHypermart (RM 9,069.00)","TechHypermart: RM 9,069.00",1,https://www.techhypermart.com/notebooks/acer-nitro-v15-anv15-52-5914-48-1-w11p-epp-15-6-laptop-notebook-core-5-210h-48gb-1tb-nv-rtx4050-w11p-off-h-s-off-365-basic-165hz-ai-chip,TechHypermart: https://www.techhypermart.com/notebooks/acer-nitro-v15-anv15-52-5914-48-1-w11p-epp-15-6-laptop-notebook-core-5-210h-48gb-1tb-nv-rtx4050-w11p-off-h-s-off-365-basic-165hz-ai-chip,https://www.techhypermart.com/image/cache/catalog/laptopnotebook/acer/ANV15-52-5914-w11p-epp-250x250.png,TechHypermart - Acer,Core 5,NV RTX4050,48GB,48GB,"15.6""",,,
50286-ACER-NITRO,"Acer Nitro V15 ANV15-52-5914-48-W11 15.6"" Laptop/ Notebook (Core 5 210H, 48GB, 512GB, NV RTX4050, W11H, Off H&S + Off 365 Basic, 165Hz, AI Chip)",6169.00,"TechHypermart (RM 6,169.00)","TechHypermart: RM 6,169.00",1,https://www.techhypermart.com/notebooks/acer-nitro-v15-anv15-52-5914-48-w11-15-6-laptop-notebook-core-5-210h-48gb-512gb-nv-rtx4050-w11h-off-h-s-off-365-basic-165hz-ai-chip,TechHypermart: https://www.techhypermart.com/notebooks/acer-nitro-v15-anv15-52-5914-48-w11-15-6-laptop-notebook-core-5-210h-48gb-512gb-nv-rtx4050-w11h-off-h-s-off-365-basic-165hz-ai-chip,https://www.techhypermart.com/image/cache/catalog/laptopnotebook/acer/ANV15-52-5914-a-250x250.png,TechHypermart - Acer,Core 5,NV RTX4050,48GB,48GB,"15.6""",,,
50363-ACER-NITRO,"Acer Nitro V15 ANV15-52-5914-48-W11P 15.6"" Laptop/ Notebook (Core 5 210H, 48GB, 512GB, NV RTX4050, W11P, Off H&S + Off 365 Basic, 165Hz, AI Chip)",6969.00,"TechHypermart (RM 6,969.00)","TechHypermart: RM 6,969.00",1,https://www.techhypermart.com/notebooks/acer-nitro-v15-anv15-52-5914-48-w11p-15-6-laptop-notebook-core-5-210h-48gb-512gb-nv-rtx4050-w11p-off-h-s-off-365-basic-165hz-ai-chip,TechHypermart: https://www.techhypermart.com/notebooks/acer-nitro-v15-anv15-52-5914-48-w11p-15-6-laptop-notebook-core-5-210h-48gb-512gb-nv-rtx4050-w11p-off-h-s-off-365-basic-165hz-ai-chip,https://www.techhypermart.com/image/cache/catalog/laptopnotebook/acer/ANV15-52-5914-w11p-250x250.png,TechHypermart - Acer,Core 5,NV RTX4050,48GB,48GB,"15.6""",,,
50360-ACER-NITRO,"Acer Nitro V15 ANV15-52-5914-W11P 15.6"" Laptop/ Notebook (Core 5 210H, 16GB, 512GB, NV RTX4050, W11P, Off H&S + Off 365 Basic, 165Hz, AI Chip)",4739.00,"TechHypermart (RM 4,739.00)","TechHypermart: RM 4,739.00",1,https://www.techhypermart.com/notebooks/acer-nitro-v15-anv15-52-5914-w11p-15-6-laptop-notebook-core-5-210h-16gb-512gb-nv-rtx4050-w11p-off-h-s-off-365-basic-165hz-ai-chip,TechHypermart: https://www.techhypermart.com/notebooks/acer-nitro-v15-anv15-52-5914-w11p-15-6-laptop-notebook-core-5-210h-16gb-512gb-nv-rtx4050-w11p-off-h-s-off-365-basic-165hz-ai-chip,https://www.techhypermart.com/image/cache/catalog/laptopnotebook/acer/ANV15-52-5914-w11p-250x250.png,TechHypermart - Acer,Core 5,NV RTX4050,16GB,16GB,"15.6""",,,
49960-ACER-NITRO,"Acer Nitro V15 ANV15-52-7287 15.6"" Laptop/ Notebook (Core 7 240H, 16GB, 512GB, NV RTX4050, W11H, Off H&S + Off 365 Basic, 165Hz, AI Chip)",5088.00,"TechHypermart (RM 5,088.00)","TechHypermart: RM 5,088.00",1,https://www.techhypermart.com/notebooks/acer-nitro-v15-anv15-52-7287-15-6-laptop-notebook-core-7-240h-16gb-512gb-nv-rtx4050-w11h-off-h-s-off-365-basic-165hz-ai-chip,TechHypermart: https://www.techhypermart.com/notebooks/acer-nitro-v15-anv15-52-7287-15-6-laptop-notebook-core-7-240h-16gb-512gb-nv-rtx4050-w11h-off-h-s-off-365-basic-165hz-ai-chip,https://www.techhypermart.com/image/cache/catalog/laptopnotebook/acer/ANV15-52-7287-a-250x250.png,TechHypermart - Acer,Core 7,NV RTX4050,16GB,16GB,"15.6""",,,
50338-ACER-NITRO,"Acer Nitro V15 ANV15-52-7287-1-W11-EPP 15.6"" Laptop/ Notebook (Core 7 240H, 16GB, 1TB, NV RTX4050, W11H, Off H&S + Off 365 Basic, 165Hz, AI Chip)",6779.00,"TechHypermart (RM 6,779.00)","TechHypermart: RM 6,779.00",1,https://www.techhypermart.com/notebooks/acer-nitro-v15-anv15-52-7287-1-w11-epp-15-6-laptop-notebook-core-7-240h-16gb-1tb-nv-rtx4050-w11h-off-h-s-off-365-basic-165hz-ai-chip,TechHypermart: https://www.techhypermart.com/notebooks/acer-nitro-v15-anv15-52-7287-1-w11-epp-15-6-laptop-notebook-core-7-240h-16gb-1tb-nv-rtx4050-w11h-off-h-s-off-365-basic-165hz-ai-chip,https://www.techhypermart.com/image/cache/catalog/laptopnotebook/acer/ANV15-52-7287-epp-250x250.png,TechHypermart - Acer,Core 7,NV RTX4050,16GB,16GB,"15.6""",,,
50349-ACER-NITRO,"Acer Nitro V15 ANV15-52-7287-1-W11P-EPP 15.6"" Laptop/ Notebook (Core 7 240H, 16GB, 1TB, NV RTX4050, W11P, Off H&S + Off 365 Basic, 165Hz, AI Chip)",7629.00,"TechHypermart (RM 7,629.00)","TechHypermart: RM 7,629.00",1,https://www.techhypermart.com/notebooks/acer-nitro-v15-anv15-52-7287-1-w11p-epp-15-6-laptop-notebook-core-7-240h-16gb-1tb-nv-rtx4050-w11p-off-h-s-off-365-basic-165hz-ai-chip,TechHypermart: https://www.techhypermart.com/notebooks/acer-nitro-v15-anv15-52-7287-1-w11p-epp-15-6-laptop-notebook-core-7-240h-16gb-1tb-nv-rtx4050-w11p-off-h-s-off-365-basic-165hz-ai-chip,https://www.techhypermart.com/image/cache/catalog/laptopnotebook/acer/ANV15-52-7287-w11p-epp-250x250.png,TechHypermart - Acer,Core 7,NV RTX4050,16GB,16GB,"15.6""",,,
50339-ACER-NITRO,"Acer Nitro V15 ANV15-52-7287-24-1-W11-EPP 15.6"" Laptop/ Notebook (Core 7 240H, 24GB, 1TB, NV RTX4050, W11H, Off H&S + Off 365 Basic, 165Hz, AI Chip)",7609.00,"TechHypermart (RM 7,609.00)","TechHypermart: RM 7,609.00",1,https://www.techhypermart.com/notebooks/acer-nitro-v15-anv15-52-7287-24-1-w11-epp-15-6-laptop-notebook-core-7-240h-24gb-1tb-nv-rtx4050-w11h-off-h-s-off-365-basic-165hz-ai-chip,TechHypermart: https://www.techhypermart.com/notebooks/acer-nitro-v15-anv15-52-7287-24-1-w11-epp-15-6-laptop-notebook-core-7-240h-24gb-1tb-nv-rtx4050-w11h-off-h-s-off-365-basic-165hz-ai-chip,https://www.techhypermart.com/image/cache/catalog/laptopnotebook/acer/ANV15-52-7287-epp-250x250.png,TechHypermart - Acer,Core 7,NV RTX4050,24GB,24GB,"15.6""",,,
50350-ACER-NITRO,"Acer Nitro V15 ANV15-52-7287-24-1-W11P-EPP 15.6"" Laptop/ Notebook (Core 7 240H, 24GB, 1TB, NV RTX4050, W11P, Off H&S + Off 365 Basic, 165Hz, AI Chip)",8439.00,"TechHypermart (RM 8,439.00)","TechHypermart: RM 8,439.00",1,https://www.techhypermart.com/notebooks/acer-nitro-v15-anv15-52-7287-24-1-w11p-epp-15-6-laptop-notebook-core-7-240h-24gb-1tb-nv-rtx4050-w11p-off-h-s-off-365-basic-165hz-ai-chip,TechHypermart: https://www.techhypermart.com/notebooks/acer-nitro-v15-anv15-52-7287-24-1-w11p-epp-15-6-laptop-notebook-core-7-240h-24gb-1tb-nv-rtx4050-w11p-off-h-s-off-365-basic-165hz-ai-chip,https://www.techhypermart.com/image/cache/catalog/laptopnotebook/acer/ANV15-52-7287-w11p-epp-250x250.png,TechHypermart - Acer,Core 7,NV RTX4050,24GB,24GB,"15.6""",,,
50279-ACER-NITRO,"Acer Nitro V15 ANV15-52-7287-24-W11 15.6"" Laptop/ Notebook (Core 7 240H, 24GB, 512GB, NV RTX4050, W11H, Off H&S + Off 365 Basic, 165Hz, AI Chip)",5729.00,"TechHypermart (RM 5,729.00)","TechHypermart: RM 5,729.00",1,https://www.techhypermart.com/notebooks/acer-nitro-v15-anv15-52-7287-24-w11-15-6-laptop-notebook-core-7-240h-24gb-512gb-nv-rtx4050-w11h-off-h-s-off-365-basic-165hz-ai-chip,TechHypermart: https://www.techhypermart.com/notebooks/acer-nitro-v15-anv15-52-7287-24-w11-15-6-laptop-notebook-core-7-240h-24gb-512gb-nv-rtx4050-w11h-off-h-s-off-365-basic-165hz-ai-chip,https://www.techhypermart.com/image/cache/catalog/laptopnotebook/acer/ANV15-52-7287-a-250x250.png,TechHypermart - Acer,Core 7,NV RTX4050,24GB,24GB,"15.6""",,,
50344-ACER-NITRO,"Acer Nitro V15 ANV15-52-7287-24-W11P 15.6"" Laptop/ Notebook (Core 7 240H, 24GB, 512GB, NV RTX4050, W11P, Off H&S + Off 365 Basic, 165Hz, AI Chip)",6529.00,"TechHypermart (RM 6,529.00)","TechHypermart: RM 6,529.00",1,https://www.techhypermart.com/notebooks/acer-nitro-v15-anv15-52-7287-24-w11p-15-6-laptop-notebook-core-7-240h-24gb-512gb-nv-rtx4050-w11p-off-h-s-off-365-basic-165hz-ai-chip,TechHypermart: https://www.techhypermart.com/notebooks/acer-nitro-v15-anv15-52-7287-24-w11p-15-6-laptop-notebook-core-7-240h-24gb-512gb-nv-rtx4050-w11p-off-h-s-off-365-basic-165hz-ai-chip,https://www.techhypermart.com/image/cache/catalog/laptopnotebook/acer/ANV15-52-7287-w11p-250x250.png,TechHypermart - Acer,Core 7,NV RTX4050,24GB,24GB,"15.6""",,,
50340-ACER-NITRO,"Acer Nitro V15 ANV15-52-7287-32-1-W11-EPP 15.6"" Laptop/ Notebook (Core 7 240H, 32GB, 1TB, NV RTX4050, W11H, Off H&S + Off 365 Basic, 165Hz, AI Chip)",8149.00,"TechHypermart (RM 8,149.00)","TechHypermart: RM 8,149.00",1,https://www.techhypermart.com/notebooks/acer-nitro-v15-anv15-52-7287-32-1-w11-epp-15-6-laptop-notebook-core-7-240h-32gb-1tb-nv-rtx4050-w11h-off-h-s-off-365-basic-165hz-ai-chip,TechHypermart: https://www.techhypermart.com/notebooks/acer-nitro-v15-anv15-52-7287-32-1-w11-epp-15-6-laptop-notebook-core-7-240h-32gb-1tb-nv-rtx4050-w11h-off-h-s-off-365-basic-165hz-ai-chip,https://www.techhypermart.com/image/cache/catalog/laptopnotebook/acer/ANV15-52-7287-epp-250x250.png,TechHypermart - Acer,Core 7,NV RTX4050,32GB,32GB,"15.6""",,,
50351-ACER-NITRO,"Acer Nitro V15 ANV15-52-7287-32-1-W11P-EPP 15.6"" Laptop/ Notebook (Core 7 240H, 32GB, 1TB, NV RTX4050, W11P, Off H&S + Off 365 Basic, 165Hz, AI Chip)",8979.00,"TechHypermart (RM 8,979.00)","TechHypermart: RM 8,979.00",1,https://www.techhypermart.com/notebooks/acer-nitro-v15-anv15-52-7287-32-1-w11p-epp-15-6-laptop-notebook-core-7-240h-32gb-1tb-nv-rtx4050-w11p-off-h-s-off-365-basic-165hz-ai-chip,TechHypermart: https://www.techhypermart.com/notebooks/acer-nitro-v15-anv15-52-7287-32-1-w11p-epp-15-6-laptop-notebook-core-7-240h-32gb-1tb-nv-rtx4050-w11p-off-h-s-off-365-basic-165hz-ai-chip,https://www.techhypermart.com/image/cache/catalog/laptopnotebook/acer/ANV15-52-7287-w11p-epp-250x250.png,TechHypermart - Acer,Core 7,NV RTX4050,32GB,32GB,"15.6""",,,
50280-ACER-NITRO,"Acer Nitro V15 ANV15-52-7287-32-W11 15.6"" Laptop/ Notebook (Core 7 240H, 32GB, 512GB, NV RTX4050, W11H, Off H&S + Off 365 Basic, 165Hz, AI Chip)",6229.00,"TechHypermart (RM 6,229.00)","TechHypermart: RM 6,229.00",1,https://www.techhypermart.com/notebooks/acer-nitro-v15-anv15-52-7287-32-w11-15-6-laptop-notebook-core-7-240h-32gb-512gb-nv-rtx4050-w11h-off-h-s-off-365-basic-165hz-ai-chip,TechHypermart: https://www.techhypermart.com/notebooks/acer-nitro-v15-anv15-52-7287-32-w11-15-6-laptop-notebook-core-7-240h-32gb-512gb-nv-rtx4050-w11h-off-h-s-off-365-basic-165hz-ai-chip,https://www.techhypermart.com/image/cache/catalog/laptopnotebook/acer/ANV15-52-7287-a-250x250.png,TechHypermart - Acer,Core 7,NV RTX4050,32GB,32GB,"15.6""",,,
50345-ACER-NITRO,"Acer Nitro V15 ANV15-52-7287-32-W11P 15.6"" Laptop/ Notebook (Core 7 240H, 32GB, 512GB, NV RTX4050, W11P, Off H&S + Off 365 Basic, 165Hz, AI Chip)",7029.00,"TechHypermart (RM 7,029.00)","TechHypermart: RM 7,029.00",1,https://www.techhypermart.com/notebooks/acer-nitro-v15-anv15-52-7287-32-w11p-15-6-laptop-notebook-core-7-240h-32gb-512gb-nv-rtx4050-w11p-off-h-s-off-365-basic-165hz-ai-chip,TechHypermart: https://www.techhypermart.com/notebooks/acer-nitro-v15-anv15-52-7287-32-w11p-15-6-laptop-notebook-core-7-240h-32gb-512gb-nv-rtx4050-w11p-off-h-s-off-365-basic-165hz-ai-chip,https://www.techhypermart.com/image/cache/catalog/laptopnotebook/acer/ANV15-52-7287-w11p-250x250.png,TechHypermart - Acer,Core 7,NV RTX4050,32GB,32GB,"15.6""",,,
50341-ACER-NITRO,"Acer Nitro V15 ANV15-52-7287-48-1-W11-EPP 15.6"" Laptop/ Notebook (Core 7 240H, 48GB, 1TB, NV RTX4050, W11H, Off H&S + Off 365 Basic, 165Hz, AI Chip)",9289.00,"TechHypermart (RM 9,289.00)","TechHypermart: RM 9,289.00",1,https://www.techhypermart.com/notebooks/acer-nitro-v15-anv15-52-7287-48-1-w11-epp-15-6-laptop-notebook-core-7-240h-48gb-1tb-nv-rtx4050-w11h-off-h-s-off-365-basic-165hz-ai-chip,TechHypermart: https://www.techhypermart.com/notebooks/acer-nitro-v15-anv15-52-7287-48-1-w11-epp-15-6-laptop-notebook-core-7-240h-48gb-1tb-nv-rtx4050-w11h-off-h-s-off-365-basic-165hz-ai-chip,https://www.techhypermart.com/image/cache/catalog/laptopnotebook/acer/ANV15-52-7287-epp-250x250.png,TechHypermart - Acer,Core 7,NV RTX4050,48GB,48GB,"15.6""",,,
50352-ACER-NITRO,"Acer Nitro V15 ANV15-52-7287-48-1-W11P-EPP 15.6"" Laptop/ Notebook (Core 7 240H, 48GB, 1TB, NV RTX4050, W11P, Off H&S + Off 365 Basic, 165Hz, AI Chip)",10139.00,"TechHypermart (RM 10,139.00)","TechHypermart: RM 10,139.00",1,https://www.techhypermart.com/notebooks/acer-nitro-v15-anv15-52-7287-48-1-w11p-epp-15-6-laptop-notebook-core-7-240h-48gb-1tb-nv-rtx4050-w11p-off-h-s-off-365-basic-165hz-ai-chip,TechHypermart: https://www.techhypermart.com/notebooks/acer-nitro-v15-anv15-52-7287-48-1-w11p-epp-15-6-laptop-notebook-core-7-240h-48gb-1tb-nv-rtx4050-w11p-off-h-s-off-365-basic-165hz-ai-chip,https://www.techhypermart.com/image/cache/catalog/laptopnotebook/acer/ANV15-52-7287-w11p-epp-250x250.png,TechHypermart - Acer,Core 7,NV RTX4050,48GB,48GB,"15.6""",,,
50282-ACER-NITRO,"Acer Nitro V15 ANV15-52-7287-48-W11 15.6"" Laptop/ Notebook (Core 7 240H, 48GB, 512GB, NV RTX4050, W11H, Off H&S + Off 365 Basic, 165Hz, AI Chip)",7279.00,"TechHypermart (RM 7,279.00)","TechHypermart: RM 7,279.00",1,https://www.techhypermart.com/notebooks/acer-nitro-v15-anv15-52-7287-48-w11-15-6-laptop-notebook-core-7-240h-48gb-512gb-nv-rtx4050-w11h-off-h-s-off-365-basic-165hz-ai-chip,TechHypermart: https://www.techhypermart.com/notebooks/acer-nitro-v15-anv15-52-7287-48-w11-15-6-laptop-notebook-core-7-240h-48gb-512gb-nv-rtx4050-w11h-off-h-s-off-365-basic-165hz-ai-chip,https://www.techhypermart.com/image/cache/catalog/laptopnotebook/acer/ANV15-52-7287-a-250x250.png,TechHypermart - Acer,Core 7,NV RTX4050,48GB,48GB,"15.6""",,,
50346-ACER-NITRO,"Acer Nitro V15 ANV15-52-7287-48-W11P 15.6"" Laptop/ Notebook (Core 7 240H, 48GB, 512GB, NV RTX4050, W11P, Off H&S + Off 365 Basic, 165Hz, AI Chip)",8079.00,"TechHypermart (RM 8,079.00)","TechHypermart: RM 8,079.00",1,https://www.techhypermart.com/notebooks/acer-nitro-v15-anv15-52-7287-48-w11p-15-6-laptop-notebook-core-7-240h-48gb-512gb-nv-rtx4050-w11p-off-h-s-off-365-basic-165hz-ai-chip,TechHypermart: https://www.techhypermart.com/notebooks/acer-nitro-v15-anv15-52-7287-48-w11p-15-6-laptop-notebook-core-7-240h-48gb-512gb-nv-rtx4050-w11p-off-h-s-off-365-basic-165hz-ai-chip,https://www.techhypermart.com/image/cache/catalog/laptopnotebook/acer/ANV15-52-7287-w11p-250x250.png,TechHypermart - Acer,Core 7,NV RTX4050,48GB,48GB,"15.6""",,,
50342-ACER-NITRO,"Acer Nitro V15 ANV15-52-7287-64-1-W11-EPP 15.6"" Laptop/ Notebook (Core 7 240H, 64GB, 1TB, NV RTX4050, W11H, Off H&S + Off 365 Basic, 165Hz, AI Chip)",11779.00,"TechHypermart (RM 11,779.00)","TechHypermart: RM 11,779.00",1,https://www.techhypermart.com/notebooks/acer-nitro-v15-anv15-52-7287-64-1-w11-epp-15-6-laptop-notebook-core-7-240h-64gb-1tb-nv-rtx4050-w11h-off-h-s-off-365-basic-165hz-ai-chip,TechHypermart: https://www.techhypermart.com/notebooks/acer-nitro-v15-anv15-52-7287-64-1-w11-epp-15-6-laptop-notebook-core-7-240h-64gb-1tb-nv-rtx4050-w11h-off-h-s-off-365-basic-165hz-ai-chip,https://www.techhypermart.com/image/cache/catalog/laptopnotebook/acer/ANV15-52-7287-epp-250x250.png,TechHypermart - Acer,Core 7,NV RTX4050,64GB,64GB,"15.6""",,,
50353-ACER-NITRO,"Acer Nitro V15 ANV15-52-7287-64-1-W11P-EPP 15.6"" Laptop/ Notebook (Core 7 240H, 64GB, 1TB, NV RTX4050, W11P, Off H&S + Off 365 Basic, 165Hz, AI Chip)",12629.00,"TechHypermart (RM 12,629.00)","TechHypermart: RM 12,629.00",1,https://www.techhypermart.com/notebooks/acer-nitro-v15-anv15-52-7287-64-1-w11p-epp-15-6-laptop-notebook-core-7-240h-64gb-1tb-nv-rtx4050-w11p-off-h-s-off-365-basic-165hz-ai-chip,TechHypermart: https://www.techhypermart.com/notebooks/acer-nitro-v15-anv15-52-7287-64-1-w11p-epp-15-6-laptop-notebook-core-7-240h-64gb-1tb-nv-rtx4050-w11p-off-h-s-off-365-basic-165hz-ai-chip,https://www.techhypermart.com/image/cache/catalog/laptopnotebook/acer/ANV15-52-7287-w11p-epp-250x250.png,TechHypermart - Acer,Core 7,NV RTX4050,64GB,64GB,"15.6""",,,
50283-ACER-NITRO,"Acer Nitro V15 ANV15-52-7287-64-W11 15.6"" Laptop/ Notebook (Core 7 240H, 64GB, 512GB, NV RTX4050, W11H, Off H&S + Off 365 Basic, 165Hz, AI Chip)",9479.00,"TechHypermart (RM 9,479.00)","TechHypermart: RM 9,479.00",1,https://www.techhypermart.com/notebooks/acer-nitro-v15-anv15-52-7287-64-w11-15-6-laptop-notebook-core-7-240h-64gb-512gb-nv-rtx4050-w11h-off-h-s-off-365-basic-165hz-ai-chip,TechHypermart: https://www.techhypermart.com/notebooks/acer-nitro-v15-anv15-52-7287-64-w11-15-6-laptop-notebook-core-7-240h-64gb-512gb-nv-rtx4050-w11h-off-h-s-off-365-basic-165hz-ai-chip,https://www.techhypermart.com/image/cache/catalog/laptopnotebook/acer/ANV15-52-7287-a-250x250.png,TechHypermart - Acer,Core 7,NV RTX4050,64GB,64GB,"15.6""",,,
50348-ACER-NITRO,"Acer Nitro V15 ANV15-52-7287-64-W11P 15.6"" Laptop/ Notebook (Core 7 240H, 64GB, 512GB, NV RTX4050, W11P, Off H&S + Off 365 Basic, 165Hz, AI Chip)",10279.00,"TechHypermart (RM 10,279.00)","TechHypermart: RM 10,279.00",1,https://www.techhypermart.com/notebooks/acer-nitro-v15-anv15-52-7287-64-w11p-15-6-laptop-notebook-core-7-240h-64gb-512gb-nv-rtx4050-w11p-off-h-s-off-365-basic-165hz-ai-chip,TechHypermart: https://www.techhypermart.com/notebooks/acer-nitro-v15-anv15-52-7287-64-w11p-15-6-laptop-notebook-core-7-240h-64gb-512gb-nv-rtx4050-w11p-off-h-s-off-365-basic-165hz-ai-chip,https://www.techhypermart.com/image/cache/catalog/laptopnotebook/acer/ANV15-52-7287-w11p-250x250.png,TechHypermart - Acer,Core 7,NV RTX4050,64GB,64GB,"15.6""",,,
50343-ACER-NITRO,"Acer Nitro V15 ANV15-52-7287-W11P 15.6"" Laptop/ Notebook (Core 7 240H, 16GB, 512GB, NV RTX4050, W11P, Off H&S + Off 365 Basic, 165Hz, AI Chip)",5859.00,"TechHypermart (RM 5,859.00)","TechHypermart: RM 5,859.00",1,https://www.techhypermart.com/notebooks/acer-nitro-v15-anv15-52-7287-w11p-15-6-laptop-notebook-core-7-240h-16gb-512gb-nv-rtx4050-w11p-off-h-s-off-365-basic-165hz-ai-chip,TechHypermart: https://www.techhypermart.com/notebooks/acer-nitro-v15-anv15-52-7287-w11p-15-6-laptop-notebook-core-7-240h-16gb-512gb-nv-rtx4050-w11p-off-h-s-off-365-basic-165hz-ai-chip,https://www.techhypermart.com/image/cache/catalog/laptopnotebook/acer/ANV15-52-7287-w11p-250x250.png,TechHypermart - Acer,Core 7,NV RTX4050,16GB,16GB,"15.6""",,,
51857-ACER-NITRO,"Acer Nitro V15 ANV15-52-78XQ 15.6"" Laptop/ Notebook (i7-13620H, 16GB, 512GB, NV RTX5050, W11H, Off H&S + Off 365 Basic, 180Hz, AI Chip)",5168.00,"TechHypermart (RM 5,168.00)","TechHypermart: RM 5,168.00",1,https://www.techhypermart.com/notebooks/acer-nitro-v15-anv15-52-78xq-15-6-laptop-notebook-i7-13620h-16gb-512gb-nv-rtx5050-w11h-off-h-s-off-365-basic-180hz-ai-chip,TechHypermart: https://www.techhypermart.com/notebooks/acer-nitro-v15-anv15-52-78xq-15-6-laptop-notebook-i7-13620h-16gb-512gb-nv-rtx5050-w11h-off-h-s-off-365-basic-180hz-ai-chip,https://www.techhypermart.com/image/cache/catalog/laptopnotebook/acer/ANV15-52-78XQ-a-250x250.png,TechHypermart - Acer,i7-13620H,NV RTX5050,16GB,16GB,"15.6""",,,
52667-ACER-NITRO,"Acer Nitro V15 ANV15-52-78XQ-1-W11-EPP 15.6"" Laptop/ Notebook (i7-13620H, 16GB, 1TB, NV RTX5050, W11H, Off H&S + Off 365 Basic, 180Hz, AI Chip)",7029.00,"TechHypermart (RM 7,029.00)","TechHypermart: RM 7,029.00",1,https://www.techhypermart.com/notebooks/acer-nitro-v15-anv15-52-78xq-1-w11-epp-15-6-laptop-notebook-i7-13620h-16gb-1tb-nv-rtx5050-w11h-off-h-s-off-365-basic-180hz-ai-chip,TechHypermart: https://www.techhypermart.com/notebooks/acer-nitro-v15-anv15-52-78xq-1-w11-epp-15-6-laptop-notebook-i7-13620h-16gb-1tb-nv-rtx5050-w11h-off-h-s-off-365-basic-180hz-ai-chip,https://www.techhypermart.com/image/cache/catalog/laptopnotebook/acer/ANV15-52-78XQ-epp-250x250.png,TechHypermart - Acer,i7-13620H,NV RTX5050,16GB,16GB,"15.6""",,,
52677-ACER-NITRO,"Acer Nitro V15 ANV15-52-78XQ-1-W11P-EPP 15.6"" Laptop/ Notebook (i7-13620H, 16GB, 1TB, NV RTX5050, W11P, Off H&S + Off 365 Basic, 180Hz, AI Chip)",7879.00,"TechHypermart (RM 7,879.00)","TechHypermart: RM 7,879.00",1,https://www.techhypermart.com/notebooks/acer-nitro-v15-anv15-52-78xq-1-w11p-epp-15-6-laptop-notebook-i7-13620h-16gb-1tb-nv-rtx5050-w11p-off-h-s-off-365-basic-180hz-ai-chip,TechHypermart: https://www.techhypermart.com/notebooks/acer-nitro-v15-anv15-52-78xq-1-w11p-epp-15-6-laptop-notebook-i7-13620h-16gb-1tb-nv-rtx5050-w11p-off-h-s-off-365-basic-180hz-ai-chip,https://www.techhypermart.com/image/cache/catalog/laptopnotebook/acer/ANV15-52-78XQ-w11p-epp-250x250.png,TechHypermart - Acer,i7-13620H,NV RTX5050,16GB,16GB,"15.6""",,,
52668-ACER-NITRO,"Acer Nitro V15 ANV15-52-78XQ-24-1-W11-EPP 15.6"" Laptop/ Notebook (i7-13620H, 24GB, 1TB, NV RTX5050, W11H, Off H&S + Off 365 Basic, 180Hz, AI Chip)",7829.00,"TechHypermart (RM 7,829.00)","TechHypermart: RM 7,829.00",1,https://www.techhypermart.com/notebooks/acer-nitro-v15-anv15-52-78xq-24-1-w11-epp-15-6-laptop-notebook-i7-13620h-24gb-1tb-nv-rtx5050-w11h-off-h-s-off-365-basic-180hz-ai-chip,TechHypermart: https://www.techhypermart.com/notebooks/acer-nitro-v15-anv15-52-78xq-24-1-w11-epp-15-6-laptop-notebook-i7-13620h-24gb-1tb-nv-rtx5050-w11h-off-h-s-off-365-basic-180hz-ai-chip,https://www.techhypermart.com/image/cache/catalog/laptopnotebook/acer/ANV15-52-78XQ-epp-250x250.png,TechHypermart - Acer,i7-13620H,NV RTX5050,24GB,24GB,"15.6""",,,
52678-ACER-NITRO,"Acer Nitro V15 ANV15-52-78XQ-24-1-W11P-EPP 15.6"" Laptop/ Notebook (i7-13620H, 24GB, 1TB, NV RTX5050, W11P, Off H&S + Off 365 Basic, 180Hz, AI Chip)",8679.00,"TechHypermart (RM 8,679.00)","TechHypermart: RM 8,679.00",1,https://www.techhypermart.com/notebooks/acer-nitro-v15-anv15-52-78xq-24-1-w11p-epp-15-6-laptop-notebook-i7-13620h-24gb-1tb-nv-rtx5050-w11p-off-h-s-off-365-basic-180hz-ai-chip,TechHypermart: https://www.techhypermart.com/notebooks/acer-nitro-v15-anv15-52-78xq-24-1-w11p-epp-15-6-laptop-notebook-i7-13620h-24gb-1tb-nv-rtx5050-w11p-off-h-s-off-365-basic-180hz-ai-chip,https://www.techhypermart.com/image/cache/catalog/laptopnotebook/acer/ANV15-52-78XQ-w11p-epp-250x250.png,TechHypermart - Acer,i7-13620H,NV RTX5050,24GB,24GB,"15.6""",,,
51880-ACER-NITRO,"Acer Nitro V15 ANV15-52-78XQ-24-W11 15.6"" Laptop/ Notebook (i7-13620H, 24GB, 512GB, NV RTX5050, W11H, Off H&S + Off 365 Basic, 180Hz, AI Chip)",5939.00,"TechHypermart (RM 5,939.00)","TechHypermart: RM 5,939.00",1,https://www.techhypermart.com/notebooks/acer-nitro-v15-anv15-52-78xq-24-w11-15-6-laptop-notebook-i7-13620h-24gb-512gb-nv-rtx5050-w11h-off-h-s-off-365-basic-180hz-ai-chip,TechHypermart: https://www.techhypermart.com/notebooks/acer-nitro-v15-anv15-52-78xq-24-w11-15-6-laptop-notebook-i7-13620h-24gb-512gb-nv-rtx5050-w11h-off-h-s-off-365-basic-180hz-ai-chip,https://www.techhypermart.com/image/cache/catalog/laptopnotebook/acer/ANV15-52-78XQ-a-250x250.png,TechHypermart - Acer,i7-13620H,NV RTX5050,24GB,24GB,"15.6""",,,
52673-ACER-NITRO,"Acer Nitro V15 ANV15-52-78XQ-24-W11P 15.6"" Laptop/ Notebook (i7-13620H, 24GB, 512GB, NV RTX5050, W11P, Off H&S + Off 365 Basic, 180Hz, AI Chip)",6739.00,"TechHypermart (RM 6,739.00)","TechHypermart: RM 6,739.00",1,https://www.techhypermart.com/notebooks/acer-nitro-v15-anv15-52-78xq-24-w11p-15-6-laptop-notebook-i7-13620h-24gb-512gb-nv-rtx5050-w11p-off-h-s-off-365-basic-180hz-ai-chip,TechHypermart: https://www.techhypermart.com/notebooks/acer-nitro-v15-anv15-52-78xq-24-w11p-15-6-laptop-notebook-i7-13620h-24gb-512gb-nv-rtx5050-w11p-off-h-s-off-365-basic-180hz-ai-chip,https://www.techhypermart.com/image/cache/catalog/laptopnotebook/acer/ANV15-52-78XQ-w11p-250x250.png,TechHypermart - Acer,i7-13620H,NV RTX5050,24GB,24GB,"15.6""",,,
52669-ACER-NITRO,"Acer Nitro V15 ANV15-52-78XQ-32-1-W11-EPP 15.6"" Laptop/ Notebook (i7-13620H, 32GB, 1TB, NV RTX5050, W11H, Off H&S + Off 365 Basic, 180Hz, AI Chip)",8369.00,"TechHypermart (RM 8,369.00)","TechHypermart: RM 8,369.00",1,https://www.techhypermart.com/notebooks/acer-nitro-v15-anv15-52-78xq-32-1-w11-epp-15-6-laptop-notebook-i7-13620h-32gb-1tb-nv-rtx5050-w11h-off-h-s-off-365-basic-180hz-ai-chip,TechHypermart: https://www.techhypermart.com/notebooks/acer-nitro-v15-anv15-52-78xq-32-1-w11-epp-15-6-laptop-notebook-i7-13620h-32gb-1tb-nv-rtx5050-w11h-off-h-s-off-365-basic-180hz-ai-chip,https://www.techhypermart.com/image/cache/catalog/laptopnotebook/acer/ANV15-52-78XQ-epp-250x250.png,TechHypermart - Acer,i7-13620H,NV RTX5050,32GB,32GB,"15.6""",,,
52679-ACER-NITRO,"Acer Nitro V15 ANV15-52-78XQ-32-1-W11P-EPP 15.6"" Laptop/ Notebook (i7-13620H, 32GB, 1TB, NV RTX5050, W11P, Off H&S + Off 365 Basic, 180Hz, AI Chip)",9219.00,"TechHypermart (RM 9,219.00)","TechHypermart: RM 9,219.00",1,https://www.techhypermart.com/notebooks/acer-nitro-v15-anv15-52-78xq-32-1-w11p-epp-15-6-laptop-notebook-i7-13620h-32gb-1tb-nv-rtx5050-w11p-off-h-s-off-365-basic-180hz-ai-chip,TechHypermart: https://www.techhypermart.com/notebooks/acer-nitro-v15-anv15-52-78xq-32-1-w11p-epp-15-6-laptop-notebook-i7-13620h-32gb-1tb-nv-rtx5050-w11p-off-h-s-off-365-basic-180hz-ai-chip,https://www.techhypermart.com/image/cache/catalog/laptopnotebook/acer/ANV15-52-78XQ-w11p-epp-250x250.png,TechHypermart - Acer,i7-13620H,NV RTX5050,32GB,32GB,"15.6""",,,
51881-ACER-NITRO,"Acer Nitro V15 ANV15-52-78XQ-32-W11 15.6"" Laptop/ Notebook (i7-13620H, 32GB, 512GB, NV RTX5050, W11H, Off H&S + Off 365 Basic, 180Hz, AI Chip)",6439.00,"TechHypermart (RM 6,439.00)","TechHypermart: RM 6,439.00",1,https://www.techhypermart.com/notebooks/acer-nitro-v15-anv15-52-78xq-32-w11-15-6-laptop-notebook-i7-13620h-32gb-512gb-nv-rtx5050-w11h-off-h-s-off-365-basic-180hz-ai-chip,TechHypermart: https://www.techhypermart.com/notebooks/acer-nitro-v15-anv15-52-78xq-32-w11-15-6-laptop-notebook-i7-13620h-32gb-512gb-nv-rtx5050-w11h-off-h-s-off-365-basic-180hz-ai-chip,https://www.techhypermart.com/image/cache/catalog/laptopnotebook/acer/ANV15-52-78XQ-a-250x250.png,TechHypermart - Acer,i7-13620H,NV RTX5050,32GB,32GB,"15.6""",,,
52674-ACER-NITRO,"Acer Nitro V15 ANV15-52-78XQ-32-W11P 15.6"" Laptop/ Notebook (i7-13620H, 32GB, 512GB, NV RTX5050, W11P, Off H&S + Off 365 Basic, 180Hz, AI Chip)",7239.00,"TechHypermart (RM 7,239.00)","TechHypermart: RM 7,239.00",1,https://www.techhypermart.com/notebooks/acer-nitro-v15-anv15-52-78xq-32-w11p-15-6-laptop-notebook-i7-13620h-32gb-512gb-nv-rtx5050-w11p-off-h-s-off-365-basic-180hz-ai-chip,TechHypermart: https://www.techhypermart.com/notebooks/acer-nitro-v15-anv15-52-78xq-32-w11p-15-6-laptop-notebook-i7-13620h-32gb-512gb-nv-rtx5050-w11p-off-h-s-off-365-basic-180hz-ai-chip,https://www.techhypermart.com/image/cache/catalog/laptopnotebook/acer/ANV15-52-78XQ-w11p-250x250.png,TechHypermart - Acer,i7-13620H,NV RTX5050,32GB,32GB,"15.6""",,,
52670-ACER-NITRO,"Acer Nitro V15 ANV15-52-78XQ-48-1-W11-EPP 15.6"" Laptop/ Notebook (i7-13620H, 48GB, 1TB, NV RTX5050, W11H, Off H&S + Off 365 Basic, 180Hz, AI Chip)",9509.00,"TechHypermart (RM 9,509.00)","TechHypermart: RM 9,509.00",1,https://www.techhypermart.com/notebooks/acer-nitro-v15-anv15-52-78xq-48-1-w11-epp-15-6-laptop-notebook-i7-13620h-48gb-1tb-nv-rtx5050-w11h-off-h-s-off-365-basic-180hz-ai-chip,TechHypermart: https://www.techhypermart.com/notebooks/acer-nitro-v15-anv15-52-78xq-48-1-w11-epp-15-6-laptop-notebook-i7-13620h-48gb-1tb-nv-rtx5050-w11h-off-h-s-off-365-basic-180hz-ai-chip,https://www.techhypermart.com/image/cache/catalog/laptopnotebook/acer/ANV15-52-78XQ-epp-250x250.png,TechHypermart - Acer,i7-13620H,NV RTX5050,48GB,48GB,"15.6""",,,
52680-ACER-NITRO,"Acer Nitro V15 ANV15-52-78XQ-48-1-W11P-EPP 15.6"" Laptop/ Notebook (i7-13620H, 48GB, 1TB, NV RTX5050, W11P, Off H&S + Off 365 Basic, 180Hz, AI Chip)",10359.00,"TechHypermart (RM 10,359.00)","TechHypermart: RM 10,359.00",1,https://www.techhypermart.com/notebooks/acer-nitro-v15-anv15-52-78xq-48-1-w11p-epp-15-6-laptop-notebook-i7-13620h-48gb-1tb-nv-rtx5050-w11p-off-h-s-off-365-basic-180hz-ai-chip,TechHypermart: https://www.techhypermart.com/notebooks/acer-nitro-v15-anv15-52-78xq-48-1-w11p-epp-15-6-laptop-notebook-i7-13620h-48gb-1tb-nv-rtx5050-w11p-off-h-s-off-365-basic-180hz-ai-chip,https://www.techhypermart.com/image/cache/catalog/laptopnotebook/acer/ANV15-52-78XQ-w11p-epp-250x250.png,TechHypermart - Acer,i7-13620H,NV RTX5050,48GB,48GB,"15.6""",,,
51882-ACER-NITRO,"Acer Nitro V15 ANV15-52-78XQ-48-W11 15.6"" Laptop/ Notebook (i7-13620H, 48GB, 512GB, NV RTX5050, W11H, Off H&S + Off 365 Basic, 180Hz, AI Chip)",7489.00,"TechHypermart (RM 7,489.00)","TechHypermart: RM 7,489.00",1,https://www.techhypermart.com/notebooks/acer-nitro-v15-anv15-52-78xq-48-w11-15-6-laptop-notebook-i7-13620h-48gb-512gb-nv-rtx5050-w11h-off-h-s-off-365-basic-180hz-ai-chip,TechHypermart: https://www.techhypermart.com/notebooks/acer-nitro-v15-anv15-52-78xq-48-w11-15-6-laptop-notebook-i7-13620h-48gb-512gb-nv-rtx5050-w11h-off-h-s-off-365-basic-180hz-ai-chip,https://www.techhypermart.com/image/cache/catalog/laptopnotebook/acer/ANV15-52-78XQ-a-250x250.png,TechHypermart - Acer,i7-13620H,NV RTX5050,48GB,48GB,"15.6""",,,
52675-ACER-NITRO,"Acer Nitro V15 ANV15-52-78XQ-48-W11P 15.6"" Laptop/ Notebook (i7-13620H, 48GB, 512GB, NV RTX5050, W11P, Off H&S + Off 365 Basic, 180Hz, AI Chip)",8289.00,"TechHypermart (RM 8,289.00)","TechHypermart: RM 8,289.00",1,https://www.techhypermart.com/notebooks/acer-nitro-v15-anv15-52-78xq-48-w11p-15-6-laptop-notebook-i7-13620h-48gb-512gb-nv-rtx5050-w11p-off-h-s-off-365-basic-180hz-ai-chip,TechHypermart: https://www.techhypermart.com/notebooks/acer-nitro-v15-anv15-52-78xq-48-w11p-15-6-laptop-notebook-i7-13620h-48gb-512gb-nv-rtx5050-w11p-off-h-s-off-365-basic-180hz-ai-chip,https://www.techhypermart.com/image/cache/catalog/laptopnotebook/acer/ANV15-52-78XQ-w11p-250x250.png,TechHypermart - Acer,i7-13620H,NV RTX5050,48GB,48GB,"15.6""",,,
52671-ACER-NITRO,"Acer Nitro V15 ANV15-52-78XQ-64-1-W11-EPP 15.6"" Laptop/ Notebook (i7-13620H, 64GB, 1TB, NV RTX5050, W11H, Off H&S + Off 365 Basic, 180Hz, AI Chip)",11999.00,"TechHypermart (RM 11,999.00)","TechHypermart: RM 11,999.00",1,https://www.techhypermart.com/notebooks/acer-nitro-v15-anv15-52-78xq-64-1-w11-epp-15-6-laptop-notebook-i7-13620h-64gb-1tb-nv-rtx5050-w11h-off-h-s-off-365-basic-180hz-ai-chip,TechHypermart: https://www.techhypermart.com/notebooks/acer-nitro-v15-anv15-52-78xq-64-1-w11-epp-15-6-laptop-notebook-i7-13620h-64gb-1tb-nv-rtx5050-w11h-off-h-s-off-365-basic-180hz-ai-chip,https://www.techhypermart.com/image/cache/catalog/laptopnotebook/acer/ANV15-52-78XQ-epp-250x250.png,TechHypermart - Acer,i7-13620H,NV RTX5050,64GB,64GB,"15.6""",,,
52681-ACER-NITRO,"Acer Nitro V15 ANV15-52-78XQ-64-1-W11P-EPP 15.6"" Laptop/ Notebook (i7-13620H, 64GB, 1TB, NV RTX5050, W11P, Off H&S + Off 365 Basic, 180Hz, AI Chip)",12849.00,"TechHypermart (RM 12,849.00)","TechHypermart: RM 12,849.00",1,https://www.techhypermart.com/notebooks/acer-nitro-v15-anv15-52-78xq-64-1-w11p-epp-15-6-laptop-notebook-i7-13620h-64gb-1tb-nv-rtx5050-w11p-off-h-s-off-365-basic-180hz-ai-chip,TechHypermart: https://www.techhypermart.com/notebooks/acer-nitro-v15-anv15-52-78xq-64-1-w11p-epp-15-6-laptop-notebook-i7-13620h-64gb-1tb-nv-rtx5050-w11p-off-h-s-off-365-basic-180hz-ai-chip,https://www.techhypermart.com/image/cache/catalog/laptopnotebook/acer/ANV15-52-78XQ-w11p-epp-250x250.png,TechHypermart - Acer,i7-13620H,NV RTX5050,64GB,64GB,"15.6""",,,
51883-ACER-NITRO,"Acer Nitro V15 ANV15-52-78XQ-64-W11 15.6"" Laptop/ Notebook (i7-13620H, 64GB, 512GB, NV RTX5050, W11H, Off H&S + Off 365 Basic, 180Hz, AI Chip)",9689.00,"TechHypermart (RM 9,689.00)","TechHypermart: RM 9,689.00",1,https://www.techhypermart.com/notebooks/acer-nitro-v15-anv15-52-78xq-64-w11-15-6-laptop-notebook-i7-13620h-64gb-512gb-nv-rtx5050-w11h-off-h-s-off-365-basic-180hz-ai-chip,TechHypermart: https://www.techhypermart.com/notebooks/acer-nitro-v15-anv15-52-78xq-64-w11-15-6-laptop-notebook-i7-13620h-64gb-512gb-nv-rtx5050-w11h-off-h-s-off-365-basic-180hz-ai-chip,https://www.techhypermart.com/image/cache/catalog/laptopnotebook/acer/ANV15-52-78XQ-a-250x250.png,TechHypermart - Acer,i7-13620H,NV RTX5050,64GB,64GB,"15.6""",,,
52676-ACER-NITRO,"Acer Nitro V15 ANV15-52-78XQ-64-W11P 15.6"" Laptop/ Notebook (i7-13620H, 64GB, 512GB, NV RTX5050, W11P, Off H&S + Off 365 Basic, 180Hz, AI Chip)",10489.00,"TechHypermart (RM 10,489.00)","TechHypermart: RM 10,489.00",1,https://www.techhypermart.com/notebooks/acer-nitro-v15-anv15-52-78xq-64-w11p-15-6-laptop-notebook-i7-13620h-64gb-512gb-nv-rtx5050-w11p-off-h-s-off-365-basic-180hz-ai-chip,TechHypermart: https://www.techhypermart.com/notebooks/acer-nitro-v15-anv15-52-78xq-64-w11p-15-6-laptop-notebook-i7-13620h-64gb-512gb-nv-rtx5050-w11p-off-h-s-off-365-basic-180hz-ai-chip,https://www.techhypermart.com/image/cache/catalog/laptopnotebook/acer/ANV15-52-78XQ-w11p-250x250.png,TechHypermart - Acer,i7-13620H,NV RTX5050,64GB,64GB,"15.6""",,,
52672-ACER-NITRO,"Acer Nitro V15 ANV15-52-78XQ-W11P 15.6"" Laptop/ Notebook (i7-13620H, 16GB, 512GB, NV RTX5050, W11P, Off H&S + Off 365 Basic, 180Hz, AI Chip)",6009.00,"TechHypermart (RM 6,009.00)","TechHypermart: RM 6,009.00",1,https://www.techhypermart.com/notebooks/acer-nitro-v15-anv15-52-78xq-w11p-15-6-laptop-notebook-i7-13620h-16gb-512gb-nv-rtx5050-w11p-off-h-s-off-365-basic-180hz-ai-chip,TechHypermart: https://www.techhypermart.com/notebooks/acer-nitro-v15-anv15-52-78xq-w11p-15-6-laptop-notebook-i7-13620h-16gb-512gb-nv-rtx5050-w11p-off-h-s-off-365-basic-180hz-ai-chip,https://www.techhypermart.com/image/cache/catalog/laptopnotebook/acer/ANV15-52-78XQ-w11p-250x250.png,TechHypermart - Acer,i7-13620H,NV RTX5050,16GB,16GB,"15.6""",,,
52928-ACER-NITRO,"Acer Nitro V16S AI ANV16S-41-R8T2 16"" Laptop/ Notebook (Ryzen 5 240, 16GB, 512GB, NV RTX5050, W11H, Off Home 2024 + Off 365 Basic, 180Hz, AI Chip)",4468.00,"TechHypermart (RM 4,468.00)","TechHypermart: RM 4,468.00",1,https://www.techhypermart.com/notebooks/acer-nitro-v16s-ai-anv16s-41-r8t2-16-laptop-notebook-ryzen-5-240-16gb-512gb-nv-rtx5050-w11h-off-home-2024-off-365-basic-180hz-ai-chip,TechHypermart: https://www.techhypermart.com/notebooks/acer-nitro-v16s-ai-anv16s-41-r8t2-16-laptop-notebook-ryzen-5-240-16gb-512gb-nv-rtx5050-w11h-off-home-2024-off-365-basic-180hz-ai-chip,https://www.techhypermart.com/image/cache/catalog/laptopnotebook/acer/ANV16S-41-R8T2-a-250x250.png,TechHypermart - Acer,,NV RTX5050,16GB,16GB,"16""",,,
53601-ACER-NITRO,"Acer Nitro V16S AI ANV16S-41-R8T2-1-W11-EPP 16"" Laptop/ Notebook (Ryzen 5 240, 16GB, 1TB, NV RTX5050, W11H, Off Home 2024 + Off 365 Basic, 180Hz, AI Chip)",6349.00,"TechHypermart (RM 6,349.00)","TechHypermart: RM 6,349.00",1,https://www.techhypermart.com/notebooks/acer-nitro-v16s-ai-anv16s-41-r8t2-1-w11-epp-16-laptop-notebook-ryzen-5-240-16gb-1tb-nv-rtx5050-w11h-off-home-2024-off-365-basic-180hz-ai-chip,TechHypermart: https://www.techhypermart.com/notebooks/acer-nitro-v16s-ai-anv16s-41-r8t2-1-w11-epp-16-laptop-notebook-ryzen-5-240-16gb-1tb-nv-rtx5050-w11h-off-home-2024-off-365-basic-180hz-ai-chip,https://www.techhypermart.com/image/cache/catalog/laptopnotebook/acer/ANV16S-41-R8T2-epp-250x250.png,TechHypermart - Acer,,NV RTX5050,16GB,16GB,"16""",,,
53612-ACER-NITRO,"Acer Nitro V16S AI ANV16S-41-R8T2-1-W11P-EPP 16"" Laptop/ Notebook (Ryzen 5 240, 16GB, 1TB, NV RTX5050, W11P, Off Home 2024 + Off 365 Basic, 180Hz, AI Chip)",7199.00,"TechHypermart (RM 7,199.00)","TechHypermart: RM 7,199.00",1,https://www.techhypermart.com/notebooks/acer-nitro-v16s-ai-anv16s-41-r8t2-1-w11p-epp-16-laptop-notebook-ryzen-5-240-16gb-1tb-nv-rtx5050-w11p-off-home-2024-off-365-basic-180hz-ai-chip,TechHypermart: https://www.techhypermart.com/notebooks/acer-nitro-v16s-ai-anv16s-41-r8t2-1-w11p-epp-16-laptop-notebook-ryzen-5-240-16gb-1tb-nv-rtx5050-w11p-off-home-2024-off-365-basic-180hz-ai-chip,https://www.techhypermart.com/image/cache/catalog/laptopnotebook/acer/ANV16S-41-R8T2-w11p-epp-250x250.png,TechHypermart - Acer,,NV RTX5050,16GB,16GB,"16""",,,
53602-ACER-NITRO,"Acer Nitro V16S AI ANV16S-41-R8T2-24-1-W11-EPP 16"" Laptop/ Notebook (Ryzen 5 240, 24GB, 1TB, NV RTX5050, W11H, Off Home 2024 + Off 365 Basic, 180Hz, AI Chip)",7159.00,"TechHypermart (RM 7,159.00)","TechHypermart: RM 7,159.00",1,https://www.techhypermart.com/notebooks/acer-nitro-v16s-ai-anv16s-41-r8t2-24-1-w11-epp-16-laptop-notebook-ryzen-5-240-24gb-1tb-nv-rtx5050-w11h-off-home-2024-off-365-basic-180hz-ai-chip,TechHypermart: https://www.techhypermart.com/notebooks/acer-nitro-v16s-ai-anv16s-41-r8t2-24-1-w11-epp-16-laptop-notebook-ryzen-5-240-24gb-1tb-nv-rtx5050-w11h-off-home-2024-off-365-basic-180hz-ai-chip,https://www.techhypermart.com/image/cache/catalog/laptopnotebook/acer/ANV16S-41-R8T2-epp-250x250.png,TechHypermart - Acer,,NV RTX5050,24GB,24GB,"16""",,,
53613-ACER-NITRO,"Acer Nitro V16S AI ANV16S-41-R8T2-24-1-W11P-EPP 16"" Laptop/ Notebook (Ryzen 5 240, 24GB, 1TB, NV RTX5050, W11P, Off Home 2024 + Off 365 Basic, 180Hz, AI Chip)",8009.00,"TechHypermart (RM 8,009.00)","TechHypermart: RM 8,009.00",1,https://www.techhypermart.com/notebooks/acer-nitro-v16s-ai-anv16s-41-r8t2-24-1-w11p-epp-16-laptop-notebook-ryzen-5-240-24gb-1tb-nv-rtx5050-w11p-off-home-2024-off-365-basic-180hz-ai-chip,TechHypermart: https://www.techhypermart.com/notebooks/acer-nitro-v16s-ai-anv16s-41-r8t2-24-1-w11p-epp-16-laptop-notebook-ryzen-5-240-24gb-1tb-nv-rtx5050-w11p-off-home-2024-off-365-basic-180hz-ai-chip,https://www.techhypermart.com/image/cache/catalog/laptopnotebook/acer/ANV16S-41-R8T2-w11p-epp-250x250.png,TechHypermart - Acer,,NV RTX5050,24GB,24GB,"16""",,,
53308-ACER-NITRO,"Acer Nitro V16S AI ANV16S-41-R8T2-24-W11 16"" Laptop/ Notebook (Ryzen 5 240, 24GB, 512GB, NV RTX5050, W11H, Off Home 2024 + Off 365 Basic, 180Hz, AI Chip)",5279.00,"TechHypermart (RM 5,279.00)","TechHypermart: RM 5,279.00",1,https://www.techhypermart.com/notebooks/acer-nitro-v16s-ai-anv16s-41-r8t2-24-w11-16-laptop-notebook-ryzen-5-240-24gb-512gb-nv-rtx5050-w11h-off-home-2024-off-365-basic-180hz-ai-chip,TechHypermart: https://www.techhypermart.com/notebooks/acer-nitro-v16s-ai-anv16s-41-r8t2-24-w11-16-laptop-notebook-ryzen-5-240-24gb-512gb-nv-rtx5050-w11h-off-home-2024-off-365-basic-180hz-ai-chip,https://www.techhypermart.com/image/cache/catalog/laptopnotebook/acer/ANV16S-41-R8T2-a-250x250.png,TechHypermart - Acer,,NV RTX5050,24GB,24GB,"16""",,,
53608-ACER-NITRO,"Acer Nitro V16S AI ANV16S-41-R8T2-24-W11P 16"" Laptop/ Notebook (Ryzen 5 240, 24GB, 512GB, NV RTX5050, W11P, Off Home 2024 + Off 365 Basic, 180Hz, AI Chip)",6079.00,"TechHypermart (RM 6,079.00)","TechHypermart: RM 6,079.00",1,https://www.techhypermart.com/notebooks/acer-nitro-v16s-ai-anv16s-41-r8t2-24-w11p-16-laptop-notebook-ryzen-5-240-24gb-512gb-nv-rtx5050-w11p-off-home-2024-off-365-basic-180hz-ai-chip,TechHypermart: https://www.techhypermart.com/notebooks/acer-nitro-v16s-ai-anv16s-41-r8t2-24-w11p-16-laptop-notebook-ryzen-5-240-24gb-512gb-nv-rtx5050-w11p-off-home-2024-off-365-basic-180hz-ai-chip,https://www.techhypermart.com/image/cache/catalog/laptopnotebook/acer/ANV16S-41-R8T2-w11p-250x250.png,TechHypermart - Acer,,NV RTX5050,24GB,24GB,"16""",,,
53603-ACER-NITRO,"Acer Nitro V16S AI ANV16S-41-R8T2-32-1-W11-EPP 16"" Laptop/ Notebook (Ryzen 5 240, 32GB, 1TB, NV RTX5050, W11H, Off Home 2024 + Off 365 Basic, 180Hz, AI Chip)",7679.00,"TechHypermart (RM 7,679.00)","TechHypermart: RM 7,679.00",1,https://www.techhypermart.com/notebooks/acer-nitro-v16s-ai-anv16s-41-r8t2-32-1-w11-epp-16-laptop-notebook-ryzen-5-240-32gb-1tb-nv-rtx5050-w11h-off-home-2024-off-365-basic-180hz-ai-chip,TechHypermart: https://www.techhypermart.com/notebooks/acer-nitro-v16s-ai-anv16s-41-r8t2-32-1-w11-epp-16-laptop-notebook-ryzen-5-240-32gb-1tb-nv-rtx5050-w11h-off-home-2024-off-365-basic-180hz-ai-chip,https://www.techhypermart.com/image/cache/catalog/laptopnotebook/acer/ANV16S-41-R8T2-epp-250x250.png,TechHypermart - Acer,,NV RTX5050,32GB,32GB,"16""",,,
53615-ACER-NITRO,"Acer Nitro V16S AI ANV16S-41-R8T2-32-1-W11P-EPP 16"" Laptop/ Notebook (Ryzen 5 240, 32GB, 1TB, NV RTX5050, W11P, Off Home 2024 + Off 365 Basic, 180Hz, AI Chip)",8529.00,"TechHypermart (RM 8,529.00)","TechHypermart: RM 8,529.00",1,https://www.techhypermart.com/notebooks/acer-nitro-v16s-ai-anv16s-41-r8t2-32-1-w11p-epp-16-laptop-notebook-ryzen-5-240-32gb-1tb-nv-rtx5050-w11p-off-home-2024-off-365-basic-180hz-ai-chip,TechHypermart: https://www.techhypermart.com/notebooks/acer-nitro-v16s-ai-anv16s-41-r8t2-32-1-w11p-epp-16-laptop-notebook-ryzen-5-240-32gb-1tb-nv-rtx5050-w11p-off-home-2024-off-365-basic-180hz-ai-chip,https://www.techhypermart.com/image/cache/catalog/laptopnotebook/acer/ANV16S-41-R8T2-w11p-epp-250x250.png,TechHypermart - Acer,,NV RTX5050,32GB,32GB,"16""",,,
53309-ACER-NITRO,"Acer Nitro V16S AI ANV16S-41-R8T2-32-W11 16"" Laptop/ Notebook (Ryzen 5 240, 32GB, 512GB, NV RTX5050, W11H, Off Home 2024 + Off 365 Basic, 180Hz, AI Chip)",5779.00,"TechHypermart (RM 5,779.00)","TechHypermart: RM 5,779.00",1,https://www.techhypermart.com/notebooks/acer-nitro-v16s-ai-anv16s-41-r8t2-32-w11-16-laptop-notebook-ryzen-5-240-32gb-512gb-nv-rtx5050-w11h-off-home-2024-off-365-basic-180hz-ai-chip,TechHypermart: https://www.techhypermart.com/notebooks/acer-nitro-v16s-ai-anv16s-41-r8t2-32-w11-16-laptop-notebook-ryzen-5-240-32gb-512gb-nv-rtx5050-w11h-off-home-2024-off-365-basic-180hz-ai-chip,https://www.techhypermart.com/image/cache/catalog/laptopnotebook/acer/ANV16S-41-R8T2-a-250x250.png,TechHypermart - Acer,,NV RTX5050,32GB,32GB,"16""",,,
53609-ACER-NITRO,"Acer Nitro V16S AI ANV16S-41-R8T2-32-W11P 16"" Laptop/ Notebook (Ryzen 5 240, 32GB, 512GB, NV RTX5050, W11P, Off Home 2024 + Off 365 Basic, 180Hz, AI Chip)",6579.00,"TechHypermart (RM 6,579.00)","TechHypermart: RM 6,579.00",1,https://www.techhypermart.com/notebooks/acer-nitro-v16s-ai-anv16s-41-r8t2-32-w11p-16-laptop-notebook-ryzen-5-240-32gb-512gb-nv-rtx5050-w11p-off-home-2024-off-365-basic-180hz-ai-chip,TechHypermart: https://www.techhypermart.com/notebooks/acer-nitro-v16s-ai-anv16s-41-r8t2-32-w11p-16-laptop-notebook-ryzen-5-240-32gb-512gb-nv-rtx5050-w11p-off-home-2024-off-365-basic-180hz-ai-chip,https://www.techhypermart.com/image/cache/catalog/laptopnotebook/acer/ANV16S-41-R8T2-w11p-250x250.png,TechHypermart - Acer,,NV RTX5050,32GB,32GB,"16""",,,
53604-ACER-NITRO,"Acer Nitro V16S AI ANV16S-41-R8T2-48-1-W11-EPP 16"" Laptop/ Notebook (Ryzen 5 240, 48GB, 1TB, NV RTX5050, W11H, Off Home 2024 + Off 365 Basic, 180Hz, AI Chip)",8839.00,"TechHypermart (RM 8,839.00)","TechHypermart: RM 8,839.00",1,https://www.techhypermart.com/notebooks/acer-nitro-v16s-ai-anv16s-41-r8t2-48-1-w11-epp-16-laptop-notebook-ryzen-5-240-48gb-1tb-nv-rtx5050-w11h-off-home-2024-off-365-basic-180hz-ai-chip,TechHypermart: https://www.techhypermart.com/notebooks/acer-nitro-v16s-ai-anv16s-41-r8t2-48-1-w11-epp-16-laptop-notebook-ryzen-5-240-48gb-1tb-nv-rtx5050-w11h-off-home-2024-off-365-basic-180hz-ai-chip,https://www.techhypermart.com/image/cache/catalog/laptopnotebook/acer/ANV16S-41-R8T2-epp-250x250.png,TechHypermart - Acer,,NV RTX5050,48GB,48GB,"16""",,,
53616-ACER-NITRO,"Acer Nitro V16S AI ANV16S-41-R8T2-48-1-W11P-EPP 16"" Laptop/ Notebook (Ryzen 5 240, 48GB, 1TB, NV RTX5050, W11P, Off Home 2024 + Off 365 Basic, 180Hz, AI Chip)",9689.00,"TechHypermart (RM 9,689.00)","TechHypermart: RM 9,689.00",1,https://www.techhypermart.com/notebooks/acer-nitro-v16s-ai-anv16s-41-r8t2-48-1-w11p-epp-16-laptop-notebook-ryzen-5-240-48gb-1tb-nv-rtx5050-w11p-off-home-2024-off-365-basic-180hz-ai-chip,TechHypermart: https://www.techhypermart.com/notebooks/acer-nitro-v16s-ai-anv16s-41-r8t2-48-1-w11p-epp-16-laptop-notebook-ryzen-5-240-48gb-1tb-nv-rtx5050-w11p-off-home-2024-off-365-basic-180hz-ai-chip,https://www.techhypermart.com/image/cache/catalog/laptopnotebook/acer/ANV16S-41-R8T2-w11p-epp-250x250.png,TechHypermart - Acer,,NV RTX5050,48GB,48GB,"16""",,,
53310-ACER-NITRO,"Acer Nitro V16S AI ANV16S-41-R8T2-48-W11 16"" Laptop/ Notebook (Ryzen 5 240, 48GB, 512GB, NV RTX5050, W11H, Off Home 2024 + Off 365 Basic, 180Hz, AI Chip)",6829.00,"TechHypermart (RM 6,829.00)","TechHypermart: RM 6,829.00",1,https://www.techhypermart.com/notebooks/acer-nitro-v16s-ai-anv16s-41-r8t2-48-w11-16-laptop-notebook-ryzen-5-240-48gb-512gb-nv-rtx5050-w11h-off-home-2024-off-365-basic-180hz-ai-chip,TechHypermart: https://www.techhypermart.com/notebooks/acer-nitro-v16s-ai-anv16s-41-r8t2-48-w11-16-laptop-notebook-ryzen-5-240-48gb-512gb-nv-rtx5050-w11h-off-home-2024-off-365-basic-180hz-ai-chip,https://www.techhypermart.com/image/cache/catalog/laptopnotebook/acer/ANV16S-41-R8T2-a-250x250.png,TechHypermart - Acer,,NV RTX5050,48GB,48GB,"16""",,,
53610-ACER-NITRO,"Acer Nitro V16S AI ANV16S-41-R8T2-48-W11P 16"" Laptop/ Notebook (Ryzen 5 240, 48GB, 512GB, NV RTX5050, W11P, Off Home 2024 + Off 365 Basic, 180Hz, AI Chip)",7629.00,"TechHypermart (RM 7,629.00)","TechHypermart: RM 7,629.00",1,https://www.techhypermart.com/notebooks/acer-nitro-v16s-ai-anv16s-41-r8t2-48-w11p-16-laptop-notebook-ryzen-5-240-48gb-512gb-nv-rtx5050-w11p-off-home-2024-off-365-basic-180hz-ai-chip,TechHypermart: https://www.techhypermart.com/notebooks/acer-nitro-v16s-ai-anv16s-41-r8t2-48-w11p-16-laptop-notebook-ryzen-5-240-48gb-512gb-nv-rtx5050-w11p-off-home-2024-off-365-basic-180hz-ai-chip,https://www.techhypermart.com/image/cache/catalog/laptopnotebook/acer/ANV16S-41-R8T2-w11p-250x250.png,TechHypermart - Acer,,NV RTX5050,48GB,48GB,"16""",,,
53606-ACER-NITRO,"Acer Nitro V16S AI ANV16S-41-R8T2-64-1-W11-EPP 16"" Laptop/ Notebook (Ryzen 5 240, 64GB, 1TB, NV RTX5050, W11H, Off Home 2024 + Off 365 Basic, 180Hz, AI Chip)",11319.00,"TechHypermart (RM 11,319.00)","TechHypermart: RM 11,319.00",1,https://www.techhypermart.com/notebooks/acer-nitro-v16s-ai-anv16s-41-r8t2-64-1-w11-epp-16-laptop-notebook-ryzen-5-240-64gb-1tb-nv-rtx5050-w11h-off-home-2024-off-365-basic-180hz-ai-chip,TechHypermart: https://www.techhypermart.com/notebooks/acer-nitro-v16s-ai-anv16s-41-r8t2-64-1-w11-epp-16-laptop-notebook-ryzen-5-240-64gb-1tb-nv-rtx5050-w11h-off-home-2024-off-365-basic-180hz-ai-chip,https://www.techhypermart.com/image/cache/catalog/laptopnotebook/acer/ANV16S-41-R8T2-epp-250x250.png,TechHypermart - Acer,,NV RTX5050,64GB,64GB,"16""",,,
53617-ACER-NITRO,"Acer Nitro V16S AI ANV16S-41-R8T2-64-1-W11P-EPP 16"" Laptop/ Notebook (Ryzen 5 240, 64GB, 1TB, NV RTX5050, W11P, Off Home 2024 + Off 365 Basic, 180Hz, AI Chip)",12169.00,"TechHypermart (RM 12,169.00)","TechHypermart: RM 12,169.00",1,https://www.techhypermart.com/notebooks/acer-nitro-v16s-ai-anv16s-41-r8t2-64-1-w11p-epp-16-laptop-notebook-ryzen-5-240-64gb-1tb-nv-rtx5050-w11p-off-home-2024-off-365-basic-180hz-ai-chip,TechHypermart: https://www.techhypermart.com/notebooks/acer-nitro-v16s-ai-anv16s-41-r8t2-64-1-w11p-epp-16-laptop-notebook-ryzen-5-240-64gb-1tb-nv-rtx5050-w11p-off-home-2024-off-365-basic-180hz-ai-chip,https://www.techhypermart.com/image/cache/catalog/laptopnotebook/acer/ANV16S-41-R8T2-w11p-epp-250x250.png,TechHypermart - Acer,,NV RTX5050,64GB,64GB,"16""",,,
53311-ACER-NITRO,"Acer Nitro V16S AI ANV16S-41-R8T2-64-W11 16"" Laptop/ Notebook (Ryzen 5 240, 64GB, 512GB, NV RTX5050, W11H, Off Home 2024 + Off 365 Basic, 180Hz, AI Chip)",9029.00,"TechHypermart (RM 9,029.00)","TechHypermart: RM 9,029.00",1,https://www.techhypermart.com/notebooks/acer-nitro-v16s-ai-anv16s-41-r8t2-64-w11-16-laptop-notebook-ryzen-5-240-64gb-512gb-nv-rtx5050-w11h-off-home-2024-off-365-basic-180hz-ai-chip,TechHypermart: https://www.techhypermart.com/notebooks/acer-nitro-v16s-ai-anv16s-41-r8t2-64-w11-16-laptop-notebook-ryzen-5-240-64gb-512gb-nv-rtx5050-w11h-off-home-2024-off-365-basic-180hz-ai-chip,https://www.techhypermart.com/image/cache/catalog/laptopnotebook/acer/ANV16S-41-R8T2-a-250x250.png,TechHypermart - Acer,,NV RTX5050,64GB,64GB,"16""",,,
53611-ACER-NITRO,"Acer Nitro V16S AI ANV16S-41-R8T2-64-W11P 16"" Laptop/ Notebook (Ryzen 5 240, 64GB, 512GB, NV RTX5050, W11P, Off Home 2024 + Off 365 Basic, 180Hz, AI Chip)",9829.00,"TechHypermart (RM 9,829.00)","TechHypermart: RM 9,829.00",1,https://www.techhypermart.com/notebooks/acer-nitro-v16s-ai-anv16s-41-r8t2-64-w11p-16-laptop-notebook-ryzen-5-240-64gb-512gb-nv-rtx5050-w11p-off-home-2024-off-365-basic-180hz-ai-chip,TechHypermart: https://www.techhypermart.com/notebooks/acer-nitro-v16s-ai-anv16s-41-r8t2-64-w11p-16-laptop-notebook-ryzen-5-240-64gb-512gb-nv-rtx5050-w11p-off-home-2024-off-365-basic-180hz-ai-chip,https://www.techhypermart.com/image/cache/catalog/laptopnotebook/acer/ANV16S-41-R8T2-w11p-250x250.png,TechHypermart - Acer,,NV RTX5050,64GB,64GB,"16""",,,
53607-ACER-NITRO,"Acer Nitro V16S AI ANV16S-41-R8T2-W11P 16"" Laptop/ Notebook (Ryzen 5 240, 16GB, 512GB, NV RTX5050, W11P, Off Home 2024 + Off 365 Basic, 180Hz, AI Chip)",5319.00,"TechHypermart (RM 5,319.00)","TechHypermart: RM 5,319.00",1,https://www.techhypermart.com/notebooks/acer-nitro-v16s-ai-anv16s-41-r8t2-w11p-16-laptop-notebook-ryzen-5-240-16gb-512gb-nv-rtx5050-w11p-off-home-2024-off-365-basic-180hz-ai-chip,TechHypermart: https://www.techhypermart.com/notebooks/acer-nitro-v16s-ai-anv16s-41-r8t2-w11p-16-laptop-notebook-ryzen-5-240-16gb-512gb-nv-rtx5050-w11p-off-home-2024-off-365-basic-180hz-ai-chip,https://www.techhypermart.com/image/cache/catalog/laptopnotebook/acer/ANV16S-41-R8T2-w11p-250x250.png,TechHypermart - Acer,,NV RTX5050,16GB,16GB,"16""",,,
53945-ACER-NITRO,"Acer Nitro V16S AI ANV16S-41-R9W8 16"" Laptop/ Notebook (Ryzen 7 260, 16GB, 1TB, NV RTX5060, W11H, Off Home 2024 + Off 365 Basic, 180Hz, AI Chip)",7508.00,"TechHypermart (RM 7,508.00)","TechHypermart: RM 7,508.00",1,https://www.techhypermart.com/notebooks/acer-nitro-v16s-ai-anv16s-41-r9w8-16-laptop-notebook-ryzen-7-260-16gb-1tb-nv-rtx5060-w11h-off-home-2024-off-365-basic-180hz-ai-chip,TechHypermart: https://www.techhypermart.com/notebooks/acer-nitro-v16s-ai-anv16s-41-r9w8-16-laptop-notebook-ryzen-7-260-16gb-1tb-nv-rtx5060-w11h-off-home-2024-off-365-basic-180hz-ai-chip,https://www.techhypermart.com/image/cache/catalog/laptopnotebook/acer/ANV16S-41-R9W8-a-250x250.png,TechHypermart - Acer,,NV RTX5060,16GB,16GB,"16""",,,
54021-ACER-NITRO,"Acer Nitro V16S AI ANV16S-41-R9W8-24-W11 16"" Laptop/ Notebook (Ryzen 7 260, 24GB, 1TB, NV RTX5060, W11H, Off Home 2024 + Off 365 Basic, 180Hz, AI Chip)",8339.00,"TechHypermart (RM 8,339.00)","TechHypermart: RM 8,339.00",1,https://www.techhypermart.com/notebooks/acer-nitro-v16s-ai-anv16s-41-r9w8-24-w11-16-laptop-notebook-ryzen-7-260-24gb-1tb-nv-rtx5060-w11h-off-home-2024-off-365-basic-180hz-ai-chip,TechHypermart: https://www.techhypermart.com/notebooks/acer-nitro-v16s-ai-anv16s-41-r9w8-24-w11-16-laptop-notebook-ryzen-7-260-24gb-1tb-nv-rtx5060-w11h-off-home-2024-off-365-basic-180hz-ai-chip,https://www.techhypermart.com/image/cache/catalog/laptopnotebook/acer/ANV16S-41-R9W8-a-250x250.png,TechHypermart - Acer,,NV RTX5060,24GB,24GB,"16""",,,
54441-ACER-NITRO,"Acer Nitro V16S AI ANV16S-41-R9W8-24-W11P 16"" Laptop/ Notebook (Ryzen 7 260, 24GB, 1TB, NV RTX5060, W11P, Off Home 2024 + Off 365 Basic, 180Hz, AI Chip)",9189.00,"TechHypermart (RM 9,189.00)","TechHypermart: RM 9,189.00",1,https://www.techhypermart.com/notebooks/acer-nitro-v16s-ai-anv16s-41-r9w8-24-w11p-16-laptop-notebook-ryzen-7-260-24gb-1tb-nv-rtx5060-w11p-off-home-2024-off-365-basic-180hz-ai-chip,TechHypermart: https://www.techhypermart.com/notebooks/acer-nitro-v16s-ai-anv16s-41-r9w8-24-w11p-16-laptop-notebook-ryzen-7-260-24gb-1tb-nv-rtx5060-w11p-off-home-2024-off-365-basic-180hz-ai-chip,https://www.techhypermart.com/image/cache/catalog/laptopnotebook/acer/ANV16S-41-R9W8-w11p-250x250.png,TechHypermart - Acer,,NV RTX5060,24GB,24GB,"16""",,,
54023-ACER-NITRO,"Acer Nitro V16S AI ANV16S-41-R9W8-32-W11 16"" Laptop/ Notebook (Ryzen 7 260, 32GB, 1TB, NV RTX5060, W11H, Off Home 2024 + Off 365 Basic, 180Hz, AI Chip",8839.00,"TechHypermart (RM 8,839.00)","TechHypermart: RM 8,839.00",1,https://www.techhypermart.com/notebooks/acer-nitro-v16s-ai-anv16s-41-r9w8-32-w11-16-laptop-notebook-ryzen-7-260-32gb-1tb-nv-rtx5060-w11h-off-home-2024-off-365-basic-180hz-ai-chip,TechHypermart: https://www.techhypermart.com/notebooks/acer-nitro-v16s-ai-anv16s-41-r9w8-32-w11-16-laptop-notebook-ryzen-7-260-32gb-1tb-nv-rtx5060-w11h-off-home-2024-off-365-basic-180hz-ai-chip,https://www.techhypermart.com/image/cache/catalog/laptopnotebook/acer/ANV16S-41-R9W8-a-250x250.png,TechHypermart - Acer,,NV RTX5060,32GB,32GB,"16""",,,
54442-ACER-NITRO,"Acer Nitro V16S AI ANV16S-41-R9W8-32-W11P 16"" Laptop/ Notebook (Ryzen 7 260, 32GB, 1TB, NV RTX5060, W11P, Off Home 2024 + Off 365 Basic, 180Hz, AI Chip)",9689.00,"TechHypermart (RM 9,689.00)","TechHypermart: RM 9,689.00",1,https://www.techhypermart.com/notebooks/acer-nitro-v16s-ai-anv16s-41-r9w8-32-w11p-16-laptop-notebook-ryzen-7-260-32gb-1tb-nv-rtx5060-w11p-off-home-2024-off-365-basic-180hz-ai-chip,TechHypermart: https://www.techhypermart.com/notebooks/acer-nitro-v16s-ai-anv16s-41-r9w8-32-w11p-16-laptop-notebook-ryzen-7-260-32gb-1tb-nv-rtx5060-w11p-off-home-2024-off-365-basic-180hz-ai-chip,https://www.techhypermart.com/image/cache/catalog/laptopnotebook/acer/ANV16S-41-R9W8-w11p-250x250.png,TechHypermart - Acer,,NV RTX5060,32GB,32GB,"16""",,,
54440-ACER-NITRO,"Acer Nitro V16S AI ANV16S-41-R9W8-W11P 16"" Laptop/ Notebook (Ryzen 7 260, 16GB, 1TB, NV RTX5060, W11P, Off Home 2024 + Off 365 Basic, 180Hz, AI Chip)",8439.00,"TechHypermart (RM 8,439.00)","TechHypermart: RM 8,439.00",1,https://www.techhypermart.com/notebooks/acer-nitro-v16s-ai-anv16s-41-r9w8-w11p-16-laptop-notebook-ryzen-7-260-16gb-1tb-nv-rtx5060-w11p-off-home-2024-off-365-basic-180hz-ai-chip,TechHypermart: https://www.techhypermart.com/notebooks/acer-nitro-v16s-ai-anv16s-41-r9w8-w11p-16-laptop-notebook-ryzen-7-260-16gb-1tb-nv-rtx5060-w11p-off-home-2024-off-365-basic-180hz-ai-chip,https://www.techhypermart.com/image/cache/catalog/laptopnotebook/acer/ANV16S-41-R9W8-w11p-250x250.png,TechHypermart - Acer,,NV RTX5060,16GB,16GB,"16""",,,
52926-ACER-NITRO,"Acer Nitro V16S ANV16S-71-58B0 16"" Laptop/ Notebook (Core 5 210H, 16GB, 512GB, NV RTX5060, W11H, Off Home 2024 + Off 365 Basic, 180Hz, AI Chip)",4928.00,"TechHypermart (RM 4,928.00)","TechHypermart: RM 4,928.00",1,https://www.techhypermart.com/notebooks/acer-nitro-v16s-anv16s-71-58b0-16-laptop-notebook-core-5-210h-16gb-512gb-nv-rtx5060-w11h-off-home-2024-off-365-basic-180hz-ai-chip,TechHypermart: https://www.techhypermart.com/notebooks/acer-nitro-v16s-anv16s-71-58b0-16-laptop-notebook-core-5-210h-16gb-512gb-nv-rtx5060-w11h-off-home-2024-off-365-basic-180hz-ai-chip,https://www.techhypermart.com/image/cache/catalog/laptopnotebook/acer/ANV16S-71-58B0-a-250x250.png,TechHypermart - Acer,Core 5,NV RTX5060,16GB,16GB,"16""",,,
53556-ACER-NITRO,"Acer Nitro V16S ANV16S-71-58B0-1-W11-EPP 16"" Laptop/ Notebook (Core 5 210H, 16GB, 1TB, NV RTX5060, W11H, Off Home 2024 + Off 365 Basic, 180Hz, AI Chip)",7089.00,"TechHypermart (RM 7,089.00)","TechHypermart: RM 7,089.00",1,https://www.techhypermart.com/notebooks/acer-nitro-v16s-anv16s-71-58b0-1-w11-epp-16-laptop-notebook-core-5-210h-16gb-1tb-nv-rtx5060-w11h-off-home-2024-off-365-basic-180hz-ai-chip,TechHypermart: https://www.techhypermart.com/notebooks/acer-nitro-v16s-anv16s-71-58b0-1-w11-epp-16-laptop-notebook-core-5-210h-16gb-1tb-nv-rtx5060-w11h-off-home-2024-off-365-basic-180hz-ai-chip,https://www.techhypermart.com/image/cache/catalog/laptopnotebook/acer/ANV16S-71-58B0-epp-250x250.png,TechHypermart - Acer,Core 5,NV RTX5060,16GB,16GB,"16""",,,
53566-ACER-NITRO,"Acer Nitro V16S ANV16S-71-58B0-1-W11P-EPP 16"" Laptop/ Notebook (Core 5 210H, 16GB, 1TB, NV RTX5060, W11P, Off Home 2024 + Off 365 Basic, 180Hz, AI Chip)",7939.00,"TechHypermart (RM 7,939.00)","TechHypermart: RM 7,939.00",1,https://www.techhypermart.com/notebooks/acer-nitro-v16s-anv16s-71-58b0-1-w11p-epp-16-laptop-notebook-core-5-210h-16gb-1tb-nv-rtx5060-w11p-off-home-2024-off-365-basic-180hz-ai-chip,TechHypermart: https://www.techhypermart.com/notebooks/acer-nitro-v16s-anv16s-71-58b0-1-w11p-epp-16-laptop-notebook-core-5-210h-16gb-1tb-nv-rtx5060-w11p-off-home-2024-off-365-basic-180hz-ai-chip,https://www.techhypermart.com/image/cache/catalog/laptopnotebook/acer/ANV16S-71-58B0-w11p-epp-250x250.png,TechHypermart - Acer,Core 5,NV RTX5060,16GB,16GB,"16""",,,
53557-ACER-NITRO,"Acer Nitro V16S ANV16S-71-58B0-24-1-W11-EPP 16"" Laptop/ Notebook (Core 5 210H, 24GB, 1TB, NV RTX5060, W11H, Off Home 2024 + Off 365 Basic, 180Hz, AI Chip)",7909.00,"TechHypermart (RM 7,909.00)","TechHypermart: RM 7,909.00",1,https://www.techhypermart.com/notebooks/acer-nitro-v16s-anv16s-71-58b0-24-1-w11-epp-16-laptop-notebook-core-5-210h-24gb-1tb-nv-rtx5060-w11h-off-home-2024-off-365-basic-180hz-ai-chip,TechHypermart: https://www.techhypermart.com/notebooks/acer-nitro-v16s-anv16s-71-58b0-24-1-w11-epp-16-laptop-notebook-core-5-210h-24gb-1tb-nv-rtx5060-w11h-off-home-2024-off-365-basic-180hz-ai-chip,https://www.techhypermart.com/image/cache/catalog/laptopnotebook/acer/ANV16S-71-58B0-epp-250x250.png,TechHypermart - Acer,Core 5,NV RTX5060,24GB,24GB,"16""",,,
53567-ACER-NITRO,"Acer Nitro V16S ANV16S-71-58B0-24-1-W11P-EPP 16"" Laptop/ Notebook (Core 5 210H, 24GB, 1TB, NV RTX5060, W11P, Off Home 2024 + Off 365 Basic, 180Hz, AI Chip)",8759.00,"TechHypermart (RM 8,759.00)","TechHypermart: RM 8,759.00",1,https://www.techhypermart.com/notebooks/acer-nitro-v16s-anv16s-71-58b0-24-1-w11p-epp-16-laptop-notebook-core-5-210h-24gb-1tb-nv-rtx5060-w11p-off-home-2024-off-365-basic-180hz-ai-chip,TechHypermart: https://www.techhypermart.com/notebooks/acer-nitro-v16s-anv16s-71-58b0-24-1-w11p-epp-16-laptop-notebook-core-5-210h-24gb-1tb-nv-rtx5060-w11p-off-home-2024-off-365-basic-180hz-ai-chip,https://www.techhypermart.com/image/cache/catalog/laptopnotebook/acer/ANV16S-71-58B0-w11p-epp-250x250.png,TechHypermart - Acer,Core 5,NV RTX5060,24GB,24GB,"16""",,,
53299-ACER-NITRO,"Acer Nitro V16S ANV16S-71-58B0-24-W11 16"" Laptop/ Notebook (Core 5 210H, 24GB, 512GB, NV RTX5060, W11H, Off Home 2024 + Off 365 Basic, 180Hz, AI Chip)",5869.00,"TechHypermart (RM 5,869.00)","TechHypermart: RM 5,869.00",1,https://www.techhypermart.com/notebooks/acer-nitro-v16s-anv16s-71-58b0-24-w11-16-laptop-notebook-core-5-210h-24gb-512gb-nv-rtx5060-w11h-off-home-2024-off-365-basic-180hz-ai-chip,TechHypermart: https://www.techhypermart.com/notebooks/acer-nitro-v16s-anv16s-71-58b0-24-w11-16-laptop-notebook-core-5-210h-24gb-512gb-nv-rtx5060-w11h-off-home-2024-off-365-basic-180hz-ai-chip,https://www.techhypermart.com/image/cache/catalog/laptopnotebook/acer/ANV16S-71-58B0-a-250x250.png,TechHypermart - Acer,Core 5,NV RTX5060,24GB,24GB,"16""",,,
53562-ACER-NITRO,"Acer Nitro V16S ANV16S-71-58B0-24-W11P 16"" Laptop/ Notebook (Core 5 210H, 24GB, 512GB, NV RTX5060, W11P, Off Home 2024 + Off 365 Basic, 180Hz, AI Chip)",6769.00,"TechHypermart (RM 6,769.00)","TechHypermart: RM 6,769.00",1,https://www.techhypermart.com/notebooks/acer-nitro-v16s-anv16s-71-58b0-24-w11p-16-laptop-notebook-core-5-210h-24gb-512gb-nv-rtx5060-w11p-off-home-2024-off-365-basic-180hz-ai-chip,TechHypermart: https://www.techhypermart.com/notebooks/acer-nitro-v16s-anv16s-71-58b0-24-w11p-16-laptop-notebook-core-5-210h-24gb-512gb-nv-rtx5060-w11p-off-home-2024-off-365-basic-180hz-ai-chip,https://www.techhypermart.com/image/cache/catalog/laptopnotebook/acer/ANV16S-71-58B0-w11p-250x250.png,TechHypermart - Acer,Core 5,NV RTX5060,24GB,24GB,"16""",,,
53558-ACER-NITRO,"Acer Nitro V16S ANV16S-71-58B0-32-1-W11-EPP 16"" Laptop/ Notebook (Core 5 210H, 32GB, 1TB, NV RTX5060, W11H, Off Home 2024 + Off 365 Basic, 180Hz, AI Chip)",8449.00,"TechHypermart (RM 8,449.00)","TechHypermart: RM 8,449.00",1,https://www.techhypermart.com/notebooks/acer-nitro-v16s-anv16s-71-58b0-32-1-w11-epp-16-laptop-notebook-core-5-210h-32gb-1tb-nv-rtx5060-w11h-off-home-2024-off-365-basic-180hz-ai-chip,TechHypermart: https://www.techhypermart.com/notebooks/acer-nitro-v16s-anv16s-71-58b0-32-1-w11-epp-16-laptop-notebook-core-5-210h-32gb-1tb-nv-rtx5060-w11h-off-home-2024-off-365-basic-180hz-ai-chip,https://www.techhypermart.com/image/cache/catalog/laptopnotebook/acer/ANV16S-71-58B0-epp-250x250.png,TechHypermart - Acer,Core 5,NV RTX5060,32GB,32GB,"16""",,,
53568-ACER-NITRO,"Acer Nitro V16S ANV16S-71-58B0-32-1-W11P-EPP 16"" Laptop/ Notebook (Core 5 210H, 32GB, 1TB, NV RTX5060, W11P, Off Home 2024 + Off 365 Basic, 180Hz, AI Chip)",9299.00,"TechHypermart (RM 9,299.00)","TechHypermart: RM 9,299.00",1,https://www.techhypermart.com/notebooks/acer-nitro-v16s-anv16s-71-58b0-32-1-w11p-epp-16-laptop-notebook-core-5-210h-32gb-1tb-nv-rtx5060-w11p-off-home-2024-off-365-basic-180hz-ai-chip,TechHypermart: https://www.techhypermart.com/notebooks/acer-nitro-v16s-anv16s-71-58b0-32-1-w11p-epp-16-laptop-notebook-core-5-210h-32gb-1tb-nv-rtx5060-w11p-off-home-2024-off-365-basic-180hz-ai-chip,https://www.techhypermart.com/image/cache/catalog/laptopnotebook/acer/ANV16S-71-58B0-w11p-epp-250x250.png,TechHypermart - Acer,Core 5,NV RTX5060,32GB,32GB,"16""",,,
53301-ACER-NITRO,"Acer Nitro V16S ANV16S-71-58B0-32-W11 16"" Laptop/ Notebook (Core 5 210H, 32GB, 512GB, NV RTX5060, W11H, Off Home 2024 + Off 365 Basic, 180Hz, AI Chip)",6369.00,"TechHypermart (RM 6,369.00)","TechHypermart: RM 6,369.00",1,https://www.techhypermart.com/notebooks/acer-nitro-v16s-anv16s-71-58b0-32-w11-16-laptop-notebook-core-5-210h-32gb-512gb-nv-rtx5060-w11h-off-home-2024-off-365-basic-180hz-ai-chip,TechHypermart: https://www.techhypermart.com/notebooks/acer-nitro-v16s-anv16s-71-58b0-32-w11-16-laptop-notebook-core-5-210h-32gb-512gb-nv-rtx5060-w11h-off-home-2024-off-365-basic-180hz-ai-chip,https://www.techhypermart.com/image/cache/catalog/laptopnotebook/acer/ANV16S-71-58B0-a-250x250.png,TechHypermart - Acer,Core 5,NV RTX5060,32GB,32GB,"16""",,,
53563-ACER-NITRO,"Acer Nitro V16S ANV16S-71-58B0-32-W11P 16"" Laptop/ Notebook (Core 5 210H, 32GB, 512GB, NV RTX5060, W11P, Off Home 2024 + Off 365 Basic, 180Hz, AI Chip)",7269.00,"TechHypermart (RM 7,269.00)","TechHypermart: RM 7,269.00",1,https://www.techhypermart.com/notebooks/acer-nitro-v16s-anv16s-71-58b0-32-w11p-16-laptop-notebook-core-5-210h-32gb-512gb-nv-rtx5060-w11p-off-home-2024-off-365-basic-180hz-ai-chip,TechHypermart: https://www.techhypermart.com/notebooks/acer-nitro-v16s-anv16s-71-58b0-32-w11p-16-laptop-notebook-core-5-210h-32gb-512gb-nv-rtx5060-w11p-off-home-2024-off-365-basic-180hz-ai-chip,https://www.techhypermart.com/image/cache/catalog/laptopnotebook/acer/ANV16S-71-58B0-w11p-250x250.png,TechHypermart - Acer,Core 5,NV RTX5060,32GB,32GB,"16""",,,
53559-ACER-NITRO,"Acer Nitro V16S ANV16S-71-58B0-48-1-W11-EPP 16"" Laptop/ Notebook (Core 5 210H, 48GB, 1TB, NV RTX5060, W11H, Off Home 2024 + Off 365 Basic, 180Hz, AI Chip)",9579.00,"TechHypermart (RM 9,579.00)","TechHypermart: RM 9,579.00",1,https://www.techhypermart.com/notebooks/acer-nitro-v16s-anv16s-71-58b0-48-1-w11-epp-16-laptop-notebook-core-5-210h-48gb-1tb-nv-rtx5060-w11h-off-home-2024-off-365-basic-180hz-ai-chip,TechHypermart: https://www.techhypermart.com/notebooks/acer-nitro-v16s-anv16s-71-58b0-48-1-w11-epp-16-laptop-notebook-core-5-210h-48gb-1tb-nv-rtx5060-w11h-off-home-2024-off-365-basic-180hz-ai-chip,https://www.techhypermart.com/image/cache/catalog/laptopnotebook/acer/ANV16S-71-58B0-epp-250x250.png,TechHypermart - Acer,Core 5,NV RTX5060,48GB,48GB,"16""",,,
53569-ACER-NITRO,"Acer Nitro V16S ANV16S-71-58B0-48-1-W11P-EPP 16"" Laptop/ Notebook (Core 5 210H, 48GB, 1TB, NV RTX5060, W11P, Off Home 2024 + Off 365 Basic, 180Hz, AI Chip)",10429.00,"TechHypermart (RM 10,429.00)","TechHypermart: RM 10,429.00",1,https://www.techhypermart.com/notebooks/acer-nitro-v16s-anv16s-71-58b0-48-1-w11p-epp-16-laptop-notebook-core-5-210h-48gb-1tb-nv-rtx5060-w11p-off-home-2024-off-365-basic-180hz-ai-chip,TechHypermart: https://www.techhypermart.com/notebooks/acer-nitro-v16s-anv16s-71-58b0-48-1-w11p-epp-16-laptop-notebook-core-5-210h-48gb-1tb-nv-rtx5060-w11p-off-home-2024-off-365-basic-180hz-ai-chip,https://www.techhypermart.com/image/cache/catalog/laptopnotebook/acer/ANV16S-71-58B0-w11p-epp-250x250.png,TechHypermart - Acer,Core 5,NV RTX5060,48GB,48GB,"16""",,,
53302-ACER-NITRO,"Acer Nitro V16S ANV16S-71-58B0-48-W11 16"" Laptop/ Notebook (Core 5 210H, 48GB, 512GB, NV RTX5060, W11H, Off Home 2024 + Off 365 Basic, 180Hz, AI Chip)",7519.00,"TechHypermart (RM 7,519.00)","TechHypermart: RM 7,519.00",1,https://www.techhypermart.com/notebooks/acer-nitro-v16s-anv16s-71-58b0-48-w11-16-laptop-notebook-core-5-210h-48gb-512gb-nv-rtx5060-w11h-off-home-2024-off-365-basic-180hz-ai-chip,TechHypermart: https://www.techhypermart.com/notebooks/acer-nitro-v16s-anv16s-71-58b0-48-w11-16-laptop-notebook-core-5-210h-48gb-512gb-nv-rtx5060-w11h-off-home-2024-off-365-basic-180hz-ai-chip,https://www.techhypermart.com/image/cache/catalog/laptopnotebook/acer/ANV16S-71-58B0-a-250x250.png,TechHypermart - Acer,Core 5,NV RTX5060,48GB,48GB,"16""",,,
53564-ACER-NITRO,"Acer Nitro V16S ANV16S-71-58B0-48-W11P 16"" Laptop/ Notebook (Core 5 210H, 48GB, 512GB, NV RTX5060, W11P, Off Home 2024 + Off 365 Basic, 180Hz, AI Chip)",8319.00,"TechHypermart (RM 8,319.00)","TechHypermart: RM 8,319.00",1,https://www.techhypermart.com/notebooks/acer-nitro-v16s-anv16s-71-58b0-48-w11p-16-laptop-notebook-core-5-210h-48gb-512gb-nv-rtx5060-w11p-off-home-2024-off-365-basic-180hz-ai-chip,TechHypermart: https://www.techhypermart.com/notebooks/acer-nitro-v16s-anv16s-71-58b0-48-w11p-16-laptop-notebook-core-5-210h-48gb-512gb-nv-rtx5060-w11p-off-home-2024-off-365-basic-180hz-ai-chip,https://www.techhypermart.com/image/cache/catalog/laptopnotebook/acer/ANV16S-71-58B0-w11p-250x250.png,TechHypermart - Acer,Core 5,NV RTX5060,48GB,48GB,"16""",,,
53560-ACER-NITRO,"Acer Nitro V16S ANV16S-71-58B0-64-1-W11-EPP 16"" Laptop/ Notebook (Core 5 210H, 64GB, 1TB, NV RTX5060, W11H, Off Home 2024 + Off 365 Basic, 180Hz, AI Chip)",12079.00,"TechHypermart (RM 12,079.00)","TechHypermart: RM 12,079.00",1,https://www.techhypermart.com/notebooks/acer-nitro-v16s-anv16s-71-58b0-64-1-w11-epp-16-laptop-notebook-core-5-210h-64gb-1tb-nv-rtx5060-w11h-off-home-2024-off-365-basic-180hz-ai-chip,TechHypermart: https://www.techhypermart.com/notebooks/acer-nitro-v16s-anv16s-71-58b0-64-1-w11-epp-16-laptop-notebook-core-5-210h-64gb-1tb-nv-rtx5060-w11h-off-home-2024-off-365-basic-180hz-ai-chip,https://www.techhypermart.com/image/cache/catalog/laptopnotebook/acer/ANV16S-71-58B0-epp-250x250.png,TechHypermart - Acer,Core 5,NV RTX5060,64GB,64GB,"16""",,,
53570-ACER-NITRO,"Acer Nitro V16S ANV16S-71-58B0-64-1-W11P-EPP 16"" Laptop/ Notebook (Core 5 210H, 64GB, 1TB, NV RTX5060, W11P, Off Home 2024 + Off 365 Basic, 180Hz, AI Chip)",12929.00,"TechHypermart (RM 12,929.00)","TechHypermart: RM 12,929.00",1,https://www.techhypermart.com/notebooks/acer-nitro-v16s-anv16s-71-58b0-64-1-w11p-epp-16-laptop-notebook-core-5-210h-64gb-1tb-nv-rtx5060-w11p-off-home-2024-off-365-basic-180hz-ai-chip,TechHypermart: https://www.techhypermart.com/notebooks/acer-nitro-v16s-anv16s-71-58b0-64-1-w11p-epp-16-laptop-notebook-core-5-210h-64gb-1tb-nv-rtx5060-w11p-off-home-2024-off-365-basic-180hz-ai-chip,https://www.techhypermart.com/image/cache/catalog/laptopnotebook/acer/ANV16S-71-58B0-w11p-epp-250x250.png,TechHypermart - Acer,Core 5,NV RTX5060,64GB,64GB,"16""",,,
53303-ACER-NITRO,"Acer Nitro V16S ANV16S-71-58B0-64-W11 16"" Laptop/ Notebook (Core 5 210H, 64GB, 512GB, NV RTX5060, W11H, Off Home 2024 + Off 365 Basic, 180Hz, AI Chip)",9719.00,"TechHypermart (RM 9,719.00)","TechHypermart: RM 9,719.00",1,https://www.techhypermart.com/notebooks/acer-nitro-v16s-anv16s-71-58b0-64-w11-16-laptop-notebook-core-5-210h-64gb-512gb-nv-rtx5060-w11h-off-home-2024-off-365-basic-180hz-ai-chip,TechHypermart: https://www.techhypermart.com/notebooks/acer-nitro-v16s-anv16s-71-58b0-64-w11-16-laptop-notebook-core-5-210h-64gb-512gb-nv-rtx5060-w11h-off-home-2024-off-365-basic-180hz-ai-chip,https://www.techhypermart.com/image/cache/catalog/laptopnotebook/acer/ANV16S-71-58B0-a-250x250.png,TechHypermart - Acer,Core 5,NV RTX5060,64GB,64GB,"16""",,,
53565-ACER-NITRO,"Acer Nitro V16S ANV16S-71-58B0-64-W11P 16"" Laptop/ Notebook (Core 5 210H, 64GB, 512GB, NV RTX5060, W11P, Off Home 2024 + Off 365 Basic, 180Hz, AI Chip)",10519.00,"TechHypermart (RM 10,519.00)","TechHypermart: RM 10,519.00",1,https://www.techhypermart.com/notebooks/acer-nitro-v16s-anv16s-71-58b0-64-w11p-16-laptop-notebook-core-5-210h-64gb-512gb-nv-rtx5060-w11p-off-home-2024-off-365-basic-180hz-ai-chip,TechHypermart: https://www.techhypermart.com/notebooks/acer-nitro-v16s-anv16s-71-58b0-64-w11p-16-laptop-notebook-core-5-210h-64gb-512gb-nv-rtx5060-w11p-off-home-2024-off-365-basic-180hz-ai-chip,https://www.techhypermart.com/image/cache/catalog/laptopnotebook/acer/ANV16S-71-58B0-w11p-250x250.png,TechHypermart - Acer,Core 5,NV RTX5060,64GB,64GB,"16""",,,
53561-ACER-NITRO,"Acer Nitro V16S ANV16S-71-58B0-W11P 16"" Laptop/ Notebook (Core 5 210H, 16GB, 512GB, NV RTX5060, W11P, Off Home 2024 + Off 365 Basic, 180Hz, AI Chip)",6039.00,"TechHypermart (RM 6,039.00)","TechHypermart: RM 6,039.00",1,https://www.techhypermart.com/notebooks/acer-nitro-v16s-anv16s-71-58b0-w11p-16-laptop-notebook-core-5-210h-16gb-512gb-nv-rtx5060-w11p-off-home-2024-off-365-basic-180hz-ai-chip,TechHypermart: https://www.techhypermart.com/notebooks/acer-nitro-v16s-anv16s-71-58b0-w11p-16-laptop-notebook-core-5-210h-16gb-512gb-nv-rtx5060-w11p-off-home-2024-off-365-basic-180hz-ai-chip,https://www.techhypermart.com/image/cache/catalog/laptopnotebook/acer/ANV16S-71-58B0-w11p-250x250.png,TechHypermart - Acer,Core 5,NV RTX5060,16GB,16GB,"16""",,,
PHN16-I31-551G,"Acer Predator Helios Neo 16 PHN16-I31-551G 16"" Laptop/ Notebook (i5-14450HX, 16GB, 512GB, NV RTX5050, W11H, Off H&S + Off 365 Basic, 180Hz, AI)",6668.00,"TechHypermart (RM 6,668.00)","TechHypermart: RM 6,668.00",1,https://www.techhypermart.com/notebooks/acer-predator-helios-neo-16-phn16-i31-551g-16-laptop-notebook-i5-14450hx-16gb-512gb-nv-rtx5050-w11h-off-h-s-off-365-basic-180hz-ai,TechHypermart: https://www.techhypermart.com/notebooks/acer-predator-helios-neo-16-phn16-i31-551g-16-laptop-notebook-i5-14450hx-16gb-512gb-nv-rtx5050-w11h-off-h-s-off-365-basic-180hz-ai,https://www.techhypermart.com/image/cache/catalog/laptopnotebook/acer/PHN16-I31-551G-a-250x250.png,TechHypermart - Acer,I31-551G-24-1-W11P-EPP,NV RTX5050,16GB,16GB,16,,,
legion5i15gen11_intel®core™u_nvidia®gef_32gbdd_1tbssd,"Legion 5i (15"", Gen 11)",8140.70,"Lenovo Official (RM 8,140.70)","Lenovo Official: RM 8,140.70",1,https://www.lenovo.com/my/en/p/laptops/legion-laptops/legion-series/legion-5i-gen-11-15-inch-intel/83rwcto1wwmy2,Lenovo Official: https://www.lenovo.com/my/en/p/laptops/legion-laptops/legion-series/legion-5i-gen-11-15-inch-intel/83rwcto1wwmy2,https://p3-ofp.static.pub/ShareResource/optimized/pdp/legion/legion-5-series/len101g0050/lenovo-legion-5i-gen-11-15-intel-pdp-gallery-1.4110b84470e37084.png,Lenovo Official,Intel® Core™ Ultra 7 356H Processor (E-cores up to 3.50 GHz P-cores up to 4.70 GHz),NVIDIA® GeForce RTX™ 5050 Laptop GPU 8GB GDDR7,32 GB DDR5-5600MT/s (SODIMM) - (2 x 16 GB),1 TB SSD M.2 2242 PCIe Gen4 TLC,"15.3"" WQXGA (2560 x 1600), OLED, Glare, Non-Touch, HDR 1000 True Black, 100%DCI-P3, 500 nits, 165Hz, Low Blue Light",,,"OS: Windows 11 Home Single Language 64 | Warranty: 1 Year Legion Ultimate Support | The Legion 5i (15"", Gen 11) features a powerful Intel® Core™ Ultra 7 processor and NVIDIA® GeForce RTX™ 5050 GPU. With a stunning 15.3"" OLED display, 32GB DDR5 memory, and 1TB SSD storage, it's perfect for gamers seeking top-tier performance."
yoga7i2in114gen10_intel®core™u_integrated_16gblp_1tbssd,"Yoga 7i 2-in-1 (14'', Gen 10)",4425.95,"Lenovo Official (RM 4,425.95)","Lenovo Official: RM 4,425.95",1,https://www.lenovo.com/my/en/p/laptops/yoga/yoga-2-in-1-series/lenovo-yoga-7i-2-in-1-gen-10-14-inch-intel/83jqcto1wwmy3,Lenovo Official: https://www.lenovo.com/my/en/p/laptops/yoga/yoga-2-in-1-series/lenovo-yoga-7i-2-in-1-gen-10-14-inch-intel/83jqcto1wwmy3,https://p3-ofp.static.pub/ShareResource/optimized/pdp/yoga/yoga-2-in-1-series/len101y0056/yoga-7i-2-in-1-gen-10-14-gallery-1.png,Lenovo Official,Intel® Core™ Ultra 5 226V Processor (LPE-cores up to 3.50 GHz P-cores up to 4.50 GHz / 16 GB MOP),Integrated Graphics,16 GB LPDDR5X-8533MT/s (Memory on Package),1 TB SSD M.2 2242 PCIe Gen4 TLC,"14"" WUXGA (1920 x 1200), IPS, Glare, Touch, 45%NTSC, 300 nits, 60Hz, Glass",,,"OS: Windows 11 Home Single Language 64 | Warranty: 1 Year PremiumCare | The Yoga 7i 2-in-1 (14'', Gen 10) offers a versatile design with a 14"" touch display for creators and everyday use. Powered by an Intel® Core™ Ultra 5 processor, 16GB memory, and 1TB SSD, it ensures smooth performance and ample storage in a sleek Luna Grey finish."
thinkbook14gen9_intel®core™5_integrated_16gbdd_256gbs,ThinkBook 14 Gen 9,4353.15,"Lenovo Official (RM 4,353.15)","Lenovo Official: RM 4,353.15",1,https://www.lenovo.com/my/en/p/laptops/thinkbook/thinkbook-series/lenovo-thinkbook-14-gen-9-14-inch-intel/21uycto1wwmy2,Lenovo Official: https://www.lenovo.com/my/en/p/laptops/thinkbook/thinkbook-series/lenovo-thinkbook-14-gen-9-14-inch-intel/21uycto1wwmy2,https://p2-ofp.static.pub//fes/cms/2025/11/11/rvrvvqu8mffodlq86p2x59gbig8f4x532524.png,Lenovo Official,Intel® Core™ 5 210H Processor (E-cores up to 3.60 GHz P-cores up to 4.80 GHz),Integrated Graphics,16 GB DDR5-5600MT/s (SODIMM),256 GB SSD M.2 2242 PCIe Gen4 TLC,"14"" WUXGA (1920 x 1200), IPS, Anti-Glare, Non-Touch, 45%NTSC, 400 nits, 60Hz",,,"OS: Windows 11 Home Single Language 64 | Warranty: 1 Year Courier or Carry-in | The ThinkBook 14 Gen 9 offers a sleek Arctic Grey design and a vibrant 14"" WUXGA anti-glare display. Powered by Intel® Core™ 5 210H, 16GB DDR5 memory, and 256GB SSD, it ensures smooth multitasking for professionals and SMBs."
21SX003YMA,ThinkPad E14 Gen 7,5767.73,"Lenovo Official (RM 5,767.73)","Lenovo Official: RM 5,767.73",1,https://www.lenovo.com/my/en/p/laptops/thinkpad/thinkpade/thinkpad-e14-gen-7-14-inch-intel/21sx003yma,Lenovo Official: https://www.lenovo.com/my/en/p/laptops/thinkpad/thinkpade/thinkpad-e14-gen-7-14-inch-intel/21sx003yma,https://p4-ofp.static.pub//fes/cms/2025/03/17/eubwnjmjsktduhota8taj547khw5gn883717.png,Lenovo Official,Intel® Core™ Ultra 5 225U Processor (E-cores up to 3.80 GHz P-cores up to 4.80 GHz),Integrated Intel® Graphics,16 GB DDR5-5600MT/s (SODIMM),512 GB SSD M.2 2242 PCIe Gen4 TLC Opal,"14"" WUXGA (1920 x 1200), IPS, Anti-Glare, Non-Touch, 45%NTSC, 300 nits, 60 Hz",,,"OS: Windows 11 Pro 64 | Warranty: 3 Year On-site | The ThinkPad E14 G7 features a 14"" WUXGA display with anti-glare and 300 nits brightness for clear visuals. Powered by an Intel® Core™ Ultra 5 processor, 16GB DDR5 memory, and 512GB SSD, it's ideal for business professionals seeking performance and portability."
legionpro516gen10_amdryzen™787_nvidia®gef_16gbdd_1tbssd,"Legion Pro 5 (16"",  Gen 10)",7139.44,"Lenovo Official (RM 7,139.44)","Lenovo Official: RM 7,139.44",1,https://www.lenovo.com/my/en/p/laptops/legion-laptops/legion-pro-series/legion-pro-5-gen-10-16-inch-amd/83ltcto1wwmy3,Lenovo Official: https://www.lenovo.com/my/en/p/laptops/legion-laptops/legion-pro-series/legion-pro-5-gen-10-16-inch-amd/83ltcto1wwmy3,https://p4-ofp.static.pub//fes/cms/2025/04/04/jiji2singllsx0ge6te3pq1uxsghqs412326.png,Lenovo Official,AMD Ryzen™ 7 8745HX Processor (3.60 GHz up to 5.10 GHz),NVIDIA® GeForce RTX™ 5060 Laptop GPU 8GB GDDR7,16 GB DDR5-5200MT/s (SODIMM),1 TB SSD M.2 2242 PCIe Gen4 TLC,"16"" WQXGA (2560 x 1600), OLED, Glare, Non-Touch, HDR 1000 True Black, 100%DCI-P3, 500 nits, 165Hz, Low Blue Light",,,"OS: Windows 11 Home Single Language 64 | Warranty: 1 Year Legion Ultimate Support | The Legion Pro 5 (16"", Gen 10) offers powerful performance with an AMD Ryzen™ 7 processor, NVIDIA® RTX™ 5060 GPU, and a stunning OLED display. Users praise its exceptional performance, vibrant display, and versatility, making it ideal for gamers and creative professionals."
83HH002GMA,ideapad Chrome Duet 11M889,1974.06,"Lenovo Official (RM 1,974.06)","Lenovo Official: RM 1,974.06",1,https://www.lenovo.com/my/en/p/laptops/lenovo/lenovo-edu-chromebooks/lenovo-chromebook-duet-gen-9-11-inch-mediatek/83hh002gma,Lenovo Official: https://www.lenovo.com/my/en/p/laptops/lenovo/lenovo-edu-chromebooks/lenovo-chromebook-duet-gen-9-11-inch-mediatek/83hh002gma,https://p4-ofp.static.pub//fes/cms/2024/07/29/dik1p1114323csxtbe23f8aaw3i0n0633169.png,Lenovo Official,MediaTek Kompanio 838 Processor (2.60 GHz ),Integrated ARM Mali-G57 MC3 GPU,8 GB LPDDR4X-4266MT/s (Soldered),128 GB eMMC 5.1 TLC,"10.95"" WUXGA (1920 x 1200), IPS, Glare, Touch, 72%NTSC, 400 nits, 60Hz, Glass",,,"OS: ChromeOS | Warranty: 3 Year Depot or Carry-in | The IdeaPad Duet 3 Chromebook is a lightweight detachable notebook with a vibrant 10.95"" WUXGA touch display. Perfect for students, it offers 8GB memory, 128GB storage, Wi-Fi 6, and a Lenovo USI Pen for seamless productivity and creativity."
ideapad315gen8_amdryzen™575_integrated_8gblpd_512gbs,"IdeaPad 3 (15"", Gen 8)",2937.77,"Lenovo Official (RM 2,937.77)","Lenovo Official: RM 2,937.77",1,https://www.lenovo.com/my/en/p/laptops/ideapad/ideapad-3/ideapad-slim-3-gen-8-15-inch-amd/82xq0027mj,Lenovo Official: https://www.lenovo.com/my/en/p/laptops/ideapad/ideapad-3/ideapad-slim-3-gen-8-15-inch-amd/82xq0027mj,https://p2-ofp.static.pub//fes/cms/2024/09/13/0bz9e64gjw7o3i3h8h2ts04cllay0g355215.png,Lenovo Official,AMD Ryzen™ 5 7520U Processor (2.80 GHz up to 4.30 GHz),Integrated AMD Radeon™ 610M,8 GB LPDDR5-5500MT/s (Soldered),512 GB SSD M.2 2242 PCIe QLC,"15.6"" FHD (1920 x 1080), IPS, Anti-Glare, Non-Touch, 45%NTSC, 300 nits, 60Hz, Narrow Bezel",,,"OS: Windows 11 Home 64 Single Language | Warranty: 1 Year PremiumCare | The IdeaPad Slim 3 15AMN8 offers a sleek design with a 15.6"" FHD anti-glare display for immersive visuals. Powered by an AMD Ryzen™ 5 processor, it features 8GB RAM, 512GB SSD, and Wi-Fi 6 for smooth multitasking, making it ideal for students and everyday use."
83RR00STMJ,"IdeaPad Slim 3i (15"", Gen 11)",4263.04,"Lenovo Official (RM 4,263.04)","Lenovo Official: RM 4,263.04",1,https://www.lenovo.com/my/en/p/laptops/ideapad/ideapad-slim-series/lenovo-ideapad-slim-3i-gen-11-15-inch-intel/83rr00stmj,Lenovo Official: https://www.lenovo.com/my/en/p/laptops/ideapad/ideapad-slim-series/lenovo-ideapad-slim-3i-gen-11-15-inch-intel/83rr00stmj,https://p1-ofp.static.pub/ShareResource/optimized/IdeaPad-Slim-3i-Gen11-15-Intel/lenovo-ideapad-slim-3i-gen-11-15-intel-pdp-gallery-1.png,Lenovo Official,Intel® Core™ 5 320 Processor (LPE-cores up to 3.40 GHz P-cores up to 4.60 GHz),Integrated Intel® Graphics,16 GB DDR5-5600MT/s (SODIMM),512 GB SSD M.2 2242 PCIe Gen4 QLC,"15.3"" WUXGA (1920 x 1200), IPS, Anti-Glare, Non-Touch, 45%NTSC, 400 nits, 60 Hz",,,"OS: Windows 11 Home Single Language 64 | Warranty: 1 Year PremiumCare | The IdeaPad Slim 3 15IWC11 offers a sleek, lightweight design with a 15.3"" WUXGA anti-glare display for clear visuals. Equipped with an Intel® Core™ 5 processor, 16GB DDR5 memory, and 512GB SSD, it ensures smooth performance for everyday tasks and entertainment."
83TD006SMJ,Lenovo YOGA 7 2-in-1 14AGP11,4687.36,"Lenovo Official (RM 4,687.36)","Lenovo Official: RM 4,687.36",1,https://www.lenovo.com/my/en/p/laptops/yoga/yoga-2-in-1-series/lenovo-yoga-7a-2-in-1-gen-11-14-inch-amd/83td006smj,Lenovo Official: https://www.lenovo.com/my/en/p/laptops/yoga/yoga-2-in-1-series/lenovo-yoga-7a-2-in-1-gen-11-14-inch-amd/83td006smj,https://p1-ofp.static.pub/ShareResource/optimized/pdp/yoga/yoga-2-in-1-series/len101y0067/lenovo-yoga-7a-2-in-1-gen-11-14-amd-pdp-gallery-1.98736643ff42c877.png,Lenovo Official,AMD Ryzen™ AI 5 430 Processor (2.00 GHz up to 4.50 GHz),Integrated AMD Radeon™ 840M,16 GB LPDDR5X-8000MT/s (Soldered),512 GB SSD M.2 2242 PCIe Gen4 QLC,"14"" WUXGA (1920 x 1200), OLED, Glare, Touch, HDR 500 True Black, 100%DCI-P3, 400 nits, 60 Hz, Glass",,,"OS: Windows 11 Home 64 | Warranty: 2 Year PremiumCare | The Lenovo YOGA 7 2-in-1 offers a stunning 14"" OLED touchscreen with vibrant colors and sharp resolution. Equipped with an AMD Ryzen™ AI 5 processor, 16GB memory, and 512GB SSD, it's perfect for creators and multitaskers. Includes a Yoga Pen Gen 2 and a 2-year PremiumCare warranty for added convenience."
83RR00SWMJ,"IdeaPad Slim 3i (15"", Gen 11)",4787.13,"Lenovo Official (RM 4,787.13)","Lenovo Official: RM 4,787.13",1,https://www.lenovo.com/my/en/p/laptops/ideapad/ideapad-slim-series/lenovo-ideapad-slim-3i-gen-11-15-inch-intel/83rr00swmj,Lenovo Official: https://www.lenovo.com/my/en/p/laptops/ideapad/ideapad-slim-series/lenovo-ideapad-slim-3i-gen-11-15-inch-intel/83rr00swmj,https://p1-ofp.static.pub/ShareResource/optimized/IdeaPad-Slim-3i-Gen11-15-Intel/lenovo-ideapad-slim-3i-gen-11-15-intel-pdp-gallery-1.png,Lenovo Official,Intel® Core™ 7 350 Processor (LPE-cores up to 3.60 GHz P-cores up to 4.80 GHz),Integrated Intel® Graphics,16 GB DDR5-5600MT/s (SODIMM),512 GB SSD M.2 2242 PCIe Gen4 QLC,"15.3"" WUXGA (1920 x 1200), IPS, Anti-Glare, Non-Touch, 45%NTSC, 400 nits, 60 Hz",,,"OS: Windows 11 Home Single Language 64 | Warranty: 1 Year PremiumCare | The IdeaPad Slim 3 15IWC11 offers a sleek design with a 15.3"" anti-glare display and vibrant WUXGA resolution. Equipped with an Intel® Core™ i7 processor, 16GB memory, and 512GB SSD, it's perfect for students and everyday entertainment."
21M3000MMY,ThinkPad E14 AMD G6,4951.59,"Lenovo Official (RM 4,951.59)","Lenovo Official: RM 4,951.59",1,https://www.lenovo.com/my/en/p/laptops/thinkpad/thinkpade/lenovo-thinkpad-e14-gen-6-14-inch-amd/21m3000mmy,Lenovo Official: https://www.lenovo.com/my/en/p/laptops/thinkpad/thinkpade/lenovo-thinkpad-e14-gen-6-14-inch-amd/21m3000mmy,https://p1-ofp.static.pub//fes/cms/2024/04/01/w5xzl0a0vcja2jirmi04tmaxy7nw1g409296.png,Lenovo Official,AMD Ryzen™ 7 7735U Processor (2.70 GHz up to 4.75 GHz),Integrated AMD Radeon™ 680M,16 GB DDR5-4800MT/s (SODIMM),512 GB SSD M.2 2242 PCIe Gen4 TLC Opal,"14"" WUXGA (1920 x 1200), IPS, Anti-Glare, Non-Touch, 45%NTSC, 300 nits, 60 Hz",,,"OS: Windows 11 Pro 64 | Warranty: 3 Year On-site | The ThinkPad E14 is a sleek ultraslim notebook designed for professionals and students. It features an AMD Ryzen™ 7 processor, 16GB DDR5 memory, and a 14"" WUXGA display, making it ideal for multitasking and productivity."
83S6000WMJ,IdeaPad Slim 5 16IPH11 FIFA World Cup 26™ Edition,4977.87,"Lenovo Official (RM 4,977.87)","Lenovo Official: RM 4,977.87",1,https://www.lenovo.com/my/en/p/laptops/ideapad/ideapad-slim-series/lenovo-ideapad-slim-5i-gen-11-16-inch-intel-laptop/83s6000wmj,Lenovo Official: https://www.lenovo.com/my/en/p/laptops/ideapad/ideapad-slim-series/lenovo-ideapad-slim-5i-gen-11-16-inch-intel-laptop/83s6000wmj,https://p3-ofp.static.pub/ShareResource/optimized/pdp/ideapad/ideapad-slim-series/len101i0132/lenovo-ideapad-slim-5i-gen-11-gallery-1.b3c108b21654966e.png,Lenovo Official,Intel® Core™ Ultra 5 325 Processor (LPE-cores up to 3.40 GHz P-cores up to 4.50 GHz),Integrated Intel® Graphics,16 GB DDR5-5600MT/s (SODIMM)(2 x 8 GB),1 TB SSD M.2 2242 PCIe Gen4 QLC,"16"" WUXGA (1920 x 1200), IPS, Anti-Glare, Touch, 100%sRGB, 400 nits, 120 Hz",,,"OS: Windows 11 Home 64 | Warranty: 1 Year PremiumCare | The IdeaPad Slim 5 16IPH11 features a stunning 16"" WUXGA touchscreen with 120Hz refresh rate for smooth visuals. Powered by an Intel® Core™ Ultra 5 processor, it includes 16GB memory, 1TB SSD storage, and Wi-Fi 7 for seamless performance and connectivity."
83TC006BMJ,Yoga 7 2-in-1 14IPH11 (Aura Edition),5210.04,"Lenovo Official (RM 5,210.04)","Lenovo Official: RM 5,210.04",1,https://www.lenovo.com/my/en/p/laptops/yoga/yoga-2-in-1-series/yoga-7i-2-in-1-gen-11-aura-edition-14-inch-intel/83tc006bmj,Lenovo Official: https://www.lenovo.com/my/en/p/laptops/yoga/yoga-2-in-1-series/yoga-7i-2-in-1-gen-11-aura-edition-14-inch-intel/83tc006bmj,https://p4-ofp.static.pub/ShareResource/optimized/pdp/yoga/yoga-2-in-1-series/len101y0071/lenovo-yoga-1-in-2-gen-11-aura-edition-gallery-3.png,Lenovo Official,Intel® Core™ Ultra 5 322 Processor (LPE-cores up to 3.30 GHz P-cores up to 4.40 GHz),Integrated Intel® Graphics,16 GB LPDDR5X-7467MT/s (Soldered),512 GB SSD M.2 2242 PCIe Gen4 QLC,"14"" WUXGA (1920 x 1200), OLED, Glare, Touch, HDR 500 True Black, 100%DCI-P3, 400 nits, 60 Hz, Glass",,,"OS: Windows 11 Home 64 | Warranty: 2 Year PremiumCare | The Lenovo Yoga 7 2-in-1 features a stunning 14"" OLED touchscreen display with vibrant colors and sharp visuals. Designed for creators, it offers a powerful Intel Core Ultra 5 processor, 16GB memory, 512GB SSD, and comes with a Lenovo Yoga Pen Gen 2 for seamless creativity."
21ST0030MA,ThinkPad E16 AMD Gen 3,5385.58,"Lenovo Official (RM 5,385.58)","Lenovo Official: RM 5,385.58",1,https://www.lenovo.com/my/en/p/laptops/thinkpad/thinkpade/lenovo-thinkpad-e16-gen-3-16-inch-amd-laptop/21st0030ma,Lenovo Official: https://www.lenovo.com/my/en/p/laptops/thinkpad/thinkpade/lenovo-thinkpad-e16-gen-3-16-inch-amd-laptop/21st0030ma,https://p3-ofp.static.pub//fes/cms/2025/05/06/6vh5zn0of60qpuju9sg98f2nvtu98f157202.png,Lenovo Official,AMD Ryzen™ 5 230 Processor (3.50 GHz up to 4.90 GHz),Integrated AMD Radeon™ 760M,16 GB DDR5-5600MT/s (SODIMM),512 GB SSD M.2 2242 PCIe Gen4 TLC Opal,"16"" WUXGA (1920 x 1200), IPS, Anti-Glare, Non-Touch, 45%NTSC, 300 nits, 60 Hz",,,"OS: Windows 11 Pro 64 | Warranty: 3 Year On-site | The ThinkPad E16 is a sleek ultraslim notebook designed for productivity and efficiency. It features a powerful AMD Ryzen™ 5 processor, 16GB DDR5 memory, and a 16"" WUXGA anti-glare display, perfect for students or professionals."
21T0003GMA,ThinkPad E14 AMD Gen 7,5413.03,"Lenovo Official (RM 5,413.03)","Lenovo Official: RM 5,413.03",1,https://www.lenovo.com/my/en/p/laptops/thinkpad/thinkpade/lenovo-thinkpad-e14-gen-7-14-inch-amd-laptop/21t0003gma,Lenovo Official: https://www.lenovo.com/my/en/p/laptops/thinkpad/thinkpade/lenovo-thinkpad-e14-gen-7-14-inch-amd-laptop/21t0003gma,https://p1-ofp.static.pub//fes/cms/2025/04/24/ngqu8l7joyxods23wyqywgmhnfrnq0036245.png,Lenovo Official,AMD Ryzen™ 7 250 Processor (3.30 GHz up to 5.10 GHz),Integrated AMD Radeon™ 780M,16 GB DDR5-5600MT/s (SODIMM),512 GB SSD M.2 2242 PCIe Gen4 TLC Opal,"14"" WUXGA (1920 x 1200), IPS, Anti-Glare, Non-Touch, 45%NTSC, 300 nits, 60 Hz",,,"OS: Windows 11 Pro 64 | Warranty: 3 Year On-site | The ThinkPad E14 Gen 7 offers powerful performance with an AMD Ryzen™ 7 processor and 16GB DDR5 memory. Its 14"" WUXGA anti-glare display, 512GB SSD storage, and 3-year on-site warranty make it ideal for business professionals."
83TE002FMJ,Yoga 7 2-in-1 16IPH11 (Aura Edition),5574.27,"Lenovo Official (RM 5,574.27)","Lenovo Official: RM 5,574.27",1,https://www.lenovo.com/my/en/p/laptops/yoga/yoga-2-in-1-series/lenovo-yoga-7i-2-in-1-gen-11-aura-edition-16-inch-intel/83te002fmj,Lenovo Official: https://www.lenovo.com/my/en/p/laptops/yoga/yoga-2-in-1-series/lenovo-yoga-7i-2-in-1-gen-11-aura-edition-16-inch-intel/83te002fmj,https://p2-ofp.static.pub/ShareResource/optimized/pdp/yoga/yoga-2-in-1-series/len101y0072/lenovo-yoga-7i-2-in-1-gen-11-aura-edition-16-intel-gallery-1.597a9136f2bd017d.png,Lenovo Official,Intel® Core™ Ultra 5 322 Processor (LPE-cores up to 3.30 GHz P-cores up to 4.40 GHz),Integrated Intel® Graphics,16 GB LPDDR5X-7467MT/s (Soldered),1 TB SSD M.2 2242 PCIe Gen4 QLC,"16"" WUXGA (1920 x 1200), OLED, Glare, Touch, 100%DCI-P3, 300 nits, 60Hz, Glass",,,"OS: Windows 11 Home 64 | Warranty: 2 Year PremiumCare | The Lenovo YOGA 7 2-in-1 laptop features a 16"" OLED touch display with 100% DCI-P3 color accuracy and a sleek Luna Grey design. It offers powerful performance with an Intel® Core™ Ultra 5 processor, 16GB RAM, 1TB SSD, and includes a Yoga Pen Gen 2 for creators."
21SX0040MA,ThinkPad E14 Gen 7,6617.79,"Lenovo Official (RM 6,617.79)","Lenovo Official: RM 6,617.79",1,https://www.lenovo.com/my/en/p/laptops/thinkpad/thinkpade/thinkpad-e14-gen-7-14-inch-intel/21sx0040ma,Lenovo Official: https://www.lenovo.com/my/en/p/laptops/thinkpad/thinkpade/thinkpad-e14-gen-7-14-inch-intel/21sx0040ma,https://p4-ofp.static.pub//fes/cms/2025/03/17/eubwnjmjsktduhota8taj547khw5gn883717.png,Lenovo Official,Intel® Core™ Ultra 7 255H Processor (E-cores up to 4.40 GHz P-cores up to 5.10 GHz),Integrated Intel® Arc™ 140T GPU,16 GB DDR5-5600MT/s (SODIMM),512 GB SSD M.2 2242 PCIe Gen4 TLC Opal,"14"" WUXGA (1920 x 1200), IPS, Anti-Glare, Non-Touch, 45%NTSC, 300 nits, 60 Hz",,,"OS: Windows 11 Pro 64 | Warranty: 3 Year On-site | The ThinkPad E14 G7 offers a sleek ultraslim design with a 14"" WUXGA anti-glare display for clear visuals. Powered by an Intel® Core™ Ultra 7 processor, 16GB DDR5 memory, and 512GB SSD, it ensures smooth performance for business professionals."
21QC00ACMA,ThinkPad T14 Gen 6,6996.81,"Lenovo Official (RM 6,996.81)","Lenovo Official: RM 6,996.81",1,https://www.lenovo.com/my/en/p/laptops/thinkpad/thinkpadt/thinkpad-t14-gen-6-14-inch-intel/21qc00acma,Lenovo Official: https://www.lenovo.com/my/en/p/laptops/thinkpad/thinkpadt/thinkpad-t14-gen-6-14-inch-intel/21qc00acma,https://p3-ofp.static.pub//fes/cms/2025/04/08/zpltu7p9bnttxx4pxdiqtfbnhjc0pg787928.png,Lenovo Official,Intel® Core™ Ultra 5 225U Processor (E-cores up to 3.80 GHz P-cores up to 4.80 GHz),Integrated Intel® Graphics,16 GB DDR5-5600MT/s (SODIMM),512 GB SSD M.2 2280 PCIe Gen4 Performance TLC Opal,"14"" WUXGA (1920 x 1200), IPS, Anti-Glare, Non-Touch, 45%NTSC, 400 nits, 60 Hz",,,"OS: Windows 11 Pro 64 | Warranty: 3 Year Premier | The ThinkPad T14 G6 offers a sleek ultraslim design with a 14"" WUXGA anti-glare display for vibrant visuals. Equipped with an Intel® Core™ Ultra 5 processor, 16GB DDR5 memory, and 512GB SSD, it's perfect for professionals seeking performance and portability."
21QX00L0MA,ThinkPad T14s Gen 6,7010.20,"Lenovo Official (RM 7,010.20)","Lenovo Official: RM 7,010.20",1,https://www.lenovo.com/my/en/p/laptops/thinkpad/thinkpadt/thinkpad-t14s-gen-6-14-inch-intel/21qx00l0ma,Lenovo Official: https://www.lenovo.com/my/en/p/laptops/thinkpad/thinkpadt/thinkpad-t14s-gen-6-14-inch-intel/21qx00l0ma,https://p1-ofp.static.pub/ShareResource/optimized/pdp/thinkpad/thinkpad-t-series/len101t0113/lenovo-thinkpad-t14s-gen-6-intel-pdp-gallery-1.png,Lenovo Official,Intel® Core™ Ultra 5 228V Processor (LPE-cores up to 3.50 GHz P-cores up to 4.50 GHz / 32 GB MOP),Integrated Intel® Arc™ 130V GPU,32 GB LPDDR5X-8533MT/s (Memory on Package),512 GB SSD M.2 2280 PCIe Gen4 TLC Opal,"14"" WUXGA (1920 x 1200), IPS, Anti-Glare, Non-Touch, 100%sRGB, 500 nits, 60 Hz, Low Power",,,"OS: Windows 11 Pro 64 | Warranty: 3 Year Premier | The ThinkPad T14s G6 offers a sleek, ultraslim design with a 14"" WUXGA display and 100% sRGB color accuracy. Powered by an Intel® Core™ Ultra 5 processor, 32GB memory, and 512GB SSD, it's perfect for professionals seeking performance and portability."
21QG003HMA,ThinkPad T14 Gen 6,7039.19,"Lenovo Official (RM 7,039.19)","Lenovo Official: RM 7,039.19",1,https://www.lenovo.com/my/en/p/laptops/thinkpad/thinkpadt/thinkpad-t14-gen-6-14-inch-intel/21qg003hma,Lenovo Official: https://www.lenovo.com/my/en/p/laptops/thinkpad/thinkpadt/thinkpad-t14-gen-6-14-inch-intel/21qg003hma,https://p3-ofp.static.pub/ShareResource/optimized/pdp/thinkpad/thinkpad-t-series/len101t0127/thinkpad-t14-gen-6-14-gallery-1.png,Lenovo Official,Intel® Core™ Ultra 5 228V Processor (LPE-cores up to 3.50 GHz P-cores up to 4.50 GHz / 32 GB MOP),Integrated Intel® Arc™ 130V GPU,32 GB LPDDR5X-8533MT/s (Memory on Package),512 GB SSD M.2 2280 PCIe Gen5 Performance TLC Opal,"14"" WUXGA (1920 x 1200), IPS, Anti-Glare, Non-Touch, 45%NTSC, 400 nits, 60 Hz",,,"OS: Windows 11 Pro 64 | Warranty: 3 Year Premier | The ThinkPad T14 G6 is a sleek, ultraslim notebook designed for business professionals. It features a powerful Intel® Core™ Ultra 5 processor, 32GB memory, 512GB SSD, and a 14"" WUXGA anti-glare display. Enhanced with a fingerprint reader, Wi-Fi 7, and a 3-year premier warranty, it ensures security and reliability for work."
83JE0150MJ,Lenovo LOQ 15IRX10,7207.54,"Lenovo Official (RM 7,207.54)","Lenovo Official: RM 7,207.54",1,https://www.lenovo.com/my/en/p/laptops/loq-laptops/lenovo-loq-15irx10/83je0150mj,Lenovo Official: https://www.lenovo.com/my/en/p/laptops/loq-laptops/lenovo-loq-15irx10/83je0150mj,https://p4-ofp.static.pub//fes/cms/2025/04/17/tjqnzgwjdqgo3v4oi2t7th220j7yfe098771.png,Lenovo Official,14th Generation Intel® Core™ i7-14700HX Processor (E-cores up to 3.90 GHz P-cores up to 5.50 GHz),NVIDIA® Geforce RTX™ 5060 Laptop GPU 8GB GDDR7,24 GB DDR5-5600MT/s (SODIMM),1 TB SSD M.2 2242 PCIe Gen4 QLC,"15.6"" FHD (1920 x 1080), IPS, Anti-Glare, Non-Touch, 100%sRGB, 300 nits, 144 Hz",,,"OS: Windows 11 Home Single Language 64 | Warranty: 2 Year PremiumCare | The Lenovo LOQ offers powerful performance with a 14th Gen Intel Core i7 processor and NVIDIA RTX 5060 graphics. With a 15.6"" FHD display, 24GB DDR5 memory, and 1TB SSD storage, this laptop is perfect for gamers seeking speed and clarity."
83Q6006UMJ,"Legion 5 (15"", Gen 11)",7286.56,"Lenovo Official (RM 7,286.56)","Lenovo Official: RM 7,286.56",1,https://www.lenovo.com/my/en/p/laptops/legion-laptops/legion-series/lenovo-legion-5a-gen-11-15-inch-amd/83q6006umj,Lenovo Official: https://www.lenovo.com/my/en/p/laptops/legion-laptops/legion-series/lenovo-legion-5a-gen-11-15-inch-amd/83q6006umj,https://p2-ofp.static.pub/ShareResource/optimized/pdp/legion/legion-5-series/len101g0048/lenovo-legion-5a-gen-11-15-pdp-gallery-1.png,Lenovo Official,AMD Ryzen™ AI 7 450 Processor (2.00 GHz up to 5.10 GHz),NVIDIA® Geforce RTX™ 5060 Laptop GPU 8GB GDDR7,16 GB DDR5-5600MT/s (SODIMM),1 TB SSD M.2 2242 PCIe Gen4 TLC,"15.3"" WQXGA (2560 x 1600), OLED, Glare, Non-Touch, HDR 1000 True Black, 100%DCI-P3, 500 nits, 165 Hz, Low Blue Light",,,"OS: Windows 11 Home 64 | Warranty: 2 Year Legion Ultimate Support | The Lenovo Legion 5 offers a stunning 15.3-inch OLED display with vibrant colors and smooth 165Hz refresh rate. Powered by an AMD Ryzen AI 7 processor and NVIDIA GeForce RTX 5060 GPU, it's perfect for gamers seeking high performance."
83QK007SMJ,"Yoga Slim 7i Ultra Aura Edition (14"", Gen 11)",7439.05,"Lenovo Official (RM 7,439.05)","Lenovo Official: RM 7,439.05",1,https://www.lenovo.com/my/en/p/laptops/yoga/yoga-slim-series/lenovo-yoga-slim-7i-ultra-gen-11-aura-edition-14-inch-intel/83qk007smj,Lenovo Official: https://www.lenovo.com/my/en/p/laptops/yoga/yoga-slim-series/lenovo-yoga-slim-7i-ultra-gen-11-aura-edition-14-inch-intel/83qk007smj,https://p3-ofp.static.pub/ShareResource/optimized/pdp/yoga/yoga-slim-series/len101y0064/lenovo-yoga-slim-7i-ultra-gen-11-aura-edition-14-gallery-1.e9ad0b26a98208a5.png,Lenovo Official,Intel® Core™ Ultra 7 355 Processor (LPE-cores up to 3.50 GHz P-cores up to 4.70 GHz),Integrated Intel® Graphics,32 GB LPDDR5X-7467MT/s (Soldered),1 TB SSD M.2 2242 PCIe Gen4 TLC,"14"" 2.8K (2880 x 1800), OLED, Glare, Touch, HDR 1000 True Black, 100%DCI-P3, 1100 nits (HDR Peak)/500 nits (SDR Typical), 120 Hz, Glass",,,"OS: Windows 11 Home 64 | Warranty: 2 Year PremiumCare | The Lenovo YOGA Slim 7 Ultra offers a stunning 14"" 2.8K OLED touchscreen with vibrant colors and smooth 120Hz refresh rate. Designed for creators, it features 32GB memory, 1TB SSD storage, and a powerful Intel® Core™ Ultra 7 processor, ensuring seamless performance."
83TC006NMJ,Yoga 7 2-in-1 14IPH11 (Aura Edition),7594.73,"Lenovo Official (RM 7,594.73)","Lenovo Official: RM 7,594.73",1,https://www.lenovo.com/my/en/p/laptops/yoga/yoga-2-in-1-series/yoga-7i-2-in-1-gen-11-aura-edition-14-inch-intel/83tc006nmj,Lenovo Official: https://www.lenovo.com/my/en/p/laptops/yoga/yoga-2-in-1-series/yoga-7i-2-in-1-gen-11-aura-edition-14-inch-intel/83tc006nmj,https://p4-ofp.static.pub/ShareResource/optimized/pdp/yoga/yoga-2-in-1-series/len101y0071/lenovo-yoga-1-in-2-gen-11-aura-edition-gallery-3.png,Lenovo Official,Intel® Core™ Ultra 7 355 Processor (LPE-cores up to 3.50 GHz P-cores up to 4.70 GHz),Integrated Intel® Graphics,32 GB LPDDR5X-7467MT/s (Soldered),1 TB SSD M.2 2242 PCIe Gen4 QLC,"14"" WUXGA (1920 x 1200), OLED, Glare, Touch, HDR 500 True Black, 100%DCI-P3, 400 nits, 60 Hz, Glass",,,"OS: Windows 11 Home 64 | Warranty: 2 Year PremiumCare | The Lenovo YOGA 7 2-in-1 offers a stunning 14"" OLED touch display with vibrant colors and HDR support. Equipped with an Intel® Core™ Ultra 7 processor, 32GB memory, and 1TB SSD, it's perfect for creators seeking performance and versatility."
21QX00L7MA,ThinkPad T14s Gen 6,7635.78,"Lenovo Official (RM 7,635.78)","Lenovo Official: RM 7,635.78",1,https://www.lenovo.com/my/en/p/laptops/thinkpad/thinkpadt/thinkpad-t14s-gen-6-14-inch-intel/21qx00l7ma,Lenovo Official: https://www.lenovo.com/my/en/p/laptops/thinkpad/thinkpadt/thinkpad-t14s-gen-6-14-inch-intel/21qx00l7ma,https://p1-ofp.static.pub/ShareResource/optimized/pdp/thinkpad/thinkpad-t-series/len101t0113/lenovo-thinkpad-t14s-gen-6-intel-pdp-gallery-1.png,Lenovo Official,Intel® Core™ Ultra 7 258V Processor (LPE-cores up to 3.70 GHz P-cores up to 4.80 GHz / 32 GB MOP),Integrated Intel® Arc™ 140V GPU,32 GB LPDDR5X-8533MT/s (Memory on Package),512 GB SSD M.2 2280 PCIe Gen4 TLC Opal,"14"" WUXGA (1920 x 1200), IPS, Anti-Glare, Non-Touch, 100%sRGB, 500 nits, 60 Hz, Low Power",,,"OS: Windows 11 Pro 64 | Warranty: 3 Year Premier | The ThinkPad T14s G6 is a lightweight and powerful laptop designed for business professionals. It features a 14"" WUXGA display, Intel® Core™ Ultra 7 processor, 32GB memory, 512GB SSD, and advanced security with a fingerprint reader."
83QK001AMJ,Yoga Slim Ultra 7 14IPH11 FIFA World Cup 26™ Edition,7651.01,"Lenovo Official (RM 7,651.01)","Lenovo Official: RM 7,651.01",1,https://www.lenovo.com/my/en/p/laptops/yoga/yoga-slim-series/lenovo-yoga-slim-7i-ultra-gen-11-aura-edition-14-inch-intel/83qk001amj,Lenovo Official: https://www.lenovo.com/my/en/p/laptops/yoga/yoga-slim-series/lenovo-yoga-slim-7i-ultra-gen-11-aura-edition-14-inch-intel/83qk001amj,https://p3-ofp.static.pub/ShareResource/optimized/pdp/yoga/yoga-slim-series/len101y0064/lenovo-yoga-slim-7i-ultra-gen-11-aura-edition-14-gallery-1.e9ad0b26a98208a5.png,Lenovo Official,Intel® Core™ Ultra 7 355 Processor (LPE-cores up to 3.50 GHz P-cores up to 4.70 GHz),Integrated Intel® Graphics,32 GB LPDDR5X-7467MT/s (Soldered),1 TB SSD M.2 2242 PCIe Gen4 TLC,"14"" 2.8K (2880 x 1800), OLED, Glare, Touch, HDR 1000 True Black, 100%DCI-P3, 1100 nits (HDR Peak)/500 nits (SDR Typical), 120 Hz, Glass",,,"OS: Windows 11 Home 64 | Warranty: 2 Year PremiumCare | The Lenovo YOGA Slim 7 Ultra offers a stunning 14-inch 2.8K OLED touch display with vibrant colors and smooth 120Hz refresh rate. Designed for creators, it features a powerful Intel Core Ultra 7 processor, 32GB memory, 1TB SSD, and Wi-Fi 7 for seamless performance."
83RW0034MJ,"Legion 5i (15"", Gen 11)",8669.53,"Lenovo Official (RM 8,669.53)","Lenovo Official: RM 8,669.53",1,https://www.lenovo.com/my/en/p/laptops/legion-laptops/legion-series/legion-5i-gen-11-15-inch-intel/83rw0034mj,Lenovo Official: https://www.lenovo.com/my/en/p/laptops/legion-laptops/legion-series/legion-5i-gen-11-15-inch-intel/83rw0034mj,https://p3-ofp.static.pub/ShareResource/optimized/pdp/legion/legion-5-series/len101g0050/lenovo-legion-5i-gen-11-15-intel-pdp-gallery-1.4110b84470e37084.png,Lenovo Official,Intel® Core™ Ultra 7 356H Processor (E-cores up to 3.50 GHz P-cores up to 4.70 GHz),NVIDIA® Geforce RTX™ 5060 Laptop GPU 8GB GDDR7,32 GB DDR5-5600MT/s (SODIMM)(2 x 16 GB),1 TB SSD M.2 2242 PCIe Gen4 TLC,"15.3"" WQXGA (2560 x 1600), OLED, Glare, Non-Touch, HDR 1000 True Black, 100%DCI-P3, 500 nits, 165 Hz",,,"OS: Windows 11 Home 64 | Warranty: 2 Year Legion Ultimate Support | The Lenovo Legion 5 is a powerful gaming laptop with an Intel® Core™ Ultra 7 processor and NVIDIA® Geforce RTX™ 5060 GPU. It features a stunning 15.3"" WQXGA OLED display with 165Hz refresh rate, 32GB DDR5 memory, 1TB SSD storage, and Wi-Fi 7 connectivity."
21QG003GMA,ThinkPad T14 Gen 6,8711.81,"Lenovo Official (RM 8,711.81)","Lenovo Official: RM 8,711.81",1,https://www.lenovo.com/my/en/p/laptops/thinkpad/thinkpadt/thinkpad-t14-gen-6-14-inch-intel/21qg003gma,Lenovo Official: https://www.lenovo.com/my/en/p/laptops/thinkpad/thinkpadt/thinkpad-t14-gen-6-14-inch-intel/21qg003gma,https://p3-ofp.static.pub/ShareResource/optimized/pdp/thinkpad/thinkpad-t-series/len101t0127/thinkpad-t14-gen-6-14-gallery-1.png,Lenovo Official,Intel® Core™ Ultra 7 258V Processor (LPE-cores up to 3.70 GHz P-cores up to 4.80 GHz / 32 GB MOP),Integrated Intel® Arc™ 140V GPU,32 GB LPDDR5X-8533MT/s (Memory on Package),1 TB SSD M.2 2280 PCIe Gen5 Performance TLC Opal,"14"" WUXGA (1920 x 1200), IPS, Anti-Glare, Non-Touch, 45%NTSC, 400 nits, 60 Hz",,,"OS: Windows 11 Pro 64 | Warranty: 3 Year Premier | The ThinkPad T14 G6 offers powerful performance with Intel® Core™ Ultra 7 processor and 32 GB memory. Its 14"" WUXGA anti-glare display, 1 TB SSD storage, and 3-year warranty make it ideal for business professionals seeking reliability."
83KY005KMJ,"Legion 7i (16"", Gen 10)",10498.91,"Lenovo Official (RM 10,498.91)","Lenovo Official: RM 10,498.91",1,https://www.lenovo.com/my/en/p/laptops/legion-laptops/legion-series/lenovo-legion-7i-gen-10-16-inch-intel/83ky005kmj,Lenovo Official: https://www.lenovo.com/my/en/p/laptops/legion-laptops/legion-series/lenovo-legion-7i-gen-10-16-inch-intel/83ky005kmj,https://p4-ofp.static.pub//fes/cms/2025/04/29/6fjgbwegzc4uq5d36igr9a7mldtfew006739.png,Lenovo Official,Intel® Core™ Ultra 9 275HX Processor (E-cores up to 4.60 GHz P-cores up to 5.40 GHz),NVIDIA® Geforce RTX™ 5070 Laptop GPU 8GB GDDR7,32 GB DDR5-5600MT/s (SODIMM)(2 x 16 GB),1 TB SSD M.2 2242 PCIe Gen4 TLC,"16"" WQXGA (2560 x 1600), OLED, Glare, Non-Touch, HDR 1000 True Black, 100%DCI-P3, 500 nits, 240 Hz, Low Blue Light",,,"OS: Windows 11 Home Single Language 64 | Warranty: 3 Year Legion Ultimate Support | The Lenovo Legion 7 offers a stunning 16"" OLED display with 240Hz refresh rate for immersive visuals. Powered by an Intel® Core™ Ultra 9 processor and NVIDIA® RTX™ 5070 GPU, it's perfect for gamers seeking top-tier performance."
21QT004GMA,Mobile Workstation P14s Gen 6,11029.14,"Lenovo Official (RM 11,029.14)","Lenovo Official: RM 11,029.14",1,https://www.lenovo.com/my/en/p/laptops/thinkpad/thinkpadp/lenovo-thinkpad-p14s-gen-6-14-inch-intel-mobile-workstation/21qt004gma,Lenovo Official: https://www.lenovo.com/my/en/p/laptops/thinkpad/thinkpadp/lenovo-thinkpad-p14s-gen-6-14-inch-intel-mobile-workstation/21qt004gma,https://p1-ofp.static.pub//fes/cms/2025/08/14/9mv2od3aa0dlrr30uoe6lbwq87ilrz683770.png,Lenovo Official,Intel® Core™ Ultra 7 255H Processor (E-cores up to 4.40 GHz P-cores up to 5.10 GHz),NVIDIA RTX PRO™ 500 Blackwell Laptop GPU 6GB GDDR7,32 GB DDR5-5600MT/s (SODIMM),1 TB SSD M.2 2280 PCIe Gen5 Performance TLC Opal,"14.5"" WUXGA (1920 x 1200), IPS, Anti-Glare, Non-Touch, 45%NTSC, 400 nits, 60 Hz",,,"OS: Windows 11 Pro 64 | Warranty: 3 Year Premier | The Mobile Workstation P14s G6 is an ultraslim notebook designed for professionals. It features a powerful Intel® Core™ Ultra 7 processor, NVIDIA RTX PRO™ graphics, 32GB memory, and a 1TB SSD for seamless multitasking and storage."
21NS00NVMA,ThinkPad X1 Carbon Gen 13,11878.56,"Lenovo Official (RM 11,878.56)","Lenovo Official: RM 11,878.56",1,https://www.lenovo.com/my/en/p/laptops/thinkpad/thinkpadx1/thinkpad-x1-carbon-gen-13-aura-edition-14-inch-intel/21ns00nvma,Lenovo Official: https://www.lenovo.com/my/en/p/laptops/thinkpad/thinkpadx1/thinkpad-x1-carbon-gen-13-aura-edition-14-inch-intel/21ns00nvma,https://p4-ofp.static.pub/ShareResource/cap/image/thinkpad-x1-len101t0108-01.jpg,Lenovo Official,Intel® Core™ Ultra 7 258V Processor (LPE-cores up to 3.70 GHz P-cores up to 4.80 GHz / 32 GB MOP),Integrated Intel® Arc™ 140V GPU,32 GB LPDDR5X-8533MT/s (Memory on Package),1 TB SSD M.2 2280 PCIe Gen5 Performance TLC Opal,"14"" 2.8K (2880 x 1800), OLED, Anti-Glare/Anti-Reflection/Anti-Smudge, Non-Touch, HDR 500, 100%DCI-P3, 500 nits, VRR 30-120 Hz, Low Blue Light",,,"OS: Windows 11 Pro 64 | Warranty: 3 Year Premier Support Plus | The ThinkPad X1 Carbon G13 offers a sleek, ultraslim design with a stunning 14"" 2.8K OLED display for vibrant visuals. Equipped with an Intel® Core™ Ultra 7 processor, 32GB memory, and 1TB SSD, it ensures powerful performance for business professionals."
21QV004BMA,Mobile Workstation P16s Gen 4,12093.31,"Lenovo Official (RM 12,093.31)","Lenovo Official: RM 12,093.31",1,https://www.lenovo.com/my/en/p/laptops/thinkpad/thinkpadp/lenovo-thinkpad-p16s-gen-4-16-inch-intel-mobile-workstation/21qv004bma,Lenovo Official: https://www.lenovo.com/my/en/p/laptops/thinkpad/thinkpadp/lenovo-thinkpad-p16s-gen-4-16-inch-intel-mobile-workstation/21qv004bma,https://p3-ofp.static.pub//fes/cms/2025/08/11/8vvmljl9y3ar87oa5rumz427bzvmdd032364.png,Lenovo Official,Intel® Core™ Ultra 7 255H Processor (E-cores up to 4.40 GHz P-cores up to 5.10 GHz),NVIDIA RTX PRO™ 500 Blackwell Laptop GPU 6GB GDDR7,32 GB DDR5-5600MT/s (SODIMM),1 TB SSD M.2 2280 PCIe Gen5 Performance TLC Opal,"16"" WUXGA (1920 x 1200), IPS, Anti-Glare, Non-Touch, 45%NTSC, 400 nits, 60 Hz",,,"OS: Windows 11 Pro 64 | Warranty: 3 Year Premier | The Mobile Workstation P16s G4 offers powerful performance with an Intel® Core™ Ultra 7 processor and NVIDIA RTX PRO™ 500 GPU. It features a 16"" WUXGA display, 32GB DDR5 memory, 1TB SSD storage, and enhanced security with a fingerprint reader, ideal for professionals."
21QV004AMA,Mobile Workstation P16s Gen 4,13514.51,"Lenovo Official (RM 13,514.51)","Lenovo Official: RM 13,514.51",1,https://www.lenovo.com/my/en/p/laptops/thinkpad/thinkpadp/lenovo-thinkpad-p16s-gen-4-16-inch-intel-mobile-workstation/21qv004ama,Lenovo Official: https://www.lenovo.com/my/en/p/laptops/thinkpad/thinkpadp/lenovo-thinkpad-p16s-gen-4-16-inch-intel-mobile-workstation/21qv004ama,https://p3-ofp.static.pub//fes/cms/2025/08/11/8vvmljl9y3ar87oa5rumz427bzvmdd032364.png,Lenovo Official,Intel® Core™ Ultra 7 265H vPro® Processor (E-cores up to 4.50 GHz P-cores up to 5.30 GHz),NVIDIA RTX PRO™ 1000 Blackwell Laptop GPU 8GB GDDR7,32 GB DDR5-5600MT/s (SODIMM),1 TB SSD M.2 2280 PCIe Gen5 Performance TLC Opal,"16"" WUXGA (1920 x 1200), IPS, Anti-Glare, Non-Touch, 45%NTSC, 400 nits, 60 Hz",,,"OS: Windows 11 Pro 64 | Warranty: 3 Year Premier | The ThinkPad P16s G4 is a powerful mobile workstation with a sleek ultraslim design. It features a 16"" WUXGA display, Intel® Core™ Ultra 7 processor, NVIDIA RTX PRO™ graphics, 32GB memory, and 1TB SSD storage, making it ideal for creators and professionals."
21FAS1C600,ThinkPad P16 Gen 2,18271.47,"Lenovo Official (RM 18,271.47)","Lenovo Official: RM 18,271.47",1,https://www.lenovo.com/my/en/p/laptops/thinkpad/thinkpadp/thinkpad-p16-gen-2-16-inch-intel/21fas1c600,Lenovo Official: https://www.lenovo.com/my/en/p/laptops/thinkpad/thinkpadp/thinkpad-p16-gen-2-16-inch-intel/21fas1c600,https://p3-ofp.static.pub//fes/cms/2024/04/29/jit7rjoi02lejpjf40kbd57w1dok2j502255.png,Lenovo Official,13th Generation Intel® Core™ i9-13980HX Processor (E-cores up to 4.00 GHz P-cores up to 5.60 GHz),NVIDIA RTX™ 1000 Ada Generation Laptop GPU 6GB GDDR6,32 GB DDR5-5600MT/s (SODIMM)(2 x 16 GB),4 TB SSD M.2 2280 PCIe Gen4 Performance TLC Opal,"16"" WQXGA (2560 x 1600), IPS, Anti-Glare, Non-Touch, 100%sRGB, 500 nits, 165Hz, Low Blue Light",,,"OS: Windows 11 Pro 64 | Warranty: 3 Year Premier | The ThinkPad P16 G2 is a powerful mobile workstation designed for creators and professionals. It features a 13th Gen Intel® Core™ i9 processor, 32GB RAM, 4TB SSD, NVIDIA RTX™ 1000 GPU, and a stunning 16"" WQXGA display for seamless performance and visuals."
thinkbook16gen9_amdryzen™522_integrated_8gbddr_256gbs,ThinkBook 16 Gen 9,3600.86,"Lenovo Official (RM 3,600.86)","Lenovo Official: RM 3,600.86",1,https://www.lenovo.com/my/en/p/laptops/thinkbook/thinkbook-series/lenovo-thinkbook-16-gen-9-16-inch-amd/21utcto1wwmy2,Lenovo Official: https://www.lenovo.com/my/en/p/laptops/thinkbook/thinkbook-series/lenovo-thinkbook-16-gen-9-16-inch-amd/21utcto1wwmy2,https://p1-ofp.static.pub//fes/cms/2025/10/31/368xchjd8ujz7l8upvqetezfujuqcb068985.png,Lenovo Official,AMD Ryzen™ 5 220 Processor (3.20 GHz up to 4.90 GHz),Integrated Graphics,8 GB DDR5-5600MT/s (SODIMM),256 GB SSD M.2 2242 PCIe Gen4 TLC,"16"" WUXGA (1920 x 1200), IPS, Anti-Glare, Non-Touch, 45%NTSC, 400 nits, 60Hz",,,"OS: Windows 11 Home Single Language 64 | Warranty: 1 Year Courier or Carry-in | The ThinkBook 16 Gen 9 offers a 16"" WUXGA display with anti-glare and 400 nits brightness for clear visuals. Powered by an AMD Ryzen™ 5 processor, it features 8GB DDR5 memory, 256GB SSD storage, and a backlit keyboard, ideal for business professionals."
thinkpade16gen3amd_amdryzen™522_integrated_8gbddr_256gbs,ThinkPad E16 Gen 3 (AMD),3776.87,"Lenovo Official (RM 3,776.87)","Lenovo Official: RM 3,776.87",1,https://www.lenovo.com/my/en/p/laptops/thinkpad/thinkpade/lenovo-thinkpad-e16-gen-3-16-inch-amd-laptop/21stcto1wwmy2,Lenovo Official: https://www.lenovo.com/my/en/p/laptops/thinkpad/thinkpade/lenovo-thinkpad-e16-gen-3-16-inch-amd-laptop/21stcto1wwmy2,https://p3-ofp.static.pub//fes/cms/2025/05/06/6vh5zn0of60qpuju9sg98f2nvtu98f157202.png,Lenovo Official,AMD Ryzen™ 5 220 Processor (3.20 GHz up to 4.90 GHz),Integrated Graphics,8 GB DDR5-5600MT/s (SODIMM),256 GB SSD M.2 2242 PCIe Gen4 TLC Opal,"16"" WUXGA (1920 x 1200), IPS, Anti-Glare, Non-Touch, 45%NTSC, 300 nits, 60Hz",,,"OS: Windows 11 Home 64 | Warranty: 1 Year Courier or Carry-in | The ThinkPad E16 Gen 3 (AMD) offers a durable build, a comfortable keyboard, and smooth multitasking with its fast processor. Users praise its reliability and performance, making it an excellent choice for business professionals and daily workflows."
ideapad5a2in114gen11_amdryzen™ai5_integrated_16gbdd_512gbs,"IdeaPad 5a 2-in-1 (14"", Gen 11)",3984.00,"Lenovo Official (RM 3,984.00)","Lenovo Official: RM 3,984.00",1,https://www.lenovo.com/my/en/p/laptops/ideapad/ideapad-2-in-1-series/ideapad-5a-2-in-1-gen-11-14-inch-amd/83uhcto1wwmy2,Lenovo Official: https://www.lenovo.com/my/en/p/laptops/ideapad/ideapad-2-in-1-series/ideapad-5a-2-in-1-gen-11-14-inch-amd/83uhcto1wwmy2,https://p3-ofp.static.pub/ShareResource/optimized/pdp/ideapad/ideapad-2-in-1-series/len101i0144/lenovo-ideapad-5a-2-in-1-gen-11-14-amd-pdp-gallery-1.2244d0aa6ed421a5.png,Lenovo Official,AMD Ryzen™ AI 5 430 Processor (2.00 GHz up to 4.50 GHz),Integrated Graphics,16 GB DDR5-5600MT/s (SODIMM) - (2 x 8 GB),512 GB SSD M.2 2242 PCIe Gen4 QLC,"14"" WUXGA (1920 x 1200), IPS, Glare, Touch, 45%NTSC, 400 nits, 60Hz, Glass",,,"OS: Windows 11 Home Single Language 64 | Warranty: 1 Year Carry-in | The IdeaPad 5a 2-in-1 (14"", Gen 11) offers a versatile design with a 14"" WUXGA touch display and sleek Luna Grey finish. Powered by an AMD Ryzen™ AI 5 430 Processor, 16GB DDR5 memory, and 512GB SSD, it's perfect for students and everyday use. Wi-Fi 6 and Bluetooth® 5.3 ensure seamless connectivity."
thinkbook16gen8_intel®core™u_integrated_8gbddr_256gbs,ThinkBook 16 Gen 8,4031.72,"Lenovo Official (RM 4,031.72)","Lenovo Official: RM 4,031.72",1,https://www.lenovo.com/my/en/p/laptops/thinkbook/thinkbook-series/lenovo-thinkbook-16-gen-8-16-inch-intel/21skcto1wwmy3,Lenovo Official: https://www.lenovo.com/my/en/p/laptops/thinkbook/thinkbook-series/lenovo-thinkbook-16-gen-8-16-inch-intel/21skcto1wwmy3,https://p4-ofp.static.pub//fes/cms/2025/01/15/109wcm0ihbqeuihmi7qlwpyl50oxy2108880.png,Lenovo Official,Intel® Core™ Ultra 5 225U Processor (E-cores up to 3.80 GHz P-cores up to 4.80 GHz),Integrated Graphics,8 GB DDR5-5600MT/s (SODIMM),256 GB SSD M.2 2242 PCIe Gen4 TLC,"16"" WUXGA (1920 x 1200), IPS, Anti-Glare, Non-Touch, 45%NTSC, 300 nits, 60Hz",,,"OS: Windows 11 Home Single Language 64 | Warranty: 1 Year On-site | The ThinkBook 16 Gen 8 offers a sleek Arctic Grey design with a 16"" WUXGA anti-glare display for vibrant visuals. Powered by an Intel® Core™ Ultra 5 processor, it features 8GB DDR5 memory, 256GB SSD storage, and Wi-Fi 6 for seamless multitasking and connectivity."
thinkbook16gen9_intel®core™5_integrated_16gbdd_256gbs,ThinkBook 16 Gen 9,4314.20,"Lenovo Official (RM 4,314.20)","Lenovo Official: RM 4,314.20",1,https://www.lenovo.com/my/en/p/laptops/thinkbook/thinkbook-series/lenovo-thinkbook-16-gen-9-16-inch-intel/21uscto1wwmy2,Lenovo Official: https://www.lenovo.com/my/en/p/laptops/thinkbook/thinkbook-series/lenovo-thinkbook-16-gen-9-16-inch-intel/21uscto1wwmy2,https://p2-ofp.static.pub//fes/cms/2025/11/03/a9qbmbv72xs2lts5yadaw9g0a7jn06523261.png,Lenovo Official,Intel® Core™ 5 210H Processor (E-cores up to 3.60 GHz P-cores up to 4.80 GHz),Integrated Graphics,16 GB DDR5-5600MT/s (SODIMM),256 GB SSD M.2 2242 PCIe Gen4 TLC,"16"" WUXGA (1920 x 1200), IPS, Anti-Glare, Non-Touch, 45%NTSC, 400 nits, 60Hz",,,"OS: Windows 11 Home Single Language 64 | Warranty: 1 Year Courier or Carry-in | The ThinkBook 16 Gen 9 offers a 16"" WUXGA display with anti-glare and 400 nits brightness for clear visuals. Powered by an Intel® Core™ i5 processor, 16GB DDR5 memory, and 256GB SSD storage, it's ideal for students seeking performance and reliability."
ideapadslim5i16gen11_intel®core™u_integrated_16gbdd_512gbs,"IdeaPad Slim 5i (16"", Gen 11)",4361.97,"Lenovo Official (RM 4,361.97)","Lenovo Official: RM 4,361.97",1,https://www.lenovo.com/my/en/p/laptops/ideapad/ideapad-slim-series/lenovo-ideapad-slim-5i-gen-11-16-inch-intel-laptop/83s6cto1wwmy2,Lenovo Official: https://www.lenovo.com/my/en/p/laptops/ideapad/ideapad-slim-series/lenovo-ideapad-slim-5i-gen-11-16-inch-intel-laptop/83s6cto1wwmy2,https://p3-ofp.static.pub/ShareResource/optimized/pdp/ideapad/ideapad-slim-series/len101i0132/lenovo-ideapad-slim-5i-gen-11-gallery-1.b3c108b21654966e.png,Lenovo Official,Intel® Core™ Ultra 5 325 Processor (LPE-cores up to 3.40 GHz P-cores up to 4.50 GHz),Integrated Graphics,16 GB DDR5-5600MT/s (SODIMM) - (2 x 8 GB),512 GB SSD M.2 2242 PCIe Gen4 QLC,"16"" WUXGA (1920 x 1200), IPS, Anti-Glare, Non-Touch, 45%NTSC, 400 nits, 60Hz",,,"OS: Windows 11 Pro 64 | Warranty: 1 Year Carry-in | The IdeaPad Slim 5i (16"", Gen 11) offers a sleek design and powerful Intel® Core™ Ultra 5 processor for smooth multitasking. With a vibrant 16"" WUXGA display, 16 GB DDR5 memory, and 512 GB SSD storage, it's ideal for students and everyday entertainment."
ideapad5a2in115gen11_amdryzen™ai5_integrated_16gbdd_512gbs,"IdeaPad 5a 2-in-1 (15"",  Gen 11)",4129.05,"Lenovo Official (RM 4,129.05)","Lenovo Official: RM 4,129.05",1,https://www.lenovo.com/my/en/p/laptops/ideapad/ideapad-2-in-1-series/lenovo-ideapad-5a-2-in-1-gen-11-15-inch-amd-laptop/83umcto1wwmy1,Lenovo Official: https://www.lenovo.com/my/en/p/laptops/ideapad/ideapad-2-in-1-series/lenovo-ideapad-5a-2-in-1-gen-11-15-inch-amd-laptop/83umcto1wwmy1,https://p1-ofp.static.pub/ShareResource/optimized/pdp/ideapad/ideapad-2-in-1-series/len101i0141/lenovo-ideapad-slim-5a-2-in-1-gen-11-15-amd-pdp-gallery-1.5ea6d13005b24a5c.png,Lenovo Official,AMD Ryzen™ AI 5 430 Processor (2.00 GHz up to 4.50 GHz),Integrated Graphics,16 GB DDR5-5600MT/s (SODIMM) - (2 x 8 GB),512 GB SSD M.2 2242 PCIe Gen4 QLC,"15.3"" WQXGA (2560 x 1600), OLED, Glare, Touch, HDR 1000 True Black, 100%DCI-P3, 500 nits, 165Hz, Low Blue Light, Glass",,,"OS: Windows 11 Home Single Language 64 | Warranty: 1 Year Carry-in | The IdeaPad 5a 2-in-1 (15"", Gen 11) offers a versatile design with a 15.3"" WUXGA touch display for enhanced usability. Equipped with an AMD Ryzen™ AI 5 430 processor, 16GB DDR5 memory, and 512GB SSD storage, it ensures smooth performance for students and everyday use."
yoga7i2in1auraedition14ge_intel®core™u_integrated_16gblp_512gbs,"Yoga 7i 2-in-1 Aura Edition (14"", Gen 11)",4444.75,"Lenovo Official (RM 4,444.75)","Lenovo Official: RM 4,444.75",1,https://www.lenovo.com/my/en/p/laptops/yoga/yoga-2-in-1-series/yoga-7i-2-in-1-gen-11-aura-edition-14-inch-intel/83tccto1wwmy2,Lenovo Official: https://www.lenovo.com/my/en/p/laptops/yoga/yoga-2-in-1-series/yoga-7i-2-in-1-gen-11-aura-edition-14-inch-intel/83tccto1wwmy2,https://p4-ofp.static.pub/ShareResource/optimized/pdp/yoga/yoga-2-in-1-series/len101y0071/lenovo-yoga-1-in-2-gen-11-aura-edition-gallery-3.png,Lenovo Official,Intel® Core™ Ultra 5 325 Processor (LPE-cores up to 3.40 GHz P-cores up to 4.50 GHz),Integrated Graphics,16 GB LPDDR5X-7467MT/s (Soldered),512 GB SSD M.2 2242 PCIe Gen4 QLC,"14"" WUXGA (1920 x 1200), OLED, Glare, Touch, HDR 500 True Black, 100%DCI-P3, 400 nits, 60Hz, Glass",,,"OS: Windows 11 Home Single Language 64 | Warranty: 1 Year Carry-in | The Yoga 7i 2-in-1 Aura Edition offers a stunning 14"" OLED touch display with vibrant colors and HDR support. Equipped with an Intel® Core™ Ultra 5 processor, 16GB memory, and 512GB SSD, it's perfect for creators and everyday use."
yoga7i2in116gen10_intel®core™u_integrated_16gblp_1tbssd,"Yoga 7i 2-in-1 (16"", Gen 10)",4471.43,"Lenovo Official (RM 4,471.43)","Lenovo Official: RM 4,471.43",1,https://www.lenovo.com/my/en/p/laptops/yoga/yoga-2-in-1-series/lenovo-yoga-7i-2-in-1-gen-10-16-inch-intel/83jtcto1wwmy4,Lenovo Official: https://www.lenovo.com/my/en/p/laptops/yoga/yoga-2-in-1-series/lenovo-yoga-7i-2-in-1-gen-10-16-inch-intel/83jtcto1wwmy4,https://p3-ofp.static.pub/ShareResource/optimized/pdp/yoga/yoga-2-in-1-series/len101y0057/yoga-7i-2-in-1-gen-10-16-gallery-1.png,Lenovo Official,Intel® Core™ Ultra 5 226V Processor (LPE-cores up to 3.50 GHz P-cores up to 4.50 GHz / 16 GB MOP),Integrated Graphics,16 GB LPDDR5X-8533MT/s (Memory on Package),1 TB SSD M.2 2242 PCIe Gen4 TLC,"16"" WUXGA (1920 x 1200), IPS, Glare, Touch, 45%NTSC, 300 nits, 60Hz, Glass",,,"OS: Windows 11 Home Single Language 64 | Warranty: 1 Year PremiumCare | The Yoga 7i 2-in-1 (16"", Gen 10) offers a sleek design, vibrant touchscreen, and versatile 2-in-1 functionality. Users praise its value for creators and students, highlighting its performance, display, and flexibility for academic and creative tasks."
thinkbook14gen9_amdryzen™725_integrated_16gbdd_512gbs,ThinkBook 14 Gen 9,4671.85,"Lenovo Official (RM 4,671.85)","Lenovo Official: RM 4,671.85",1,https://www.lenovo.com/my/en/p/laptops/thinkbook/thinkbook-series/lenovo-thinkbook-14-gen-9-14-inch-amd/21v0cto1wwmy2,Lenovo Official: https://www.lenovo.com/my/en/p/laptops/thinkbook/thinkbook-series/lenovo-thinkbook-14-gen-9-14-inch-amd/21v0cto1wwmy2,https://p3-ofp.static.pub//fes/cms/2025/10/30/dlk41htqvwl5dflayp8q4hr2rfi3a1542517.png,Lenovo Official,AMD Ryzen™ 7 250 Processor (3.30 GHz up to 5.10 GHz),Integrated Graphics,16 GB DDR5-5600MT/s (SODIMM),512 GB SSD M.2 2242 PCIe Gen4 QLC,"14"" WUXGA (1920 x 1200), IPS, Anti-Glare, Non-Touch, 45%NTSC, 400 nits, 60Hz",,,"OS: Windows 11 Home Single Language 64 | Warranty: 1 Year Courier or Carry-in | The ThinkBook 14 Gen 9 is a sleek laptop designed for business professionals and SMBs. It features a powerful AMD Ryzen™ 7 processor, 16GB RAM, and 512GB SSD for seamless multitasking. With a 14"" WUXGA display, backlit keyboard, and fingerprint reader, it offers productivity and security in a lightweight Arctic Grey design."
yoga7a2in114gen11_amdryzen™ai5_integrated_16gblp_512gbs,"Yoga 7a 2-in-1 (14"", Gen 11)",4684.37,"Lenovo Official (RM 4,684.37)","Lenovo Official: RM 4,684.37",1,https://www.lenovo.com/my/en/p/laptops/yoga/yoga-2-in-1-series/lenovo-yoga-7a-2-in-1-gen-11-14-inch-amd/83tdcto1wwmy2,Lenovo Official: https://www.lenovo.com/my/en/p/laptops/yoga/yoga-2-in-1-series/lenovo-yoga-7a-2-in-1-gen-11-14-inch-amd/83tdcto1wwmy2,https://p1-ofp.static.pub/ShareResource/optimized/pdp/yoga/yoga-2-in-1-series/len101y0067/lenovo-yoga-7a-2-in-1-gen-11-14-amd-pdp-gallery-1.98736643ff42c877.png,Lenovo Official,AMD Ryzen™ AI 5 435 Processor (2.00 GHz up to 4.50 GHz),Integrated Graphics,16 GB LPDDR5X-8000MT/s (Soldered),512 GB SSD M.2 2242 PCIe Gen4 QLC,"14"" WUXGA (1920 x 1200), OLED, Glare, Touch, HDR 500 True Black, 100%DCI-P3, 400 nits, 60Hz, Glass",,,"OS: Windows 11 Home Single Language 64 | Warranty: 1 Year PremiumCare | The Yoga 7a 2-in-1 (14"", Gen 11) features a stunning 14"" OLED touchscreen with vibrant visuals and HDR support. Powered by an AMD Ryzen™ AI processor, it offers 16GB memory, 512GB SSD storage, and Wi-Fi 7 for seamless multitasking and connectivity."
SLIM-7I-AURA,"Yoga Slim 7i Aura Edition (14"", Gen 11)",4692.96,"Lenovo Official (RM 4,692.96)","Lenovo Official: RM 4,692.96",1,https://www.lenovo.com/my/en/p/laptops/yoga/yoga-slim-series/lenovo-yoga-slim-7i-gen-11-aura-edition-14-inch-intel/83r0cto1wwmy3,Lenovo Official: https://www.lenovo.com/my/en/p/laptops/yoga/yoga-slim-series/lenovo-yoga-slim-7i-gen-11-aura-edition-14-inch-intel/83r0cto1wwmy3,https://p2-ofp.static.pub/ShareResource/optimized/pdp/yoga/yoga-slim-series/len101y0069/yoga-slim-7i-aura-gallery-1.bb5cede57cec7917.png,Lenovo Official,Intel® Core™ Ultra 5 226V Processor (LPE-cores up to 3.50 GHz P-cores up to 4.50 GHz / 16 GB MOP),Integrated Graphics,16 GB LPDDR5X-8533MT/s (Memory on Package),512 GB SSD M.2 2242 PCIe Gen4 QLC,"14"" 2.8K (2880 x 1800), OLED, Glare, Touch, HDR 1000 True Black, 100%DCI-P3, 1100 nits (HDR Peak)/500 nits (SDR Typical), 120Hz, Glass, Normal Power",,,"OS: Windows 11 Pro 64 | Warranty: 1 Year Carry-in | The Yoga Slim 7i Aura Edition is an ultra-slim laptop designed for creators seeking portability and performance. With AI-powered features, stunning OLED visuals, and long battery life, it's perfect for unleashing creative potential on the go."
thinkbook14gen8_intel®core™u_integrated_16gbdd_256gbs,ThinkBook 14 Gen 8,4729.24,"Lenovo Official (RM 4,729.24)","Lenovo Official: RM 4,729.24",1,https://www.lenovo.com/my/en/p/laptops/thinkbook/thinkbook-series/lenovo-thinkbook-14-gen-8-14-inch-intel/21sjcto1wwmy3,Lenovo Official: https://www.lenovo.com/my/en/p/laptops/thinkbook/thinkbook-series/lenovo-thinkbook-14-gen-8-14-inch-intel/21sjcto1wwmy3,https://p3-ofp.static.pub//fes/cms/2025/01/02/gv0z4hwwns73ikbsmf6f1frud6xatv153611.png,Lenovo Official,Intel® Core™ Ultra 5 225H Processor (E-cores up to 4.30 GHz P-cores up to 4.90 GHz),Integrated Intel® Arc™ Graphics,16 GB DDR5-5600MT/s (SODIMM) - (2 x 8 GB),256 GB SSD M.2 2242 PCIe Gen4 TLC,"14"" WUXGA (1920 x 1200), IPS, Anti-Glare, Non-Touch, 45%NTSC, 300 nits, 60Hz",,,"OS: Windows 11 Home Single Language 64 | Warranty: 1 Year Courier or Carry-in | The ThinkBook 14 Gen 8 offers a powerful Intel® Core™ Ultra 5 processor and 16GB DDR5 memory for seamless multitasking. With a 14"" WUXGA anti-glare display, integrated Intel® Arc™ Graphics, and Wi-Fi 6, it's perfect for business professionals on the go."
yoga7i2in1auraedition16ge_intel®core™u_integrated_16gblp_512gbs,"Yoga 7i 2-in-1 Aura Edition (16"", Gen 11)",4776.23,"Lenovo Official (RM 4,776.23)","Lenovo Official: RM 4,776.23",1,https://www.lenovo.com/my/en/p/laptops/yoga/yoga-2-in-1-series/lenovo-yoga-7i-2-in-1-gen-11-aura-edition-16-inch-intel/83tecto1wwmy2,Lenovo Official: https://www.lenovo.com/my/en/p/laptops/yoga/yoga-2-in-1-series/lenovo-yoga-7i-2-in-1-gen-11-aura-edition-16-inch-intel/83tecto1wwmy2,https://p2-ofp.static.pub/ShareResource/optimized/pdp/yoga/yoga-2-in-1-series/len101y0072/lenovo-yoga-7i-2-in-1-gen-11-aura-edition-16-intel-gallery-1.597a9136f2bd017d.png,Lenovo Official,Intel® Core™ Ultra 5 325 Processor (LPE-cores up to 3.40 GHz P-cores up to 4.50 GHz),Integrated Graphics,16 GB LPDDR5X-7467MT/s (Soldered),512 GB SSD M.2 2242 PCIe Gen4 QLC,"16"" WUXGA (1920 x 1200), OLED, Glare, Touch, 100%DCI-P3, 300 nits, 60Hz, Glass",,,"OS: Windows 11 Pro 64 | Warranty: 1 Year Carry-in | The Yoga 7i 2-in-1 Aura Edition offers a stunning 16"" OLED touchscreen display with vibrant colors and sharp visuals. Powered by an Intel® Core™ Ultra 5 processor, 16GB memory, and 512GB SSD, it's perfect for creators seeking performance and flexibility."
ideapad5i2in114gen11_intel®core™u_integrated_16gbdd_512gbs,"IdeaPad 5i 2-in-1 (14"", Gen 11)",4780.75,"Lenovo Official (RM 4,780.75)","Lenovo Official: RM 4,780.75",1,https://www.lenovo.com/my/en/p/laptops/ideapad/ideapad-2-in-1-series/lenovo-ideapad-5i-2-in-1-gen-11-14-inch-intel/83ugcto1wwmy2,Lenovo Official: https://www.lenovo.com/my/en/p/laptops/ideapad/ideapad-2-in-1-series/lenovo-ideapad-5i-2-in-1-gen-11-14-inch-intel/83ugcto1wwmy2,https://p4-ofp.static.pub/ShareResource/optimized/pdp/ideapad/ideapad-2-in-1-series/len101i0139/lenovo-ideapad-5i-2-in-1-gen-11-14-intel-pdp-gallery-1.e5ea9a080ae2425d.png,Lenovo Official,Intel® Core™ Ultra 5 325 Processor (LPE-cores up to 3.40 GHz P-cores up to 4.50 GHz),Integrated Graphics,16 GB DDR5-5600MT/s (SODIMM) - (2 x 8 GB),512 GB SSD M.2 2242 PCIe Gen4 QLC,"14"" WUXGA (1920 x 1200), IPS, Glare, Touch, 45%NTSC, 400 nits, 60Hz, Glass",,,"OS: Windows 11 Pro 64 | Warranty: 1 Year Carry-in | The IdeaPad 5i 2-in-1 (14"", Gen 11) offers a versatile design with a 14"" touch display and powerful Intel® Core™ Ultra 5 processor. With 16GB DDR5 memory, 512GB SSD storage, and Wi-Fi 6, it's perfect for students seeking a reliable device for everyday use and entertainment."
ideapadslim5a16gen11_amdryzen™ai7_integrated_16gbdd_1tbssd,"IdeaPad Slim 5a (16"", Gen 11)",4880.28,"Lenovo Official (RM 4,880.28)","Lenovo Official: RM 4,880.28",1,https://www.lenovo.com/my/en/p/laptops/ideapad/ideapad-slim-series/lenovo-ideapad-slim-5a-gen-11-16-inch-amd-laptop/83s2cto1wwmy2,Lenovo Official: https://www.lenovo.com/my/en/p/laptops/ideapad/ideapad-slim-series/lenovo-ideapad-slim-5a-gen-11-16-inch-amd-laptop/83s2cto1wwmy2,https://p2-ofp.static.pub/ShareResource/optimized/pdp/ideapad/ideapad-slim-series/len101i0140/lenovo-ideapad-slim-5a-gen-11-16-amd-pdp-gallery-1.569505cf364158e0.png,Lenovo Official,AMD Ryzen™ AI 7 445 Processor (2.00 GHz up to 4.60 GHz),Integrated Graphics,16 GB DDR5-5600MT/s (SODIMM) - (2 x 8 GB),1 TB SSD M.2 2242 PCIe Gen4 QLC,"16"" WUXGA (1920 x 1200), OLED, Glare, Non-Touch, 100%DCI-P3, 300 nits, 60Hz",,,"OS: Windows 11 Home Single Language 64 | Warranty: 1 Year Carry-in | The IdeaPad Slim 5a (16"", Gen 11) offers a sleek design with a vibrant 16"" OLED display for immersive visuals. Powered by AMD Ryzen™ AI 7 445 Processor and 16GB DDR5 memory, it ensures smooth multitasking. Ideal for students and everyday use."
thinkpade14gen7amd_amdryzen™523_integrated_8gbddr_256gbs,ThinkPad E14 Gen 7 (AMD),5126.24,"Lenovo Official (RM 5,126.24)","Lenovo Official: RM 5,126.24",1,https://www.lenovo.com/my/en/p/laptops/thinkpad/thinkpade/lenovo-thinkpad-e14-gen-7-14-inch-amd-laptop/21t0cto1wwmy2,Lenovo Official: https://www.lenovo.com/my/en/p/laptops/thinkpad/thinkpade/lenovo-thinkpad-e14-gen-7-14-inch-amd-laptop/21t0cto1wwmy2,https://p1-ofp.static.pub//fes/cms/2025/04/24/ngqu8l7joyxods23wyqywgmhnfrnq0036245.png,Lenovo Official,AMD Ryzen™ 5 230 Processor (3.50 GHz up to 4.90 GHz),Integrated Graphics,8 GB DDR5-5600MT/s (SODIMM),256 GB SSD M.2 2242 PCIe Gen4 TLC Opal,"14"" WUXGA (1920 x 1200), IPS, Anti-Glare, Non-Touch, 45%NTSC, 300 nits, 60Hz",,,"OS: Windows 11 Home 64 | Warranty: 3 Years On-site | The ThinkPad E14 Gen 7 (AMD) offers a durable design, fast performance, and a vibrant 14"" display for everyday tasks. Users praise its lightweight build and reliable battery life, making it ideal for business professionals and students."
ideapad5i2in115gen11_intel®core™u_integrated_16gbdd_1tbssd,"IdeaPad 5i 2-in-1 (15"",  Gen 11)",5218.29,"Lenovo Official (RM 5,218.29)","Lenovo Official: RM 5,218.29",1,https://www.lenovo.com/my/en/p/laptops/ideapad/ideapad-2-in-1-series/lenovo-ideapad-5i-2-in-1-gen-11-15-inch-intel/83ulcto1wwmy2,Lenovo Official: https://www.lenovo.com/my/en/p/laptops/ideapad/ideapad-2-in-1-series/lenovo-ideapad-5i-2-in-1-gen-11-15-inch-intel/83ulcto1wwmy2,https://p4-ofp.static.pub/ShareResource/optimized/pdp/ideapad/ideapad-2-in-1-series/len101i0147/lenovo-ideapad-5i-2-in-1-gen-11-15-intel-pdp-gallery-1.4cfb1a208902750b.png,Lenovo Official,Intel® Core™ Ultra 5 325 Processor (LPE-cores up to 3.40 GHz P-cores up to 4.50 GHz),Integrated Graphics,16 GB DDR5-5600MT/s (SODIMM) - (2 x 8 GB),1 TB SSD M.2 2242 PCIe Gen4 QLC,"15.3"" WQXGA (2560 x 1600), OLED, Glare, Touch, HDR 1000 True Black, 100%DCI-P3, 500 nits, 165Hz, Low Blue Light, Glass",,,"OS: Windows 11 Home Single Language 64 | Warranty: 1 Year Carry-in | The IdeaPad 5i 2-in-1 offers a stunning 15.3"" OLED touchscreen with vibrant colors and smooth 165Hz refresh rate. Powered by Intel® Core™ Ultra 5 processor, 16GB DDR5 memory, and 1TB SSD, it's perfect for students seeking performance and versatility."
thinkbook16gen9_intel®core™u_integrated_16gbdd_256gbs,ThinkBook 16 Gen 9,5234.35,"Lenovo Official (RM 5,234.35)","Lenovo Official: RM 5,234.35",1,https://www.lenovo.com/my/en/p/laptops/thinkbook/thinkbook-series/lenovo-thinkbook-16-gen-9-16-inch-intel/21urcto1wwmy2,Lenovo Official: https://www.lenovo.com/my/en/p/laptops/thinkbook/thinkbook-series/lenovo-thinkbook-16-gen-9-16-inch-intel/21urcto1wwmy2,https://p2-ofp.static.pub/ShareResource/optimized/pdp/thinkbook/thinkbook-series/len101b0062/lenovo-thinkbook-16-gen-9-16-intel-pdp-gallery-1.png,Lenovo Official,Intel® Core™ Ultra 5 325 Processor (LPE-cores up to 3.40 GHz P-cores up to 4.50 GHz),Integrated Graphics,16 GB DDR5-5600MT/s (SODIMM) - (2 x 8 GB),256 GB SSD M.2 2242 PCIe Gen4 TLC,"16"" WUXGA (1920 x 1200), IPS, Anti-Glare, Non-Touch, 45%NTSC, 400 nits, 60Hz",,,"OS: Windows 11 Home 64 | Warranty: 1 Year On-site | The ThinkBook 16 Gen 9 offers a sleek Arctic Grey design with a 16"" WUXGA anti-glare display for vibrant visuals. Powered by Intel® Core™ Ultra 5, 16GB DDR5 memory, and 256GB SSD, it ensures smooth multitasking. Ideal for business professionals."
thinkpadl132in1gen6amd_amdryzen™5pr_integrated_16gblp_256gbs,ThinkPad L13 2-in-1 Gen6 (AMD),5260.10,"Lenovo Official (RM 5,260.10)","Lenovo Official: RM 5,260.10",1,https://www.lenovo.com/my/en/p/laptops/thinkpad/thinkpadl/lenovo-thinkpad-l13-2-in-1-gen-6-13-inch-amd-laptop/21rdcto1wwmy3,Lenovo Official: https://www.lenovo.com/my/en/p/laptops/thinkpad/thinkpadl/lenovo-thinkpad-l13-2-in-1-gen-6-13-inch-amd-laptop/21rdcto1wwmy3,https://p4-ofp.static.pub//fes/cms/2025/05/30/e696bb71gyya2ze15m3xwpa2cnriz5688785.png,Lenovo Official,AMD Ryzen™ 5 PRO 215 Processor (3.20 GHz up to 4.70 GHz),Integrated Graphics,16 GB LPDDR5X-8533MT/s (Soldered),256 GB SSD M.2 2242 PCIe Gen4 TLC Opal,"13.3"" WUXGA (1920 x 1200), IPS, Anti-Reflection/Anti-Smudge, Touch, 100%sRGB, 400 nits, 60Hz",,,"OS: Windows 11 Home 64 | Warranty: 1 Year Courier or Carry-in | The ThinkPad L13 2-in-1 Gen6 (AMD) offers a versatile design with a 13.3"" touch display and anti-reflection features. Powered by AMD Ryzen™ 5 PRO, 16GB memory, and 256GB SSD, it's ideal for business professionals seeking performance and portability."
lenovoloqessential15arp11_amdryzen™717_nvidia®gef_16gbdd_512gbs,Lenovo LOQ Essential 15ARP11,5535.84,"Lenovo Official (RM 5,535.84)","Lenovo Official: RM 5,535.84",1,https://www.lenovo.com/my/en/p/laptops/loq-laptops/lenovo-loq-essential-15arp11/83vacto1wwmy2,Lenovo Official: https://www.lenovo.com/my/en/p/laptops/loq-laptops/lenovo-loq-essential-15arp11/83vacto1wwmy2,https://p3-ofp.static.pub//fes/cms/2026/02/20/f8dgcvyctn08oubyoyw1c8g8ip6nyj756480.png,Lenovo Official,AMD Ryzen™ 7 170 Processor (3.20 GHz up to 4.75 GHz),NVIDIA® GeForce RTX™ 5050 Laptop GPU 8GB GDDR7,16 GB DDR5-4800MT/s (SODIMM),512 GB SSD M.2 2242 PCIe Gen4 QLC,"15.6"" FHD (1920 x 1080), IPS, Anti-Glare, Non-Touch, 100%sRGB, 300 nits, 144Hz",,,"OS: Windows 11 Home Single Language 64 | Warranty: 1 Year Carry-in | The Lenovo LOQ Essential 15ARP11 is a gaming laptop with a powerful AMD Ryzen™ 7 170 processor and NVIDIA® GeForce RTX™ 5050 GPU. It features a 15.6"" FHD display with 144Hz refresh rate, 16GB DDR5 memory, 512GB SSD storage, and Wi-Fi 6 for seamless connectivity."
thinkpade16gen3_intel®core™u_integrated_8gbddr_256gbs,ThinkPad E16 Gen 3,4782.11,"Lenovo Official (RM 4,782.11)","Lenovo Official: RM 4,782.11",1,https://www.lenovo.com/my/en/p/laptops/thinkpad/thinkpade/lenovo-thinkpad-e16-gen-3-16-inch-intel/21srcto1wwmy1,Lenovo Official: https://www.lenovo.com/my/en/p/laptops/thinkpad/thinkpade/lenovo-thinkpad-e16-gen-3-16-inch-intel/21srcto1wwmy1,https://p4-ofp.static.pub//fes/cms/2025/03/19/6gjvthp40k9v8kkd1niipl547mxs11488818.png,Lenovo Official,Intel® Core™ Ultra 5 225U Processor (E-cores up to 3.80 GHz P-cores up to 4.80 GHz),Integrated Graphics,8 GB DDR5-5600MT/s (SODIMM),256 GB SSD M.2 2242 PCIe Gen4 TLC Opal,"16"" WUXGA (1920 x 1200), IPS, Anti-Glare, Non-Touch, 45%NTSC, 300 nits, 60Hz",,,"OS: Windows 11 Home 64 | Warranty: 2 Years On-site | The ThinkPad E16 Gen 3 offers a robust design, a 16"" anti-glare display, and a backlit keyboard with a numeric pad for productivity. Users praise its exceptional performance, upgrade potential, and reliability, making it ideal for business and professional users."
thinkpadl14gen7amd_amdryzen™ai5_integrated_16gbdd_512gbs,ThinkPad L14 Gen 7 (AMD),5594.43,"Lenovo Official (RM 5,594.43)","Lenovo Official: RM 5,594.43",1,https://www.lenovo.com/my/en/p/laptops/thinkpad/thinkpadl/lenovo-thinkpad-l14-gen-7-14-inch-amd/21x6cto1wwmy2,Lenovo Official: https://www.lenovo.com/my/en/p/laptops/thinkpad/thinkpadl/lenovo-thinkpad-l14-gen-7-14-inch-amd/21x6cto1wwmy2,https://p1-ofp.static.pub/ShareResource/optimized/pdp/thinkpad/thinkpad-l-series/LEN101T0179/lenovo-thinkpad-l14-gen-7-14-amd-pdp-gallery-1.95eb077d0a04dd53.png,Lenovo Official,AMD Ryzen™ AI 5 430 Processor (2.00 GHz up to 4.50 GHz),Integrated Graphics,16 GB DDR5-5600MT/s (SODIMM) - (2 x 8 GB),512 GB SSD M.2 2280 PCIe Gen4 TLC Opal,"14"" WUXGA (1920 x 1200), IPS, Anti-Glare, Non-Touch, 45%NTSC, 400 nits, 60Hz, DBEF5",,,"OS: Windows 11 Home 64 | Warranty: 1 Year Courier or Carry-in | The ThinkPad L14 Gen 7 (AMD) offers a lightweight design and powerful AMD Ryzen™ AI 5 430 processor. With a 14"" WUXGA anti-glare display, 16GB DDR5 memory, and 512GB SSD storage, it's ideal for business professionals on the go."
thinkpadt14gen7amd_amdryzen™5pr_integrated_16gbdd_256gbs,ThinkPad T14 Gen 7 (AMD),5607.88,"Lenovo Official (RM 5,607.88)","Lenovo Official: RM 5,607.88",1,https://www.lenovo.com/my/en/p/laptops/thinkpad/thinkpadt/lenovo-thinkpad-t14-gen-7-14-inch-amd/22alcto1wwmy1,Lenovo Official: https://www.lenovo.com/my/en/p/laptops/thinkpad/thinkpadt/lenovo-thinkpad-t14-gen-7-14-inch-amd/22alcto1wwmy1,https://p3-ofp.static.pub/ShareResource/optimized/thinkpad/thinkpad-t/LEN101T0168/lenovo-thinkpad-t14-gen-7-14-amd-pdp-gallery-1.png,Lenovo Official,AMD Ryzen™ 5 PRO 215 Processor (3.20 GHz up to 4.70 GHz),Integrated Graphics,16 GB DDR5-5600MT/s (SODIMM) - (2 x 8 GB),256 GB SSD M.2 2280 PCIe Gen4 TLC Opal,"14"" WUXGA (1920 x 1200), IPS, Anti-Glare, Non-Touch, 45%NTSC, 400 nits, 60Hz",,,"OS: Windows 11 Home 64 | Warranty: 1 Year Courier or Carry-in | The ThinkPad T14 Gen 7 (AMD) offers powerful performance with an AMD Ryzen™ 5 PRO processor and 16GB DDR5 memory. Its 14"" WUXGA anti-glare display ensures clear visuals, while the 256GB SSD provides fast storage. Ideal for business professionals seeking reliability."
thinkpadl16gen3_intel®core™u_integrated_16gbdd_256gbs,ThinkPad L16 Gen 3,5723.35,"Lenovo Official (RM 5,723.35)","Lenovo Official: RM 5,723.35",1,https://www.lenovo.com/my/en/p/laptops/thinkpad/thinkpadl/lenovo-thinkpad-l16-gen-3-16-inch-intel/21x8cto1wwmy2,Lenovo Official: https://www.lenovo.com/my/en/p/laptops/thinkpad/thinkpadl/lenovo-thinkpad-l16-gen-3-16-inch-intel/21x8cto1wwmy2,https://p1-ofp.static.pub/ShareResource/optimized/pdp/thinkpad/thinkpad-l-series/LEN101T0177/thinkpad-l16-gen-3-16-intel-pdp-gallery-1.png,Lenovo Official,Intel® Core™ Ultra 5 325 Processor (LPE-cores up to 3.40 GHz P-cores up to 4.50 GHz),Integrated Graphics,16 GB DDR5-5600MT/s (SODIMM),256 GB SSD M.2 2280 PCIe Gen4 TLC Opal,"16"" WUXGA (1920 x 1200), IPS, Anti-Glare, Non-Touch, 45%NTSC, 400 nits, 60Hz",,,"OS: Windows 11 Home 64 | Warranty: 1 Year Courier or Carry-in | The ThinkPad L16 Gen 3 offers a 16"" WUXGA anti-glare display and Intel® Core™ Ultra 5 processor for seamless multitasking. With 16 GB DDR5 memory, 256 GB SSD storage, and Intel® Wi-Fi 7, it's ideal for business professionals seeking reliable performance."
thinkpadl14gen7_intel®core™u_integrated_16gbdd_256gbs,ThinkPad L14 Gen 7,5730.12,"Lenovo Official (RM 5,730.12)","Lenovo Official: RM 5,730.12",1,https://www.lenovo.com/my/en/p/laptops/thinkpad/thinkpadl/lenovo-thinkpad-l14-gen-7-14-inch-intel/21x2cto1wwmy2,Lenovo Official: https://www.lenovo.com/my/en/p/laptops/thinkpad/thinkpadl/lenovo-thinkpad-l14-gen-7-14-inch-intel/21x2cto1wwmy2,https://p3-ofp.static.pub/ShareResource/optimized/pdp/thinkpad/thinkpad-l-series/len101t0164/lenovo-thinkpad-l14-gen-7-14-intel-pdp-gallery-1.png,Lenovo Official,Intel® Core™ Ultra 5 325 Processor (LPE-cores up to 3.40 GHz P-cores up to 4.50 GHz),Integrated Graphics,16 GB DDR5-5600MT/s (SODIMM),256 GB SSD M.2 2280 PCIe Gen4 TLC Opal,"14"" WUXGA (1920 x 1200), IPS, Anti-Glare, Non-Touch, 45%NTSC, 400 nits, 60Hz, DBEF5",,,"OS: Windows 11 Home 64 | Warranty: 1 Year Courier or Carry-in | The ThinkPad L14 Gen 7 is a lightweight business laptop with on-device AI for enhanced productivity. It offers advanced security, extended lifecycle with DIY replaceable parts, and is ideal for professionals working from anywhere."
yogaslim7a14gen11_amdryzen™ai7_integrated_32gblp_512gbs,"Yoga Slim 7a (14"", Gen 11)",5833.52,"Lenovo Official (RM 5,833.52)","Lenovo Official: RM 5,833.52",1,https://www.lenovo.com/my/en/p/laptops/yoga/yoga-slim-series/yoga-slim-7a-gen-11-14-inch-amd/83qscto1wwmy2,Lenovo Official: https://www.lenovo.com/my/en/p/laptops/yoga/yoga-slim-series/yoga-slim-7a-gen-11-14-inch-amd/83qscto1wwmy2,https://p1-ofp.static.pub/ShareResource/optimized/pdp/yoga/yoga-slim-series/len101y0065/lenovo-yoga-slim-7a-gen-11-14-amd-pdp-gallery-1.png,Lenovo Official,AMD Ryzen™ AI 7 445 Processor (2.00 GHz up to 4.60 GHz),Integrated Graphics,32 GB LPDDR5X-8000MT/s (Soldered),512 GB SSD M.2 2242 PCIe Gen4 QLC,"14"" WUXGA (1920 x 1200), OLED, Glare, Touch, HDR 500 True Black, 100%DCI-P3, 400 nits, 60Hz, Glass",,,"OS: Windows 11 Home Single Language 64 | Warranty: 1 Year PremiumCare | The Yoga Slim 7a Gen 11 is a sleek and lightweight laptop designed for creators on the move. With an OLED display, AMD Ryzen AI processors, and long battery life, it offers stunning visuals and smooth performance for creative tasks."
thinkpade16gen3_intel®core™u_integrated_16gblp_256gbs,ThinkPad E16 Gen 3,5848.54,"Lenovo Official (RM 5,848.54)","Lenovo Official: RM 5,848.54",1,https://www.lenovo.com/my/en/p/laptops/thinkpad/thinkpade/lenovo-thinkpad-e16-gen-3-16-inch-intel/22aycto1wwmy2,Lenovo Official: https://www.lenovo.com/my/en/p/laptops/thinkpad/thinkpade/lenovo-thinkpad-e16-gen-3-16-inch-intel/22aycto1wwmy2,https://p1-ofp.static.pub/ShareResource/optimized/pdp/thinkpad/thinkpad-e-series/len101t0153/lenovo-thinkpad-e16-gen-3-intel-lnl-pdp-gallery-1.png,Lenovo Official,Intel® Core™ Ultra 7 256V Processor (LPE-cores up to 3.70 GHz P-cores up to 4.80 GHz / 16 GB MOP),Integrated Intel® Arc™ Graphics,16 GB LPDDR5X-8533MT/s (Memory on Package),256 GB SSD M.2 2242 PCIe Gen4 TLC Opal,"16"" WUXGA (1920 x 1200), IPS, Anti-Glare, Non-Touch, 45%NTSC, 300 nits, 60Hz",,,"OS: Windows 11 Home 64 | Warranty: 3 Years On-site | The ThinkPad E16 Gen 3 offers a 16"" WUXGA anti-glare display and Intel® Core™ Ultra 7 processor for seamless performance. With 16 GB memory, 256 GB SSD storage, and Intel® Wi-Fi 6E, it's ideal for business professionals seeking reliability and speed."
thinkpadl14gen6_intel®core™u_integrated_8gbddr_256gbs,ThinkPad L14 Gen 6,5869.78,"Lenovo Official (RM 5,869.78)","Lenovo Official: RM 5,869.78",1,https://www.lenovo.com/my/en/p/laptops/thinkpad/thinkpadl/lenovo-thinkpad-l14-gen-6-14-inch-intel/21s6cto1wwmy3,Lenovo Official: https://www.lenovo.com/my/en/p/laptops/thinkpad/thinkpadl/lenovo-thinkpad-l14-gen-6-14-inch-intel/21s6cto1wwmy3,https://p3-ofp.static.pub//fes/cms/2025/04/18/x4c41j75gwgj4icvi1c3ko1x93kmif237701.png,Lenovo Official,Intel® Core™ Ultra 5 225U Processor (E-cores up to 3.80 GHz P-cores up to 4.80 GHz),Integrated Graphics,8 GB DDR5-5600MT/s (SODIMM),256 GB SSD M.2 2280 PCIe Gen4 TLC Opal,"14"" WUXGA (1920 x 1200), IPS, Anti-Glare, Non-Touch, 45%NTSC, 400 nits, 60Hz, DBEF5",,,"OS: Windows 11 Home 64 | Warranty: 3 Years Premier Support AI | The ThinkPad L14 Gen 6 offers a bright 14-inch WUXGA anti-glare display for clear visuals in any environment. Powered by Intel Core Ultra 5 processor, 8GB DDR5 memory, and 256GB SSD, it ensures smooth performance for business professionals."
thinkpade14gen8_intel®core™u_integrated_16gbdd_256gbs,ThinkPad E14 Gen 8,5893.96,"Lenovo Official (RM 5,893.96)","Lenovo Official: RM 5,893.96",1,https://www.lenovo.com/my/en/p/laptops/thinkpad/thinkpade/lenovo-thinkpad-e14-gen-8-14-inch-intel-laptop/21y6cto1wwmy1,Lenovo Official: https://www.lenovo.com/my/en/p/laptops/thinkpad/thinkpade/lenovo-thinkpad-e14-gen-8-14-inch-intel-laptop/21y6cto1wwmy1,https://p2-ofp.static.pub/ShareResource/optimized/pdp/thinkpad/thinkpad-e-series/len101t0167/lenovo-thinkpad-e14-gen-8-14-intel-pdp-gallery-1.63d49cbb56c8b8aa.png,Lenovo Official,Intel® Core™ Ultra 5 332 vPro® Processor (LPE-cores up to 3.30 GHz P-cores up to 4.40 GHz),Integrated Graphics,16 GB DDR5-5600MT/s (SODIMM),256 GB SSD M.2 2242 PCIe Gen4 TLC Opal,"14"" WUXGA (1920 x 1200), IPS, Anti-Glare, Non-Touch, 45%NTSC, 400 nits, 60Hz",,,"OS: Windows 11 Home 64 | Warranty: 1 Year Courier or Carry-in | The ThinkPad E14 Gen 8 offers powerful performance with an Intel® Core™ Ultra 5 processor and 16 GB DDR5 memory. Its 14"" WUXGA anti-glare display ensures clear visuals, while the lightweight design and 256 GB SSD make it ideal for business professionals."
thinkpade14gen7_intel®core™u_integrated_8gbddr_256gbs,ThinkPad E14 Gen 7,5977.03,"Lenovo Official (RM 5,977.03)","Lenovo Official: RM 5,977.03",1,https://www.lenovo.com/my/en/p/laptops/thinkpad/thinkpade/thinkpad-e14-gen-7-14-inch-intel/21sxcto1wwmy3,Lenovo Official: https://www.lenovo.com/my/en/p/laptops/thinkpad/thinkpade/thinkpad-e14-gen-7-14-inch-intel/21sxcto1wwmy3,https://p4-ofp.static.pub//fes/cms/2025/03/17/eubwnjmjsktduhota8taj547khw5gn883717.png,Lenovo Official,Intel® Core™ Ultra 5 225U Processor (E-cores up to 3.80 GHz P-cores up to 4.80 GHz),Integrated Graphics,8 GB DDR5-5600MT/s (SODIMM),256 GB SSD M.2 2242 PCIe Gen4 TLC Opal,"14"" WUXGA (1920 x 1200), IPS, Anti-Glare, Non-Touch, 45%NTSC, 300 nits, 60Hz",,,"OS: Windows 11 Home 64 | Warranty: 3 Years On-site | The ThinkPad E14 Gen 7 offers a lightweight, durable design with a premium aluminum chassis and all-day battery life. Users praise its seamless multitasking capabilities, making it ideal for business professionals seeking reliability and value."
thinkpade16gen4_intel®core™u_integrated_16gbdd_256gbs,ThinkPad E16 Gen 4,5996.02,"Lenovo Official (RM 5,996.02)","Lenovo Official: RM 5,996.02",1,https://www.lenovo.com/my/en/p/laptops/thinkpad/thinkpade/lenovo-thinkpad-e16-gen-4-16-inch-intel-laptop/21yccto1wwmy1,Lenovo Official: https://www.lenovo.com/my/en/p/laptops/thinkpad/thinkpade/lenovo-thinkpad-e16-gen-4-16-inch-intel-laptop/21yccto1wwmy1,https://p1-ofp.static.pub/ShareResource/optimized/pdp/thinkpad/thinkpad-e-series/len101t0170/lenovo-thinkpad-e16-gen-4-intel-pdp-gallery-1.30adf0ff31c6a0b5.png,Lenovo Official,Intel® Core™ Ultra 5 325 Processor (LPE-cores up to 3.40 GHz P-cores up to 4.50 GHz),Integrated Graphics,16 GB DDR5-5600MT/s (SODIMM) - (2 x 8 GB),256 GB SSD M.2 2242 PCIe Gen4 TLC Opal,"16"" WUXGA (1920 x 1200), IPS, Anti-Glare, Non-Touch, 45%NTSC, 400 nits, 60Hz",,,"OS: Windows 11 Home 64 | Warranty: 1 Year Courier or Carry-in | The ThinkPad E16 Gen 4 offers a powerful Intel® Core™ Ultra 5 processor and 16 GB DDR5 memory for seamless multitasking. Its 16"" WUXGA display delivers crisp visuals, while the 256 GB SSD ensures fast storage. Ideal for business professionals seeking reliability and performance."
lenovoloq15ahp11_amdryzen™725_nvidia®gef_16gbdd_512gbs,Lenovo LOQ 15AHP11,6052.37,"Lenovo Official (RM 6,052.37)","Lenovo Official: RM 6,052.37",1,https://www.lenovo.com/my/en/p/laptops/loq-laptops/lenovo-loq-15-ahp-11-laptop/83tncto1wwmy2,Lenovo Official: https://www.lenovo.com/my/en/p/laptops/loq-laptops/lenovo-loq-15-ahp-11-laptop/83tncto1wwmy2,https://p3-ofp.static.pub//fes/cms/2025/11/19/z7rv4tvueecnrn2fqtxn811mbgg94r810278.png,Lenovo Official,AMD Ryzen™ 7 250 Processor (3.30 GHz up to 5.10 GHz),NVIDIA® GeForce RTX™ 5050 Laptop GPU 8GB GDDR7,16 GB DDR5-5600MT/s (SODIMM),512 GB SSD M.2 2242 PCIe Gen4 QLC,"15.3"" WUXGA (1920 x 1200), IPS, Anti-Glare, Non-Touch, 100%sRGB, 300 nits, 165Hz",,,"OS: Windows 11 Home Single Language 64 | Warranty: 1 Year PremiumCare | The Lenovo LOQ 15AHP11 is designed for gamers with an AMD Ryzen™ 7 processor and NVIDIA® GeForce RTX™ 5050 GPU. It features a 15.3"" WUXGA display with 165Hz refresh rate, 16GB DDR5 memory, and 512GB SSD storage for smooth performance."
lenovoloq15ahp10_amdryzen™522_nvidia®gef_16gbdd_1tbssd,Lenovo LOQ 15AHP10,6105.29,"Lenovo Official (RM 6,105.29)","Lenovo Official: RM 6,105.29",1,https://www.lenovo.com/my/en/p/laptops/loq-laptops/lenovo-loq-15ahp10/83jgcto1wwmy3,Lenovo Official: https://www.lenovo.com/my/en/p/laptops/loq-laptops/lenovo-loq-15ahp10/83jgcto1wwmy3,https://p3-ofp.static.pub//fes/cms/2025/05/21/efinlg6ciy0t330zl2rdsh5cm2c1tl998091.png,Lenovo Official,AMD Ryzen™ 5 220 Processor (3.20 GHz up to 4.90 GHz),NVIDIA® GeForce RTX™ 5050 Laptop GPU 8GB GDDR7,16 GB DDR5-5600MT/s (SODIMM),1 TB SSD M.2 2242 PCIe Gen4 QLC,"15.6"" FHD (1920 x 1080), IPS, Anti-Glare, Non-Touch, 100%sRGB, 300 nits, 144Hz",,,"OS: Windows 11 Home Single Language 64 | Warranty: 1 Year PremiumCare | The Lenovo LOQ 15AHP10 is designed for gamers with its AMD Ryzen™ 5 processor and NVIDIA® GeForce RTX™ 5050 GPU. Enjoy smooth visuals on a 15.6"" FHD 144Hz display, 16GB DDR5 memory, and 1TB SSD storage, all in a sleek Luna Grey design."
thinkpadt16gen5amd_amdryzen™7pr_integrated_16gbdd_256gbs,ThinkPad T16 Gen 5 (AMD),6176.66,"Lenovo Official (RM 6,176.66)","Lenovo Official: RM 6,176.66",1,https://www.lenovo.com/my/en/p/laptops/thinkpad/thinkpadt/thinkpad-t16-gen-5-16-inch-amd-laptop/22ancto1wwmy2,Lenovo Official: https://www.lenovo.com/my/en/p/laptops/thinkpad/thinkpadt/thinkpad-t16-gen-5-16-inch-amd-laptop/22ancto1wwmy2,https://p4-ofp.static.pub/ShareResource/optimized/pdp/thinkpad/thinkpad-t-series/len101t0166/lenovo-thinkpad-t16-gen-5-16-amd-pdp-gallery-1.png,Lenovo Official,AMD Ryzen™ 7 PRO 250 Processor (3.30 GHz up to 5.10 GHz),Integrated Graphics,16 GB DDR5-5600MT/s (SODIMM),256 GB SSD M.2 2280 PCIe Gen4 TLC Opal,"16"" WUXGA (1920 x 1200), IPS, Anti-Glare, Non-Touch, 45%NTSC, 400 nits, 60Hz",,,"OS: Windows 11 Home 64 | Warranty: 1 Year Courier or Carry-in | The ThinkPad T16 Gen 5 (AMD) offers a powerful AMD Ryzen™ 7 PRO processor and a vibrant 16"" WUXGA display. With 16GB DDR5 memory, 256GB SSD storage, and MediaTek Wi-Fi 7, it ensures seamless performance for business professionals."
thinkpadt14gen7amd_amdryzen™ai5_integrated_16gbdd_256gbs,ThinkPad T14 Gen 7 (AMD),6272.91,"Lenovo Official (RM 6,272.91)","Lenovo Official: RM 6,272.91",1,https://www.lenovo.com/my/en/p/laptops/thinkpad/thinkpadt/thinkpad-t14-gen-7-14-inch-amd/21wvcto1wwmy2,Lenovo Official: https://www.lenovo.com/my/en/p/laptops/thinkpad/thinkpadt/thinkpad-t14-gen-7-14-inch-amd/21wvcto1wwmy2,https://p3-ofp.static.pub/ShareResource/optimized/pdp/thinkpad/thinkpad-t-series/LEN101T0156/lenovo-thinkpad-t14-gen-7-14-amd-pdp-gallery-1.8cfff7fdb98565d9.png,Lenovo Official,AMD Ryzen™ AI 5 PRO 440 Processor (2.00 GHz up to 4.80 GHz),Integrated Graphics,16 GB DDR5-5600MT/s (SODIMM) - (2 x 8 GB),256 GB SSD M.2 2280 PCIe Gen4 TLC Opal,"14"" WUXGA (1920 x 1200), IPS, Anti-Glare, Non-Touch, 45%NTSC, 400 nits, 60Hz",,,"OS: Windows 11 Home 64 | Warranty: 1 Year Courier or Carry-in | The ThinkPad T14 Gen 7 (AMD) is a reliable laptop designed for business professionals. It features a 14"" WUXGA anti-glare display, AMD Ryzen™ AI 5 PRO processor, 16GB DDR5 memory, and 256GB SSD storage for seamless multitasking and productivity."
thinkpade14gen8amd_amdryzen™ai5_integrated_16gbdd_256gbs,ThinkPad E14 Gen 8 (AMD),6279.47,"Lenovo Official (RM 6,279.47)","Lenovo Official: RM 6,279.47",1,https://www.lenovo.com/my/en/p/laptops/thinkpad/thinkpade/thinkpad-e14-gen-8-14-inch-amd/21y2cto1wwmy2,Lenovo Official: https://www.lenovo.com/my/en/p/laptops/thinkpad/thinkpade/thinkpad-e14-gen-8-14-inch-amd/21y2cto1wwmy2,https://p4-ofp.static.pub/ShareResource/optimized/pdp/thinkpad/thinkpad-e-series/LEN101T0182/gallery-1-front-facing.png,Lenovo Official,AMD Ryzen™ AI 5 330 Processor (2.00 GHz up to 4.50 GHz),Integrated Graphics,16 GB DDR5-5600MT/s (SODIMM) - (2 x 8 GB),256 GB SSD M.2 2242 PCIe Gen4 TLC Opal,"14"" WUXGA (1920 x 1200), IPS, Anti-Glare, Non-Touch, 45%NTSC, 400 nits, 60Hz",,,"OS: Windows 11 Home 64 | Warranty: 3 Years Premier Support AI | The ThinkPad E14 Gen 8 (AMD) offers powerful performance with an AMD Ryzen™ AI 5 330 Processor and 16 GB DDR5 memory. Its 14"" WUXGA anti-glare display ensures crisp visuals, while the lightweight design and 256 GB SSD make it ideal for students on the go."
thinkpade16gen4amd_amdryzen™ai5_integrated_16gbdd_256gbs,ThinkPad E16 Gen 4 (AMD),6247.41,"Lenovo Official (RM 6,247.41)","Lenovo Official: RM 6,247.41",1,https://www.lenovo.com/my/en/p/laptops/thinkpad/thinkpade/thinkpad-e16-gen-4-16-inch-amd/21y4cto1wwmy1,Lenovo Official: https://www.lenovo.com/my/en/p/laptops/thinkpad/thinkpade/thinkpad-e16-gen-4-16-inch-amd/21y4cto1wwmy1,https://p4-ofp.static.pub/ShareResource/optimized/pdp/thinkpad/thinkpad-e-series/LEN101T0183/gallery-1-front-facing.png,Lenovo Official,AMD Ryzen™ AI 5 330 Processor (2.00 GHz up to 4.50 GHz),Integrated Graphics,16 GB DDR5-5600MT/s (SODIMM) - (2 x 8 GB),256 GB SSD M.2 2242 PCIe Gen4 TLC Opal,"16"" WUXGA (1920 x 1200), IPS, Anti-Glare, Non-Touch, 45%NTSC, 400 nits, 60Hz",,,"OS: Windows 11 Home 64 | Warranty: 3 Years Premier Support AI | The ThinkPad E16 Gen 4 (AMD) offers a powerful AMD Ryzen™ AI 5 330 processor and 16GB DDR5 memory for seamless multitasking. Its 16"" WUXGA anti-glare display ensures crisp visuals, while the 256GB SSD provides fast storage. Ideal for business professionals seeking efficiency and reliability."
thinkpadl16gen3amd_amdryzen™ai5_integrated_16gbdd_512gbs,ThinkPad L16 Gen 3 (AMD),6288.03,"Lenovo Official (RM 6,288.03)","Lenovo Official: RM 6,288.03",1,https://www.lenovo.com/my/en/p/laptops/thinkpad/thinkpadl/thinkpad-l16-gen-3-16-inch-amd-laptop/21xccto1wwmy2,Lenovo Official: https://www.lenovo.com/my/en/p/laptops/thinkpad/thinkpadl/thinkpad-l16-gen-3-16-inch-amd-laptop/21xccto1wwmy2,https://p3-ofp.static.pub/ShareResource/optimized/pdp/thinkpad/thinkpad-l-series/len101t0178/lenovo-thinkpad-l16-gen-3-16-amd-pdp-gallery-1.png,Lenovo Official,AMD Ryzen™ AI 5 PRO 435 Processor (2.00 GHz up to 4.50 GHz),Integrated Graphics,16 GB DDR5-5600MT/s (SODIMM),512 GB SSD M.2 2280 PCIe Gen4 TLC Opal,"16"" WUXGA (1920 x 1200), IPS, Anti-Glare, Non-Touch, 45%NTSC, 400 nits, 60Hz",,,"OS: Windows 11 Home 64 | Warranty: 2 Years Premier Support AI | The ThinkPad L16 Gen 3 (AMD) offers a powerful AMD Ryzen™ AI 5 PRO processor and 16GB DDR5 memory for seamless multitasking. Its 16"" WUXGA anti-glare display ensures clear visuals, while the 512GB SSD provides ample storage. Ideal for business professionals seeking reliability and performance."
lenovoloq17irx10_13thgenerati_nvidia®gef_16gbdd_512gbs,Lenovo LOQ 17IRX10,6290.88,"Lenovo Official (RM 6,290.88)","Lenovo Official: RM 6,290.88",1,https://www.lenovo.com/my/en/p/laptops/loq-laptops/lenovo-loq-17irx10/83jhcto1wwmy3,Lenovo Official: https://www.lenovo.com/my/en/p/laptops/loq-laptops/lenovo-loq-17irx10/83jhcto1wwmy3,https://p1-ofp.static.pub//fes/cms/2025/05/15/0b0xw9vmv55zqyunc6ojq3zw2bzrzk127839.png,Lenovo Official,13th Generation Intel® Core™ i7-13650HX Processor (E-cores up to 3.60 GHz P-cores up to 4.90 GHz),NVIDIA® GeForce RTX™ 5050 Laptop GPU 8GB GDDR7,16 GB DDR5-4800MT/s (SODIMM),512 GB SSD M.2 2242 PCIe Gen4 TLC,"17.3"" FHD (1920 x 1080), IPS, Anti-Glare, Non-Touch, 100%sRGB, 300 nits, 165Hz",,,"OS: Windows 11 Home Single Language 64 | Warranty: 1 Year PremiumCare | The Lenovo LOQ 17IRX10 gaming laptop features a powerful Intel i7 processor, RTX 5050 GPU, and a vibrant 17.3-inch FHD display. Users praise its exceptional performance and value, making it ideal for gamers seeking a balance between gaming and productivity."
legion515gen10_amdryzen™726_nvidia®gef_16gbdd_512gbs,"Legion 5 (15'', Gen 10)",6375.40,"Lenovo Official (RM 6,375.40)","Lenovo Official: RM 6,375.40",1,https://www.lenovo.com/my/en/p/laptops/legion-laptops/legion-series/lenovo-legion-5-gen-10-15-inch-amd/83m0cto1wwmy3,Lenovo Official: https://www.lenovo.com/my/en/p/laptops/legion-laptops/legion-series/lenovo-legion-5-gen-10-15-inch-amd/83m0cto1wwmy3,https://p1-ofp.static.pub//fes/cms/2025/05/13/zwiolgwzceqv1yeo9h0kr45iyszh2p471514.png,Lenovo Official,AMD Ryzen™ 7 260 Processor (3.80 GHz up to 5.10 GHz),NVIDIA® GeForce RTX™ 5050 Laptop GPU 8GB GDDR7,16 GB DDR5-5600MT/s (SODIMM),512 GB SSD M.2 2242 PCIe Gen4 TLC,"15.1"" WQXGA (2560 x 1600), OLED, Glare, Non-Touch, HDR 600 True Black, 100%DCI-P3, 500 nits, 165Hz",,,"OS: Windows 11 Home Single Language 64 | Warranty: 1 Year Legion Ultimate Support | The Legion 5 (15'', Gen 10) features a stunning 15.1"" OLED display with vibrant colors, powerful performance, and a sleek design. Users praise its exceptional display and smooth gaming performance, making it ideal for gamers seeking immersive visuals and speed."
thinkpadl13gen6amd_amdryzen™5pr_integrated_16gblp_256gbs,ThinkPad L13 Gen 6 (AMD),6415.14,"Lenovo Official (RM 6,415.14)","Lenovo Official: RM 6,415.14",1,https://www.lenovo.com/my/en/p/laptops/thinkpad/thinkpadl/lenovo-thinkpad-l13-gen-6-13-inch-amd/21rbcto1wwmy3,Lenovo Official: https://www.lenovo.com/my/en/p/laptops/thinkpad/thinkpadl/lenovo-thinkpad-l13-gen-6-13-inch-amd/21rbcto1wwmy3,https://p4-ofp.static.pub//fes/cms/2025/06/02/2qnbn4uyny9jh07op6zhgoomkhzj0m488191.png,Lenovo Official,AMD Ryzen™ 5 PRO 215 Processor (3.20 GHz up to 4.70 GHz),Integrated Graphics,16 GB LPDDR5X-8533MT/s (Soldered),256 GB SSD M.2 2242 PCIe Gen4 TLC Opal,"13.3"" WUXGA (1920 x 1200), IPS, Anti-Glare, Non-Touch, 45%NTSC, 400 nits, 60Hz",,,"OS: Windows 11 Home 64 | Warranty: 3 Years Premier Support AI | The ThinkPad L13 Gen 6 (AMD) offers a sleek, lightweight design with a 13.3"" WUXGA anti-glare display for clear visuals. Powered by AMD Ryzen™ 5 PRO processor and 16GB memory, it ensures smooth performance for business tasks. Includes sustainable materials and energy-efficient features."
legion5i15gen10_13thgenerati_nvidia®gef_16gbdd_512gbs,"Legion 5i (15"",  Gen 10)",6497.75,"Lenovo Official (RM 6,497.75)","Lenovo Official: RM 6,497.75",1,https://www.lenovo.com/my/en/p/laptops/legion-laptops/legion-series/lenovo-legion-5i-gen-10-15-inch-intel/83lycto1wwmy3,Lenovo Official: https://www.lenovo.com/my/en/p/laptops/legion-laptops/legion-series/lenovo-legion-5i-gen-10-15-inch-intel/83lycto1wwmy3,https://p2-ofp.static.pub//fes/cms/2025/04/14/dmwa5bmukcg6gb3erzii12khrfho4p776428.png,Lenovo Official,13th Generation Intel® Core™ i7-13650HX Processor (E-cores up to 3.60 GHz P-cores up to 4.90 GHz),NVIDIA® GeForce RTX™ 5060 Laptop GPU 8GB GDDR7,16 GB DDR5-4800MT/s (SODIMM),512 GB SSD M.2 2242 PCIe Gen4 TLC,"15.1"" WQXGA (2560 x 1600), OLED, Glare, Non-Touch, HDR 600 True Black, 100%DCI-P3, 500 nits, 165Hz",,,"OS: Windows 11 Home Single Language 64 | Warranty: 1 Year Legion Ultimate Support | The Legion 5i (15"", Gen 10) offers a stunning OLED display and powerful performance for demanding tasks. Users praise its vibrant screen and smooth performance, making it ideal for gamers and creators seeking high-quality visuals."
thinkpadp14sgen7amd_amdryzen™ai5_integrated_16gbdd_256gbs,ThinkPad P14s Gen 7 (AMD),6467.06,"Lenovo Official (RM 6,467.06)","Lenovo Official: RM 6,467.06",1,https://www.lenovo.com/my/en/p/laptops/thinkpad/thinkpadp/thinkpad-p14s-gen-7-14-inch-amd/21x0cto1wwmy1,Lenovo Official: https://www.lenovo.com/my/en/p/laptops/thinkpad/thinkpadp/thinkpad-p14s-gen-7-14-inch-amd/21x0cto1wwmy1,https://p4-ofp.static.pub/ShareResource/optimized/pdp/thinkpad/thinkpad-p-series/len101t0165/lenovo-thinkpad-p14s-gen-7-14-amd-pdp-gallery-1.ab7f4488cb3c84a0.png,Lenovo Official,AMD Ryzen™ AI 5 PRO 440 Processor (2.00 GHz up to 4.80 GHz),Integrated Graphics,16 GB DDR5-5600MT/s (SODIMM) - (2 x 8 GB),256 GB SSD M.2 2280 PCIe Gen4 TLC Opal,"14"" WUXGA (1920 x 1200), IPS, Anti-Glare, Non-Touch, 45%NTSC, 400 nits, 60Hz",,,"OS: Windows 11 Home 64 | Warranty: 1 Year Courier or Carry-in | The ThinkPad P14s Gen 7 (AMD) offers powerful performance with an AMD Ryzen™ AI 5 PRO processor and 16GB DDR5 memory. Its 14"" WUXGA anti-glare display and 256GB SSD ensure smooth multitasking, making it ideal for business professionals seeking reliability."
thinkpadl14gen6amd_amdryzen™5pr_integrated_16gbdd_256gbs,ThinkPad L14 Gen 6 (AMD),6558.15,"Lenovo Official (RM 6,558.15)","Lenovo Official: RM 6,558.15",1,https://www.lenovo.com/my/en/p/laptops/thinkpad/thinkpadl/lenovo-thinkpad-l14-gen-6-14-inch-amd/21s8cto1wwmy3,Lenovo Official: https://www.lenovo.com/my/en/p/laptops/thinkpad/thinkpadl/lenovo-thinkpad-l14-gen-6-14-inch-amd/21s8cto1wwmy3,https://p4-ofp.static.pub//fes/cms/2025/04/18/eydf1b3l6ut1pj7gy86mgmlgfak1dj953243.png,Lenovo Official,AMD Ryzen™ 5 PRO 215 Processor (3.20 GHz up to 4.70 GHz),Integrated Graphics,16 GB DDR5-5600MT/s (SODIMM),256 GB SSD M.2 2280 PCIe Gen4 TLC Opal,"14"" WUXGA (1920 x 1200), IPS, Anti-Glare, Non-Touch, 45%NTSC, 400 nits, 60Hz, DBEF5",,,"OS: Windows 11 Home 64 | Warranty: 3 Years Premier Support AI | The ThinkPad L14 Gen 6 (AMD) is a reliable laptop designed for business professionals. It features a 14"" WUXGA anti-glare display, AMD Ryzen™ 5 PRO processor, 16GB DDR5 memory, and 256GB SSD storage for efficient multitasking."
thinkpadt16gen5amd_amdryzen™ai7_integrated_16gbdd_256gbs,ThinkPad T16 Gen 5 (AMD),6608.22,"Lenovo Official (RM 6,608.22)","Lenovo Official: RM 6,608.22",1,https://www.lenovo.com/my/en/p/laptops/thinkpad/thinkpadt/lenovo-thinkpad-t16-gen-5-16-inch-amd-laptop/21wxcto1wwmy2,Lenovo Official: https://www.lenovo.com/my/en/p/laptops/thinkpad/thinkpadt/lenovo-thinkpad-t16-gen-5-16-inch-amd-laptop/21wxcto1wwmy2,https://p4-ofp.static.pub/ShareResource/optimized/pdp/thinkpad/thinkpad-t-series/LEN101T0157/lenovo-thinkpad-t16-gen-5-16-amd-pdp-gallery-1.da7455b4c894aa27.png,Lenovo Official,AMD Ryzen™ AI 7 PRO 450 Processor (2.00 GHz up to 5.10 GHz),Integrated Graphics,16 GB DDR5-5600MT/s (SODIMM),256 GB SSD M.2 2280 PCIe Gen4 TLC Opal,"16"" WUXGA (1920 x 1200), IPS, Anti-Glare, Non-Touch, 45%NTSC, 400 nits, 60Hz",,,"OS: Windows 11 Home 64 | Warranty: 1 Year Courier or Carry-in | The ThinkPad T16 Gen 5 (AMD) offers a powerful AMD Ryzen™ AI 7 PRO 450 processor and 16GB DDR5 memory for seamless multitasking. Its 16"" WUXGA anti-glare display ensures crisp visuals, while the 256GB SSD provides ample storage. Ideal for business professionals, it features a durable design, long battery life, and advanced connectivity options like Wi-Fi 7 and Bluetooth® 5.4."
thinkpadl13gen6_intel®core™u_integrated_16gblp_256gbs,ThinkPad L13 Gen 6,6631.93,"Lenovo Official (RM 6,631.93)","Lenovo Official: RM 6,631.93",1,https://www.lenovo.com/my/en/p/laptops/thinkpad/thinkpadl/lenovo-thinkpad-l13-gen-6-13-inch-intel/21r5cto1wwmy3,Lenovo Official: https://www.lenovo.com/my/en/p/laptops/thinkpad/thinkpadl/lenovo-thinkpad-l13-gen-6-13-inch-intel/21r5cto1wwmy3,https://p4-ofp.static.pub//fes/cms/2025/05/20/0yvpr0wde29bz201wd248c79u4lh5n780000.png,Lenovo Official,Intel® Core™ Ultra 5 225U Processor (E-cores up to 3.80 GHz P-cores up to 4.80 GHz),Integrated Graphics,16 GB LPDDR5X-8533MT/s (Soldered),256 GB SSD M.2 2242 PCIe Gen4 TLC Opal,"13.3"" WUXGA (1920 x 1200), IPS, Anti-Glare, Non-Touch, 45%NTSC, 400 nits, 60Hz",,,"OS: Windows 11 Home 64 | Warranty: 3 Years Premier Support AI | The ThinkPad L13 Gen 6 features a 13.3"" WUXGA display with anti-glare and 400 nits brightness for clear visuals. Powered by an Intel® Core™ Ultra 5 processor, 16 GB memory, and 256 GB SSD, it ensures smooth performance for business professionals."
legion5a15gen11_amdryzen™ai7_nvidia®gef_16gbdd_512gbs,"Legion 5a (15"", Gen 11)",6673.22,"Lenovo Official (RM 6,673.22)","Lenovo Official: RM 6,673.22",1,https://www.lenovo.com/my/en/p/laptops/legion-laptops/legion-series/lenovo-legion-5a-gen-11-15-inch-amd/83q6cto1wwmy2,Lenovo Official: https://www.lenovo.com/my/en/p/laptops/legion-laptops/legion-series/lenovo-legion-5a-gen-11-15-inch-amd/83q6cto1wwmy2,https://p2-ofp.static.pub/ShareResource/optimized/pdp/legion/legion-5-series/len101g0048/lenovo-legion-5a-gen-11-15-pdp-gallery-1.png,Lenovo Official,AMD Ryzen™ AI 7 450 Processor (2.00 GHz up to 5.10 GHz),NVIDIA® GeForce RTX™ 5050 Laptop GPU 8GB GDDR7,16 GB DDR5-5600MT/s (SODIMM),512 GB SSD M.2 2242 PCIe Gen4 TLC,"15.3"" WQXGA (2560 x 1600), OLED, Glare, Non-Touch, HDR 1000 True Black, 100%DCI-P3, 500 nits, 165Hz, Low Blue Light",,,"OS: Windows 11 Home Single Language 64 | Warranty: 1 Year Legion Ultimate Support | The Legion 5a (15"", Gen 11) is a high-performance gaming laptop with an AMD Ryzen™ AI 7 450 processor and NVIDIA® GeForce RTX™ 5050 GPU. It features a stunning 15.3"" WQXGA OLED display with 165Hz refresh rate, 16GB DDR5 memory, and 512GB SSD storage, perfect for gamers."
thinkpadl14gen6amd_amdryzen™ai5_integrated_16gbdd_512gbs,ThinkPad L14 Gen 6 (AMD),6752.08,"Lenovo Official (RM 6,752.08)","Lenovo Official: RM 6,752.08",1,https://www.lenovo.com/my/en/p/laptops/thinkpad/thinkpadl/lenovo-thinkpad-l14-gen-6-14-inch-amd/21secto1wwmy2,Lenovo Official: https://www.lenovo.com/my/en/p/laptops/thinkpad/thinkpadl/lenovo-thinkpad-l14-gen-6-14-inch-amd/21secto1wwmy2,https://p1-ofp.static.pub/ShareResource/optimized/pdp/thinkpad/thinkpad-l-series/len101t0144/lenovo-thinkpad-l14-gen-6-14-amd-pdp-gallery-1.png,Lenovo Official,AMD Ryzen™ AI 5 PRO 340 Processor (2.00 GHz up to 4.80 GHz),Integrated Graphics,16 GB DDR5-5600MT/s (SODIMM),512 GB SSD M.2 2280 PCIe Gen4 TLC Opal,"14"" WUXGA (1920 x 1200), IPS, Anti-Glare, Non-Touch, 45%NTSC, 400 nits, 60Hz, DBEF5",,,"OS: Windows 11 Home 64 | Warranty: 3 Years Premier Support AI | The ThinkPad L14 Gen 6 (AMD) is a reliable laptop designed for business and everyday use. It features a powerful AMD Ryzen™ AI 5 PRO 340 processor, 16GB DDR5 memory, and a 512GB SSD for seamless multitasking and storage."
thinkpadl16gen2amd_amdryzen™ai5_integrated_16gbdd_512gbs,ThinkPad L16 Gen 2 (AMD),6780.63,"Lenovo Official (RM 6,780.63)","Lenovo Official: RM 6,780.63",1,https://www.lenovo.com/my/en/p/laptops/thinkpad/thinkpadl/lenovo-thinkpad-l16-gen-2-16-inch-amd/21rhcto1wwmy2,Lenovo Official: https://www.lenovo.com/my/en/p/laptops/thinkpad/thinkpadl/lenovo-thinkpad-l16-gen-2-16-inch-amd/21rhcto1wwmy2,https://p4-ofp.static.pub/ShareResource/optimized/pdp/thinkpad/thinkpad-l-series/len101t0142/lenovo-thinkpad-l16-gen-2-16-amd-pdp-gallery-1.png,Lenovo Official,AMD Ryzen™ AI 5 PRO 340 Processor (2.00 GHz up to 4.80 GHz),Integrated Graphics,16 GB DDR5-5600MT/s (SODIMM),512 GB SSD M.2 2280 PCIe Gen4 TLC Opal,"16"" WUXGA (1920 x 1200), IPS, Anti-Glare, Non-Touch, 45%NTSC, 400 nits, 60Hz",,,"OS: Windows 11 Home 64 | Warranty: 3 Years Premier Support AI | The ThinkPad L16 Gen 2 (AMD) is a reliable laptop designed for business professionals and SMBs. It features a 16"" WUXGA display, AMD Ryzen™ AI 5 PRO processor, 16GB DDR5 memory, and 512GB SSD storage, ensuring smooth multitasking and ample storage."
thinkpadl16gen2amd_amdryzen™5pr_integrated_16gbdd_1tbssd,ThinkPad L16 Gen 2 (AMD),6815.99,"Lenovo Official (RM 6,815.99)","Lenovo Official: RM 6,815.99",1,https://www.lenovo.com/my/en/p/laptops/thinkpad/thinkpadl/lenovo-thinkpad-l16-gen-2-16-inch-amd/21sccto1wwmy3,Lenovo Official: https://www.lenovo.com/my/en/p/laptops/thinkpad/thinkpadl/lenovo-thinkpad-l16-gen-2-16-inch-amd/21sccto1wwmy3,https://p1-ofp.static.pub//fes/cms/2025/04/21/makdqm5aw9nt9u39zvsdb8jipgb5dp037842.png,Lenovo Official,AMD Ryzen™ 5 PRO 215 Processor (3.20 GHz up to 4.70 GHz),Integrated Graphics,16 GB DDR5-5600MT/s (SODIMM),1 TB SSD M.2 2280 PCIe Gen4 TLC Opal,"16"" WUXGA (1920 x 1200), IPS, Anti-Glare, Non-Touch, 45%NTSC, 400 nits, 60Hz",,,"OS: Windows 11 Home 64 | Warranty: 3 Years Premier Support AI | The ThinkPad L16 Gen 2 (AMD) offers powerful performance with an AMD Ryzen™ 5 PRO processor and 16GB DDR5 memory. Its 16"" WUXGA anti-glare display ensures clear visuals, while the 1TB SSD provides ample storage. Ideal for business professionals seeking reliability."
yogaslim7x14gen11snapdrag_snapdragon®x_integrated_32gblp_512gbs,"Yoga Slim 7x (14"", Gen 11) Snapdragon",6828.04,"Lenovo Official (RM 6,828.04)","Lenovo Official: RM 6,828.04",1,https://www.lenovo.com/my/en/p/laptops/yoga/yoga-slim-series/lenovo-yoga-slim-7x-gen-11-14-inch-snapdragon/83qrcto1wwmy2,Lenovo Official: https://www.lenovo.com/my/en/p/laptops/yoga/yoga-slim-series/lenovo-yoga-slim-7x-gen-11-14-inch-snapdragon/83qrcto1wwmy2,https://p4-ofp.static.pub/ShareResource/optimized/pdp/yoga/yoga-slim-series/len101y0066/lenovo-yoga-slim-7x-gen-11-14-snapdragon-pdp-gallery-1.88d7cb72e79c4be9.png,Lenovo Official,Snapdragon® X2 Elite X2E-80-100 Processor (4.70 GHz),Integrated Graphics,32 GB LPDDR5X-9523MT/s (Soldered),512 GB SSD M.2 2242 PCIe Gen4 QLC,"14"" WUXGA (1920 x 1200), OLED, Glare, Touch, HDR 500 True Black, 100%DCI-P3, 400 nits, 60Hz, Glass",,,"OS: Windows 11 Pro Arm64 | Warranty: 1 Year PremiumCare | The Yoga Slim 7x (14"", Gen 11) Snapdragon offers a sleek design with a stunning 14"" OLED touch display for vibrant visuals. Equipped with 32GB memory, 512GB SSD storage, and Wi-Fi 7, it ensures seamless performance for creators and everyday use."
thinkpadl132in1gen6_intel®core™u_integrated_16gblp_256gbs,ThinkPad L13 2-in-1 Gen 6,6992.05,"Lenovo Official (RM 6,992.05)","Lenovo Official: RM 6,992.05",1,https://www.lenovo.com/my/en/p/laptops/thinkpad/thinkpadl/lenovo-thinkpad-l13-2-in-1-gen-6-13-inch-intel-laptop/21r7cto1wwmy3,Lenovo Official: https://www.lenovo.com/my/en/p/laptops/thinkpad/thinkpadl/lenovo-thinkpad-l13-2-in-1-gen-6-13-inch-intel-laptop/21r7cto1wwmy3,https://p4-ofp.static.pub//fes/cms/2025/05/20/04mra1yiq86w2l3vunxx1d63mav6ve640315.png,Lenovo Official,Intel® Core™ Ultra 5 225U Processor (E-cores up to 3.80 GHz P-cores up to 4.80 GHz),Integrated Graphics,16 GB LPDDR5X-8533MT/s (Soldered),256 GB SSD M.2 2242 PCIe Gen4 TLC Opal,"13.3"" WUXGA (1920 x 1200), IPS, Anti-Reflection/Anti-Smudge, Touch, 100%sRGB, 400 nits, 60Hz",,,"OS: Windows 11 Home 64 | Warranty: 3 Years Premier Support AI | The ThinkPad L13 2-in-1 Gen 6 offers a versatile design with a 13.3"" touch display and anti-reflection technology. Powered by Intel® Core™ Ultra 5, 16GB memory, and 256GB SSD, it's ideal for students seeking performance and portability."
lenovoloq15iph11_intel®core™u_nvidia®gef_16gbdd_512gbs,Lenovo LOQ 15IPH11,6994.71,"Lenovo Official (RM 6,994.71)","Lenovo Official: RM 6,994.71",1,https://www.lenovo.com/my/en/p/laptops/loq-laptops/lenovo-loq-15iph11-(intel)-laptop/83slcto1wwmy2,Lenovo Official: https://www.lenovo.com/my/en/p/laptops/loq-laptops/lenovo-loq-15iph11-(intel)-laptop/83slcto1wwmy2,https://p4-ofp.static.pub/ShareResource/optimized/pdp/loq/loq-15-series/len101q0017/loq-15iph11-gallery1.png,Lenovo Official,Intel® Core™ Ultra 7 355 Processor (LPE-cores up to 3.50 GHz P-cores up to 4.70 GHz),NVIDIA® GeForce RTX™ 5060 Laptop GPU 8GB GDDR7,16 GB DDR5-5600MT/s (SODIMM),512 GB SSD M.2 2242 PCIe Gen4 QLC,"15.3"" WUXGA (1920 x 1200), IPS, Anti-Glare, Non-Touch, 100%sRGB, 300 nits, 165Hz",,,"OS: Windows 11 Home Single Language 64 | Warranty: 1 Year Carry-in | The Lenovo LOQ 15IPH11 laptop is designed for gamers with Intel Core Ultra processors and NVIDIA GeForce RTX graphics. Its lightweight, sleek design ensures portability, while advanced features like Nahimic Audio and Xbox Game Pass enhance gaming experiences."
SLIM-7I-ULTRA,"Yoga Slim 7i Ultra Aura Edition (14"",  Gen 11)",7019.51,"Lenovo Official (RM 7,019.51)","Lenovo Official: RM 7,019.51",1,https://www.lenovo.com/my/en/p/laptops/yoga/yoga-slim-series/lenovo-yoga-slim-7i-ultra-gen-11-aura-edition-14-inch-intel/83qkcto1wwmy2,Lenovo Official: https://www.lenovo.com/my/en/p/laptops/yoga/yoga-slim-series/lenovo-yoga-slim-7i-ultra-gen-11-aura-edition-14-inch-intel/83qkcto1wwmy2,https://p3-ofp.static.pub/ShareResource/optimized/pdp/yoga/yoga-slim-series/len101y0064/lenovo-yoga-slim-7i-ultra-gen-11-aura-edition-14-gallery-1.e9ad0b26a98208a5.png,Lenovo Official,Intel® Core™ Ultra 5 325 Processor (LPE-cores up to 3.40 GHz P-cores up to 4.50 GHz),Integrated Graphics,32 GB LPDDR5X-7467MT/s (Soldered),1 TB SSD M.2 2242 PCIe Gen4 TLC,"14"" 2.8K (2880 x 1800), OLED, Glare, Touch, HDR 1000 True Black, 100%DCI-P3, 1100 nits (HDR Peak)/500 nits (SDR Typical), 120Hz, Glass",,,"OS: Windows 11 Home Single Language 64 | Warranty: 1 Year PremiumCare | The Yoga Slim 7i Ultra Aura Edition offers a stunning 14"" 2.8K OLED touchscreen with vibrant colors and smooth 120Hz refresh rate. With 32GB memory, 1TB SSD storage, and a lightweight design, it's perfect for creators seeking performance and portability."
legion5a15gen11_amdryzen™725_nvidia®gef_16gbdd_512gbs,"Legion 5a (15"", Gen 11)",7034.44,"Lenovo Official (RM 7,034.44)","Lenovo Official: RM 7,034.44",1,https://www.lenovo.com/my/en/p/laptops/legion-laptops/legion-series/legion-5a-gen-11-15-inch-amd/83q7cto1wwmy2,Lenovo Official: https://www.lenovo.com/my/en/p/laptops/legion-laptops/legion-series/legion-5a-gen-11-15-inch-amd/83q7cto1wwmy2,https://p2-ofp.static.pub//fes/cms/2025/12/17/5v95avnoknpvyce23jqwlyl9vl1866297036.png,Lenovo Official,AMD Ryzen™ 7 250 Processor (3.30 GHz up to 5.10 GHz),NVIDIA® GeForce RTX™ 5070 Laptop GPU 8GB GDDR7,16 GB DDR5-5600MT/s (SODIMM),512 GB SSD M.2 2242 PCIe Gen4 TLC,"15.3"" WQXGA (2560 x 1600), OLED, Glare, Non-Touch, HDR 1000 True Black, 100%DCI-P3, 500 nits, 165Hz, Low Blue Light",,,"OS: Windows 11 Home Single Language 64 | Warranty: 1 Year Legion Ultimate Support | The Legion 5a (15"", Gen 11) offers powerful performance with AMD Ryzen™ 7 and NVIDIA® GeForce RTX™ 5070 graphics. Its 15.3"" OLED display delivers stunning visuals with HDR 1000 True Black, 165Hz refresh rate, and 100% DCI-P3 color accuracy, perfect for gamers."
thinkpadt14gen6amd_amdryzen™ai5_integrated_16gbdd_256gbs,ThinkPad T14 Gen 6 (AMD),7043.97,"Lenovo Official (RM 7,043.97)","Lenovo Official: RM 7,043.97",1,https://www.lenovo.com/my/en/p/laptops/thinkpad/thinkpadt/thinkpad-t14-gen-6-14-inch-amd/21qjcto1wwmy3,Lenovo Official: https://www.lenovo.com/my/en/p/laptops/thinkpad/thinkpadt/thinkpad-t14-gen-6-14-inch-amd/21qjcto1wwmy3,https://p1-ofp.static.pub/ShareResource/optimized/pdp/thinkpad/thinkpad-t-series/len101t0116/lenovo-thinpad-t14-gen-6-14-amd-pdp-gallery-1.3efdbad1b181ddc3.png,Lenovo Official,AMD Ryzen™ AI 5 PRO 340 Processor (2.00 GHz up to 4.80 GHz),Integrated Graphics,16 GB DDR5-5600MT/s (SODIMM),256 GB SSD M.2 2280 PCIe Gen4 TLC Opal,"14"" WUXGA (1920 x 1200), IPS, Anti-Glare, Non-Touch, 45%NTSC, 400 nits, 60Hz",,,"OS: Windows 11 Home 64 | Warranty: 3 Years Premier Support AI | The ThinkPad T14 Gen 6 (AMD) is a reliable laptop designed for business professionals. It features a powerful AMD Ryzen™ AI 5 PRO processor, 16GB DDR5 memory, and a vibrant 14"" WUXGA display for enhanced productivity."
thinkpadt16gen4amd_amdryzen™ai5_integrated_16gbdd_256gbs,ThinkPad T16 Gen 4 (AMD),7148.21,"Lenovo Official (RM 7,148.21)","Lenovo Official: RM 7,148.21",1,https://www.lenovo.com/my/en/p/laptops/thinkpad/thinkpadt/thinkpad-t16-gen-4-16-inch-amd/21qncto1wwmy3,Lenovo Official: https://www.lenovo.com/my/en/p/laptops/thinkpad/thinkpadt/thinkpad-t16-gen-4-16-inch-amd/21qncto1wwmy3,https://p4-ofp.static.pub/ShareResource/optimized/pdp/thinkpad/thinkpad-t-series/len101t0121/lenovo-thinkpad-t16-gen4-16-amd-pdp-gallery-1.png,Lenovo Official,AMD Ryzen™ AI 5 PRO 340 Processor (2.00 GHz up to 4.80 GHz),Integrated Graphics,16 GB DDR5-5600MT/s (SODIMM),256 GB SSD M.2 2280 PCIe Gen4 TLC Opal,"16"" WUXGA (1920 x 1200), IPS, Anti-Glare, Non-Touch, 45%NTSC, 400 nits, 60Hz",,,"OS: Windows 11 Home 64 | Warranty: 3 Years Premier Support AI | The ThinkPad T16 Gen 4 (AMD) is a reliable laptop designed for business professionals. It features a powerful AMD Ryzen™ AI 5 PRO 340 processor, 16GB DDR5 memory, and 256GB SSD storage, ensuring smooth multitasking and fast performance."
thinkpadt14gen6_intel®core™u_integrated_16gbdd_256gbs,ThinkPad T14 Gen 6,7150.88,"Lenovo Official (RM 7,150.88)","Lenovo Official: RM 7,150.88",1,https://www.lenovo.com/my/en/p/laptops/thinkpad/thinkpadt/thinkpad-t14-gen-6-14-inch-intel/21qccto1wwmy2,Lenovo Official: https://www.lenovo.com/my/en/p/laptops/thinkpad/thinkpadt/thinkpad-t14-gen-6-14-inch-intel/21qccto1wwmy2,https://p3-ofp.static.pub//fes/cms/2025/04/08/zpltu7p9bnttxx4pxdiqtfbnhjc0pg787928.png,Lenovo Official,Intel® Core™ Ultra 5 225U Processor (E-cores up to 3.80 GHz P-cores up to 4.80 GHz),Integrated Graphics,16 GB DDR5-5600MT/s (SODIMM),256 GB SSD M.2 2280 PCIe Gen4 TLC Opal,"14"" WUXGA (1920 x 1200), IPS, Anti-Glare, Non-Touch, 45%NTSC, 400 nits, 60Hz",,,"OS: Windows 11 Home 64 | Warranty: 3 Years Premier Support AI | The ThinkPad T14 Gen 6 offers a robust design, a premium keyboard, and a 14-inch anti-glare display for seamless productivity. Users praise its exceptional keyboard and performance, making it ideal for professionals handling demanding workloads."
legion5i15gen10_intel®core™u_nvidia®gef_16gbdd_512gbs,"Legion 5i (15"", Gen 10)",7210.09,"Lenovo Official (RM 7,210.09)","Lenovo Official: RM 7,210.09",1,https://www.lenovo.com/my/en/p/laptops/legion-laptops/legion-series/lenovo-legion-5i-gen-10-15-inch-intel/83f0cto1wwmy3,Lenovo Official: https://www.lenovo.com/my/en/p/laptops/legion-laptops/legion-series/lenovo-legion-5i-gen-10-15-inch-intel/83f0cto1wwmy3,https://p2-ofp.static.pub//fes/cms/2025/04/14/dmwa5bmukcg6gb3erzii12khrfho4p776428.png,Lenovo Official,Intel® Core™ Ultra 7 255HX Processor (E-cores up to 4.50 GHz P-cores up to 5.20 GHz),NVIDIA® GeForce RTX™ 5060 Laptop GPU 8GB GDDR7,16 GB DDR5-5600MT/s (SODIMM),512 GB SSD M.2 2242 PCIe Gen4 TLC,"15.1"" WQXGA (2560 x 1600), OLED, Glare, Non-Touch, HDR 600 True Black, 100%DCI-P3, 500 nits, 165Hz",,,"OS: Windows 11 Home Single Language 64 | Warranty: 1 Year Legion Ultimate Support | The Legion 5i (15"", Gen 10) offers a stunning OLED display, powerful performance, and a premium, durable design. Users praise its vibrant screen and smooth performance, making it ideal for gamers and creators seeking high-quality visuals."
legion515gen10_amdryzen™ai7_nvidia®gef_24gbdd_512gbs,"Legion 5 (15'', Gen 10)",7240.94,"Lenovo Official (RM 7,240.94)","Lenovo Official: RM 7,240.94",1,https://www.lenovo.com/my/en/p/laptops/legion-laptops/legion-series/lenovo-legion-5-gen-10-15-inch-amd/83f1cto1wwmy3,Lenovo Official: https://www.lenovo.com/my/en/p/laptops/legion-laptops/legion-series/lenovo-legion-5-gen-10-15-inch-amd/83f1cto1wwmy3,https://p4-ofp.static.pub/ShareResource/optimized/pdp/legion/legion-5-series/len101g0047/lenovo-legion-5-gen-10-15-amd-pdp-gallery-1.png,Lenovo Official,AMD Ryzen™ AI 7 350 Processor (2.00 GHz up to 5.00 GHz),NVIDIA® GeForce RTX™ 5050 Laptop GPU 8GB GDDR7,24 GB DDR5-5600MT/s (SODIMM),512 GB SSD M.2 2242 PCIe Gen4 TLC,"15.1"" WQXGA (2560 x 1600), OLED, Glare, Non-Touch, HDR 600 True Black, 100%DCI-P3, 500 nits, 165Hz",,,"OS: Windows 11 Home Single Language 64 | Warranty: 1 Year Legion Ultimate Support | The Legion 5 (15'', Gen 10) delivers high-performance gaming with an AMD Ryzen™ AI 7 350 processor and NVIDIA® GeForce RTX™ 5050 GPU. Its 15.1"" WQXGA OLED display offers stunning visuals with HDR 600 True Black and 165Hz refresh rate, perfect for immersive gameplay."
thinkpadt16gen4_intel®core™u_integrated_16gbdd_256gbs,ThinkPad T16 Gen 4,7264.23,"Lenovo Official (RM 7,264.23)","Lenovo Official: RM 7,264.23",1,https://www.lenovo.com/my/en/p/laptops/thinkpad/thinkpadt/thinkpad-t16-gen-4-16-inch-intel/21qecto1wwmy2,Lenovo Official: https://www.lenovo.com/my/en/p/laptops/thinkpad/thinkpadt/thinkpad-t16-gen-4-16-inch-intel/21qecto1wwmy2,https://p1-ofp.static.pub//fes/cms/2025/04/04/mcrpgl1ztpqm4g7xjfm3d893xu4igg481572.png,Lenovo Official,Intel® Core™ Ultra 5 225U Processor (E-cores up to 3.80 GHz P-cores up to 4.80 GHz),Integrated Graphics,16 GB DDR5-5600MT/s (SODIMM),256 GB SSD M.2 2280 PCIe Gen4 TLC Opal,"16"" WUXGA (1920 x 1200), IPS, Anti-Glare, Non-Touch, 45%NTSC, 400 nits, 60Hz",,,"OS: Windows 11 Home 64 | Warranty: 3 Years Premier Support AI | The ThinkPad T16 Gen 4 offers exceptional performance, a durable build, and a crisp 16-inch display for productivity. Users praise its reliability, lightweight design, and all-day battery life, making it ideal for business professionals."
thinkpadt14sgen6amd_amdryzen™ai5_integrated_16gblp_256gbs,ThinkPad T14s Gen 6 (AMD),7293.80,"Lenovo Official (RM 7,293.80)","Lenovo Official: RM 7,293.80",1,https://www.lenovo.com/my/en/p/laptops/thinkpad/thinkpadt/lenovo-thinkpad-t14s-gen-6-14-inch-amd-laptop/21tbcto1wwmy2,Lenovo Official: https://www.lenovo.com/my/en/p/laptops/thinkpad/thinkpadt/lenovo-thinkpad-t14s-gen-6-14-inch-amd-laptop/21tbcto1wwmy2,https://p1-ofp.static.pub/ShareResource/optimized/pdp/thinkpad/thinkpad-t-series/len101t0109/lenovo-thinkpad-t14s-gen-6-14-amd-laptop-pdp-gallery-1.677671b4495bc92d.png,Lenovo Official,AMD Ryzen™ AI 5 PRO 340 Processor (2.00 GHz up to 4.80 GHz),Integrated Graphics,16 GB LPDDR5X-8533MT/s (Soldered),256 GB SSD M.2 2280 PCIe Gen4 TLC Opal,"14"" WUXGA (1920 x 1200), IPS, Anti-Glare, Non-Touch, 45%NTSC, 400 nits, 60Hz",,,"OS: Windows 11 Home 64 | Warranty: 3 Years Premier Support AI | The ThinkPad T14s Gen 6 (AMD) offers a lightweight design with a 14"" WUXGA anti-glare display for clear visuals. Powered by an AMD Ryzen™ AI 5 PRO processor, it includes 16GB memory, 256GB SSD storage, and MediaTek Wi-Fi 7 for seamless connectivity, ideal for business professionals."
legionpro5i16gen10_intel®core™u_nvidia®gef_16gbdd_512gbs,"Legion Pro 5i (16'', Gen 10)",7416.09,"Lenovo Official (RM 7,416.09)","Lenovo Official: RM 7,416.09",1,https://www.lenovo.com/my/en/p/laptops/legion-laptops/legion-pro-series/legion-pro-5i-gen-10-16-inch-intel/83f3cto1wwmy3,Lenovo Official: https://www.lenovo.com/my/en/p/laptops/legion-laptops/legion-pro-series/legion-pro-5i-gen-10-16-inch-intel/83f3cto1wwmy3,https://p2-ofp.static.pub//fes/cms/2025/10/13/ogyuq0nxb7v3i6ow4r6w85ovvt98zf968017.png,Lenovo Official,Intel® Core™ Ultra 7 255HX Processor (E-cores up to 4.50 GHz P-cores up to 5.20 GHz),NVIDIA® GeForce RTX™ 5060 Laptop GPU 8GB GDDR7,16 GB DDR5-5600MT/s (SODIMM),512 GB SSD M.2 2242 PCIe Gen4 TLC,"16"" WQXGA (2560 x 1600), OLED, Glare, Non-Touch, HDR 1000 True Black, 100%DCI-P3, 500 nits, 165Hz, Low Blue Light",,,"OS: Windows 11 Home Single Language 64 | Warranty: 1 Year Legion Ultimate Support | The Legion Pro 5i (16'', Gen 10) offers exceptional gaming performance with a stunning 16"" OLED display and advanced cooling. Users praise its powerful performance, vibrant display, and quiet operation, making it ideal for gamers seeking top-tier experiences."
legionpro516gen10_amdryzen™999_nvidia®gef_16gbdd_512gbs,"Legion Pro 5 (16"", Gen 10)",7444.47,"Lenovo Official (RM 7,444.47)","Lenovo Official: RM 7,444.47",1,https://www.lenovo.com/my/en/p/laptops/legion-laptops/legion-pro-series/legion-pro-5-gen-10-16-inch-amd/83f2cto1wwmy3,Lenovo Official: https://www.lenovo.com/my/en/p/laptops/legion-laptops/legion-pro-series/legion-pro-5-gen-10-16-inch-amd/83f2cto1wwmy3,https://p4-ofp.static.pub//fes/cms/2025/04/04/jiji2singllsx0ge6te3pq1uxsghqs412326.png,Lenovo Official,AMD Ryzen™ 9 9955HX Processor (2.50 GHz up to 5.40 GHz),NVIDIA® GeForce RTX™ 5060 Laptop GPU 8GB GDDR7,16 GB DDR5-5600MT/s (SODIMM),512 GB SSD M.2 2242 PCIe Gen4 TLC,"16"" WQXGA (2560 x 1600), OLED, Glare, Non-Touch, HDR 1000 True Black, 100%DCI-P3, 500 nits, 165Hz, Low Blue Light",,,"OS: Windows 11 Home Single Language 64 | Warranty: 1 Year Legion Ultimate Support | The Legion Pro 5 (16"", Gen 10) offers a stunning 16"" OLED display, powerful AMD Ryzen™ 9 processor, and NVIDIA® GeForce RTX™ 5060 GPU. Users praise its exceptional performance, vibrant display, and premium build, making it ideal for gamers and creative professionals."
thinkpadp14sgen6amd_amdryzen™ai5_integrated_16gbdd_256gbs,ThinkPad P14s Gen 6 (AMD),7462.83,"Lenovo Official (RM 7,462.83)","Lenovo Official: RM 7,462.83",1,https://www.lenovo.com/my/en/p/laptops/thinkpad/thinkpadp/thinkpad-p14s-gen-6-14-inch-amd-mobile-workstation/21qlcto1wwmy3,Lenovo Official: https://www.lenovo.com/my/en/p/laptops/thinkpad/thinkpadp/thinkpad-p14s-gen-6-14-inch-amd-mobile-workstation/21qlcto1wwmy3,https://p1-ofp.static.pub/ShareResource/optimized/pdp/thinkpad/thinkpad-p-series/len101t0118/thinkpad-p14s-gen-6-14-amd-gallery-1.png,Lenovo Official,AMD Ryzen™ AI 5 PRO 340 Processor (2.00 GHz up to 4.80 GHz),Integrated Graphics,16 GB DDR5-5600MT/s (SODIMM) - (2 x 8 GB),256 GB SSD M.2 2280 PCIe Gen4 TLC Opal,"14"" WUXGA (1920 x 1200), IPS, Anti-Glare, Non-Touch, 45%NTSC, 400 nits, 60Hz",,,"OS: Windows 11 Home 64 | Warranty: 3 Years Premier Support AI | The ThinkPad P14s Gen 6 (AMD) offers a powerful AMD Ryzen™ AI 5 PRO 340 processor and 16GB DDR5 memory for seamless multitasking. Its 14"" WUXGA IPS anti-glare display delivers crisp visuals, while the lightweight design and 256GB SSD ensure portability and fast storage, ideal for business professionals."
thinkpadt14sgen6_intel®core™u_integrated_16gblp_256gbs,ThinkPad T14s Gen 6,7513.30,"Lenovo Official (RM 7,513.30)","Lenovo Official: RM 7,513.30",1,https://www.lenovo.com/my/en/p/laptops/thinkpad/thinkpadt/lenovo-thinkpad-t14s-gen-6-14-inch-intel/21r1cto1wwmy2,Lenovo Official: https://www.lenovo.com/my/en/p/laptops/thinkpad/thinkpadt/lenovo-thinkpad-t14s-gen-6-14-inch-intel/21r1cto1wwmy2,https://p4-ofp.static.pub//fes/cms/2025/05/05/y975qkyrr8i7k8dfffmh1dgcr4sv51169730.png,Lenovo Official,Intel® Core™ Ultra 5 225U Processor (E-cores up to 3.80 GHz P-cores up to 4.80 GHz),Integrated Graphics,16 GB LPDDR5X-8533MT/s (Soldered),256 GB SSD M.2 2280 PCIe Gen4 TLC Opal,"14"" WUXGA (1920 x 1200), IPS, Anti-Glare, Non-Touch, 45%NTSC, 400 nits, 60Hz",,,"OS: Windows 11 Home 64 | Warranty: 3 Years Premier Support AI | The ThinkPad T14s Gen 6 offers a sleek design with a 14"" WUXGA anti-glare display for clear visuals. Powered by Intel® Core™ Ultra 5 processor, 16GB memory, and 256GB SSD, it ensures smooth performance for business professionals."
thinkpadt14s2in1gen2_intel®core™u_integrated_16gblp_256gbs,ThinkPad T14s 2-in-1 Gen 2,7575.13,"Lenovo Official (RM 7,575.13)","Lenovo Official: RM 7,575.13",1,https://www.lenovo.com/my/en/p/laptops/thinkpad/thinkpadt/thinkpad-t14s-2-in-1-gen-2-14-inch-intel/21yycto1wwmy2,Lenovo Official: https://www.lenovo.com/my/en/p/laptops/thinkpad/thinkpadt/thinkpad-t14s-2-in-1-gen-2-14-inch-intel/21yycto1wwmy2,https://p3-ofp.static.pub/ShareResource/optimized/thinkpad/thinkpad-t/len101t0163/lenovo-thinkpad-t14s-2-in-1-gen-2-14-intel-pdp-gallery-1.73e2782809d66f1a.png,Lenovo Official,Intel® Core™ Ultra 5 325 Processor (LPE-cores up to 3.40 GHz P-cores up to 4.50 GHz),Integrated Graphics,16 GB LPDDR5X-8533MT/s (Soldered),256 GB SSD M.2 2280 PCIe Gen4 TLC Opal,"14"" WUXGA (1920 x 1200), IPS, Anti-Reflection/Anti-Smudge, Touch, 45%NTSC, 400 nits, 60Hz, DBEF5",,,"OS: Windows 11 Home 64 | Warranty: 1 Year Courier or Carry-in | The ThinkPad T14s 2-in-1 Gen 2 offers a versatile design with a 14"" touch display and anti-reflection technology. Powered by Intel® Core™ Ultra 5, 16GB memory, and 256GB SSD, it ensures smooth performance for business professionals. Includes a fingerprint reader and backlit keyboard for enhanced security and convenience."
legion5i15gen11_intel®core™u_nvidia®gef_16gbdd_512gbs,"Legion 5i (15"", Gen 11)",6863.58,"Lenovo Official (RM 6,863.58)","Lenovo Official: RM 6,863.58",1,https://www.lenovo.com/my/en/p/laptops/legion-laptops/legion-series/legion-5i-gen-11-15-inch-intel/83rwcto1wwmy1,Lenovo Official: https://www.lenovo.com/my/en/p/laptops/legion-laptops/legion-series/legion-5i-gen-11-15-inch-intel/83rwcto1wwmy1,https://p3-ofp.static.pub/ShareResource/optimized/pdp/legion/legion-5-series/len101g0050/lenovo-legion-5i-gen-11-15-intel-pdp-gallery-1.4110b84470e37084.png,Lenovo Official,Intel® Core™ Ultra 7 251HX Processor (E-cores up to 4.50 GHz P-cores up to 5.10 GHz),NVIDIA® GeForce RTX™ 5050 Laptop GPU 8GB GDDR7,16 GB DDR5-5600MT/s (SODIMM),512 GB SSD M.2 2242 PCIe Gen4 TLC,"15.3"" WQXGA (2560 x 1600), OLED, Glare, Non-Touch, HDR 1000 True Black, 100%DCI-P3, 500 nits, 165Hz, Low Blue Light",,,"OS: Windows 11 Home Single Language 64 | Warranty: 1 Year Legion Ultimate Support | The Legion 5i (15"", Gen 11) offers powerful performance with Intel® Core™ Ultra 7 and NVIDIA® GeForce RTX™ 5050 GPU. Its 15.3"" OLED display delivers stunning visuals with HDR 1000 True Black and 165Hz refresh rate, ideal for gamers seeking immersive experiences."
thinkpadl16gen2_intel®core™u_integrated_8gbddr_1tbssd,ThinkPad L16 Gen 2,7742.75,"Lenovo Official (RM 7,742.75)","Lenovo Official: RM 7,742.75",1,https://www.lenovo.com/my/en/p/laptops/thinkpad/thinkpadl/lenovo-thinkpad-l16-gen-2-16-inch-intel/21sacto1wwmy3,Lenovo Official: https://www.lenovo.com/my/en/p/laptops/thinkpad/thinkpadl/lenovo-thinkpad-l16-gen-2-16-inch-intel/21sacto1wwmy3,https://p1-ofp.static.pub//fes/cms/2025/04/18/c14tefj9pnci8u8c1hd63jo2j6vmfi232879.png,Lenovo Official,Intel® Core™ Ultra 7 255U Processor (E-cores up to 4.20 GHz P-cores up to 5.20 GHz),Integrated Graphics,8 GB DDR5-5600MT/s (SODIMM),1 TB SSD M.2 2280 PCIe Gen4 TLC Opal,"16"" WUXGA (1920 x 1200), IPS, Anti-Glare, Touch, 45%NTSC, 400 nits, 60Hz",,,"OS: Windows 11 Home 64 | Warranty: 3 Years Premier Support AI | The ThinkPad L16 Gen 2 offers a 16-inch WUXGA touch display with anti-glare and 400 nits brightness for clear visuals. Powered by an Intel Core Ultra 7 processor and 1 TB SSD storage, it ensures fast performance and ample space for business tasks."
legion7a15gen11_amdryzen™aim_integrated_32gblp_1tbssd,"Legion 7a (15"", Gen 11)",8161.68,"Lenovo Official (RM 8,161.68)","Lenovo Official: RM 8,161.68",1,https://www.lenovo.com/my/en/p/laptops/legion-laptops/legion-series/lenovo-legion-7a-gen-11-15-inch-amd-gaming-laptop/83v9cto1wwmy2,Lenovo Official: https://www.lenovo.com/my/en/p/laptops/legion-laptops/legion-series/lenovo-legion-7a-gen-11-15-inch-amd-gaming-laptop/83v9cto1wwmy2,https://p3-ofp.static.pub/ShareResource/optimized/pdp/legion/legion-7-series/LEN101G0054/lenovo-legion-7a-gen-11-15-amd-pdp-gallery-1.65065aa7abe09536.png,Lenovo Official,AMD Ryzen™ AI Max+ 388 Processor (3.60 GHz up to 5.00 GHz),Integrated Graphics,32 GB LPDDR5X-8000MT/s (Soldered),1 TB SSD M.2 2242 PCIe Gen4 TLC,"15.3"" WQXGA (2560 x 1600), OLED, Glare, Non-Touch, HDR 1000 True Black, 100%DCI-P3, 500 nits, 165Hz, Low Blue Light",,,"OS: Windows 11 Home Single Language 64 | Warranty: 1 Year Carry-in | The Legion 7a (15"", Gen 11) features a stunning 15.3"" OLED display with HDR 1000 True Black and 165Hz refresh rate. Powered by AMD Ryzen™ AI Max+ 388 Processor and 32GB LPDDR5X memory, it delivers exceptional performance for gamers and creators alike."
thinkpadp16sgen4amd_amdryzen™ai5_integrated_16gbdd_256gbs,ThinkPad P16s Gen 4 (AMD),8308.03,"Lenovo Official (RM 8,308.03)","Lenovo Official: RM 8,308.03",1,https://www.lenovo.com/my/en/p/laptops/thinkpad/thinkpadp/thinkpad-p16s-gen-4-16-inch-amd-mobile-workstation/21qrcto1wwmy3,Lenovo Official: https://www.lenovo.com/my/en/p/laptops/thinkpad/thinkpadp/thinkpad-p16s-gen-4-16-inch-amd-mobile-workstation/21qrcto1wwmy3,https://p4-ofp.static.pub/ShareResource/optimized/pdp/thinkpad/thinkpad-p-series/len101t0122/thinkpad-p16s-gen-4-16-gallery-1.png,Lenovo Official,AMD Ryzen™ AI 5 PRO 340 Processor (2.00 GHz up to 4.80 GHz),Integrated Graphics,16 GB DDR5-5600MT/s (SODIMM),256 GB SSD M.2 2280 PCIe Gen4 TLC Opal,"16"" WUXGA (1920 x 1200), IPS, Anti-Glare, Non-Touch, 45%NTSC, 400 nits, 60Hz",,,"OS: Windows 11 Home 64 | Warranty: 3 Years Premier Support AI | The ThinkPad P16s Gen 4 (AMD) offers powerful performance with an AMD Ryzen™ AI 5 PRO 340 Processor and 16GB DDR5 memory. Its 16"" WUXGA IPS display delivers vibrant visuals, while features like a fingerprint reader and Wi-Fi 7 ensure security and connectivity for business users."
thinkpadx13gen6amd_amdryzen™ai7_integrated_32gblp_256gbs,ThinkPad X13 Gen 6 (AMD),9009.56,"Lenovo Official (RM 9,009.56)","Lenovo Official: RM 9,009.56",1,https://www.lenovo.com/my/en/p/laptops/thinkpad/thinkpadx/thinkpad-x13-gen-6-13-inch-amd/21rmcto1wwmy2,Lenovo Official: https://www.lenovo.com/my/en/p/laptops/thinkpad/thinkpadx/thinkpad-x13-gen-6-13-inch-amd/21rmcto1wwmy2,https://p4-ofp.static.pub/ShareResource/optimized/pdp/thinkpad/thinkpad-x-series/len101t0135/lenovo-thinkpad-x13-gen-6-13-amd-pdp-gallery-1.e64e54a6b2d623e6.png,Lenovo Official,AMD Ryzen™ AI 7 PRO 350 Processor (2.00 GHz up to 5.00 GHz),Integrated Graphics,32 GB LPDDR5X-8533MT/s (Soldered),256 GB SSD M.2 2280 PCIe Gen4 TLC Opal,"13.3"" WUXGA (1920 x 1200), IPS, Anti-Glare, Non-Touch, 100%sRGB, 400 nits, 60Hz",,,"OS: Windows 11 Home 64 | Warranty: 3 Years Premier Support AI | The ThinkPad X13 Gen 6 is a lightweight 13.3″ laptop powered by AMD Ryzen™ AI PRO processors for seamless performance. Designed for professionals, it features AI productivity tools, robust security, long battery life, and multiple connectivity options."
thinkpadp16sgen5amd_amdryzen™ai5_integrated_16gblp_512gbs,ThinkPad P16s Gen 5 (AMD),9082.11,"Lenovo Official (RM 9,082.11)","Lenovo Official: RM 9,082.11",1,https://www.lenovo.com/my/en/p/laptops/thinkpad/thinkpadp/lenovo-thinkpad-p16s-gen-5-16-inch-amd-mobile-workstation/21xgcto1wwmy2,Lenovo Official: https://www.lenovo.com/my/en/p/laptops/thinkpad/thinkpadp/lenovo-thinkpad-p16s-gen-5-16-inch-amd-mobile-workstation/21xgcto1wwmy2,https://p1-ofp.static.pub/ShareResource/optimized/pdp/thinkpad/thinkpad-p-series/LEN101T0173/thinkpad-p16s-gen-5-16-inch-amd-pdp-gallery-1.png,Lenovo Official,AMD Ryzen™ AI 5 PRO 440 Processor (2.00 GHz up to 4.80 GHz),Integrated Graphics,16 GB LPDDR5X-8533MT/s (CAMM2),512 GB SSD M.2 2280 PCIe Gen4 TLC Opal,"16"" WUXGA (1920 x 1200), IPS, Anti-Glare, Non-Touch, 45%NTSC, 400 nits, 60Hz",,,"OS: Windows 11 Home 64 | Warranty: 3 Years Premier Support AI | The ThinkPad P16s Gen 5 (AMD) offers powerful performance with an AMD Ryzen™ AI 5 PRO processor and 16GB memory. Its 16"" WUXGA anti-glare display ensures clear visuals, while features like fingerprint reader and Wi-Fi 7 enhance security and connectivity for professionals."
thinkpadx13gen6_intel®core™u_integrated_32gblp_256gbs,ThinkPad X13 Gen 6,9204.04,"Lenovo Official (RM 9,204.04)","Lenovo Official: RM 9,204.04",1,https://www.lenovo.com/my/en/p/laptops/thinkpad/thinkpadx/thinkpad-x13-gen-6-13-inch-intel/21rkcto1wwmy2,Lenovo Official: https://www.lenovo.com/my/en/p/laptops/thinkpad/thinkpadx/thinkpad-x13-gen-6-13-inch-intel/21rkcto1wwmy2,https://p2-ofp.static.pub//fes/cms/2025/03/10/kgr82s60h3y67rc4xirhwivdalq4vd087219.png,Lenovo Official,Intel® Core™ Ultra 5 225H Processor (E-cores up to 4.30 GHz P-cores up to 4.90 GHz),Integrated Intel® Arc™ Graphics,32 GB LPDDR5X-8533MT/s (Soldered),256 GB SSD M.2 2280 PCIe Gen4 TLC Opal,"13.3"" WUXGA (1920 x 1200), IPS, Anti-Glare, Non-Touch, 100%sRGB, 400 nits, 60Hz",,,"OS: Windows 11 Home 64 | Warranty: 3 Years Premier Support AI | The ThinkPad X13 Gen 6 features a compact 13.3"" WUXGA anti-glare display with vibrant 100% sRGB colors and 400 nits brightness. Powered by Intel® Core™ Ultra 5 processor, 32GB LPDDR5X memory, and 256GB SSD, it ensures seamless performance for business professionals."
legion7i16gen10_intel®core™u_nvidia®gef_32gbdd_1tbssd,"Legion 7i (16"", Gen 10)",9434.97,"Lenovo Official (RM 9,434.97)","Lenovo Official: RM 9,434.97",1,https://www.lenovo.com/my/en/p/laptops/legion-laptops/legion-series/lenovo-legion-7i-gen-10-16-inch-intel/83kycto1wwmy3,Lenovo Official: https://www.lenovo.com/my/en/p/laptops/legion-laptops/legion-series/lenovo-legion-7i-gen-10-16-inch-intel/83kycto1wwmy3,https://p4-ofp.static.pub//fes/cms/2025/04/29/6fjgbwegzc4uq5d36igr9a7mldtfew006739.png,Lenovo Official,Intel® Core™ Ultra 7 255HX Processor (E-cores up to 4.50 GHz P-cores up to 5.20 GHz),NVIDIA® GeForce RTX™ 5060 Laptop GPU 8GB GDDR7,32 GB DDR5-5600MT/s (SODIMM) - (2 x 16 GB),1 TB SSD M.2 2242 PCIe Gen4 TLC,"16"" WQXGA (2560 x 1600), OLED, Glare, Non-Touch, HDR 1000 True Black, 100%DCI-P3, 500 nits, 165Hz, Low Blue Light",,,"OS: Windows 11 Home Single Language 64 | Warranty: 1 Year Legion Ultimate Support | The Legion 7i (16"", Gen 10) delivers high-performance gaming with an Intel® Core™ Ultra 7 processor and NVIDIA® RTX™ 5060 GPU. Its 16"" OLED display offers stunning visuals with HDR 1000 True Black and 165Hz refresh rate, while the per-key RGB keyboard enhances customization for gamers."
yogapro7i15gen11_intel®core™u_nvidia®gef_32gblp_1tbssd,"Yoga Pro 7i (15"", Gen 11)",8764.37,"Lenovo Official (RM 8,764.37)","Lenovo Official: RM 8,764.37",1,https://www.lenovo.com/my/en/p/laptops/yoga/yoga-pro-series/lenovo-yoga-pro-7i-gen-11-aura-edition-15-inch-intel/83sncto1wwmy1,Lenovo Official: https://www.lenovo.com/my/en/p/laptops/yoga/yoga-pro-series/lenovo-yoga-pro-7i-gen-11-aura-edition-15-inch-intel/83sncto1wwmy1,https://p2-ofp.static.pub/ShareResource/optimized/pdp/yoga/yoga-pro-series/len101y0068/lenovo-yoga-pro-7i-gen-11-aura-edition-15-intel-gallery-1.png,Lenovo Official,Intel® Core™ Ultra 7 356H Processor (E-cores up to 3.50 GHz P-cores up to 4.70 GHz),NVIDIA® GeForce RTX™ 5050 Laptop GPU 8GB GDDR7,32 GB LPDDR5X-8533MT/s (Soldered),1 TB SSD M.2 2242 PCIe Gen4 TLC,"15.3"" WQXGA (2560 x 1600), OLED, Glare, Non-Touch, HDR 1000 True Black, 100%DCI-P3, 500 nits, 165Hz, Low Blue Light",,,"OS: Windows 11 Home Single Language 64 | Warranty: 1 Year PremiumCare | The Yoga Pro 7i (15"", Gen 11) features a stunning 15.3"" WQXGA OLED display with HDR 1000 True Black and 165Hz refresh rate. Powered by Intel® Core™ Ultra 7 processor and NVIDIA® GeForce RTX™ 5050 GPU, it offers 32GB memory and 1TB SSD storage for creators."
thinkpadt14gen7_intel®core™u_integrated_32gblp_256gbs,ThinkPad T14 Gen 7,9819.73,"Lenovo Official (RM 9,819.73)","Lenovo Official: RM 9,819.73",1,https://www.lenovo.com/my/en/p/laptops/thinkpad/thinkpadt/lenovo-thinkpad-t14-gen-7-14-inch-intel-laptop/21wncto1wwmy2,Lenovo Official: https://www.lenovo.com/my/en/p/laptops/thinkpad/thinkpadt/lenovo-thinkpad-t14-gen-7-14-inch-intel-laptop/21wncto1wwmy2,https://p2-ofp.static.pub/ShareResource/optimized/thinkpad/thinkpad-t/len101t0154/lenovo-thinkpad-t14-gen-7-14-intel-pdp-gallery-1.c80b33c46b8b5d19.png,Lenovo Official,Intel® Core™ Ultra 5 325 Processor (LPE-cores up to 3.40 GHz P-cores up to 4.50 GHz),Integrated Graphics,32 GB LPDDR5X-8533MT/s (CAMM2),256 GB SSD M.2 2280 PCIe Gen4 TLC Opal,"14"" WUXGA (1920 x 1200), IPS, Anti-Glare, Non-Touch, 45%NTSC, 400 nits, 60Hz",,,"OS: Windows 11 Home 64 | Warranty: 3 Years Premier Support AI | The ThinkPad T14 Gen 7 is a reliable laptop designed for business professionals and SMBs. It features a 14"" WUXGA anti-glare display, Intel® Core™ Ultra 5 processor, 32GB memory, and 256GB SSD storage for seamless multitasking."
legionpro5i16gen10_intel®core™u_nvidia®gef_16gbdd_1tbssd,"Legion Pro 5i (16"", Gen 10)",9896.72,"Lenovo Official (RM 9,896.72)","Lenovo Official: RM 9,896.72",1,https://www.lenovo.com/my/en/p/laptops/legion-laptops/legion-pro-series/legion-pro-5i-gen-10-16-inch-intel/83lucto1wwmy3,Lenovo Official: https://www.lenovo.com/my/en/p/laptops/legion-laptops/legion-pro-series/legion-pro-5i-gen-10-16-inch-intel/83lucto1wwmy3,https://p2-ofp.static.pub//fes/cms/2025/10/13/ogyuq0nxb7v3i6ow4r6w85ovvt98zf968017.png,Lenovo Official,Intel® Core™ Ultra 9 275HX Processor (E-cores up to 4.60 GHz P-cores up to 5.40 GHz),NVIDIA® GeForce RTX™ 5070 Ti Laptop GPU 12GB GDDR7,16 GB DDR5-6400MT/s (CSODIMM),1 TB SSD M.2 2242 PCIe Gen4 TLC,"16"" WQXGA (2560 x 1600), OLED, Glare, Non-Touch, HDR 1000 True Black, 100%DCI-P3, 500 nits, 165Hz, Low Blue Light",,,"OS: Windows 11 Home Single Language 64 | Warranty: 1 Year Legion Ultimate Support | The Legion Pro 5i (16"", Gen 10) offers exceptional gaming performance with a stunning 16"" OLED display and powerful hardware. Users praise its high FPS, vibrant display, and efficient cooling, making it ideal for gamers seeking top-tier performance."
thinkpadt16gen5_intel®core™u_integrated_32gblp_256gbs,ThinkPad T16 Gen 5,9912.13,"Lenovo Official (RM 9,912.13)","Lenovo Official: RM 9,912.13",1,https://www.lenovo.com/my/en/p/laptops/thinkpad/thinkpadt/lenovo-thinkpad-t16-gen-5-16-inch-intel/21wtcto1wwmy2,Lenovo Official: https://www.lenovo.com/my/en/p/laptops/thinkpad/thinkpadt/lenovo-thinkpad-t16-gen-5-16-inch-intel/21wtcto1wwmy2,https://p4-ofp.static.pub/ShareResource/optimized/pdp/thinkpad/thinkpad-t-series/LEN101T0158/lenovo-thinkpad-t16-gen-5-intel-pdp-gallery-1.png,Lenovo Official,Intel® Core™ Ultra 5 325 Processor (LPE-cores up to 3.40 GHz P-cores up to 4.50 GHz),Integrated Graphics,32 GB LPDDR5X-8533MT/s (CAMM2),256 GB SSD M.2 2280 PCIe Gen4 TLC Opal,"16"" WUXGA (1920 x 1200), IPS, Anti-Glare, Non-Touch, 45%NTSC, 400 nits, 60Hz",,,"OS: Windows 11 Home 64 | Warranty: 3 Years Premier Support AI | The ThinkPad T16 Gen 5 offers a powerful Intel® Core™ Ultra 5 processor and 32GB LPDDR5X memory for seamless multitasking. Its 16"" WUXGA anti-glare display ensures crisp visuals, while the 256GB SSD provides fast storage. Ideal for business professionals seeking reliability and performance."
thinkpadp16sgen5_intel®core™u_nvidiartxp_16gblp_512gbs,ThinkPad P16s Gen 5,9832.63,"Lenovo Official (RM 9,832.63)","Lenovo Official: RM 9,832.63",1,https://www.lenovo.com/my/en/p/laptops/thinkpad/thinkpadp/thinkpad-p16s-i-gen-5-16-inch-intel-mobile-workstation/21xecto1wwmy1,Lenovo Official: https://www.lenovo.com/my/en/p/laptops/thinkpad/thinkpadp/thinkpad-p16s-i-gen-5-16-inch-intel-mobile-workstation/21xecto1wwmy1,https://p1-ofp.static.pub/ShareResource/optimized/pdp/thinkpad/thinkpad-p-series/LEN101T0161/lenovo-thinkbook-p16s-i-gen-5-16-intel-pdp-gallery-1.b6ce943d621c3be8.png,Lenovo Official,Intel® Core™ Ultra 5 336H vPro® Processor (E-cores up to 3.40 GHz P-cores up to 4.60 GHz),NVIDIA RTX PRO™ 500 Blackwell Laptop GPU 6GB GDDR7,16 GB LPDDR5X-8533MT/s (CAMM2),512 GB SSD M.2 2280 PCIe Gen4 TLC Opal,"16"" WUXGA (1920 x 1200), IPS, Anti-Glare, Non-Touch, 45%NTSC, 400 nits, 60Hz",,,"OS: Windows 11 Home 64 | Warranty: 1 Year Courier or Carry-in | The ThinkPad P16s Gen 5 is a powerful workstation designed for creators and professionals. It features a 16"" WUXGA anti-glare display, Intel® Core™ Ultra 5 processor, NVIDIA RTX PRO™ 500 GPU, and 16GB memory for seamless multitasking."
thinkpadp16sgen4_intel®core™u_integrated_16gbdd_512gbs,ThinkPad P16s Gen 4,7406.65,"Lenovo Official (RM 7,406.65)","Lenovo Official: RM 7,406.65",1,https://www.lenovo.com/my/en/p/laptops/thinkpad/thinkpadp/lenovo-thinkpad-p16s-gen-4-16-inch-intel-mobile-workstation/21qvcto1wwmy1,Lenovo Official: https://www.lenovo.com/my/en/p/laptops/thinkpad/thinkpadp/lenovo-thinkpad-p16s-gen-4-16-inch-intel-mobile-workstation/21qvcto1wwmy1,https://p3-ofp.static.pub//fes/cms/2025/08/11/8vvmljl9y3ar87oa5rumz427bzvmdd032364.png,Lenovo Official,Intel® Core™ Ultra 5 225H Processor (E-cores up to 4.30 GHz P-cores up to 4.90 GHz),Integrated Graphics,16 GB DDR5-5600MT/s (SODIMM),512 GB SSD M.2 2280 PCIe Gen4 TLC Opal,"16"" WQUXGA (3840 x 2400), OLED, Anti-Reflection/Anti-Smudge, Dolby Vision™, Touch, 100%DCI-P3, 400 nits, 60Hz, Low Blue Light",,,"OS: Windows 11 Home 64 | Warranty: 2 Years Premier Support AI | The ThinkPad P16s Gen 4 features a 16"" WUXGA IPS display with anti-glare and 400 nits brightness for clear visuals. Powered by Intel® Core™ Ultra 5 processor and 16GB DDR5 memory, it offers fast performance, integrated graphics, and secure fingerprint access for professionals."
thinkpadx1carbongen13_intel®core™u_integrated_16gblp_512gbs,ThinkPad X1 Carbon Gen 13,10793.80,"Lenovo Official (RM 10,793.80)","Lenovo Official: RM 10,793.80",1,https://www.lenovo.com/my/en/p/laptops/thinkpad/thinkpadx1/thinkpad-x1-carbon-gen-13-aura-edition-14-inch-intel/21nxcto1wwmy4,Lenovo Official: https://www.lenovo.com/my/en/p/laptops/thinkpad/thinkpadx1/thinkpad-x1-carbon-gen-13-aura-edition-14-inch-intel/21nxcto1wwmy4,https://p4-ofp.static.pub//fes/cms/2025/02/21/nve0lcn16t4g80h4i0z3kk36teytcd686357.png,Lenovo Official,Intel® Core™ Ultra 5 225U Processor (E-cores up to 3.80 GHz P-cores up to 4.80 GHz),Integrated Graphics,16 GB LPDDR5X-8533MT/s (Soldered),512 GB SSD M.2 2280 PCIe Gen4 TLC Opal,"14"" WUXGA (1920 x 1200), IPS, Anti-Glare, Non-Touch, 100%sRGB, 500 nits, 60Hz, Low Power",,,"OS: Windows 11 Home 64 | Warranty: 3 Years Premier Support Plus AI | The ThinkPad X1 Carbon Gen 13 offers ultra-light portability, a premium keyboard, and reliable performance for business users. Users praise its travel-friendly design, exceptional typing comfort, and ability to handle demanding workloads with long battery life."
thinkpadp14sgen6_intel®core™u_nvidiartxp_16gbdd_512gbs,ThinkPad P14s Gen 6,10870.63,"Lenovo Official (RM 10,870.63)","Lenovo Official: RM 10,870.63",1,https://www.lenovo.com/my/en/p/laptops/thinkpad/thinkpadp/lenovo-thinkpad-p14s-gen-6-14-inch-intel-mobile-workstation/21qtcto1wwmy2,Lenovo Official: https://www.lenovo.com/my/en/p/laptops/thinkpad/thinkpadp/lenovo-thinkpad-p14s-gen-6-14-inch-intel-mobile-workstation/21qtcto1wwmy2,https://p1-ofp.static.pub//fes/cms/2025/08/14/9mv2od3aa0dlrr30uoe6lbwq87ilrz683770.png,Lenovo Official,Intel® Core™ Ultra 7 255H Processor (E-cores up to 4.40 GHz P-cores up to 5.10 GHz),NVIDIA RTX PRO™ 500 Blackwell Laptop GPU 6GB GDDR7,16 GB DDR5-5600MT/s (SODIMM) - (2 x 8 GB),512 GB SSD M.2 2280 PCIe Gen4 TLC Opal,"14.5"" WQXGA (2560 x 1600), IPS, Anti-Glare, Non-Touch, 100%sRGB, 400 nits, 90Hz",,,"OS: Windows 11 Home 64 | Warranty: 3 Years Premier Support AI | The ThinkPad P14s Gen 6 offers powerful performance with Intel® Core™ Ultra 7 processor and NVIDIA RTX PRO™ 500 GPU. Its vibrant 14.5"" WQXGA display, 16GB DDR5 memory, and 512GB SSD make it ideal for business professionals seeking reliability and speed."
thinkpadp14sgen7_intel®core™u_nvidiartxp_16gblp_512gbs,ThinkPad P14s Gen 7,11413.05,"Lenovo Official (RM 11,413.05)","Lenovo Official: RM 11,413.05",1,https://www.lenovo.com/my/en/p/laptops/thinkpad/thinkpadp/lenovo-thinkpad-p14s-gen-7-14-inch-intel/21xjcto1wwmy2,Lenovo Official: https://www.lenovo.com/my/en/p/laptops/thinkpad/thinkpadp/lenovo-thinkpad-p14s-gen-7-14-inch-intel/21xjcto1wwmy2,https://p2-ofp.static.pub/ShareResource/optimized/pdp/thinkpad/thinkpad-p-series/len101t0169/lenovo-thinkpad-p14s-gen-7-14-intel-pdp-gallery-1.png,Lenovo Official,Intel® Core™ Ultra 7 356H Processor (E-cores up to 3.50 GHz P-cores up to 4.70 GHz),NVIDIA RTX PRO™ 500 Blackwell Laptop GPU 6GB GDDR7,16 GB LPDDR5X-8533MT/s (CAMM2),512 GB SSD M.2 2280 PCIe Gen4 TLC Opal,"14.5"" WUXGA (1920 x 1200), IPS, Anti-Glare, Non-Touch, 45%NTSC, 400 nits, 60Hz",,,"OS: Windows 11 Home 64 | Warranty: 2 Years Premier Support AI | The ThinkPad P14s Gen 7 offers powerful performance with Intel® Core™ Ultra 7 and NVIDIA RTX PRO™ 500 graphics. Its 14.5"" WUXGA display, 16GB memory, and 512GB SSD ensure smooth multitasking, while features like a fingerprint reader enhance security."
thinkpadx915pgen1_intel®core™u_integrated_32gblp_1tbssd,ThinkPad X9-15p Gen 1,11919.86,"Lenovo Official (RM 11,919.86)","Lenovo Official: RM 11,919.86",1,https://www.lenovo.com/my/en/p/laptops/thinkpad/thinkpadx9/thinkpad-x9-15p-aura-edition-15-inch-intel/21vvcto1wwmy2,Lenovo Official: https://www.lenovo.com/my/en/p/laptops/thinkpad/thinkpadx9/thinkpad-x9-15p-aura-edition-15-inch-intel/21vvcto1wwmy2,https://p1-ofp.static.pub/ShareResource/optimized/pdp/thinkpad/thinkpad-x-series/len101t0162/lenovo-thankpad-x9-15p-aura-edition-intel-pdp-gallery-1.f2a2163df1b1b710.png,Lenovo Official,Intel® Core™ Ultra X7 358H Processor (E-cores up to 3.50 GHz P-cores up to 4.80 GHz),Integrated Intel® Arc™ Graphics,32 GB LPDDR5X-9600MT/s (Soldered),1 TB SSD M.2 2280 PCIe Gen4 TLC Opal,"15.3"" 2.8K (2880 x 1800), OLED, Anti-Reflection/Anti-Smudge, Non-Touch, HDR 1000 True Black, 100%DCI-P3, 500 nits, 120Hz",,,"OS: Windows 11 Home 64 | Warranty: 2 Years Premier Support AI | The ThinkPad X9-15p Gen 1 offers a stunning 15.3"" 2.8K OLED display with vibrant colors and smooth 120Hz refresh rate. Powered by an Intel® Core™ Ultra X7 processor, 32GB memory, and 1TB SSD, it ensures seamless multitasking for professionals."
thinkpadx12in1gen10_intel®core™u_integrated_32gblp_512gbs,ThinkPad X1 2-in-1 Gen 10,13590.23,"Lenovo Official (RM 13,590.23)","Lenovo Official: RM 13,590.23",1,https://www.lenovo.com/my/en/p/laptops/thinkpad/thinkpadx1/lenovo-thinkpad-x1-2-in-1-gen-10-aura-edition-14-inch-intel/21q0cto1wwmy4,Lenovo Official: https://www.lenovo.com/my/en/p/laptops/thinkpad/thinkpadx1/lenovo-thinkpad-x1-2-in-1-gen-10-aura-edition-14-inch-intel/21q0cto1wwmy4,https://p1-ofp.static.pub//fes/cms/2025/03/14/83ks55ia0falhy8b6lvruntrdf92de721656.png,Lenovo Official,Intel® Core™ Ultra 7 255U Processor (E-cores up to 4.20 GHz P-cores up to 5.20 GHz),Integrated Graphics,32 GB LPDDR5X-8533MT/s (Soldered),512 GB SSD M.2 2280 PCIe Gen4 TLC Opal,"14"" WUXGA (1920 x 1200), IPS, Anti-Reflection, Touch, 100%sRGB, 500 nits, 60Hz, Low Power",,,"OS: Windows 11 Home 64 | Warranty: 3 Years Premier Support Plus AI | The ThinkPad X1 2-in-1 Gen 10 offers a sleek design with a 14"" WUXGA touch display and anti-reflection technology. Powered by an Intel® Core™ Ultra 7 processor, 32GB memory, and 512GB SSD, it's ideal for business professionals seeking performance and portability."
thinkpadt1ggen9_intel®core™u_nvidia®gef_32gblp_512gbs,ThinkPad T1g Gen 9,15485.48,"Lenovo Official (RM 15,485.48)","Lenovo Official: RM 15,485.48",1,https://www.lenovo.com/my/en/p/laptops/thinkpad/thinkpadt/thinkpad-t1g-gen-9-16-inch-intel-/21ugcto1wwmy2,Lenovo Official: https://www.lenovo.com/my/en/p/laptops/thinkpad/thinkpadt/thinkpad-t1g-gen-9-16-inch-intel-/21ugcto1wwmy2,https://p4-ofp.static.pub/ShareResource/optimized/pdp/thinkpad/thinkpad-t-series/LEN101T0181/lenovo-thinkpad-t1g-gen-9-16-intel-pdp-gallery-1.png,Lenovo Official,Intel® Core™ Ultra 7 356H Processor (E-cores up to 3.50 GHz P-cores up to 4.70 GHz),NVIDIA® GeForce RTX™ 5060 Laptop GPU 8GB GDDR7,32 GB LPDDR5X-8533MT/s (CAMM2),512 GB SSD M.2 2280 PCIe Gen4 TLC Opal,"16"" WUXGA (1920 x 1200), IPS, Anti-Glare, Non-Touch, 100%sRGB, 500 nits, 60Hz, Low Power",,,"OS: Windows 11 Home 64 | Warranty: 1 Year Courier or Carry-in | The ThinkPad T1g Gen 9 offers powerful performance with an Intel® Core™ Ultra 7 processor and 32GB memory. It features a 16"" WUXGA display, NVIDIA® GeForce RTX™ 5060 GPU, and advanced security with a fingerprint reader, ideal for business professionals."
thinkpadp1gen9_intel®core™u_nvidiartxp_32gblp_512gbs,ThinkPad P1 Gen 9,16326.00,"Lenovo Official (RM 16,326.00)","Lenovo Official: RM 16,326.00",1,https://www.lenovo.com/my/en/p/laptops/thinkpad/thinkpadp/thinkpad-p1-gen-9-16-inch-intel-mobile-workstation/21uecto1wwmy2,Lenovo Official: https://www.lenovo.com/my/en/p/laptops/thinkpad/thinkpadp/thinkpad-p1-gen-9-16-inch-intel-mobile-workstation/21uecto1wwmy2,https://p1-ofp.static.pub/ShareResource/optimized/pdp/thinkpad/thinkpad-p-series/LEN101T0180/thinkpad-p1-gen-9-16-intel-mobile-workstation-pdp-gallery-1.png,Lenovo Official,Intel® Core™ Ultra 7 356H Processor (E-cores up to 3.50 GHz P-cores up to 4.70 GHz),NVIDIA RTX PRO™ 2000 Blackwell Laptop GPU 8GB GDDR7,32 GB LPDDR5X-8533MT/s (CAMM2),512 GB SSD M.2 2280 PCIe Gen4 TLC Opal,"16"" WUXGA (1920 x 1200), IPS, Anti-Glare, Non-Touch, 100%sRGB, 500 nits, 60Hz, Low Power",,,"OS: Windows 11 Home 64 | Warranty: 1 Year Courier or Carry-in | The ThinkPad P1 Gen 9 offers powerful performance with Intel® Core™ Ultra 7 and NVIDIA RTX PRO™ 2000 GPU. Its 16"" WUXGA display ensures vibrant visuals, while 32GB memory and 512GB SSD provide ample speed and storage for professionals."
legionpro7i16gen10_intel®core™u_nvidia®gef_64gbdd_2tbssd,"Legion Pro 7i (16"", Gen 10)",17031.70,"Lenovo Official (RM 17,031.70)","Lenovo Official: RM 17,031.70",1,https://www.lenovo.com/my/en/p/laptops/legion-laptops/legion-pro-series/legion-pro-7i-gen-10-16-inch-intel/83f5cto1wwmy3,Lenovo Official: https://www.lenovo.com/my/en/p/laptops/legion-laptops/legion-pro-series/legion-pro-7i-gen-10-16-inch-intel/83f5cto1wwmy3,https://p1-ofp.static.pub//fes/cms/2025/10/12/cq22o5msdad5to7arfxsmmf6bsu6n4599010.png,Lenovo Official,Intel® Core™ Ultra 9 275HX Processor (E-cores up to 4.60 GHz P-cores up to 5.40 GHz),NVIDIA® GeForce RTX™ 5070 Ti Laptop GPU 12GB GDDR7,64 GB DDR5-6400MT/s (CSODIMM) - (2 x 32 GB),2 TB SSD M.2 2280 PCIe Gen5 Performance TLC,"16"" WQXGA (2560 x 1600), OLED, Glare, Non-Touch, HDR 1000 True Black, 100%DCI-P3, 500 nits, 240Hz, Low Blue Light",,,"OS: Windows 11 Home Single Language 64 | Warranty: 1 Year Legion Ultimate Support | The Legion Pro 7i (16"", Gen 10) offers exceptional gaming performance with a vivid OLED display and powerful hardware. Users praise its stunning 240Hz display and high-end GPU, making it ideal for gamers seeking desktop-level power in a portable design."
thinkpadp1gen8_intel®core™u_nvidiartxp_32gblp_1tbssd,ThinkPad P1 Gen 8,17277.42,"Lenovo Official (RM 17,277.42)","Lenovo Official: RM 17,277.42",1,https://www.lenovo.com/my/en/p/laptops/thinkpad/thinkpadp/lenovo-thinkpad-p1-gen-8-16-inch-intel-mobile-workstation/21q8cto1wwmy2,Lenovo Official: https://www.lenovo.com/my/en/p/laptops/thinkpad/thinkpadp/lenovo-thinkpad-p1-gen-8-16-inch-intel-mobile-workstation/21q8cto1wwmy2,https://p4-ofp.static.pub//fes/cms/2025/08/20/7in9lxw1v1rlzktssipki6d7kvinqp315164.png,Lenovo Official,Intel® Core™ Ultra 9 285H vPro® Processor (E-cores up to 4.50 GHz P-cores up to 5.40 GHz),NVIDIA RTX PRO™ 1000 Blackwell Laptop GPU 8GB GDDR7,32 GB LPDDR5X-8533MT/s (CAMM2),1 TB SSD M.2 2280 PCIe Gen4 TLC Opal,"16"" WUXGA (1920 x 1200), IPS, Anti-Glare, Non-Touch, 100%sRGB, 500 nits, 60Hz, Low Power",,,"OS: Windows 11 Home 64 | Warranty: 3 Years Premier Support Plus AI | The ThinkPad P1 Gen 8 is a powerful workstation designed for professionals and SMB users. It features a 16"" WUXGA display, Intel® Core™ Ultra 9 processor, NVIDIA RTX PRO™ GPU, 32GB memory, and 1TB SSD for seamless performance."
thinkpadp14sgen6amd_amdryzen™ai9_integrated_96gbdd_1tbssd,ThinkPad P14s Gen 6 (AMD),18263.60,"Lenovo Official (RM 18,263.60)","Lenovo Official: RM 18,263.60",1,https://www.lenovo.com/my/en/p/laptops/thinkpad/thinkpadp/thinkpad-p14s-gen-6-14-inch-amd-mobile-workstation/21rvcto1wwmy3,Lenovo Official: https://www.lenovo.com/my/en/p/laptops/thinkpad/thinkpadp/thinkpad-p14s-gen-6-14-inch-amd-mobile-workstation/21rvcto1wwmy3,https://p1-ofp.static.pub/ShareResource/optimized/pdp/thinkpad/thinkpad-p-series/len101t0118/thinkpad-p14s-gen-6-14-amd-gallery-1.png,Lenovo Official,AMD Ryzen™ AI 9 HX PRO 370 Processor (2.00 GHz up to 5.10 GHz),Integrated Graphics,96 GB DDR5-5600MT/s (SODIMM) - (2 x 48 GB),1 TB SSD M.2 2280 PCIe Gen4 Performance TLC Opal,"14"" WUXGA (1920 x 1200), IPS, Anti-Glare, Non-Touch, 100%sRGB, 500 nits, 60Hz, Low Power",,,"OS: Windows 11 Home 64 | Warranty: 3 Years Premier Support AI | The ThinkPad P14s Gen 6 (AMD) is a powerful, lightweight workstation designed for creators and professionals. It features a stunning 14"" WUXGA display, 96GB DDR5 memory, and 1TB SSD storage, ensuring seamless multitasking and performance."
thinkpadp16sgen4amd_amdryzen™ai9_integrated_96gbdd_1tbssd,ThinkPad P16s Gen 4 (AMD),18387.20,"Lenovo Official (RM 18,387.20)","Lenovo Official: RM 18,387.20",1,https://www.lenovo.com/my/en/p/laptops/thinkpad/thinkpadp/thinkpad-p16s-gen-4-16-inch-amd-mobile-workstation/21rxcto1wwmy3,Lenovo Official: https://www.lenovo.com/my/en/p/laptops/thinkpad/thinkpadp/thinkpad-p16s-gen-4-16-inch-amd-mobile-workstation/21rxcto1wwmy3,https://p4-ofp.static.pub/ShareResource/optimized/pdp/thinkpad/thinkpad-p-series/len101t0122/thinkpad-p16s-gen-4-16-gallery-1.png,Lenovo Official,AMD Ryzen™ AI 9 HX PRO 370 Processor (2.00 GHz up to 5.10 GHz),Integrated Graphics,96 GB DDR5-5600MT/s (SODIMM) - (2 x 48 GB),1 TB SSD M.2 2280 PCIe Gen4 Performance TLC Opal,"16"" WUXGA (1920 x 1200), IPS, Anti-Glare, Non-Touch, 100%sRGB, 500 nits, 60Hz, Low Power",,,"OS: Windows 11 Home 64 | Warranty: 3 Years Premier Support AI | The ThinkPad P16s Gen 4 (AMD) offers powerful performance with an AMD Ryzen™ AI 9 HX PRO 370 processor. It features a 16"" WUXGA display, 96GB DDR5 memory, 1TB SSD storage, and a 4-cell 86Wh battery, ideal for business professionals."
thinkpadt1ggen8_intel®core™u_nvidia®gef_32gblp_1tbssd,ThinkPad T1g Gen 8,20430.46,"Lenovo Official (RM 20,430.46)","Lenovo Official: RM 20,430.46",1,https://www.lenovo.com/my/en/p/laptops/thinkpad/thinkpadt/thinkpad-t1g-gen-8-16-inch-intel-laptop/21tdcto1wwmy2,Lenovo Official: https://www.lenovo.com/my/en/p/laptops/thinkpad/thinkpadt/thinkpad-t1g-gen-8-16-inch-intel-laptop/21tdcto1wwmy2,https://p1-ofp.static.pub//fes/cms/2025/08/27/t0589mtmri4kopx36cwsa0nagn3y29341091.png,Lenovo Official,Intel® Core™ Ultra 7 255H Processor (E-cores up to 4.40 GHz P-cores up to 5.10 GHz),NVIDIA® GeForce RTX™ 5060 Laptop GPU 8GB GDDR7,32 GB LPDDR5X-8533MT/s (CAMM2),1 TB SSD M.2 2280 PCIe Gen5 Performance TLC Opal,"16"" WUXGA (1920 x 1200), IPS, Anti-Glare, Non-Touch, 100%sRGB, 500 nits, 60Hz, Low Power",,,"OS: Windows 11 Home 64 | Warranty: 3 Years Premier Support Plus AI | The ThinkPad T1g Gen 8 is designed for business professionals with powerful Intel® Core™ Ultra 7 processor and 32GB memory. It features a vibrant 16"" WUXGA display, NVIDIA® GeForce RTX™ graphics, and advanced connectivity with Intel® Wi-Fi 7 and Bluetooth® 5.4."
yoga9i2in1auraedition14ge_intel®core™u_integrated_32gblp_1tbssd,"Yoga 9i 2-in-1 Aura Edition (14"",  Gen 11)",7490.42,"Lenovo Official (RM 7,490.42)","Lenovo Official: RM 7,490.42",1,https://www.lenovo.com/my/en/p/laptops/yoga/yoga-2-in-1-series/lenovo-yoga-9i-2-in-1-gen-11-aura-edition-14-inch-intel/83secto1wwmy2,Lenovo Official: https://www.lenovo.com/my/en/p/laptops/yoga/yoga-2-in-1-series/lenovo-yoga-9i-2-in-1-gen-11-aura-edition-14-inch-intel/83secto1wwmy2,https://p2-ofp.static.pub/ShareResource/optimized/pdp/yoga/yoga-2-in-1-series/len101y0074/lenovo-yoga-9i-2-in-1-gen-11-aura-edition-14-intel-gallery-1.9f9f25410cda9ce4.png,Lenovo Official,Intel® Core™ Ultra 7 355 Processor (LPE-cores up to 3.50 GHz P-cores up to 4.70 GHz),Integrated Graphics,32 GB LPDDR5X-7467MT/s (Soldered),1 TB SSD M.2 2242 PCIe Gen4 QLC,"14"" 2.8K (2880 x 1800), OLED, Glare, Touch, HDR 1000 True Black, 100%DCI-P3, 1100 nits (HDR Peak)/500 nits (SDR Typical), 120Hz, Glass",,,"OS: Windows 11 Home Single Language 64 | Warranty: 1 Year Carry-in | The Yoga 9i 2-in-1 Aura Edition offers a stunning 14"" 2.8K OLED touchscreen with vibrant colors and smooth 120Hz refresh rate. With 32GB memory, 1TB SSD storage, and Intel® Core™ Ultra 7 processor, it's perfect for creators seeking power and portability."
thinkpadx12in1gen11auraed_intel®core™u_integrated_32gblp_256gbs,ThinkPad X1 2-in-1 Gen 11 Aura Edition,10578.57,"Lenovo Official (RM 10,578.57)","Lenovo Official: RM 10,578.57",1,https://www.lenovo.com/my/en/p/laptops/thinkpad/thinkpadx1/lenovo-thinkpad-x1-2-in-1-gen--11-aura-edition-14-inch-intel/21v9cto1wwmy2,Lenovo Official: https://www.lenovo.com/my/en/p/laptops/thinkpad/thinkpadx1/lenovo-thinkpad-x1-2-in-1-gen--11-aura-edition-14-inch-intel/21v9cto1wwmy2,https://p4-ofp.static.pub/ShareResource/optimized/pdp/thinkpad/thinkpad-x1-series/len101t0160/thinkpad-x1-2-in-1-gen-11-aura-edition-14-intel-gallery-1.2c302b0403bc6178.png,Lenovo Official,Intel® Core™ Ultra 5 325 Processor (LPE-cores up to 3.40 GHz P-cores up to 4.50 GHz),Integrated Graphics,32 GB LPDDR5X-8533MT/s (Soldered),256 GB SSD M.2 2280 PCIe Gen4 TLC Opal,"14"" WUXGA (1920 x 1200), IPS, Anti-Reflection, Touch, 100%sRGB, 500 nits, 60Hz, Low Power",,,"OS: Windows 11 Home 64 | Warranty: 1 Year Courier or Carry-in | The ThinkPad X1 2-in-1 Gen 11 Aura Edition offers a sleek, lightweight design with a versatile 2-in-1 form factor. It features a stunning 14"" WUXGA touch display, powerful Intel® Core™ Ultra 5 processor, 32GB memory, and 256GB SSD storage, making it ideal for business professionals."
thinkpadx1carbongen14_intel®core™u_integrated_32gblp_256gbs,ThinkPad X1 Carbon Gen 14,11346.34,"Lenovo Official (RM 11,346.34)","Lenovo Official: RM 11,346.34",1,https://www.lenovo.com/my/en/p/laptops/thinkpad/thinkpadx1/lenovo-thinkpad-x1-carbon-gen-14-aura-edition-14-inch-intel/21v7cto1wwmy1,Lenovo Official: https://www.lenovo.com/my/en/p/laptops/thinkpad/thinkpadx1/lenovo-thinkpad-x1-carbon-gen-14-aura-edition-14-inch-intel/21v7cto1wwmy1,https://p1-ofp.static.pub/ShareResource/optimized/pdp/thinkpad/thinkpad-x1-series/len101t0159/thinkpadx1-gen-14-inch-intel-pdp-gallery-1.png,Lenovo Official,Intel® Core™ Ultra 5 325 Processor (LPE-cores up to 3.40 GHz P-cores up to 4.50 GHz),Integrated Graphics,32 GB LPDDR5X-8533MT/s (Soldered),256 GB SSD M.2 2280 PCIe Gen4 TLC Opal,"14"" 2.8K (2880 x 1800), OLED, Anti-Glare, Non-Touch, HDR 500 True Black, 100%DCI-P3, 500 nits, VRR 30-120Hz, Low Blue Light",,,"OS: Windows 11 Home 64 | Warranty: 2 Years Premier Support AI | The ThinkPad X1 Carbon Gen 14 offers a sleek design with a 14"" WUXGA touch display and 500 nits brightness. Powered by Intel® Core™ Ultra 5 processor, it features 32GB memory, 256GB SSD storage, and advanced security like a fingerprint reader for professionals."
thinkpadp16vgen3_intel®core™u_nvidiartxp_32gbdd_512gbs,ThinkPad P16v Gen 3,14859.04,"Lenovo Official (RM 14,859.04)","Lenovo Official: RM 14,859.04",1,https://www.lenovo.com/my/en/p/laptops/thinkpad/thinkpadp/lenovo-thinkpad-p16v-gen-3-16-inch-intel-mobile-workstation/21rscto1wwmy2,Lenovo Official: https://www.lenovo.com/my/en/p/laptops/thinkpad/thinkpadp/lenovo-thinkpad-p16v-gen-3-16-inch-intel-mobile-workstation/21rscto1wwmy2,https://p2-ofp.static.pub//fes/cms/2025/08/11/lp43lpwtssm26w702fqj2yocsng976663810.png,Lenovo Official,Intel® Core™ Ultra 7 255H Processor (E-cores up to 4.40 GHz P-cores up to 5.10 GHz),NVIDIA RTX PRO™ 2000 Blackwell Laptop GPU 8GB GDDR7,32 GB DDR5-6400MT/s (CSODIMM),512 GB SSD M.2 2280 PCIe Gen4 TLC Opal,"16"" WUXGA (1920 x 1200), IPS, Anti-Glare, Non-Touch, 45%NTSC, 400 nits, 60Hz",,,"OS: Windows 11 Home 64 | Warranty: 3 Years Premier Support AI | The ThinkPad P16v Gen 3 offers powerful performance with Intel® Core™ Ultra 7 and NVIDIA RTX PRO™ 2000 GPU. Designed for business professionals, it features a 16"" anti-glare display, 32GB memory, 512GB SSD, and advanced connectivity options."
thinkpadp16gen3_intel®core™u_nvidiartxp_16gbdd_nostor,ThinkPad P16 Gen 3,16192.30,"Lenovo Official (RM 16,192.30)","Lenovo Official: RM 16,192.30",1,https://www.lenovo.com/my/en/p/laptops/thinkpad/thinkpadp/lenovo-thinkpad-p16-gen-3-16-inch-intel-mobile-workstation/21rqcto1wwmy2,Lenovo Official: https://www.lenovo.com/my/en/p/laptops/thinkpad/thinkpadp/lenovo-thinkpad-p16-gen-3-16-inch-intel-mobile-workstation/21rqcto1wwmy2,https://p1-ofp.static.pub//fes/cms/2025/08/14/opx8egacmb1gwc4alw2i8s17mbf54j715958.png,Lenovo Official,Intel® Core™ Ultra 7 255HX Processor (E-cores up to 4.50 GHz P-cores up to 5.20 GHz),NVIDIA RTX PRO™ 1000 Blackwell Laptop GPU 8GB GDDR7,"16 GB DDR5-5600MT/s (SODIMM, ECC)",No Storage Selection,"16"" WUXGA (1920 x 1200), IPS, Anti-Glare, Non-Touch, 100%sRGB, 500 nits, 60Hz, Low Power",,,"OS: Windows 11 Home 64 | Warranty: 3 Years Premier Support Plus AI | The ThinkPad P16 Gen 3 offers powerful performance with Intel® Core™ Ultra 7 and NVIDIA RTX PRO™ 1000 graphics. Its 16"" WUXGA display delivers stunning visuals, while features like a fingerprint reader and backlit keyboard enhance usability for professionals."
legion9i18gen10_intel®core™u_nvidia®gef_32gbdd_1tbssd,"Legion 9i (18"", Gen 10)",22300.17,"Lenovo Official (RM 22,300.17)","Lenovo Official: RM 22,300.17",1,https://www.lenovo.com/my/en/p/laptops/legion-laptops/legion-9-series/legion-9i-gen-10-18-inch-intel/83eycto1wwmy3,Lenovo Official: https://www.lenovo.com/my/en/p/laptops/legion-laptops/legion-9-series/legion-9i-gen-10-18-inch-intel/83eycto1wwmy3,https://p1-ofp.static.pub//fes/cms/2025/04/16/0fnu4r058d1x7opdrcxcr0i0x3wb9z678677.png,Lenovo Official,Intel® Core™ Ultra 9 275HX Processor (E-cores up to 4.60 GHz P-cores up to 5.40 GHz),NVIDIA® GeForce RTX™ 5090 Laptop GPU 24GB GDDR7,32 GB DDR5-5200MT/s (SODIMM),1 TB SSD M.2 2280 PCIe Gen5 Performance TLC,"18"" WQUXGA (3840 x 2400), IPS, Glare, Non-Touch, HDR 400, 100%DCI-P3, 520 nits, 240Hz",,,"OS: Windows 11 Home Single Language 64 | Warranty: 1 Year Legion Ultimate Support | The Legion 9i (18"", Gen 10) delivers unmatched gaming performance with its NVIDIA® GeForce RTX™ 5090 GPU and Intel® Core™ Ultra 9 processor. Its 18"" WQUXGA display with 240Hz refresh rate ensures stunning visuals, while 32GB DDR5 memory and 1TB SSD provide seamless multitasking and ample storage."
ideapadslim3i14gen11_intel®core™5_integrated_8gbddr_256gbs,"IdeaPad Slim 3i (14"", Gen 11)",3261.92,"Lenovo Official (RM 3,261.92)","Lenovo Official: RM 3,261.92",1,https://www.lenovo.com/my/en/p/laptops/ideapad/ideapad-slim-series/lenovo-ideapad-slim-3i-gen-11-14-inch-intel/83rqcto1wwmy1,Lenovo Official: https://www.lenovo.com/my/en/p/laptops/ideapad/ideapad-slim-series/lenovo-ideapad-slim-3i-gen-11-14-inch-intel/83rqcto1wwmy1,https://p2-ofp.static.pub/ShareResource/optimized/ideapad/ideapad-slim-3i-gen11-intel/lenovo-ideapad-slim-3i-gen-11-14-intel-pdp-gallery-1.png,Lenovo Official,Intel® Core™ 5 320 Processor (LPE-cores up to 3.40 GHz P-cores up to 4.60 GHz),Integrated Graphics,8 GB DDR5-5600MT/s (SODIMM),256 GB SSD M.2 2242 PCIe Gen4 TLC,"14"" WUXGA (1920 x 1200), IPS, Anti-Glare, Non-Touch, 45%NTSC, 400 nits, 60Hz",,,"OS: Windows 11 Home Single Language 64 | Warranty: 1 Year Carry-in | The IdeaPad Slim 3i (14"", Gen 11) offers a sleek design with a vibrant 14"" WUXGA anti-glare display. Powered by an Intel® Core™ processor, 8GB DDR5 memory, and 256GB SSD storage, it ensures smooth performance for students and everyday users."
ideapadslim3i15gen11_intel®core™5_integrated_8gbddr_256gbs,"IdeaPad Slim 3i (15"", Gen 11)",3296.12,"Lenovo Official (RM 3,296.12)","Lenovo Official: RM 3,296.12",1,https://www.lenovo.com/my/en/p/laptops/ideapad/ideapad-slim-series/lenovo-ideapad-slim-3i-gen-11-15-inch-intel/83rrcto1wwmy2,Lenovo Official: https://www.lenovo.com/my/en/p/laptops/ideapad/ideapad-slim-series/lenovo-ideapad-slim-3i-gen-11-15-inch-intel/83rrcto1wwmy2,https://p1-ofp.static.pub/ShareResource/optimized/IdeaPad-Slim-3i-Gen11-15-Intel/lenovo-ideapad-slim-3i-gen-11-15-intel-pdp-gallery-1.png,Lenovo Official,Intel® Core™ 5 320 Processor (LPE-cores up to 3.40 GHz P-cores up to 4.60 GHz),Integrated Graphics,8 GB DDR5-5600MT/s (SODIMM),256 GB SSD M.2 2242 PCIe Gen4 TLC,"15.3"" WUXGA (1920 x 1200), IPS, Anti-Glare, Non-Touch, 45%NTSC, 400 nits, 60Hz",,,"OS: Windows 11 Home Single Language 64 | Warranty: 1 Year Carry-in | The IdeaPad Slim 3i (15"", Gen 11) offers a sleek design and reliable performance for everyday use and entertainment. It features a 15.3"" WUXGA display, Intel® Core™ i5 processor, 8GB DDR5 memory, and 256GB SSD storage, ideal for students and casual users."
ideapadslim3i17gen11_intel®core™5_integrated_8gbddr_256gbs,"IdeaPad Slim 3i (17"", Gen 11)",3340.82,"Lenovo Official (RM 3,340.82)","Lenovo Official: RM 3,340.82",1,https://www.lenovo.com/my/en/p/laptops/ideapad/ideapad-slim-series/ideapad-slim-3i-gen-11-17-inch-intel-/83vscto1wwmy1,Lenovo Official: https://www.lenovo.com/my/en/p/laptops/ideapad/ideapad-slim-series/ideapad-slim-3i-gen-11-17-inch-intel-/83vscto1wwmy1,https://p1-ofp.static.pub/ShareResource/optimized/pdp/ideapad/ideapad-slim-series/LEN101I0152/lenovo-ideapad-slim-3i-gen-11-17-intel-pdp-gallery-1.png,Lenovo Official,Intel® Core™ 5 320 Processor (LPE-cores up to 3.40 GHz P-cores up to 4.60 GHz),Integrated Graphics,8 GB DDR5-5600MT/s (SODIMM),256 GB SSD M.2 2242 PCIe Gen4 TLC,"17.3"" FHD (1920 x 1080), IPS, Anti-Glare, Non-Touch, 72%NTSC, 300 nits, 60Hz",,,"OS: Windows 11 Home Single Language 64 | Warranty: 1 Year Carry-in | The IdeaPad Slim 3i (17"", Gen 11) offers a large 17.3"" FHD display with anti-glare for immersive viewing. Powered by Intel® Core™ 5 320, 8GB DDR5 memory, and 256GB SSD, it ensures smooth performance for everyday tasks and entertainment."
LENOVO-V14-GEN,Lenovo V14 Gen 5,3516.01,"Lenovo Official (RM 3,516.01)","Lenovo Official: RM 3,516.01",1,https://www.lenovo.com/my/en/p/laptops/lenovo/lenovo-v-series-laptops/lenovo-v14-gen-5-14-inch-intel/83hdcto1wwmy2,Lenovo Official: https://www.lenovo.com/my/en/p/laptops/lenovo/lenovo-v-series-laptops/lenovo-v14-gen-5-14-inch-intel/83hdcto1wwmy2,https://p2-ofp.static.pub//fes/cms/2024/05/17/raknzkj4hazha2gu9c0long1stm11e684203.png,Lenovo Official,13th Generation Intel® Core™ i5-13420H Processor (E-cores up to 3.40 GHz P-cores up to 4.60 GHz),Integrated Graphics,8 GB DDR5-5200MT/s (SODIMM),256 GB SSD M.2 2242 PCIe Gen4 TLC,"14"" FHD (1920 x 1080), TN, Anti-Glare, Non-Touch, 45%NTSC, 250 nits, 60Hz",,,"OS: Windows 11 Home Single Language 64 | Warranty: 1 Year Courier or Carry-in | The Lenovo V14 Gen 5 is a reliable laptop designed for business professionals. It features a 13th Gen Intel Core i5 processor, 8GB DDR5 memory, and 256GB SSD storage for efficient multitasking and fast performance."
LENOVO-V15-GEN,Lenovo V15 Gen 5,3532.59,"Lenovo Official (RM 3,532.59)","Lenovo Official: RM 3,532.59",1,https://www.lenovo.com/my/en/p/laptops/lenovo/lenovo-v-series-laptops/lenovo-v15-gen-5-15-inch-intel/83hfcto1wwmy1,Lenovo Official: https://www.lenovo.com/my/en/p/laptops/lenovo/lenovo-v-series-laptops/lenovo-v15-gen-5-15-inch-intel/83hfcto1wwmy1,https://p4-ofp.static.pub//fes/cms/2024/05/17/wb6a1j3jncxawpmgrbcqmx0rid7wj0885413.png,Lenovo Official,13th Generation Intel® Core™ i5-13420H Processor (E-cores up to 3.40 GHz P-cores up to 4.60 GHz),Integrated Graphics,8 GB DDR5-5200MT/s (SODIMM),256 GB SSD M.2 2242 PCIe Gen4 TLC,"15.6"" FHD (1920 x 1080), TN, Anti-Glare, Non-Touch, 45%NTSC, 250 nits, 60Hz",,,"OS: Windows 11 Home Single Language 64 | Warranty: 1 Year Courier or Carry-in | The Lenovo V15 Gen 5 is a reliable laptop designed for business professionals, featuring a 15.6"" FHD anti-glare display. Powered by a 13th Gen Intel® Core™ i5 processor, 8GB DDR5 memory, and 256GB SSD storage, it ensures smooth multitasking and fast performance."
thinkpade16gen2amd_amdryzen™575_integrated_8gbddr_256gbs,ThinkPad E16 Gen 2 (AMD),4029.40,"Lenovo Official (RM 4,029.40)","Lenovo Official: RM 4,029.40",1,https://www.lenovo.com/my/en/p/laptops/thinkpad/thinkpade/lenovo-thinkpad-e16-gen-2-16-inch-amd/21m5cto1wwmy1,Lenovo Official: https://www.lenovo.com/my/en/p/laptops/thinkpad/thinkpade/lenovo-thinkpad-e16-gen-2-16-inch-amd/21m5cto1wwmy1,https://p1-ofp.static.pub//fes/cms/2024/04/01/wy81dqic5dln5xqeq6u9oitn40mmce229286.png,Lenovo Official,AMD Ryzen™ 5 7535U Processor (2.90 GHz up to 4.55 GHz),Integrated Graphics,8 GB DDR5-4800MT/s (SODIMM),256 GB SSD M.2 2242 PCIe Gen4 TLC Opal,"16"" WUXGA (1920 x 1200), IPS, Anti-Glare, Non-Touch, 45%NTSC, 300 nits, 60Hz",,,"OS: Windows 11 Home 64 | Warranty: 2 Years On-site | The ThinkPad E16 Gen 2 offers a durable design, a 16-inch display, and a powerful AMD Ryzen™ 5 processor for seamless multitasking. Users praise its exceptional keyboard and robust build, making it ideal for business professionals seeking reliability and performance."
yogaslim7a14gen11_amdryzen™ai5_integrated_16gblp_512gbs,"Yoga Slim 7a (14"", Gen 11)",4449.41,"Lenovo Official (RM 4,449.41)","Lenovo Official: RM 4,449.41",1,https://www.lenovo.com/my/en/p/laptops/yoga/yoga-slim-series/yoga-slim-7a-gen-11-14-inch-amd/83qscto1wwmy1,Lenovo Official: https://www.lenovo.com/my/en/p/laptops/yoga/yoga-slim-series/yoga-slim-7a-gen-11-14-inch-amd/83qscto1wwmy1,https://p1-ofp.static.pub/ShareResource/optimized/pdp/yoga/yoga-slim-series/len101y0065/lenovo-yoga-slim-7a-gen-11-14-amd-pdp-gallery-1.png,Lenovo Official,AMD Ryzen™ AI 5 430 Processor (2.00 GHz up to 4.50 GHz),Integrated Graphics,16 GB LPDDR5X-8000MT/s (Soldered),512 GB SSD M.2 2242 PCIe Gen4 QLC,"14"" WUXGA (1920 x 1200), OLED, Glare, Non-Touch, HDR 500 True Black, 100%DCI-P3, 400 nits, 60Hz",,,"OS: Windows 11 Home Single Language 64 | Warranty: 1 Year PremiumCare | The Yoga Slim 7a (14"", Gen 11) offers a stunning 14"" OLED display with vibrant colors and HDR support. Powered by an AMD Ryzen™ AI 5 430 Processor and 16GB memory, it ensures smooth performance, perfect for creators on the go."
ideapad5i2in115gen11_intel®core™u_integrated_16gbdd_512gbs,"IdeaPad 5i 2-in-1 (15"",  Gen 11)",4701.20,"Lenovo Official (RM 4,701.20)","Lenovo Official: RM 4,701.20",1,https://www.lenovo.com/my/en/p/laptops/ideapad/ideapad-2-in-1-series/lenovo-ideapad-5i-2-in-1-gen-11-15-inch-intel/83ulcto1wwmy1,Lenovo Official: https://www.lenovo.com/my/en/p/laptops/ideapad/ideapad-2-in-1-series/lenovo-ideapad-5i-2-in-1-gen-11-15-inch-intel/83ulcto1wwmy1,https://p4-ofp.static.pub/ShareResource/optimized/pdp/ideapad/ideapad-2-in-1-series/len101i0147/lenovo-ideapad-5i-2-in-1-gen-11-15-intel-pdp-gallery-1.4cfb1a208902750b.png,Lenovo Official,Intel® Core™ Ultra 5 325 Processor (LPE-cores up to 3.40 GHz P-cores up to 4.50 GHz),Integrated Graphics,16 GB DDR5-5600MT/s (SODIMM) - (2 x 8 GB),512 GB SSD M.2 2242 PCIe Gen4 QLC,"15.3"" WUXGA (1920 x 1200), IPS, Glare, Touch, 45%NTSC, 400 nits, 60Hz, Glass",,,"OS: Windows 11 Home Single Language 64 | Warranty: 1 Year Carry-in | The IdeaPad 5i 2-in-1 offers a versatile design with a 15.3"" WUXGA touch display and backlit keyboard for enhanced usability. Powered by an Intel® Core™ Ultra 5 processor, 16GB RAM, and 512GB SSD, it's perfect for students seeking performance and flexibility."
lenovoloqessential15arp10_amdryzen™575_nvidia®gef_16gbdd_512gbs,Lenovo LOQ Essential 15ARP10,4769.67,"Lenovo Official (RM 4,769.67)","Lenovo Official: RM 4,769.67",1,https://www.lenovo.com/my/en/p/laptops/loq-laptops/lenovo-loq-essential-15arp10/83s0cto1wwmy1,Lenovo Official: https://www.lenovo.com/my/en/p/laptops/loq-laptops/lenovo-loq-essential-15arp10/83s0cto1wwmy1,https://p2-ofp.static.pub//fes/cms/2025/09/15/hk2sn6r6wqe6l7yqw6zqwla92ssgqp750595.png,Lenovo Official,AMD Ryzen™ 5 7535HS Processor (3.30 GHz up to 4.55 GHz),NVIDIA® GeForce RTX™ 3050 Laptop GPU 6GB GDDR6,16 GB DDR5-4800MT/s (SODIMM),512 GB SSD M.2 2242 PCIe Gen4 QLC,"15.6"" FHD (1920 x 1080), IPS, Anti-Glare, Non-Touch, 100%sRGB, 300 nits, 144Hz",,,"OS: Windows 11 Home Single Language 64 | Warranty: 1 Year PremiumCare | The Lenovo LOQ Essential 15ARP10 is a powerful gaming laptop with an AMD Ryzen™ 5 processor and NVIDIA® GeForce RTX™ 3050 GPU. It features a 15.6"" FHD display with 144Hz refresh rate, 16GB DDR5 memory, and 512GB SSD storage, perfect for smooth gaming experiences."
yogaslim7x14gen11snapdrag_snapdragon®x_integrated_16gblp_512gbs,"Yoga Slim 7x (14"", Gen 11) Snapdragon",4803.02,"Lenovo Official (RM 4,803.02)","Lenovo Official: RM 4,803.02",1,https://www.lenovo.com/my/en/p/laptops/yoga/yoga-slim-series/lenovo-yoga-slim-7x-gen-11-14-inch-snapdragon/83qrcto1wwmy1,Lenovo Official: https://www.lenovo.com/my/en/p/laptops/yoga/yoga-slim-series/lenovo-yoga-slim-7x-gen-11-14-inch-snapdragon/83qrcto1wwmy1,https://p4-ofp.static.pub/ShareResource/optimized/pdp/yoga/yoga-slim-series/len101y0066/lenovo-yoga-slim-7x-gen-11-14-snapdragon-pdp-gallery-1.88d7cb72e79c4be9.png,Lenovo Official,Snapdragon® X2 Plus X2P-42-100 Processor (4.04 GHz),Integrated Graphics,16 GB LPDDR5X-9523MT/s (Soldered),512 GB SSD M.2 2242 PCIe Gen4 QLC,"14"" WUXGA (1920 x 1200), OLED, Glare, Non-Touch, HDR 500 True Black, 100%DCI-P3, 400 nits, 60Hz",,,"OS: Windows 11 Home Arm64 Single Language | Warranty: 1 Year PremiumCare | The Yoga Slim 7x (14"", Gen 11) Snapdragon offers a stunning 14"" OLED display with HDR 500 True Black for vivid visuals. Powered by a Snapdragon® processor, it features 16GB LPDDR5X memory, 512GB SSD storage, and Wi-Fi 7 for seamless performance. Perfect for creators."
21V0006BMA,Lenovo ThinkBook 14 G9 AHP,4903.65,"Lenovo Official (RM 4,903.65)","Lenovo Official: RM 4,903.65",1,https://www.lenovo.com/my/en/p/laptops/thinkbook/thinkbook-series/lenovo-thinkbook-14-gen-9-14-inch-amd/21v0006bma,Lenovo Official: https://www.lenovo.com/my/en/p/laptops/thinkbook/thinkbook-series/lenovo-thinkbook-14-gen-9-14-inch-amd/21v0006bma,https://p3-ofp.static.pub//fes/cms/2025/10/30/dlk41htqvwl5dflayp8q4hr2rfi3a1542517.png,Lenovo Official,AMD Ryzen™ 5 220 Processor (3.20 GHz up to 4.90 GHz),Integrated AMD Radeon™ 740M,16 GB DDR5-5600MT/s (SODIMM),512 GB SSD M.2 2242 PCIe Gen4 QLC,"14"" WUXGA (1920 x 1200), IPS, Anti-Glare, Non-Touch, 45%NTSC, 400 nits, 60 Hz",,,"OS: Windows 11 Pro 64 | Warranty: 3 Year On-site | The Lenovo ThinkBook 14 G9 AHP offers powerful performance with an AMD Ryzen™ 5 processor and 16GB DDR5 memory. Its 14"" WUXGA anti-glare display and lightweight design make it ideal for SMB professionals, with Wi-Fi 7 and a 3-year on-site warranty."
thinkpade16gen4_intel®core™5_integrated_8gbddr_256gbs,ThinkPad E16 Gen 4,4939.68,"Lenovo Official (RM 4,939.68)","Lenovo Official: RM 4,939.68",1,https://www.lenovo.com/my/en/p/laptops/thinkpad/thinkpade/thinkpad-e16-gen-4-16-inch-intel/21yecto1wwmy1,Lenovo Official: https://www.lenovo.com/my/en/p/laptops/thinkpad/thinkpade/thinkpad-e16-gen-4-16-inch-intel/21yecto1wwmy1,https://p2-ofp.static.pub/ShareResource/optimized/pdp/thinkpad/thinkpad-e-series/LEN101T0186/gallery-1-front-facing.feb9c5c691443456.png,Lenovo Official,Intel® Core™ 5 320 Processor (LPE-cores up to 3.40 GHz P-cores up to 4.60 GHz),Integrated Graphics,8 GB DDR5-5600MT/s (SODIMM),256 GB SSD M.2 2242 PCIe Gen4 TLC Opal,"16"" WUXGA (1920 x 1200), IPS, Anti-Glare, Non-Touch, 45%NTSC, 400 nits, 60Hz",,,"OS: Windows 11 Home 64 | Warranty: 1 Year Courier or Carry-in | The ThinkPad E16 Gen 4 offers a 16"" WUXGA anti-glare display for clear visuals and a comfortable viewing experience. Powered by an Intel® Core™ processor, 8GB memory, and 256GB SSD, it's ideal for business professionals seeking reliable performance."
21UT0064MA,"Lenovo ThinkBook 16 Gen 9 (16"" AMD)",4963.37,"Lenovo Official (RM 4,963.37)","Lenovo Official: RM 4,963.37",1,https://www.lenovo.com/my/en/p/laptops/thinkbook/thinkbook-series/lenovo-thinkbook-16-gen-9-16-inch-amd/21ut0064ma,Lenovo Official: https://www.lenovo.com/my/en/p/laptops/thinkbook/thinkbook-series/lenovo-thinkbook-16-gen-9-16-inch-amd/21ut0064ma,https://p1-ofp.static.pub//fes/cms/2025/10/31/368xchjd8ujz7l8upvqetezfujuqcb068985.png,Lenovo Official,AMD Ryzen™ 5 220 Processor (3.20 GHz up to 4.90 GHz),Integrated AMD Radeon™ 740M,16 GB DDR5-5600MT/s (SODIMM),512 GB SSD M.2 2242 PCIe Gen4 QLC,"16"" WUXGA (1920 x 1200), IPS, Anti-Glare, Non-Touch, 45%NTSC, 400 nits, 60 Hz",,,"OS: Windows 11 Pro 64 | Warranty: 3 Year On-site | The Lenovo ThinkBook 16 Gen 9 features a 16"" WUXGA display with anti-glare technology for crisp visuals. Powered by an AMD Ryzen™ 5 processor, 16GB DDR5 memory, and 512GB SSD storage, it's perfect for SMB professionals seeking performance and style."
21US0099MA,"Lenovo ThinkBook 16 Gen 9 (16"" Intel)",5014.68,"Lenovo Official (RM 5,014.68)","Lenovo Official: RM 5,014.68",1,https://www.lenovo.com/my/en/p/laptops/thinkbook/thinkbook-series/lenovo-thinkbook-16-gen-9-16-inch-intel/21us0099ma,Lenovo Official: https://www.lenovo.com/my/en/p/laptops/thinkbook/thinkbook-series/lenovo-thinkbook-16-gen-9-16-inch-intel/21us0099ma,https://p2-ofp.static.pub//fes/cms/2025/11/03/a9qbmbv72xs2lts5yadaw9g0a7jn06523261.png,Lenovo Official,Intel® Core™ 5 210H Processor (E-cores up to 3.60 GHz P-cores up to 4.80 GHz),Integrated Intel® Graphics,16 GB DDR5-5600MT/s (SODIMM),512 GB SSD M.2 2242 PCIe Gen4 QLC,"16"" WUXGA (1920 x 1200), IPS, Anti-Glare, Non-Touch, 45%NTSC, 400 nits, 60 Hz",,,"OS: Windows 11 Pro 64 | Warranty: 3 Year On-site | The Lenovo ThinkBook 16 Gen 9 offers a 16"" WUXGA display with anti-glare and vibrant 400 nits brightness. Powered by an Intel® Core™ 5 processor, 16GB memory, and 512GB SSD, it's ideal for students and professionals seeking performance and portability."
thinkpade14gen8_intel®core™5_integrated_8gbddr_256gbs,ThinkPad E14 Gen 8,5128.09,"Lenovo Official (RM 5,128.09)","Lenovo Official: RM 5,128.09",1,https://www.lenovo.com/my/en/p/laptops/thinkpad/thinkpade/thinkpad-e14-gen-8-14-inch-intel/21y8cto1wwmy1,Lenovo Official: https://www.lenovo.com/my/en/p/laptops/thinkpad/thinkpade/thinkpad-e14-gen-8-14-inch-intel/21y8cto1wwmy1,https://p3-ofp.static.pub/ShareResource/optimized/pdp/thinkpad/thinkpad-e-series/LEN101T0187/gallery-1-front-facing.f0e1df8a573ca0bd.png,Lenovo Official,Intel® Core™ 5 320 Processor (LPE-cores up to 3.40 GHz P-cores up to 4.60 GHz),Integrated Graphics,8 GB DDR5-5600MT/s (SODIMM),256 GB SSD M.2 2242 PCIe Gen4 TLC Opal,"14"" WUXGA (1920 x 1200), IPS, Anti-Glare, Non-Touch, 45%NTSC, 400 nits, 60Hz",,,"OS: Windows 11 Home 64 | Warranty: 1 Year Courier or Carry-in | The ThinkPad E14 Gen 8 offers reliable performance with an Intel® Core™ processor and Windows 11 Home OS. Its 14"" WUXGA anti-glare display ensures clarity, while 8GB DDR5 memory and 256GB SSD storage provide speed and space for business tasks."
21UY009FMA,Lenovo ThinkBook 14 G9 IRL,5170.91,"Lenovo Official (RM 5,170.91)","Lenovo Official: RM 5,170.91",1,https://www.lenovo.com/my/en/p/laptops/thinkbook/thinkbook-series/lenovo-thinkbook-14-gen-9-14-inch-intel/21uy009fma,Lenovo Official: https://www.lenovo.com/my/en/p/laptops/thinkbook/thinkbook-series/lenovo-thinkbook-14-gen-9-14-inch-intel/21uy009fma,https://p2-ofp.static.pub//fes/cms/2025/11/11/rvrvvqu8mffodlq86p2x59gbig8f4x532524.png,Lenovo Official,Intel® Core™ 7 240H Processor (E-cores up to 4.00 GHz P-cores up to 5.20 GHz),Integrated Intel® Graphics,16 GB DDR5-5600MT/s (SODIMM),512 GB SSD M.2 2242 PCIe Gen4 QLC,"14"" WUXGA (1920 x 1200), IPS, Anti-Glare, Non-Touch, 45%NTSC, 400 nits, 60 Hz",,,"OS: Windows 11 Pro 64 | Warranty: 3 Year On-site | The Lenovo ThinkBook 14 G9 offers a sleek design with a 14"" WUXGA anti-glare display for clear visuals. Powered by an Intel® Core™ i7 processor, 16GB RAM, and 512GB SSD, it ensures smooth performance for students and professionals alike."
21UT0065MA,"Lenovo ThinkBook 16 Gen 9 (16"" AMD)",5175.31,"Lenovo Official (RM 5,175.31)","Lenovo Official: RM 5,175.31",1,https://www.lenovo.com/my/en/p/laptops/thinkbook/thinkbook-series/lenovo-thinkbook-16-gen-9-16-inch-amd/21ut0065ma,Lenovo Official: https://www.lenovo.com/my/en/p/laptops/thinkbook/thinkbook-series/lenovo-thinkbook-16-gen-9-16-inch-amd/21ut0065ma,https://p1-ofp.static.pub//fes/cms/2025/10/31/368xchjd8ujz7l8upvqetezfujuqcb068985.png,Lenovo Official,AMD Ryzen™ 7 250 Processor (3.30 GHz up to 5.10 GHz),Integrated AMD Radeon™ 780M,16 GB DDR5-5600MT/s (SODIMM),512 GB SSD M.2 2242 PCIe Gen4 QLC,"16"" WUXGA (1920 x 1200), IPS, Anti-Glare, Non-Touch, 45%NTSC, 400 nits, 60 Hz",,,"OS: Windows 11 Pro 64 | Warranty: 3 Year On-site | The Lenovo ThinkBook 16 Gen 9 features a powerful AMD Ryzen™ 7 processor and a stunning 16"" WUXGA IPS display. With 16GB DDR5 memory, 512GB SSD storage, and Wi-Fi 7, this ultraslim notebook is perfect for SMB professionals seeking performance and portability."
21SJ00ADMA,"ThinkBook 14 Gen 8 (14"" Intel)",5329.30,"Lenovo Official (RM 5,329.30)","Lenovo Official: RM 5,329.30",1,https://www.lenovo.com/my/en/p/laptops/thinkbook/thinkbook-series/lenovo-thinkbook-14-gen-8-14-inch-intel/21sj00adma,Lenovo Official: https://www.lenovo.com/my/en/p/laptops/thinkbook/thinkbook-series/lenovo-thinkbook-14-gen-8-14-inch-intel/21sj00adma,https://p3-ofp.static.pub//fes/cms/2025/01/02/gv0z4hwwns73ikbsmf6f1frud6xatv153611.png,Lenovo Official,Intel® Core™ Ultra 5 225H Processor (E-cores up to 4.30 GHz P-cores up to 4.90 GHz),Integrated Intel® Arc™ 130T GPU,16 GB DDR5-5600MT/s (SODIMM),512 GB SSD M.2 2242 PCIe Gen4 QLC,"14"" WUXGA (1920 x 1200), IPS, Anti-Glare, Non-Touch, 45%NTSC, 300 nits, 60 Hz",,,"OS: Windows 11 Pro 64 | Warranty: 3 Year On-site | The Lenovo ThinkBook 14 G8 IAL is an ultraslim notebook designed for SMB professionals. It features a powerful Intel® Core™ Ultra 5 processor, 16GB memory, 512GB SSD, and a vibrant 14"" WUXGA display, ensuring productivity and style."
21T0003FMA,ThinkPad E14 AMD Gen 7,5350.05,"Lenovo Official (RM 5,350.05)","Lenovo Official: RM 5,350.05",1,https://www.lenovo.com/my/en/p/laptops/thinkpad/thinkpade/lenovo-thinkpad-e14-gen-7-14-inch-amd-laptop/21t0003fma,Lenovo Official: https://www.lenovo.com/my/en/p/laptops/thinkpad/thinkpade/lenovo-thinkpad-e14-gen-7-14-inch-amd-laptop/21t0003fma,https://p1-ofp.static.pub//fes/cms/2025/04/24/ngqu8l7joyxods23wyqywgmhnfrnq0036245.png,Lenovo Official,AMD Ryzen™ 5 230 Processor (3.50 GHz up to 4.90 GHz),Integrated AMD Radeon™ 760M,16 GB DDR5-5600MT/s (SODIMM),512 GB SSD M.2 2242 PCIe Gen4 TLC Opal,"14"" WUXGA (1920 x 1200), IPS, Anti-Glare, Non-Touch, 45%NTSC, 300 nits, 60 Hz",,,"OS: Windows 11 Pro 64 | Warranty: 3 Year On-site | The ThinkPad E14 Gen 7 offers powerful performance with an AMD Ryzen™ 5 processor and 16GB DDR5 memory. Its 14-inch WUXGA anti-glare display, lightweight design, and 3-year on-site warranty make it ideal for business professionals on the go."
21US009AMA,"Lenovo ThinkBook 16 Gen 9 (16"" Intel)",5357.37,"Lenovo Official (RM 5,357.37)","Lenovo Official: RM 5,357.37",1,https://www.lenovo.com/my/en/p/laptops/thinkbook/thinkbook-series/lenovo-thinkbook-16-gen-9-16-inch-intel/21us009ama,Lenovo Official: https://www.lenovo.com/my/en/p/laptops/thinkbook/thinkbook-series/lenovo-thinkbook-16-gen-9-16-inch-intel/21us009ama,https://p2-ofp.static.pub//fes/cms/2025/11/03/a9qbmbv72xs2lts5yadaw9g0a7jn06523261.png,Lenovo Official,Intel® Core™ 7 240H Processor (E-cores up to 4.00 GHz P-cores up to 5.20 GHz),Integrated Intel® Graphics,16 GB DDR5-5600MT/s (SODIMM),512 GB SSD M.2 2242 PCIe Gen4 QLC,"16"" WUXGA (1920 x 1200), IPS, Anti-Glare, Non-Touch, 45%NTSC, 400 nits, 60 Hz",,,"OS: Windows 11 Pro 64 | Warranty: 3 Year On-site | The Lenovo ThinkBook 16 Gen 9 offers a 16"" WUXGA display with vibrant visuals and anti-glare technology. Powered by an Intel® Core™ i7 processor, 16GB RAM, and 512GB SSD, it's perfect for students and professionals seeking performance and portability."
ideapad5x2in114gen11snapd_snapdragon®x_integrated_32gblp_512gbs,"IdeaPad 5x 2-in-1 (14"", Gen 11) Snapdragon",5358.09,"Lenovo Official (RM 5,358.09)","Lenovo Official: RM 5,358.09",1,https://www.lenovo.com/my/en/p/laptops/ideapad/ideapad-2-in-1-series/lenovo-ideapad-5x-2-in-1-gen-11-14-inch-snapdragon/83ukcto1wwmy1,Lenovo Official: https://www.lenovo.com/my/en/p/laptops/ideapad/ideapad-2-in-1-series/lenovo-ideapad-5x-2-in-1-gen-11-14-inch-snapdragon/83ukcto1wwmy1,https://p2-ofp.static.pub/ShareResource/optimized/pdp/ideapad/ideapad-2-in-1-series/len101i0148/lenovo-ideapad-5x-2-in-1-gen-11-14-snapdragon-pdp-gallery-1.355045a93000f1a1.png,Lenovo Official,Snapdragon® X2 Plus X2P-42-100 Processor (4.04 GHz),Integrated Graphics,32 GB LPDDR5X-9523MT/s (Soldered),512 GB SSD M.2 2242 PCIe Gen4 QLC,"14"" WUXGA (1920 x 1200), IPS, Glare, Touch, 45%NTSC, 400 nits, 60Hz, Glass",,,"OS: Windows 11 Home Arm64 Single Language | Warranty: 1 Year Carry-in | The IdeaPad 5x 2-in-1 (14"", Gen 11) Snapdragon offers a versatile design with a stunning touch display. Equipped with a powerful Snapdragon processor, 32GB memory, and 512GB SSD, it's perfect for students and everyday use."
21ST002WMA,ThinkPad E16 AMD Gen 3,5449.43,"Lenovo Official (RM 5,449.43)","Lenovo Official: RM 5,449.43",1,https://www.lenovo.com/my/en/p/laptops/thinkpad/thinkpade/lenovo-thinkpad-e16-gen-3-16-inch-amd-laptop/21st002wma,Lenovo Official: https://www.lenovo.com/my/en/p/laptops/thinkpad/thinkpade/lenovo-thinkpad-e16-gen-3-16-inch-amd-laptop/21st002wma,https://p3-ofp.static.pub//fes/cms/2025/05/06/6vh5zn0of60qpuju9sg98f2nvtu98f157202.png,Lenovo Official,AMD Ryzen™ 7 250 Processor (3.30 GHz up to 5.10 GHz),Integrated AMD Radeon™ 780M,16 GB DDR5-5600MT/s (SODIMM),512 GB SSD M.2 2242 PCIe Gen4 TLC Opal,"16"" WUXGA (1920 x 1200), IPS, Anti-Glare, Non-Touch, 45%NTSC, 300 nits, 60 Hz",,,"OS: Windows 11 Pro 64 | Warranty: 3 Year On-site | The ThinkPad E16 offers powerful performance with an AMD Ryzen™ 7 processor and 16GB DDR5 memory. Its 16"" WUXGA anti-glare display, 512GB SSD storage, and 3-year on-site warranty make it ideal for students and professionals alike."
lenovoloq15irx10_13thgenerati_nvidia®gef_16gbdd_512gbs,Lenovo LOQ 15IRX10,5498.01,"Lenovo Official (RM 5,498.01)","Lenovo Official: RM 5,498.01",1,https://www.lenovo.com/my/en/p/laptops/loq-laptops/lenovo-loq-15irx10/83jecto1wwmy1,Lenovo Official: https://www.lenovo.com/my/en/p/laptops/loq-laptops/lenovo-loq-15irx10/83jecto1wwmy1,https://p4-ofp.static.pub//fes/cms/2025/04/17/tjqnzgwjdqgo3v4oi2t7th220j7yfe098771.png,Lenovo Official,13th Generation Intel® Core™ i5-13450HX Processor (E-cores up to 3.40 GHz P-cores up to 4.60 GHz),NVIDIA® GeForce RTX™ 5050 Laptop GPU 8GB GDDR7,16 GB DDR5-4800MT/s (SODIMM),512 GB SSD M.2 2242 PCIe Gen4 QLC,"15.6"" FHD (1920 x 1080), IPS, Anti-Glare, Non-Touch, 100%sRGB, 300 nits, 144Hz",,,"OS: Windows 11 Home Single Language 64 | Warranty: 1 Year Carry-in | The Lenovo LOQ 15IRX10 offers powerful performance with a 13th Gen Intel Core i5 processor and NVIDIA GeForce RTX 5050 GPU. Its 15.6"" FHD display with 144Hz refresh rate ensures smooth visuals, while 16GB DDR5 memory and 512GB SSD provide ample speed and storage for gamers."
thinkpadt16gen5amd_amdryzen™5pr_integrated_16gbdd_256gbs,ThinkPad T16 Gen 5 (AMD),5702.87,"Lenovo Official (RM 5,702.87)","Lenovo Official: RM 5,702.87",1,https://www.lenovo.com/my/en/p/laptops/thinkpad/thinkpadt/thinkpad-t16-gen-5-16-inch-amd-laptop/22ancto1wwmy1,Lenovo Official: https://www.lenovo.com/my/en/p/laptops/thinkpad/thinkpadt/thinkpad-t16-gen-5-16-inch-amd-laptop/22ancto1wwmy1,https://p4-ofp.static.pub/ShareResource/optimized/pdp/thinkpad/thinkpad-t-series/len101t0166/lenovo-thinkpad-t16-gen-5-16-amd-pdp-gallery-1.png,Lenovo Official,AMD Ryzen™ 5 PRO 215 Processor (3.20 GHz up to 4.70 GHz),Integrated Graphics,16 GB DDR5-5600MT/s (SODIMM),256 GB SSD M.2 2280 PCIe Gen4 TLC Opal,"16"" WUXGA (1920 x 1200), IPS, Anti-Glare, Non-Touch, 45%NTSC, 400 nits, 60Hz",,,"OS: Windows 11 Home 64 | Warranty: 1 Year Courier or Carry-in | The ThinkPad T16 Gen 5 (AMD) is a reliable laptop designed for business professionals and SMBs. It features a 16"" WUXGA display, AMD Ryzen™ 5 PRO processor, 16GB DDR5 memory, and 256GB SSD storage for efficient multitasking and productivity."
thinkpadl16gen3amd_amdryzen™ai5_integrated_16gbdd_256gbs,ThinkPad L16 Gen 3 (AMD),5784.01,"Lenovo Official (RM 5,784.01)","Lenovo Official: RM 5,784.01",1,https://www.lenovo.com/my/en/p/laptops/thinkpad/thinkpadl/thinkpad-l16-gen-3-16-inch-amd-laptop/21xccto1wwmy1,Lenovo Official: https://www.lenovo.com/my/en/p/laptops/thinkpad/thinkpadl/thinkpad-l16-gen-3-16-inch-amd-laptop/21xccto1wwmy1,https://p3-ofp.static.pub/ShareResource/optimized/pdp/thinkpad/thinkpad-l-series/len101t0178/lenovo-thinkpad-l16-gen-3-16-amd-pdp-gallery-1.png,Lenovo Official,AMD Ryzen™ AI 5 430 Processor (2.00 GHz up to 4.50 GHz),Integrated Graphics,16 GB DDR5-5600MT/s (SODIMM),256 GB SSD M.2 2280 PCIe Gen4 TLC Opal,"16"" WUXGA (1920 x 1200), IPS, Anti-Glare, Non-Touch, 45%NTSC, 400 nits, 60Hz",,,"OS: Windows 11 Home 64 | Warranty: 2 Years Premier Support AI | The ThinkPad L16 Gen 3 (AMD) offers a powerful AMD Ryzen™ AI 5 430 processor and 16GB DDR5 memory for smooth multitasking. Its 16"" WUXGA anti-glare display ensures clear visuals, while the 256GB SSD provides fast storage. Ideal for business professionals."
thinkpadl14gen7amd_amdryzen™ai5_integrated_16gbdd_256gbs,ThinkPad L14 Gen 7 (AMD),5917.63,"Lenovo Official (RM 5,917.63)","Lenovo Official: RM 5,917.63",1,https://www.lenovo.com/my/en/p/laptops/thinkpad/thinkpadl/lenovo-thinkpad-l14-gen-7-14-inch-amd/21x6cto1wwmy1,Lenovo Official: https://www.lenovo.com/my/en/p/laptops/thinkpad/thinkpadl/lenovo-thinkpad-l14-gen-7-14-inch-amd/21x6cto1wwmy1,https://p1-ofp.static.pub/ShareResource/optimized/pdp/thinkpad/thinkpad-l-series/LEN101T0179/lenovo-thinkpad-l14-gen-7-14-amd-pdp-gallery-1.95eb077d0a04dd53.png,Lenovo Official,AMD Ryzen™ AI 5 430 Processor (2.00 GHz up to 4.50 GHz),Integrated Graphics,16 GB DDR5-5600MT/s (SODIMM),256 GB SSD M.2 2280 PCIe Gen4 TLC Opal,"14"" WUXGA (1920 x 1200), IPS, Anti-Glare, Non-Touch, 45%NTSC, 400 nits, 60Hz, DBEF5",,,"OS: Windows 11 Home 64 | Warranty: 2 Years Premier Support AI | The ThinkPad L14 Gen 7 (AMD) offers a powerful AMD Ryzen™ AI 5 430 processor and Windows 11 Home for seamless performance. Its 14"" WUXGA anti-glare display, 16GB DDR5 memory, and 256GB SSD ensure productivity and speed, ideal for business professionals."
21SJ00ABMA,"ThinkBook 14 Gen 8 (14"" Intel)",5965.61,"Lenovo Official (RM 5,965.61)","Lenovo Official: RM 5,965.61",1,https://www.lenovo.com/my/en/p/laptops/thinkbook/thinkbook-series/lenovo-thinkbook-14-gen-8-14-inch-intel/21sj00abma,Lenovo Official: https://www.lenovo.com/my/en/p/laptops/thinkbook/thinkbook-series/lenovo-thinkbook-14-gen-8-14-inch-intel/21sj00abma,https://p3-ofp.static.pub//fes/cms/2025/01/02/gv0z4hwwns73ikbsmf6f1frud6xatv153611.png,Lenovo Official,Intel® Core™ Ultra 7 255H Processor (E-cores up to 4.40 GHz P-cores up to 5.10 GHz),Integrated Intel® Arc™ 140T GPU,16 GB DDR5-5600MT/s (SODIMM),512 GB SSD M.2 2242 PCIe Gen4 QLC,"14"" WUXGA (1920 x 1200), IPS, Anti-Glare, Non-Touch, 45%NTSC, 300 nits, 60 Hz",,,"OS: Windows 11 Pro 64 | Warranty: 3 Year On-site | The Lenovo ThinkBook 14 G8 IAL offers powerful performance with an Intel® Core™ Ultra 7 processor and 16GB DDR5 memory. Its 14"" WUXGA anti-glare display, lightweight design, and 512GB SSD make it perfect for business professionals on the go."
21SK00BHMA,Lenovo ThinkBook 16 Gen 8 (16” Intel),6016.90,"Lenovo Official (RM 6,016.90)","Lenovo Official: RM 6,016.90",1,https://www.lenovo.com/my/en/p/laptops/thinkbook/thinkbook-series/lenovo-thinkbook-16-gen-8-16-inch-intel/21sk00bhma,Lenovo Official: https://www.lenovo.com/my/en/p/laptops/thinkbook/thinkbook-series/lenovo-thinkbook-16-gen-8-16-inch-intel/21sk00bhma,https://p4-ofp.static.pub//fes/cms/2025/01/15/109wcm0ihbqeuihmi7qlwpyl50oxy2108880.png,Lenovo Official,Intel® Core™ Ultra 7 255H Processor (E-cores up to 4.40 GHz P-cores up to 5.10 GHz),Integrated Intel® Arc™ 140T GPU,16 GB DDR5-5600MT/s (SODIMM),512 GB SSD M.2 2242 PCIe Gen4 QLC,"16"" WUXGA (1920 x 1200), IPS, Anti-Glare, Non-Touch, 45%NTSC, 300 nits, 60 Hz",,,"OS: Windows 11 Pro 64 | Warranty: 3 Year On-site | The Lenovo ThinkBook 16 G8 IAL is a sleek ultraslim notebook with a 16-inch WUXGA display and Arctic Grey finish. It features an Intel® Core™ Ultra 7 processor, 16GB DDR5 memory, 512GB SSD storage, Wi-Fi 6E, and a 3-year on-site warranty, making it ideal for students and professionals."
thinkpadt14sgen7amd_amdryzen™ai5_integrated_16gblp_256gbs,ThinkPad T14s Gen 7 (AMD),6121.16,"Lenovo Official (RM 6,121.16)","Lenovo Official: RM 6,121.16",1,https://www.lenovo.com/my/en/p/laptops/thinkpad/thinkpadt/thinkpad-t14s-gen-7-14-inch-amd/21ywcto1wwmy1,Lenovo Official: https://www.lenovo.com/my/en/p/laptops/thinkpad/thinkpadt/thinkpad-t14s-gen-7-14-inch-amd/21ywcto1wwmy1,https://p2-ofp.static.pub/ShareResource/optimized/pdp/thinkpad/thinkpad-t-series/LEN101T0171/lenovo-thinkpad-t14s-gen-7-amd-pdp-gallery-1.502cdb747719988e.png,Lenovo Official,AMD Ryzen™ AI 5 430 Processor (2.00 GHz up to 4.50 GHz),Integrated Graphics,16 GB LPDDR5X-8533MT/s (Soldered),256 GB SSD M.2 2280 PCIe Gen4 TLC Opal,"14"" WUXGA (1920 x 1200), IPS, Anti-Glare, Non-Touch, 45%NTSC, 400 nits, 60Hz",,,"OS: Windows 11 Home 64 | Warranty: 1 Year Courier or Carry-in | The ThinkPad T14s Gen 7 (AMD) is a lightweight laptop designed for business professionals. It features a powerful AMD Ryzen™ AI 5 430 processor, 16GB memory, and a 14"" WUXGA display, ensuring productivity and clarity on the go."
ideapadpro5a14gen11_amdryzen™ai7_integrated_24gblp_1tbssd,"IdeaPad Pro 5a (14"", Gen 11)",6236.71,"Lenovo Official (RM 6,236.71)","Lenovo Official: RM 6,236.71",1,https://www.lenovo.com/my/en/p/laptops/ideapad/ideapad-pro-series/lenovo-ideapad-pro-5a-gen-11-14-inch-amd/83sgcto1wwmy1,Lenovo Official: https://www.lenovo.com/my/en/p/laptops/ideapad/ideapad-pro-series/lenovo-ideapad-pro-5a-gen-11-14-inch-amd/83sgcto1wwmy1,https://p2-ofp.static.pub/ShareResource/optimized/pdp/ideapad/ideapad-pro-series/len101i0136/lenovo-ideapad-pro-5a-gen11-14-amd-pdp-gallery-1.png,Lenovo Official,AMD Ryzen™ AI 7 450 Processor (2.00 GHz up to 5.10 GHz),Integrated Graphics,24 GB LPDDR5X-8533MT/s (Soldered),1 TB SSD M.2 2242 PCIe Gen4 QLC,"14"" 2.8K (2880 x 1800), OLED, Glare, Non-Touch, HDR 1000 True Black, 100%DCI-P3, 1100 nits (HDR Peak)/500 nits (SDR Typical), 120Hz",,,"OS: Windows 11 Home Single Language 64 | Warranty: 1 Year Carry-in | The IdeaPad Pro 5a (14"", Gen 11) offers a stunning 14"" 2.8K OLED display with vibrant colors and smooth 120Hz refresh rate. Powered by the AMD Ryzen™ AI 7 450 processor and 24GB LPDDR5X memory, it's perfect for creators and multitaskers seeking high performance."
thinkpadt16gen5amd_amdryzen™ai5_integrated_16gbdd_256gbs,ThinkPad T16 Gen 5 (AMD),6262.60,"Lenovo Official (RM 6,262.60)","Lenovo Official: RM 6,262.60",1,https://www.lenovo.com/my/en/p/laptops/thinkpad/thinkpadt/lenovo-thinkpad-t16-gen-5-16-inch-amd-laptop/21wxcto1wwmy1,Lenovo Official: https://www.lenovo.com/my/en/p/laptops/thinkpad/thinkpadt/lenovo-thinkpad-t16-gen-5-16-inch-amd-laptop/21wxcto1wwmy1,https://p4-ofp.static.pub/ShareResource/optimized/pdp/thinkpad/thinkpad-t-series/LEN101T0157/lenovo-thinkpad-t16-gen-5-16-amd-pdp-gallery-1.da7455b4c894aa27.png,Lenovo Official,AMD Ryzen™ AI 5 PRO 440 Processor (2.00 GHz up to 4.80 GHz),Integrated Graphics,16 GB DDR5-5600MT/s (SODIMM),256 GB SSD M.2 2280 PCIe Gen4 TLC Opal,"16"" WUXGA (1920 x 1200), IPS, Anti-Glare, Non-Touch, 45%NTSC, 400 nits, 60Hz",,,"OS: Windows 11 Home 64 | Warranty: 1 Year Courier or Carry-in | The ThinkPad T16 Gen 5 (AMD) offers a 16"" WUXGA display with anti-glare for clear visuals in any environment. Powered by an AMD Ryzen™ AI 5 PRO 440 processor and 16GB DDR5 memory, it ensures smooth multitasking for business professionals."
ideapadpro5a16gen11_amdryzen™ai7_integrated_24gblp_1tbssd,"IdeaPad Pro 5a (16"", Gen 11)",6345.00,"Lenovo Official (RM 6,345.00)","Lenovo Official: RM 6,345.00",1,https://www.lenovo.com/my/en/p/laptops/ideapad/ideapad-pro-series/lenovo-ideapad-pro-5a-gen-11-16-inch-amd/83sjcto1wwmy1,Lenovo Official: https://www.lenovo.com/my/en/p/laptops/ideapad/ideapad-pro-series/lenovo-ideapad-pro-5a-gen-11-16-inch-amd/83sjcto1wwmy1,https://p2-ofp.static.pub/ShareResource/optimized/pdp/ideapad/ideapad-pro-series/len101i0134/lenovo-ideapad-pro-5a-gen-11-16-amd-pdp-gallery-1.png,Lenovo Official,AMD Ryzen™ AI 7 450 Processor (2.00 GHz up to 5.10 GHz),Integrated Graphics,24 GB LPDDR5X-8533MT/s (Soldered),1 TB SSD M.2 2242 PCIe Gen4 QLC,"16"" 2.8K (2880 x 1800), OLED, Glare, Non-Touch, HDR 1000 True Black, 100%DCI-P3, 500 nits, 120Hz",,,"OS: Windows 11 Home Single Language 64 | Warranty: 1 Year Carry-in | The IdeaPad Pro 5a (16"", Gen 11) features a stunning 16"" 2.8K OLED display with vibrant colors and smooth 120Hz refresh rate. Powered by an AMD Ryzen™ AI 7 processor, 24GB RAM, and 1TB SSD, it ensures seamless multitasking and ample storage for creators and students alike."
21SR003RMA,ThinkPad E16 Gen 3,6661.08,"Lenovo Official (RM 6,661.08)","Lenovo Official: RM 6,661.08",1,https://www.lenovo.com/my/en/p/laptops/thinkpad/thinkpade/lenovo-thinkpad-e16-gen-3-16-inch-intel/21sr003rma,Lenovo Official: https://www.lenovo.com/my/en/p/laptops/thinkpad/thinkpade/lenovo-thinkpad-e16-gen-3-16-inch-intel/21sr003rma,https://p4-ofp.static.pub//fes/cms/2025/03/19/6gjvthp40k9v8kkd1niipl547mxs11488818.png,Lenovo Official,Intel® Core™ Ultra 7 255H Processor (E-cores up to 4.40 GHz P-cores up to 5.10 GHz),Integrated Intel® Arc™ 140T GPU,16 GB DDR5-5600MT/s (SODIMM),512 GB SSD M.2 2242 PCIe Gen4 TLC Opal,"16"" WUXGA (1920 x 1200), IPS, Anti-Glare, Non-Touch, 45%NTSC, 300 nits, 60 Hz",,,"OS: Windows 11 Pro 64 | Warranty: 3 Year On-site | The ThinkPad E16 Gen 3 offers a powerful Intel® Core™ Ultra 7 processor and a 16"" WUXGA anti-glare display. Designed for business professionals, it features 16GB DDR5 memory, 512GB SSD storage, and a 3-year on-site warranty for reliability."
thinkpadx914gen1_intel®core™u_integrated_32gblp_256gbs,ThinkPad X9-14 Gen 1,6808.32,"Lenovo Official (RM 6,808.32)","Lenovo Official: RM 6,808.32",1,https://www.lenovo.com/my/en/p/laptops/thinkpad/thinkpadx9/thinkpad-x9-14-aura-edition-14-inch-intel/21qacto1wwmy1,Lenovo Official: https://www.lenovo.com/my/en/p/laptops/thinkpad/thinkpadx9/thinkpad-x9-14-aura-edition-14-inch-intel/21qacto1wwmy1,https://p3-ofp.static.pub/ShareResource/cap/image/thinkpad-x9-len101t0110-01.jpg,Lenovo Official,Intel® Core™ Ultra 5 228V Processor (LPE-cores up to 3.50 GHz P-cores up to 4.50 GHz / 32 GB MOP),Integrated Intel® Arc™ Graphics,32 GB LPDDR5X-8533MT/s (Memory on Package),256 GB SSD M.2 2242 PCIe Gen4 TLC Opal,"14"" WUXGA (1920 x 1200), OLED, Anti-Glare, Non-Touch, HDR 500 True Black, 100%DCI-P3, 400 nits, 60Hz, Low Blue Light",,,"OS: Windows 11 Home 64 | Warranty: 2 Years Premier Support AI | The ThinkPad X9 14 Aura Edition offers premium performance with advanced AI capabilities for SMBs. Its ultrathin design, updated keyboard, and all-day battery make it ideal for productivity, while customization options enhance flexibility."
thinkpadx13gen7amd_amdryzen™ai5_integrated_16gblp_256gbs,ThinkPad X13 Gen 7 (AMD),6938.34,"Lenovo Official (RM 6,938.34)","Lenovo Official: RM 6,938.34",1,https://www.lenovo.com/my/en/p/laptops/thinkpad/thinkpadx/lenovo-thinkpad-x13-gen-7-13-inch-amd/21ykcto1wwmy1,Lenovo Official: https://www.lenovo.com/my/en/p/laptops/thinkpad/thinkpadx/lenovo-thinkpad-x13-gen-7-13-inch-amd/21ykcto1wwmy1,https://p2-ofp.static.pub/ShareResource/optimized/pdp/thinkpad/thinkpad-x-series/LEN101T0175/lenovo-thinkpad-x13-gen-7-13-amd-pdp-gallery-1.24a085d138df30f2.png,Lenovo Official,AMD Ryzen™ AI 5 430 Processor (2.00 GHz up to 4.50 GHz),Integrated Graphics,16 GB LPDDR5X-8533MT/s (Soldered),256 GB SSD M.2 2280 PCIe Gen4 TLC Opal,"13.3"" WUXGA (1920 x 1200), IPS, Anti-Glare, Non-Touch, 100%sRGB, 400 nits, 60Hz",,,"OS: Windows 11 Home 64 | Warranty: 2 Years Premier Support AI | The ThinkPad X13 Gen 7 (AMD) offers a sleek, lightweight design with a 13.3"" WUXGA display for vibrant visuals. Powered by an AMD Ryzen™ AI 5 430 processor and 16GB memory, it ensures smooth multitasking, making it ideal for business professionals."
thinkpadt14sgen7_intel®core™u_integrated_16gblp_256gbs,ThinkPad T14s Gen 7,6943.40,"Lenovo Official (RM 6,943.40)","Lenovo Official: RM 6,943.40",1,https://www.lenovo.com/my/en/p/laptops/thinkpad/thinkpadt/lenovo-thinkpad-t14s-gen-7-14-inch-intel-/21yucto1wwmy1,Lenovo Official: https://www.lenovo.com/my/en/p/laptops/thinkpad/thinkpadt/lenovo-thinkpad-t14s-gen-7-14-inch-intel-/21yucto1wwmy1,https://p4-ofp.static.pub/ShareResource/optimized/pdp/thinkpad/thinkpad-t-series/len101t0155/lenovo-thinkpad-t14s-gen-7-intel-pdp-gallery-1.b2e8094de3f60cb1.png,Lenovo Official,Intel® Core™ Ultra 5 325 Processor (LPE-cores up to 3.40 GHz P-cores up to 4.50 GHz),Integrated Graphics,16 GB LPDDR5X-8533MT/s (Soldered),256 GB SSD M.2 2280 PCIe Gen4 TLC Opal,"14"" WUXGA (1920 x 1200), IPS, Anti-Glare, Non-Touch, 45%NTSC, 400 nits, 60Hz",,,"OS: Windows 11 Home 64 | Warranty: 1 Year Courier or Carry-in | The ThinkPad T14s Gen 7 offers a sleek design with a 14-inch WUXGA anti-glare display for clear visuals. Powered by an Intel Core Ultra 5 processor, 16GB memory, and 256GB SSD, it ensures smooth performance for business professionals."
thinkpadt14sgen6_intel®core™u_integrated_32gblp_256gbs,ThinkPad T14s Gen 6,7143.23,"Lenovo Official (RM 7,143.23)","Lenovo Official: RM 7,143.23",1,https://www.lenovo.com/my/en/p/laptops/thinkpad/thinkpadt/thinkpad-t14s-gen-6-14-inch-intel/21qxcto1wwmy1,Lenovo Official: https://www.lenovo.com/my/en/p/laptops/thinkpad/thinkpadt/thinkpad-t14s-gen-6-14-inch-intel/21qxcto1wwmy1,https://p1-ofp.static.pub/ShareResource/optimized/pdp/thinkpad/thinkpad-t-series/len101t0113/lenovo-thinkpad-t14s-gen-6-intel-pdp-gallery-1.png,Lenovo Official,Intel® Core™ Ultra 5 228V Processor (LPE-cores up to 3.50 GHz P-cores up to 4.50 GHz / 32 GB MOP),Integrated Intel® Arc™ Graphics,32 GB LPDDR5X-8533MT/s (Memory on Package),256 GB SSD M.2 2280 PCIe Gen4 TLC Opal,"14"" WUXGA (1920 x 1200), IPS, Anti-Glare, Touch, 45%NTSC, 400 nits, 60Hz",,,"OS: Windows 11 Home 64 | Warranty: 2 Years Premier Support AI | The ThinkPad T14s Gen 6 is a lightweight, ultrathin laptop designed for productivity and efficiency. Powered by AI and Intel Core Ultra processors, it offers customizable features to meet the needs of business professionals."
ideapadpro5i14gen11_intel®core™u_integrated_32gblp_1tbssd,"IdeaPad Pro 5i (14"", Gen 11)",7228.77,"Lenovo Official (RM 7,228.77)","Lenovo Official: RM 7,228.77",1,https://www.lenovo.com/my/en/p/laptops/ideapad/ideapad-pro-series/lenovo-ideapad-pro-5i-gen-11-14-inch-intel/83shcto1wwmy1,Lenovo Official: https://www.lenovo.com/my/en/p/laptops/ideapad/ideapad-pro-series/lenovo-ideapad-pro-5i-gen-11-14-inch-intel/83shcto1wwmy1,https://p1-ofp.static.pub/ShareResource/optimized/pdp/ideapad/ideapad-pro-series/len101i0130/ideapad-5i-14-intel-gallery-1.png,Lenovo Official,Intel® Core™ Ultra 7 356H Processor (E-cores up to 3.50 GHz P-cores up to 4.70 GHz),Integrated Graphics,32 GB LPDDR5X-8533MT/s (Soldered),1 TB SSD M.2 2242 PCIe Gen4 QLC,"14"" 2.8K (2880 x 1800), OLED, Glare, Non-Touch, HDR 1000 True Black, 100%DCI-P3, 1100 nits (HDR Peak)/500 nits (SDR Typical), 120Hz",,,"OS: Windows 11 Home Single Language 64 | Warranty: 1 Year Carry-in | The IdeaPad Pro 5i (14"", Gen 11) offers a stunning 2.8K OLED display with vibrant colors and smooth 120Hz refresh rate. Powered by Intel® Core™ Ultra 7 processor, 32GB memory, and 1TB SSD, it ensures seamless performance for creators and professionals."
thinkpadt14s2in1gen1_intel®core™u_integrated_16gblp_256gbs,ThinkPad T14s 2-in-1 Gen 1,7357.37,"Lenovo Official (RM 7,357.37)","Lenovo Official: RM 7,357.37",1,https://www.lenovo.com/my/en/p/laptops/thinkpad/thinkpadt/thinkpad-t14s-2-in-1-14-inch-intel/21r3cto1wwmy1,Lenovo Official: https://www.lenovo.com/my/en/p/laptops/thinkpad/thinkpadt/thinkpad-t14s-2-in-1-14-inch-intel/21r3cto1wwmy1,https://p1-ofp.static.pub//fes/cms/2025/04/18/y3l0qoh5xk7ccwmvqa37amwugzghhy843176.png,Lenovo Official,Intel® Core™ Ultra 5 225U Processor (E-cores up to 3.80 GHz P-cores up to 4.80 GHz),Integrated Graphics,16 GB LPDDR5X-8533MT/s (Soldered),256 GB SSD M.2 2280 PCIe Gen4 TLC Opal,"14"" WUXGA (1920 x 1200), IPS, Anti-Reflection/Anti-Smudge, Touch, 45%NTSC, 400 nits, 60Hz, DBEF5",,,"OS: Windows 11 Home 64 | Warranty: 2 Years Premier Support AI | The ThinkPad T14s 2-in-1 Gen 1 offers a sleek, lightweight design with a 14"" touch display for versatile use. Equipped with Intel® Core™ Ultra 5 processor, 16GB memory, and 256GB SSD, it ensures fast performance for students and professionals alike."
ideapadpro5i16gen11_intel®core™u_integrated_32gblp_1tbssd,"IdeaPad Pro 5i (16"", Gen 11)",7404.04,"Lenovo Official (RM 7,404.04)","Lenovo Official: RM 7,404.04",1,https://www.lenovo.com/my/en/p/laptops/ideapad/ideapad-pro-series/ideapad-pro-5i-gen-11-16-inch-intel/83skcto1wwmy1,Lenovo Official: https://www.lenovo.com/my/en/p/laptops/ideapad/ideapad-pro-series/ideapad-pro-5i-gen-11-16-inch-intel/83skcto1wwmy1,https://p3-ofp.static.pub/ShareResource/optimized/pdp/ideapad/ideapad-pro-series/len101i0129/lenovo-ideapad-pro-5i-gen-11-16-intel-pdp-gallery-1.png,Lenovo Official,Intel® Core™ Ultra 7 356H Processor (E-cores up to 3.50 GHz P-cores up to 4.70 GHz),Integrated Graphics,32 GB LPDDR5X-8533MT/s (Soldered),1 TB SSD M.2 2242 PCIe Gen4 QLC,"16"" 2.8K (2880 x 1800), OLED, Glare, Non-Touch, HDR 1000 True Black, 100%DCI-P3, 500 nits, 120Hz",,,"OS: Windows 11 Home Single Language 64 | Warranty: 1 Year Carry-in | The IdeaPad Pro 5i (16"", Gen 11) features a stunning 16"" 2.8K OLED display with HDR 1000 True Black and 120Hz refresh rate. Powered by Intel® Core™ Ultra 7 processor, 32GB LPDDR5X memory, and 1TB SSD, it's ideal for creators seeking high performance and vibrant visuals."
thinkpadp14sgen6_intel®core™u_integrated_16gbdd_512gbs,ThinkPad P14s Gen 6,7492.25,"Lenovo Official (RM 7,492.25)","Lenovo Official: RM 7,492.25",1,https://www.lenovo.com/my/en/p/laptops/thinkpad/thinkpadp/lenovo-thinkpad-p14s-gen-6-14-inch-intel-mobile-workstation/21qtcto1wwmy1,Lenovo Official: https://www.lenovo.com/my/en/p/laptops/thinkpad/thinkpadp/lenovo-thinkpad-p14s-gen-6-14-inch-intel-mobile-workstation/21qtcto1wwmy1,https://p1-ofp.static.pub//fes/cms/2025/08/14/9mv2od3aa0dlrr30uoe6lbwq87ilrz683770.png,Lenovo Official,Intel® Core™ Ultra 5 225H Processor (E-cores up to 4.30 GHz P-cores up to 4.90 GHz),Integrated Graphics,16 GB DDR5-5600MT/s (SODIMM),512 GB SSD M.2 2280 PCIe Gen4 TLC Opal,"14.5"" WUXGA (1920 x 1200), IPS, Anti-Glare, Non-Touch, 45%NTSC, 400 nits, 60Hz",,,"OS: Windows 11 Home 64 | Warranty: 2 Years Premier Support AI | The ThinkPad P14s Gen 6 is a compact AI-ready mobile workstation designed for professionals and SMBs. It offers Intel Core Ultra processors, upgradable memory, and customer-replaceable components for extended usability and performance."
thinkpadt14gen7_intel®core™u_integrated_16gblp_256gbs,ThinkPad T14 Gen 7,7574.70,"Lenovo Official (RM 7,574.70)","Lenovo Official: RM 7,574.70",1,https://www.lenovo.com/my/en/p/laptops/thinkpad/thinkpadt/lenovo-thinkpad-t14-gen-7-14-inch-intel-laptop/21wncto1wwmy1,Lenovo Official: https://www.lenovo.com/my/en/p/laptops/thinkpad/thinkpadt/lenovo-thinkpad-t14-gen-7-14-inch-intel-laptop/21wncto1wwmy1,https://p2-ofp.static.pub/ShareResource/optimized/thinkpad/thinkpad-t/len101t0154/lenovo-thinkpad-t14-gen-7-14-intel-pdp-gallery-1.c80b33c46b8b5d19.png,Lenovo Official,Intel® Core™ Ultra 5 332 vPro® Processor (LPE-cores up to 3.30 GHz P-cores up to 4.40 GHz),Integrated Graphics,16 GB LPDDR5X-8533MT/s (CAMM2),256 GB SSD M.2 2280 PCIe Gen4 TLC Opal,"14"" WUXGA (1920 x 1200), IPS, Anti-Glare, Non-Touch, 45%NTSC, 400 nits, 60Hz",,,"OS: Windows 11 Home 64 | Warranty: 2 Years Premier Support AI | The ThinkPad T14 Gen 7 offers a powerful Intel® Core™ Ultra 5 processor and 16GB memory for seamless multitasking. Its 14"" WUXGA anti-glare display ensures clear visuals, while the 256GB SSD provides fast storage. Ideal for business professionals."
thinkpade14gen6amd_amdryzen™575_integrated_16gbdd_256gbs,ThinkPad E14 Gen 6 (AMD),7630.50,"Lenovo Official (RM 7,630.50)","Lenovo Official: RM 7,630.50",1,https://www.lenovo.com/my/en/p/laptops/thinkpad/thinkpade/lenovo-thinkpad-e14-gen-6-14-inch-amd/21m3cto1wwmy1,Lenovo Official: https://www.lenovo.com/my/en/p/laptops/thinkpad/thinkpade/lenovo-thinkpad-e14-gen-6-14-inch-amd/21m3cto1wwmy1,https://p1-ofp.static.pub//fes/cms/2024/04/01/w5xzl0a0vcja2jirmi04tmaxy7nw1g409296.png,Lenovo Official,AMD Ryzen™ 5 7535U Processor (2.90 GHz up to 4.55 GHz),Integrated Graphics,16 GB DDR5-4800MT/s (SODIMM),256 GB SSD M.2 2242 PCIe Gen4 TLC Opal,"14"" WUXGA (1920 x 1200), IPS, Anti-Glare, Non-Touch, 45%NTSC, 300 nits, 60Hz",,,"OS: Windows 11 Home 64 | Warranty: 2 Years On-site | The ThinkPad E14 Gen 6 offers a sleek design in Graphite Black with a 14"" WUXGA anti-glare display. Powered by AMD Ryzen™ 5, 16GB DDR5 memory, and 256GB SSD, it ensures smooth multitasking for business professionals."
thinkpadt16gen5_intel®core™u_integrated_16gblp_256gbs,ThinkPad T16 Gen 5,7678.10,"Lenovo Official (RM 7,678.10)","Lenovo Official: RM 7,678.10",1,https://www.lenovo.com/my/en/p/laptops/thinkpad/thinkpadt/lenovo-thinkpad-t16-gen-5-16-inch-intel/21wtcto1wwmy1,Lenovo Official: https://www.lenovo.com/my/en/p/laptops/thinkpad/thinkpadt/lenovo-thinkpad-t16-gen-5-16-inch-intel/21wtcto1wwmy1,https://p4-ofp.static.pub/ShareResource/optimized/pdp/thinkpad/thinkpad-t-series/LEN101T0158/lenovo-thinkpad-t16-gen-5-intel-pdp-gallery-1.png,Lenovo Official,Intel® Core™ Ultra 5 325 Processor (LPE-cores up to 3.40 GHz P-cores up to 4.50 GHz),Integrated Graphics,16 GB LPDDR5X-8533MT/s (CAMM2),256 GB SSD M.2 2280 PCIe Gen4 TLC Opal,"16"" WUXGA (1920 x 1200), IPS, Anti-Glare, Non-Touch, 45%NTSC, 400 nits, 60Hz",,,"OS: Windows 11 Home 64 | Warranty: 2 Years Premier Support AI | The ThinkPad T16 Gen 5 offers a 16"" WUXGA display with anti-glare and 400 nits brightness for clear visuals. Powered by Intel® Core™ Ultra 5 processor, 16GB memory, and 256GB SSD, it ensures smooth performance for business users."
thinkpadx13gen7_intel®core™u_integrated_16gblp_256gbs,ThinkPad X13 Gen 7,7888.75,"Lenovo Official (RM 7,888.75)","Lenovo Official: RM 7,888.75",1,https://www.lenovo.com/my/en/p/laptops/thinkpad/thinkpadx/thinkpad-x13-gen-7-13-inch-intel-laptop/21yhcto1wwmy1,Lenovo Official: https://www.lenovo.com/my/en/p/laptops/thinkpad/thinkpadx/thinkpad-x13-gen-7-13-inch-intel-laptop/21yhcto1wwmy1,https://p4-ofp.static.pub/ShareResource/optimized/pdp/thinkpad/thinkpad-x-series/len101t0172/gallery-1-laptop-side-facing.png,Lenovo Official,Intel® Core™ Ultra 5 332 vPro® Processor (LPE-cores up to 3.30 GHz P-cores up to 4.40 GHz),Integrated Graphics,16 GB LPDDR5X-8533MT/s (Soldered),256 GB SSD M.2 2280 PCIe Gen4 TLC Opal,"13.3"" WUXGA (1920 x 1200), IPS, Anti-Glare, Non-Touch, 100%sRGB, 400 nits, 60Hz",,,"OS: Windows 11 Home 64 | Warranty: 2 Years Premier Support AI | The ThinkPad X13 Gen 7 is a lightweight laptop designed for business professionals. It features a 13.3"" WUXGA display, 16GB memory, and 256GB SSD for seamless multitasking, with a durable design and 1-year warranty."
yogapro7a15gen11_amdryzen™aim_integrated_32gblp_512gbs,"Yoga Pro 7a (15"", Gen11)",8185.93,"Lenovo Official (RM 8,185.93)","Lenovo Official: RM 8,185.93",1,https://www.lenovo.com/my/en/p/laptops/yoga/yoga-pro-series/yoga-pro-7a-gen-11-15-inch-amd/83w5cto1wwmy1,Lenovo Official: https://www.lenovo.com/my/en/p/laptops/yoga/yoga-pro-series/yoga-pro-7a-gen-11-15-inch-amd/83w5cto1wwmy1,https://p4-ofp.static.pub/ShareResource/optimized/pdp/yoga/yoga-pro-series/LEN101Y0075/lenovo-yoga-pro-7a-gen-11-15-amd-pdp-gallery-1.png,Lenovo Official,AMD Ryzen™ AI Max+ 388 Processor (3.60 GHz up to 5.00 GHz),Integrated Graphics,32 GB LPDDR5X-8000MT/s (Soldered),512 GB SSD M.2 2242 PCIe Gen4 TLC,"15.3"" WQXGA (2560 x 1600), OLED, Glare, Touch, HDR 1000 True Black, 100%DCI-P3, 500 nits, 165Hz, Low Blue Light, Glass",,,"OS: Windows 11 Home Single Language 64 | Warranty: 1 Year Carry-in | The Yoga Pro 7a (15"", Gen11) offers a stunning 15.3"" OLED touchscreen with HDR 1000 True Black and 165Hz refresh rate. Powered by AMD Ryzen™ AI Max+ processor and 32GB LPDDR5X memory, it ensures smooth performance for creators. Features include Wi-Fi 7, integrated graphics, and Thunder Grey design."
yogapro7i14gen10_intel®core™u_integrated_32gblp_1tbssd,"Yoga Pro 7i (14'', Gen 10)",8205.12,"Lenovo Official (RM 8,205.12)","Lenovo Official: RM 8,205.12",1,https://www.lenovo.com/my/en/p/laptops/yoga/yoga-pro-series/lenovo-yoga-pro-7i-gen-10-aura-edition-14-inch-intel/83kfcto1wwmy1,Lenovo Official: https://www.lenovo.com/my/en/p/laptops/yoga/yoga-pro-series/lenovo-yoga-pro-7i-gen-10-aura-edition-14-inch-intel/83kfcto1wwmy1,https://p1-ofp.static.pub//fes/cms/2025/02/24/ipf7rgu6jflx42m74r7jgl73bn3lr5417294.png,Lenovo Official,Intel® Core™ Ultra 9 285H Processor (E-cores up to 4.50 GHz P-cores up to 5.40 GHz),Integrated Graphics,32 GB LPDDR5X-8533MT/s (Soldered),1 TB SSD M.2 2242 PCIe Gen4 TLC,"14.5"" 3K (3000 x 1872), OLED, Anti-Fingerprint, Touch, HDR 1000 True Black, 100%DCI-P3, 500 nits, 120Hz, Glass",,,"OS: Windows 11 Home Single Language 64 | Warranty: 1 Year Carry-in | The Yoga Pro 7i (14'', Gen 10) features a stunning 14.5"" 3K OLED touchscreen with 120Hz refresh rate and HDR 1000 True Black. Powered by an Intel® Core™ Ultra 9 processor, 32GB memory, and 1TB SSD, it's perfect for creators seeking performance and vibrant visuals."
thinkpadp14sgen7_intel®core™u_integrated_16gblp_512gbs,ThinkPad P14s Gen 7,9015.21,"Lenovo Official (RM 9,015.21)","Lenovo Official: RM 9,015.21",1,https://www.lenovo.com/my/en/p/laptops/thinkpad/thinkpadp/lenovo-thinkpad-p14s-gen-7-14-inch-intel/21xjcto1wwmy1,Lenovo Official: https://www.lenovo.com/my/en/p/laptops/thinkpad/thinkpadp/lenovo-thinkpad-p14s-gen-7-14-inch-intel/21xjcto1wwmy1,https://p2-ofp.static.pub/ShareResource/optimized/pdp/thinkpad/thinkpad-p-series/len101t0169/lenovo-thinkpad-p14s-gen-7-14-intel-pdp-gallery-1.png,Lenovo Official,Intel® Core™ Ultra 5 336H vPro® Processor (E-cores up to 3.40 GHz P-cores up to 4.60 GHz),Integrated Graphics,16 GB LPDDR5X-8533MT/s (CAMM2),512 GB SSD M.2 2280 PCIe Gen4 TLC Opal,"14.5"" WUXGA (1920 x 1200), IPS, Anti-Glare, Non-Touch, 45%NTSC, 400 nits, 60Hz",,,"OS: Windows 11 Home 64 | Warranty: 2 Years Premier Support AI | The ThinkPad P14s Gen 7 features a powerful Intel® Core™ Ultra 5 processor and 16GB LPDDR5X memory for seamless multitasking. Its 14.5"" WUXGA anti-glare display ensures clear visuals, while the lightweight design and fingerprint reader enhance portability and security for professionals."
legionpro5i1610_14thgenerati_nvidia®gef_32gbdd_512gbs,"Legion Pro 5i (16"", 10)",9973.23,"Lenovo Official (RM 9,973.23)","Lenovo Official: RM 9,973.23",1,https://www.lenovo.com/my/en/p/laptops/legion-laptops/legion-pro-series/legion-pro-5i-gen-10-16-inch-intel/83nncto1wwmy1,Lenovo Official: https://www.lenovo.com/my/en/p/laptops/legion-laptops/legion-pro-series/legion-pro-5i-gen-10-16-inch-intel/83nncto1wwmy1,https://p2-ofp.static.pub//fes/cms/2025/10/13/ogyuq0nxb7v3i6ow4r6w85ovvt98zf968017.png,Lenovo Official,14th Generation Intel® Core™ i9-14900HX Processor (E-cores up to 4.10 GHz P-cores up to 5.80 GHz),NVIDIA® GeForce RTX™ 5060 Laptop GPU 8GB GDDR7,32 GB DDR5-5600MT/s (SODIMM) - (2 x 16 GB),512 GB SSD M.2 2242 PCIe Gen4 TLC,"16"" WQXGA (2560 x 1600), IPS, Anti-Glare, Non-Touch, HDR 400, 100%DCI-P3, 500 nits, 240Hz, Low Blue Light",,,"OS: Windows 11 Home Single Language 64 | Warranty: 1 Year Legion Ultimate Support | The Legion Pro 5i (16"", 10) offers top-tier gaming performance with a 14th Gen Intel Core i9 processor and NVIDIA GeForce RTX 5060 GPU. Users praise its exceptional performance, stunning 240Hz WQXGA display, and effective cooling, making it ideal for gamers."
yogabook9i14gen10_intel®core™u_integrated_32gblp_512gbs,"Yoga Book 9i (14"", Gen 10)",10104.35,"Lenovo Official (RM 10,104.35)","Lenovo Official: RM 10,104.35",1,https://www.lenovo.com/my/en/p/laptops/yoga/yoga-2-in-1-series/yoga-book-9i-gen-10-14-inch-intel/83kjcto1wwmy1,Lenovo Official: https://www.lenovo.com/my/en/p/laptops/yoga/yoga-2-in-1-series/yoga-book-9i-gen-10-14-inch-intel/83kjcto1wwmy1,https://p3-ofp.static.pub//fes/cms/2024/11/21/bamhxh0zi9od1fjdqburctqu2ovmx4654163.png,Lenovo Official,Intel® Core™ Ultra 7 255H Processor (E-cores up to 4.40 GHz P-cores up to 5.10 GHz),Integrated Graphics,32 GB LPDDR5X-8400MT/s (Soldered),512 GB SSD M.2 2242 PCIe Gen4 TLC,"14"" 2.8K (2880 x 1800), OLED, Glare, Touch, HDR 600 True Black, 100%DCI-P3, 500 nits, 120Hz, Glass",,,"OS: Windows 11 Home Single Language 64 | Warranty: 1 Year PremiumCare | The Yoga Book 9i (14"", Gen 10) features a stunning 14"" 2.8K OLED touchscreen with vibrant colors and smooth 120Hz refresh rate. With 32GB memory, 512GB SSD storage, and Intel® Core™ Ultra 7 processor, it's perfect for creators seeking performance and style."
thinkpadp16vgen3_intel®core™u_nvidiartxp_16gbdd_512gbs,ThinkPad P16v Gen 3,10383.88,"Lenovo Official (RM 10,383.88)","Lenovo Official: RM 10,383.88",1,https://www.lenovo.com/my/en/p/laptops/thinkpad/thinkpadp/lenovo-thinkpad-p16v-gen-3-16-inch-intel-mobile-workstation/21rscto1wwmy1,Lenovo Official: https://www.lenovo.com/my/en/p/laptops/thinkpad/thinkpadp/lenovo-thinkpad-p16v-gen-3-16-inch-intel-mobile-workstation/21rscto1wwmy1,https://p2-ofp.static.pub//fes/cms/2025/08/11/lp43lpwtssm26w702fqj2yocsng976663810.png,Lenovo Official,Intel® Core™ Ultra 7 255H Processor (E-cores up to 4.40 GHz P-cores up to 5.10 GHz),NVIDIA RTX PRO™ 500 Blackwell Laptop GPU 6GB GDDR7,16 GB DDR5-5600MT/s (SODIMM),512 GB SSD M.2 2280 PCIe Gen4 TLC Opal,"16"" WUXGA (1920 x 1200), IPS, Anti-Glare, Non-Touch, 45%NTSC, 400 nits, 60Hz",,,"OS: Windows 11 Home 64 | Warranty: 2 Years Premier Support AI | The ThinkPad P16v Gen 3 offers powerful performance with Intel® Core™ Ultra 7 and NVIDIA RTX PRO™ 500 graphics. Its 16"" WUXGA display ensures vibrant visuals, while features like 16GB DDR5 memory and 512GB SSD storage make it ideal for business professionals."
83KY0067MJ,"Legion 7i (16"", Gen 10)",10454.51,"Lenovo Official (RM 10,454.51)","Lenovo Official: RM 10,454.51",1,https://www.lenovo.com/my/en/p/laptops/legion-laptops/legion-series/lenovo-legion-7i-gen-10-16-inch-intel/83ky0067mj,Lenovo Official: https://www.lenovo.com/my/en/p/laptops/legion-laptops/legion-series/lenovo-legion-7i-gen-10-16-inch-intel/83ky0067mj,https://p4-ofp.static.pub//fes/cms/2025/04/29/6fjgbwegzc4uq5d36igr9a7mldtfew006739.png,Lenovo Official,Intel® Core™ Ultra 9 275HX Processor (E-cores up to 4.60 GHz P-cores up to 5.40 GHz),NVIDIA® Geforce RTX™ 5070 Laptop GPU 8GB GDDR7,32 GB DDR5-5600MT/s (SODIMM)(2 x 16 GB),1 TB SSD M.2 2242 PCIe Gen4 TLC,"16"" WQXGA (2560 x 1600), OLED, Glare, Non-Touch, HDR 1000 True Black, 100%DCI-P3, 500 nits, 165 Hz, Low Blue Light",,,"OS: Windows 11 Home Single Language 64 | Warranty: 3 Year Legion Ultimate Support | The Lenovo Legion 7 Series offers powerful gaming with an Intel® Core™ Ultra 9 processor and NVIDIA® RTX™ 5070 GPU. Its 16"" OLED display delivers stunning visuals with HDR and 165Hz refresh rate, while 32GB RAM and 1TB SSD ensure seamless performance."
21NX0095MA,ThinkPad X1 Carbon Gen 13,12302.17,"Lenovo Official (RM 12,302.17)","Lenovo Official: RM 12,302.17",1,https://www.lenovo.com/my/en/p/laptops/thinkpad/thinkpadx1/thinkpad-x1-carbon-gen-13-aura-edition-14-inch-intel/21nx0095ma,Lenovo Official: https://www.lenovo.com/my/en/p/laptops/thinkpad/thinkpadx1/thinkpad-x1-carbon-gen-13-aura-edition-14-inch-intel/21nx0095ma,https://p4-ofp.static.pub//fes/cms/2025/02/21/nve0lcn16t4g80h4i0z3kk36teytcd686357.png,Lenovo Official,Intel® Core™ Ultra 7 255U Processor (E-cores up to 4.20 GHz P-cores up to 5.20 GHz),Integrated Intel® Graphics,32 GB LPDDR5X-8533MT/s (Soldered),1 TB SSD M.2 2280 PCIe Gen5 Performance TLC Opal,"14"" WUXGA (1920 x 1200), IPS, Anti-Glare, Non-Touch, 100%sRGB, 500 nits, 60 Hz, Low Power",,,"OS: Windows 11 Pro 64 | Warranty: 3 Year Premier Support Plus | The ThinkPad X1 Carbon G13 offers a sleek ultraslim design with a 14"" WUXGA anti-glare display for vibrant visuals. Equipped with an Intel® Core™ Ultra 7 processor, 32GB memory, and 1TB SSD, it ensures top-tier performance for business professionals."
thinkpadp16gen3_intel®core™u_nvidiartxp_16gbdd_512gbs,ThinkPad P16 Gen 3,12518.66,"Lenovo Official (RM 12,518.66)","Lenovo Official: RM 12,518.66",1,https://www.lenovo.com/my/en/p/laptops/thinkpad/thinkpadp/lenovo-thinkpad-p16-gen-3-16-inch-intel-mobile-workstation/21rqcto1wwmy1,Lenovo Official: https://www.lenovo.com/my/en/p/laptops/thinkpad/thinkpadp/lenovo-thinkpad-p16-gen-3-16-inch-intel-mobile-workstation/21rqcto1wwmy1,https://p1-ofp.static.pub//fes/cms/2025/08/14/opx8egacmb1gwc4alw2i8s17mbf54j715958.png,Lenovo Official,Intel® Core™ Ultra 5 245HX vPro® Processor (E-cores up to 4.50 GHz P-cores up to 5.10 GHz),NVIDIA RTX PRO™ 1000 Blackwell Laptop GPU 8GB GDDR7,16 GB DDR5-5600MT/s (SODIMM),512 GB SSD M.2 2280 PCIe Gen4 TLC Opal,"16"" WUXGA (1920 x 1200), IPS, Anti-Glare, Non-Touch, 100%sRGB, 500 nits, 60Hz, Low Power",,,"OS: Windows 11 Home 64 | Warranty: 2 Years Premier Support AI | The ThinkPad P16 Gen 3 offers powerful performance with an Intel® Core™ Ultra 5 processor and NVIDIA RTX PRO™ GPU. Its 16"" WUXGA display delivers vibrant visuals, while features like Wi-Fi 7, fingerprint reader, and backlit keyboard enhance productivity for business professionals."
thinkpadp1gen8_intel®core™u_nvidiartxp_16gblp_512gbs,ThinkPad P1 Gen 8,13327.02,"Lenovo Official (RM 13,327.02)","Lenovo Official: RM 13,327.02",1,https://www.lenovo.com/my/en/p/laptops/thinkpad/thinkpadp/lenovo-thinkpad-p1-gen-8-16-inch-intel-mobile-workstation/21q8cto1wwmy1,Lenovo Official: https://www.lenovo.com/my/en/p/laptops/thinkpad/thinkpadp/lenovo-thinkpad-p1-gen-8-16-inch-intel-mobile-workstation/21q8cto1wwmy1,https://p4-ofp.static.pub//fes/cms/2025/08/20/7in9lxw1v1rlzktssipki6d7kvinqp315164.png,Lenovo Official,Intel® Core™ Ultra 7 255H Processor (E-cores up to 4.40 GHz P-cores up to 5.10 GHz),NVIDIA RTX PRO™ 1000 Blackwell Laptop GPU 8GB GDDR7,16 GB LPDDR5X-8533MT/s (CAMM2),512 GB SSD M.2 2280 PCIe Gen4 TLC Opal,"16"" WUXGA (1920 x 1200), IPS, Anti-Glare, Non-Touch, 100%sRGB, 500 nits, 60Hz, Low Power",,,"OS: Windows 11 Home 64 | Warranty: 2 Years Premier Support AI | The ThinkPad P1 Gen 8 is a powerful workstation designed for business professionals. It features a 16"" WUXGA display, Intel® Core™ Ultra 7 processor, NVIDIA RTX PRO™ 1000 GPU, and 16GB memory for seamless multitasking."
21QT004HMA,Mobile Workstation P14s Gen 6,13848.36,"Lenovo Official (RM 13,848.36)","Lenovo Official: RM 13,848.36",1,https://www.lenovo.com/my/en/p/laptops/thinkpad/thinkpadp/lenovo-thinkpad-p14s-gen-6-14-inch-intel-mobile-workstation/21qt004hma,Lenovo Official: https://www.lenovo.com/my/en/p/laptops/thinkpad/thinkpadp/lenovo-thinkpad-p14s-gen-6-14-inch-intel-mobile-workstation/21qt004hma,https://p1-ofp.static.pub//fes/cms/2025/08/14/9mv2od3aa0dlrr30uoe6lbwq87ilrz683770.png,Lenovo Official,Intel® Core™ Ultra 7 265H vPro® Processor (E-cores up to 4.50 GHz P-cores up to 5.30 GHz),NVIDIA RTX PRO™ 1000 Blackwell Laptop GPU 8GB GDDR7,32 GB DDR5-5600MT/s (SODIMM),1 TB SSD M.2 2280 PCIe Gen5 Performance TLC Opal,"14.5"" WUXGA (1920 x 1200), IPS, Anti-Glare, Non-Touch, 45%NTSC, 400 nits, 60 Hz",,,"OS: Windows 11 Pro 64 | Warranty: 3 Year Premier | The Mobile Workstation P14s G6 offers a powerful Intel® Core™ Ultra 7 processor and NVIDIA RTX PRO™ 1000 GPU. With 32GB DDR5 memory, 1TB SSD storage, and a 14.5"" WUXGA anti-glare display, it's ideal for business professionals seeking performance and portability."
thinkpadp1gen9_intel®core™u_nvidiartxp_16gblp_512gbs,ThinkPad P1 Gen 9,14308.85,"Lenovo Official (RM 14,308.85)","Lenovo Official: RM 14,308.85",1,https://www.lenovo.com/my/en/p/laptops/thinkpad/thinkpadp/thinkpad-p1-gen-9-16-inch-intel-mobile-workstation/21uecto1wwmy1,Lenovo Official: https://www.lenovo.com/my/en/p/laptops/thinkpad/thinkpadp/thinkpad-p1-gen-9-16-inch-intel-mobile-workstation/21uecto1wwmy1,https://p1-ofp.static.pub/ShareResource/optimized/pdp/thinkpad/thinkpad-p-series/LEN101T0180/thinkpad-p1-gen-9-16-intel-mobile-workstation-pdp-gallery-1.png,Lenovo Official,Intel® Core™ Ultra 7 356H Processor (E-cores up to 3.50 GHz P-cores up to 4.70 GHz),NVIDIA RTX PRO™ 2000 Blackwell Laptop GPU 8GB GDDR7,16 GB LPDDR5X-8533MT/s (CAMM2),512 GB SSD M.2 2280 PCIe Gen4 TLC Opal,"16"" WUXGA (1920 x 1200), IPS, Anti-Glare, Non-Touch, 100%sRGB, 500 nits, 60Hz, Low Power",,,"OS: Windows 11 Home 64 | Warranty: 1 Year Courier or Carry-in | The ThinkPad P1 Gen 9 offers powerful performance with an Intel® Core™ Ultra 7 processor and NVIDIA RTX PRO™ 2000 GPU. Its 16"" WUXGA display delivers vibrant visuals, while features like a haptic touchpad and fingerprint reader enhance usability for professionals."
thinkpadt1ggen9_intel®core™u_nvidia®gef_16gblp_1tbssd,ThinkPad T1g Gen 9,14389.89,"Lenovo Official (RM 14,389.89)","Lenovo Official: RM 14,389.89",1,https://www.lenovo.com/my/en/p/laptops/thinkpad/thinkpadt/thinkpad-t1g-gen-9-16-inch-intel-/21ugcto1wwmy1,Lenovo Official: https://www.lenovo.com/my/en/p/laptops/thinkpad/thinkpadt/thinkpad-t1g-gen-9-16-inch-intel-/21ugcto1wwmy1,https://p4-ofp.static.pub/ShareResource/optimized/pdp/thinkpad/thinkpad-t-series/LEN101T0181/lenovo-thinkpad-t1g-gen-9-16-intel-pdp-gallery-1.png,Lenovo Official,Intel® Core™ Ultra 7 356H Processor (E-cores up to 3.50 GHz P-cores up to 4.70 GHz),NVIDIA® GeForce RTX™ 5060 Laptop GPU 8GB GDDR7,16 GB LPDDR5X-8533MT/s (CAMM2),1 TB SSD M.2 2280 PCIe Gen4 TLC Opal,"16"" WUXGA (1920 x 1200), IPS, Anti-Glare, Non-Touch, 100%sRGB, 500 nits, 60Hz, Low Power",,,"OS: Windows 11 Home 64 | Warranty: 1 Year Courier or Carry-in | The ThinkPad T1g Gen 9 features a powerful Intel® Core™ Ultra 7 processor and NVIDIA® GeForce RTX™ 5060 GPU for seamless performance. With a 16"" WUXGA display, 16GB memory, and 1TB SSD, it ensures speed and clarity. Ideal for business professionals seeking reliability."
thinkpadt1ggen8_intel®core™u_nvidia®gef_32gblp_512gbs,ThinkPad T1g Gen 8,17308.77,"Lenovo Official (RM 17,308.77)","Lenovo Official: RM 17,308.77",1,https://www.lenovo.com/my/en/p/laptops/thinkpad/thinkpadt/thinkpad-t1g-gen-8-16-inch-intel-laptop/21tdcto1wwmy1,Lenovo Official: https://www.lenovo.com/my/en/p/laptops/thinkpad/thinkpadt/thinkpad-t1g-gen-8-16-inch-intel-laptop/21tdcto1wwmy1,https://p1-ofp.static.pub//fes/cms/2025/08/27/t0589mtmri4kopx36cwsa0nagn3y29341091.png,Lenovo Official,Intel® Core™ Ultra 9 285H vPro® Processor (E-cores up to 4.50 GHz P-cores up to 5.40 GHz),NVIDIA® GeForce RTX™ 5070 Laptop GPU 8GB GDDR7,32 GB LPDDR5X-8533MT/s (CAMM2),512 GB SSD M.2 2280 PCIe Gen5 Performance TLC Opal,"16"" WUXGA (1920 x 1200), IPS, Anti-Glare, Non-Touch, 100%sRGB, 500 nits, 60Hz, Low Power",,,"OS: Windows 11 Home 64 | Warranty: 2 Years Premier Support AI | The ThinkPad T1g Gen 8 is designed for business professionals seeking performance and reliability. It features a powerful Intel® Core™ Ultra 9 processor, vibrant 16"" WUXGA display, and advanced security with a fingerprint reader."
thinkpadt16ggen3_intel®core™u_nvidia®gef_48gbdd_1tbssd,ThinkPad T16g Gen 3,23193.13,"Lenovo Official (RM 23,193.13)","Lenovo Official: RM 23,193.13",1,https://www.lenovo.com/my/en/p/laptops/thinkpad/thinkpadt/lenovo-thinkpad-t16g-gen-3-16-inch-intel-laptop/21v5cto1wwmy1,Lenovo Official: https://www.lenovo.com/my/en/p/laptops/thinkpad/thinkpadt/lenovo-thinkpad-t16g-gen-3-16-inch-intel-laptop/21v5cto1wwmy1,https://p4-ofp.static.pub//fes/cms/2025/12/03/zmo93j2jki1fqniasc59x60qcmvrvj360616.png,Lenovo Official,Intel® Core™ Ultra 9 275HX Processor (E-cores up to 4.60 GHz P-cores up to 5.40 GHz),NVIDIA® GeForce RTX™ 5080 Laptop GPU 16GB GDDR7,48 GB DDR5-5600MT/s (SODIMM),1 TB SSD M.2 2280 PCIe Gen5 Performance TLC Opal,"16"" WUXGA (1920 x 1200), IPS, Anti-Glare, Non-Touch, 100%sRGB, 500 nits, 60Hz, Low Power",,,"OS: Windows 11 Home Single Language 64 | Warranty: 2 Years Premier Support AI | The ThinkPad T16g Gen 3 offers powerful performance with Intel® Core™ Ultra 9 and NVIDIA® GeForce RTX™ 5080 GPU. Its 16"" WUXGA display delivers vibrant visuals, while 48GB memory and 1TB SSD ensure seamless multitasking. Ideal for business professionals."
thinkbook14gen9amd_amdryzen™522_integrated_8gbddr_256gbs,ThinkBook 14 Gen 9 (AMD),3596.08,"Lenovo Official (RM 3,596.08)","Lenovo Official: RM 3,596.08",1,https://www.lenovo.com/my/en/p/laptops/thinkbook/thinkbook-series/lenovo-thinkbook-14-gen-9-14-inch-amd/21v0cto1wwmy1,Lenovo Official: https://www.lenovo.com/my/en/p/laptops/thinkbook/thinkbook-series/lenovo-thinkbook-14-gen-9-14-inch-amd/21v0cto1wwmy1,https://p3-ofp.static.pub//fes/cms/2025/10/30/dlk41htqvwl5dflayp8q4hr2rfi3a1542517.png,Lenovo Official,AMD Ryzen™ 5 220 Processor (3.20 GHz up to 4.90 GHz),Integrated Graphics,8 GB DDR5-5600MT/s (SODIMM),256 GB SSD M.2 2242 PCIe Gen4 TLC,"14"" WUXGA (1920 x 1200), IPS, Anti-Glare, Non-Touch, 45%NTSC, 400 nits, 60Hz",,,"OS: Windows 11 Home Single Language 64 | Warranty: 1 Year On-site | The ThinkBook 14 Gen 9 (AMD) offers a sleek design with Arctic Grey finish and a bright 14"" WUXGA anti-glare display. Equipped with an AMD Ryzen™ 5 processor, 8GB DDR5 memory, and 256GB SSD storage, it's ideal for business professionals seeking performance and portability."
thinkbook16gen9amd_amdryzen™522_integrated_8gbddr_256gbs,ThinkBook 16 Gen 9 (AMD),3694.50,"Lenovo Official (RM 3,694.50)","Lenovo Official: RM 3,694.50",1,https://www.lenovo.com/my/en/p/laptops/thinkbook/thinkbook-series/lenovo-thinkbook-16-gen-9-16-inch-amd/21utcto1wwmy1,Lenovo Official: https://www.lenovo.com/my/en/p/laptops/thinkbook/thinkbook-series/lenovo-thinkbook-16-gen-9-16-inch-amd/21utcto1wwmy1,https://p1-ofp.static.pub//fes/cms/2025/10/31/368xchjd8ujz7l8upvqetezfujuqcb068985.png,Lenovo Official,AMD Ryzen™ 5 220 Processor (3.20 GHz up to 4.90 GHz),Integrated Graphics,8 GB DDR5-5600MT/s (SODIMM),256 GB SSD M.2 2242 PCIe Gen4 TLC,"16"" WUXGA (1920 x 1200), IPS, Anti-Glare, Non-Touch, 45%NTSC, 400 nits, 60Hz",,,"OS: Windows 11 Home Single Language 64 | Warranty: 1 Year On-site | The ThinkBook 16 Gen 9 (AMD) offers a sleek Arctic Grey design and a vibrant 16"" WUXGA anti-glare display. Powered by an AMD Ryzen™ 5 processor, 8 GB DDR5 memory, and 256 GB SSD storage, it ensures reliable performance for business users."
thinkbook14gen9_intel®core™5_integrated_8gbddr_256gbs,ThinkBook 14 Gen 9,3735.34,"Lenovo Official (RM 3,735.34)","Lenovo Official: RM 3,735.34",1,https://www.lenovo.com/my/en/p/laptops/thinkbook/thinkbook-series/lenovo-thinkbook-14-gen-9-14-inch-intel/21uycto1wwmy1,Lenovo Official: https://www.lenovo.com/my/en/p/laptops/thinkbook/thinkbook-series/lenovo-thinkbook-14-gen-9-14-inch-intel/21uycto1wwmy1,https://p2-ofp.static.pub//fes/cms/2025/11/11/rvrvvqu8mffodlq86p2x59gbig8f4x532524.png,Lenovo Official,Intel® Core™ 5 210H Processor (E-cores up to 3.60 GHz P-cores up to 4.80 GHz),Integrated Graphics,8 GB DDR5-5600MT/s (SODIMM),256 GB SSD M.2 2242 PCIe Gen4 TLC,"14"" WUXGA (1920 x 1200), IPS, Anti-Glare, Non-Touch, 45%NTSC, 400 nits, 60Hz",,,"OS: Windows 11 Home Single Language 64 | Warranty: 1 Year On-site | The ThinkBook 14 Gen 9 offers a sleek Arctic Grey design with a vibrant 14"" WUXGA anti-glare display. Powered by Intel® Core™ 5 processor, it features 8GB DDR5 memory, 256GB SSD storage, and advanced Wi-Fi 6 for seamless multitasking and connectivity."
ideapadslim5a14gen11_amdryzen™ai5_integrated_16gbdd_512gbs,"IdeaPad Slim 5a (14"", Gen 11)",3861.75,"Lenovo Official (RM 3,861.75)","Lenovo Official: RM 3,861.75",1,https://www.lenovo.com/my/en/p/laptops/ideapad/ideapad-slim-series/lenovo-ideapad-slim-5a-gen-11-14-inch-amd-laptop/83s1cto1wwmy1,Lenovo Official: https://www.lenovo.com/my/en/p/laptops/ideapad/ideapad-slim-series/lenovo-ideapad-slim-5a-gen-11-14-inch-amd-laptop/83s1cto1wwmy1,https://p3-ofp.static.pub/ShareResource/optimized/pdp/ideapad/ideapad-slim-series/len101i0131/lenovo-ideapad-slim-5a-gen-11-14-amd-agp-pdp-gallery-1.c91a0d90bd026150.png,Lenovo Official,AMD Ryzen™ AI 5 430 Processor (2.00 GHz up to 4.50 GHz),Integrated Graphics,16 GB DDR5-5600MT/s (SODIMM) - (2 x 8 GB),512 GB SSD M.2 2242 PCIe Gen4 QLC,"14"" WUXGA (1920 x 1200), IPS, Anti-Glare, Non-Touch, 45%NTSC, 400 nits, 60Hz",,,"OS: Windows 11 Home Single Language 64 | Warranty: 1 Year Carry-in | The IdeaPad Slim 5a (14"", Gen 11) offers a sleek design with a vibrant 14"" WUXGA display for clear visuals. Equipped with an AMD Ryzen™ AI 5 processor, 16GB DDR5 memory, and 512GB SSD, it ensures smooth performance for everyday use and students."
ideapad5i2in114gen10_intel®core™u_integrated_16gblp_256gbs,"IdeaPad 5i 2-in-1 (14'', Gen 10)",4201.85,"Lenovo Official (RM 4,201.85)","Lenovo Official: RM 4,201.85",1,https://www.lenovo.com/my/en/p/laptops/ideapad/ideapad-2-in-1-series/lenovo-ideapad-5i-2-in-1-gen-10-14-inch-intel/83krcto1wwmy1,Lenovo Official: https://www.lenovo.com/my/en/p/laptops/ideapad/ideapad-2-in-1-series/lenovo-ideapad-5i-2-in-1-gen-10-14-inch-intel/83krcto1wwmy1,https://p2-ofp.static.pub//fes/cms/2025/02/28/dce8vpy5nflj8o0hygfwgnvn7y9bkz285044.png,Lenovo Official,Intel® Core™ Ultra 5 225U Processor (E-cores up to 3.80 GHz P-cores up to 4.80 GHz),Integrated Graphics,16 GB LPDDR5X-8000MT/s (Soldered),256 GB SSD M.2 2242 PCIe Gen4 TLC,"14"" WUXGA (1920 x 1200), IPS, Glare, Touch, 45%NTSC, 300 nits, 60Hz, Glass",,,"OS: Windows 11 Home Single Language 64 | Warranty: 1 Year Carry-in | The IdeaPad 5i 2-in-1 (14'', Gen 10) offers a versatile touch display and a lightweight design for everyday use. Equipped with an Intel® Core™ Ultra 5 processor, 16GB memory, and 256GB SSD, it ensures smooth performance for students and professionals alike."
ideapadslim5i14gen11_intel®core™u_integrated_16gbdd_512gbs,"IdeaPad Slim 5i (14"", Gen 11)",4241.58,"Lenovo Official (RM 4,241.58)","Lenovo Official: RM 4,241.58",1,https://www.lenovo.com/my/en/p/laptops/ideapad/ideapad-slim-series/lenovo-ideapad-slim-5i-gen-11-14-inch-intel/83s5cto1wwmy1,Lenovo Official: https://www.lenovo.com/my/en/p/laptops/ideapad/ideapad-slim-series/lenovo-ideapad-slim-5i-gen-11-14-inch-intel/83s5cto1wwmy1,https://p4-ofp.static.pub/ShareResource/optimized/pdp/ideapad/ideapad-slim-series/len101i0133/lenovo-ideapad-slim-5i-gen-11-14-intel-pdp-gallery-1.4f5322f66eb8c732.png,Lenovo Official,Intel® Core™ Ultra 5 325 Processor (LPE-cores up to 3.40 GHz P-cores up to 4.50 GHz),Integrated Graphics,16 GB DDR5-5600MT/s (SODIMM) - (2 x 8 GB),512 GB SSD M.2 2242 PCIe Gen4 QLC,"14"" WUXGA (1920 x 1200), IPS, Anti-Glare, Non-Touch, 45%NTSC, 400 nits, 60Hz",,,"OS: Windows 11 Home Single Language 64 | Warranty: 1 Year Carry-in | The IdeaPad Slim 5i (14"", Gen 11) features a sleek design with a vibrant 14"" WUXGA display for immersive visuals. Powered by an Intel® Core™ Ultra 5 processor, 16GB DDR5 memory, and 512GB SSD, it ensures smooth multitasking and ample storage for students."
ideapadslim5a16gen11_amdryzen™ai7_integrated_16gbdd_512gbs,"IdeaPad Slim 5a (16"", Gen 11)",4389.98,"Lenovo Official (RM 4,389.98)","Lenovo Official: RM 4,389.98",1,https://www.lenovo.com/my/en/p/laptops/ideapad/ideapad-slim-series/lenovo-ideapad-slim-5a-gen-11-16-inch-amd-laptop/83s2cto1wwmy1,Lenovo Official: https://www.lenovo.com/my/en/p/laptops/ideapad/ideapad-slim-series/lenovo-ideapad-slim-5a-gen-11-16-inch-amd-laptop/83s2cto1wwmy1,https://p2-ofp.static.pub/ShareResource/optimized/pdp/ideapad/ideapad-slim-series/len101i0140/lenovo-ideapad-slim-5a-gen-11-16-amd-pdp-gallery-1.569505cf364158e0.png,Lenovo Official,AMD Ryzen™ AI 7 445 Processor (2.00 GHz up to 4.60 GHz),Integrated Graphics,16 GB DDR5-5600MT/s (SODIMM) - (2 x 8 GB),512 GB SSD M.2 2242 PCIe Gen4 QLC,"16"" WUXGA (1920 x 1200), OLED, Glare, Non-Touch, 100%DCI-P3, 300 nits, 60Hz",,,"OS: Windows 11 Home Single Language 64 | Warranty: 1 Year Carry-in | The IdeaPad Slim 5a (16"", Gen 11) offers a stunning 16"" OLED display with vibrant colors and sharp resolution. Powered by an AMD Ryzen™ AI 7 processor, 16GB memory, and 512GB SSD, it's perfect for students seeking performance and portability."
thinkbook16gen9_13thgenerati_integrated_16gbdd_512gbs,ThinkBook 16 Gen 9,4446.08,"Lenovo Official (RM 4,446.08)","Lenovo Official: RM 4,446.08",1,https://www.lenovo.com/my/en/p/laptops/thinkbook/thinkbook-series/lenovo-thinkbook-16-gen-9-16-inch-intel/21uscto1wwmy1,Lenovo Official: https://www.lenovo.com/my/en/p/laptops/thinkbook/thinkbook-series/lenovo-thinkbook-16-gen-9-16-inch-intel/21uscto1wwmy1,https://p2-ofp.static.pub//fes/cms/2025/11/03/a9qbmbv72xs2lts5yadaw9g0a7jn06523261.png,Lenovo Official,13th Generation Intel® Core™ i5-13420H Processor (E-cores up to 3.40 GHz P-cores up to 4.60 GHz),Integrated Graphics,16 GB DDR5-5200MT/s (SODIMM),512 GB SSD M.2 2242 PCIe Gen4 QLC,"16"" WUXGA (1920 x 1200), IPS, Anti-Glare, Non-Touch, 45%NTSC, 400 nits, 60Hz",,,"OS: Windows 11 Home Single Language 64 | Warranty: 1 Year On-site | The ThinkBook 16 Gen 9 offers a powerful Intel® Core™ i5 processor and 16GB DDR5 memory for seamless multitasking. Its 16"" WUXGA anti-glare display ensures vibrant visuals, while the 512GB SSD provides ample storage. Ideal for business professionals seeking performance and reliability."
lenovoloqessential15gen11_13thgenerati_nvidia®gef_8gbddr_512gbs,"Lenovo LOQ Essential (15"", Gen 11)",5008.49,"Lenovo Official (RM 5,008.49)","Lenovo Official: RM 5,008.49",1,https://www.lenovo.com/my/en/p/laptops/loq-laptops/lenovo-loq-essential-15irx11/83sccto1wwmy1,Lenovo Official: https://www.lenovo.com/my/en/p/laptops/loq-laptops/lenovo-loq-essential-15irx11/83sccto1wwmy1,https://p2-ofp.static.pub//fes/cms/2025/08/04/7j509z73i2i0vlalgqjcxl5y9r39yc844524.png,Lenovo Official,13th Generation Intel® Core™ i5-13450HX Processor (E-cores up to 3.40 GHz P-cores up to 4.60 GHz),NVIDIA® GeForce RTX™ 5050 Laptop GPU 8GB GDDR7,8 GB DDR5-4800MT/s (SODIMM),512 GB SSD M.2 2242 PCIe Gen4 QLC,"15.6"" FHD (1920 x 1080), IPS, Anti-Glare, Non-Touch, 100%sRGB, 300 nits, 144Hz",,,"OS: Windows 11 Home Single Language 64 | Warranty: 1 Year PremiumCare | The Lenovo LOQ Essential (15"", Gen 11) offers powerful performance with a 13th Gen Intel® Core™ i5 processor. Designed for gamers, it features an NVIDIA® GeForce RTX™ 5050 GPU, 15.6"" FHD display with 144Hz refresh rate, and Wi-Fi 6 connectivity."
thinkpadx915gen1_intel®core™u_integrated_32gblp_256gbs,ThinkPad X9-15 Gen 1,7462.77,"Lenovo Official (RM 7,462.77)","Lenovo Official: RM 7,462.77",1,https://www.lenovo.com/my/en/p/laptops/thinkpad/thinkpadx9/thinkpad-x9-aura-edition-15-inch-intel/21q6cto1wwmy1,Lenovo Official: https://www.lenovo.com/my/en/p/laptops/thinkpad/thinkpadx9/thinkpad-x9-aura-edition-15-inch-intel/21q6cto1wwmy1,https://p4-ofp.static.pub/ShareResource/optimized/pdp/thinkpad/thinkpad-x9-series/len101t0111/lenovo-thinkpad-x9-aura-edition-15-intel-pdp-gallery-1.bcab47c868c74e7e.png,Lenovo Official,Intel® Core™ Ultra 5 228V Processor (LPE-cores up to 3.50 GHz P-cores up to 4.50 GHz / 32 GB MOP),Integrated Intel® Arc™ Graphics,32 GB LPDDR5X-8533MT/s (Memory on Package),256 GB SSD M.2 2242 PCIe Gen4 TLC Opal,"15.3"" 2.8K (2880 x 1800), OLED, Anti-Reflection/Anti-Smudge, Non-Touch, HDR 600 True Black, 100%DCI-P3, 500 nits, 120Hz",,,"OS: Windows 11 Home 64 | Warranty: 2 Years Premier Support AI | The ThinkPad X9-15 Gen 1 offers a stunning 15.3"" 2.8K OLED display, lightweight design, and excellent battery life. Users praise its premium build quality, comfortable keyboard, and reliable performance, making it ideal for business professionals."
thinkbook14gen9_intel®core™u_integrated_16gbdd_256gbs,ThinkBook 14 Gen 9,5362.40,"Lenovo Official (RM 5,362.40)","Lenovo Official: RM 5,362.40",1,https://www.lenovo.com/my/en/p/laptops/thinkbook/thinkbook-series/lenovo-thinkbook-14-gen-9-14-inch-intel/21uxcto1wwmy1,Lenovo Official: https://www.lenovo.com/my/en/p/laptops/thinkbook/thinkbook-series/lenovo-thinkbook-14-gen-9-14-inch-intel/21uxcto1wwmy1,https://p2-ofp.static.pub/ShareResource/optimized/pdp/thinkbook/thinkbook-series/len101b0063/lenovo-thinkbook-14-gen-9-14-intel-pdp-gallery-1.png,Lenovo Official,Intel® Core™ Ultra 5 325 Processor (LPE-cores up to 3.40 GHz P-cores up to 4.50 GHz),Integrated Graphics,16 GB DDR5-5600MT/s (SODIMM) - (2 x 8 GB),256 GB SSD M.2 2242 PCIe Gen4 TLC,"14"" WUXGA (1920 x 1200), IPS, Anti-Glare, Non-Touch, 45%NTSC, 400 nits, 60Hz",,,"OS: Windows 11 Home 64 | Warranty: 1 Year On-site | The ThinkBook 14 Gen 9 offers a sleek design with Arctic Grey finish and powerful Intel® Core™ Ultra 5 processor. It features a 14"" WUXGA anti-glare display, 16GB DDR5 memory, and 256GB SSD storage, making it ideal for students and professionals alike."
21SK00BTMA,Lenovo ThinkBook 16 Gen 8 (16” Intel),5376.65,"Lenovo Official (RM 5,376.65)","Lenovo Official: RM 5,376.65",1,https://www.lenovo.com/my/en/p/laptops/thinkbook/thinkbook-series/lenovo-thinkbook-16-gen-8-16-inch-intel/21sk00btma,Lenovo Official: https://www.lenovo.com/my/en/p/laptops/thinkbook/thinkbook-series/lenovo-thinkbook-16-gen-8-16-inch-intel/21sk00btma,https://p4-ofp.static.pub//fes/cms/2025/01/15/109wcm0ihbqeuihmi7qlwpyl50oxy2108880.png,Lenovo Official,Intel® Core™ Ultra 5 225H Processor (E-cores up to 4.30 GHz P-cores up to 4.90 GHz),Integrated Intel® Arc™ 130T GPU,16 GB DDR5-5600MT/s (SODIMM),512 GB SSD M.2 2242 PCIe Gen4 QLC,"16"" WUXGA (1920 x 1200), IPS, Anti-Glare, Non-Touch, 45%NTSC, 300 nits, 60 Hz",,,"OS: Windows 11 Pro 64 | Warranty: 3 Year On-site | The Lenovo ThinkBook 16 G8 IAL offers a powerful Intel® Core™ Ultra 5 processor and a vibrant 16"" WUXGA display. With 16GB DDR5 memory, 512GB SSD storage, and Wi-Fi 6E, it's perfect for students and professionals needing reliable performance."
21SR003QMA,ThinkPad E16 Gen 3,5811.07,"Lenovo Official (RM 5,811.07)","Lenovo Official: RM 5,811.07",1,https://www.lenovo.com/my/en/p/laptops/thinkpad/thinkpade/lenovo-thinkpad-e16-gen-3-16-inch-intel/21sr003qma,Lenovo Official: https://www.lenovo.com/my/en/p/laptops/thinkpad/thinkpade/lenovo-thinkpad-e16-gen-3-16-inch-intel/21sr003qma,https://p4-ofp.static.pub//fes/cms/2025/03/19/6gjvthp40k9v8kkd1niipl547mxs11488818.png,Lenovo Official,Intel® Core™ Ultra 5 225U Processor (E-cores up to 3.80 GHz P-cores up to 4.80 GHz),Integrated Intel® Graphics,16 GB DDR5-5600MT/s (SODIMM),512 GB SSD M.2 2242 PCIe Gen4 TLC Opal,"16"" WUXGA (1920 x 1200), IPS, Anti-Glare, Non-Touch, 45%NTSC, 300 nits, 60 Hz",,,"OS: Windows 11 Pro 64 | Warranty: 3 Year On-site | The ThinkPad E16 Gen 3 offers a sleek 16"" WUXGA anti-glare display for clear visuals and comfortable viewing. Powered by an Intel® Core™ Ultra 5 processor, 16GB DDR5 memory, and 512GB SSD, it ensures smooth performance for business professionals."
14-EM0088AU,"HP 14-EM0088AU(C58RBPA) Athlon-7120U/8GB DDR5/512GB/14""FHD",3099.00,"ALL IT (RM 3,099.00)","ALL IT: RM 3,099.00",1,https://www.allithypermarket.com.my/products/hp-14-em0088auc58rbpa-athlon-7120u-8gb-ddr5-512gb-14fhd,ALL IT: https://www.allithypermarket.com.my/products/hp-14-em0088auc58rbpa-athlon-7120u-8gb-ddr5-512gb-14fhd,https://cdn.shopify.com/s/files/1/1974/9033/files/EM0088AUShopify.jpg?v=1784779371,ALL IT - HP,AMD Athlon™ 7120U,AMD Radeon™ Graphics,8GB DDR5,512GB SSD,"14"" Full HD",,,OPERATING SYSTEM: Windows 11 Home | COLOUR: Silver
14-EM0303AU,"HP 14-EM0303AU/EM0302AU(DW3M8PA/DW3M9PA) Ryzen7-7730U/16GB DDR4/512GB SSD/14""FHD",2999.00,"ALL IT (RM 2,999.00)","ALL IT: RM 2,999.00 | HP Official: RM 3,471.00",2,https://www.allithypermarket.com.my/products/hp-14-em0303au-em0302audw3m8pa-dw3m9pa-ryzen7-7730u-16gb-ddr4-512gb-ssd-14fhd,ALL IT: https://www.allithypermarket.com.my/products/hp-14-em0303au-em0302audw3m8pa-dw3m9pa-ryzen7-7730u-16gb-ddr4-512gb-ssd-14fhd | HP Official: https://www.hp.com/my-en/shop/hp-laptop-14-em0303au-dw3m9pa.html,https://cdn.shopify.com/s/files/1/1974/9033/files/20260723071227d170eba138e4b7e1f3b6ab5968b85bf8.jpg?v=1784790809,ALL IT - HP,AMD Ryzen™ 7-7730U processor,AMD Radeon™ Graphics,16 GB DDR4-3200 RAM,512 GB SSD Hard Drive,"14"" diagonal FHD display",,,THE TWO MODELS DIFFER ONLY BY COLOUR: Warm Gold (DW3M8PA) | OPERATING SYSTEM: Windows 11 Home
15-FC0878AU,"HP 15-fc0878AU-15-fc0880AU Laptop Ryzen5-7530U/8GB DDR4/512GB SSD/15.6""FHD",2529.00,"ALL IT (RM 2,529.00)","ALL IT: RM 2,529.00",1,https://www.allithypermarket.com.my/products/hp-15-fc0878au-15-fc0880au-laptop-ryzen5-7530u-8gb-ddr4-512gb-ssd-15-6fhd,ALL IT: https://www.allithypermarket.com.my/products/hp-15-fc0878au-15-fc0880au-laptop-ryzen5-7530u-8gb-ddr4-512gb-ssd-15-6fhd,https://cdn.shopify.com/s/files/1/1974/9033/files/2026071601462667c0965b0c30e6cf6ad2dc2fc7872b67.jpg?v=1784166410,ALL IT - HP,AMD Ryzen™ 5 7530U,AMD Radeon™ Graphics,8GB DDR4 RAM,512GB PCIe NVMe M.2 SSD,"15.6"" Full HD (1920 × 1080)",,,MODELS: HP 15-fc0878AU – Gold (D93C7PA) | OPERATING SYSTEM: Windows 11 Home | OFFICE SOFTWARE: Microsoft Office Home 2024
15-FD2115TU,"HP AI Laptop 15-fd2115TU-15-fd2116TU-15-fd2117TU CU5-225U/16GB DDR5/512GB SSD/15.6""FHD",3079.00,"ALL IT (RM 3,079.00)","ALL IT: RM 3,079.00",1,https://www.allithypermarket.com.my/products/hp-ai-laptop-15-fd2115tu-15-fd2116tu-15-fd2117tu-cu5-225u-16gb-ddr5-512gb-ssd-15-6fhd,ALL IT: https://www.allithypermarket.com.my/products/hp-ai-laptop-15-fd2115tu-15-fd2116tu-15-fd2117tu-cu5-225u-16gb-ddr5-512gb-ssd-15-6fhd,https://cdn.shopify.com/s/files/1/1974/9033/files/2026061003121001730da99f429c565384ce8cc97ced05.jpg?v=1781061142,ALL IT - HP,Intel® Core™ Ultra 5 225U,Intel® Graphics,16GB DDR5 RAM,512GB PCIe NVMe M.2 SSD,"15.6"" Full HD (1920 × 1080) Anti-Glare Display",Wi-Fi 6 + Bluetooth® 5.3,,MODELS: D4QU5PA (Gold) | MAX TURBO FREQUENCY: Up to 4.8GHz | NPU: Intel® AI Boost | BRIGHTNESS: 300 nits | COLOR GAMUT: 62.5% sRGB | OPERATING SYSTEM: Windows 11 Home
15-GB0040AX,"HP HyperX Omen 15-gb0040AX Laptop GeForce RTX5050/Ryzen5 240/16GB DDR5/512GB SSD/15.3"" WQXGA 165Hz",5099.00,"ALL IT (RM 5,099.00)","ALL IT: RM 5,099.00",1,https://www.allithypermarket.com.my/products/hp-hyperx-omen-15-gb0040ax-laptop-ryzen5-240-16gb-ddr5-512gb-ssd-15-3-wqxga-165hz-rtx5050,ALL IT: https://www.allithypermarket.com.my/products/hp-hyperx-omen-15-gb0040ax-laptop-ryzen5-240-16gb-ddr5-512gb-ssd-15-3-wqxga-165hz-rtx5050,https://cdn.shopify.com/s/files/1/1974/9033/files/HyperXOmen15-gb0040AXBlack.jpg?v=1780562350,ALL IT - HP,"AMD Ryzen™ 5 240 (6 cores / 12 threads, up to 5.0GHz boost)",NVIDIA® GeForce RTX™ 5050 8GB GDDR7,16GB DDR5-5600 RAM,512GB PCIe Gen4 NVMe SSD,"15.3"" WQXGA (1920 × 1200) IPS Anti-Glare",Wi-Fi 6 + Bluetooth® 5.4,70Wh Battery,REFRESH RATE: 165Hz | BRIGHTNESS: 300 nits | COLOR GAMUT: 62.5% sRGB | OPERATING SYSTEM: Windows 11 Home | KEYBOARD: Full-size Backlit Keyboard with Numpad | AUDIO: DTS:X Ultra + Dual Speakers (HyperX tuned) | PORTS: • 2 × USB-A 10Gbps • 1 × USB-C (DP + PD support) • 1 × HDMI 2.1 • 1 × RJ45 LAN • 1 × 3.5mm Audio Jack • 1 × Power Input | CHARGING: 150W Power Adapter
15-FC0016AU,"HP Laptop 15-fc0016AU/fc0017AU Ryzen7-7730U/16GB DDR4/512GB SSD/15.6""FHD/Sil/H&S+M365 Basic",2599.00,"ALL IT (RM 2,599.00)","ALL IT: RM 2,599.00",1,https://www.allithypermarket.com.my/products/hp-laptop-15-fc0016au-fc0017au-ryzen7-7730u-16gb-ddr4-512gb-ssd-15-6fhd-sil-h-s-m365-basic,ALL IT: https://www.allithypermarket.com.my/products/hp-laptop-15-fc0016au-fc0017au-ryzen7-7730u-16gb-ddr4-512gb-ssd-15-6fhd-sil-h-s-m365-basic,https://cdn.shopify.com/s/files/1/1974/9033/files/20260417021705086ea4b20a9982cd5165a397aaf7506c.jpg?v=1776392233,ALL IT - HP,⁠ ⁠Powered by AMD Ryzen™ 7 7730U for smooth daily performance,Feature 5: Integrated AMD Radeon™ Graphics,⁠ ⁠16GB RAM for multitasking and productivity,⁠ ⁠512GB SSD for fast boot and storage,"⁠ ⁠15.6"" FHD IPS display for clear and comfortable viewing",Wi-Fi / Bluetooth,Integrated Lithium Battery,"FEATURE 1: AMD Ryzen™ 7 7730U Processor | FEATURE 2: 16GB DDR4 RAM | FEATURE 3: 512GB PCIe NVMe SSD | FEATURE 4: 15.6"" FHD (1920×1080) IPS Display | FEATURE 5: Integrated AMD Radeon™ Graphics | CHARGING: Standard AC Adapter | PRODUCT DIMENSIONS: ~359 × 236 × 18 mm | PRODUCT WEIGHT: ~1.6 – 1.7 kg"
15-FC0797AU,"HP Laptop 15-fc0797AU Ryzen5-7530U/16GB DDR4/512GB SSD/15.6""FHD/Sil/H&S+M365 Basic",2449.00,"ALL IT (RM 2,449.00)","ALL IT: RM 2,449.00",1,https://www.allithypermarket.com.my/products/hp-laptop-15-fc0797au-ryzen5-7530u-16gb-ddr4-512gb-ssd-15-6fhd-sil-h-s-m365-basic,ALL IT: https://www.allithypermarket.com.my/products/hp-laptop-15-fc0797au-ryzen5-7530u-16gb-ddr4-512gb-ssd-15-6fhd-sil-h-s-m365-basic,https://cdn.shopify.com/s/files/1/1974/9033/files/fc0797AU_Shopify.jpg?v=1776217620,ALL IT - HP,AMD Ryzen 5 7530U processor delivers smooth multitasking performance,AMD Radeon integrated graphics for everyday tasks and light gaming,16GB RAM for fast productivity and seamless daily usage,512GB PCIe NVMe SSD for quick boot and storage access,15.6” Full HD IPS anti-glare display with 300 nits brightness,Wired / Wireless (WiFi + Bluetooth),3-cell 41Wh battery,"FEATURE 1: AMD Ryzen 5 7530U (Up to 4.5GHz, 6 cores / 12 threads) | FEATURE 2: 16GB DDR4 3200MHz RAM | FEATURE 3: 512GB PCIe NVMe SSD | FEATURE 4: 15.6” FHD (1920×1080) IPS Anti-Glare Display | FEATURE 5: AMD Radeon Graphics | CHARGING: Fast Charge (Approx. 50% in 45 minutes) | PRODUCT DIMENSIONS: 35.98 × 23.6 × 1.86 cm | PRODUCT WEIGHT: Approx. 1.59 kg"
15-FD0905TU,"HP Laptop 15-fd0905TU/fd0906TU/fd0907TU C5-120U/16GB DDR5/512GB SSD/15.6""FHD/W.Gld/H&S+M365 Basic",2499.00,"ALL IT (RM 2,499.00)","ALL IT: RM 2,499.00",1,https://www.allithypermarket.com.my/products/hp-laptop-15-fd0905tu-fd0906tu-fd0907tu-c5-120u-16gb-ddr5-512gb-ssd-15-6fhd-w-gld-h-s-m365-basic,ALL IT: https://www.allithypermarket.com.my/products/hp-laptop-15-fd0905tu-fd0906tu-fd0907tu-c5-120u-16gb-ddr5-512gb-ssd-15-6fhd-w-gld-h-s-m365-basic,https://cdn.shopify.com/s/files/1/1974/9033/files/20260209032251b65f9ee2db3535607ee8c4280b2753ea.jpg?v=1770607398,ALL IT - HP,"Intel® Core™ 5 120U (up to 5.0 GHz with Intel® Turbo Boost Technology, 12 MB L3 cache, 10 cores, 12 threads)",Intel® Graphics,16 GB DDR5 4800 MT/s (1 x 16 GB) (Extra 1 ram slot can addon),512GB PCIe NVMe SSD,"39.6 cm (15.6"") diagonal, FHD (1920 x 1080), IPS, micro-edge, anti-glare, 300 nits, 62.5% sRGBKeyboard Backlit",Realtek Wi-Fi 6 (2x2) and Bluetooth® 5.3 wireless card (supporting gigabit data rate),approximately 50% in 45 minutes,SKU: Apply to selected Desktop SKUs as below | MECHANISM: End user get Touch n Go E-wallet for purchase of the below selected Laptop | DEADLINE: All entries must be submitted online within 21 days of the date of purchase of Eligible Products. | WEBSITE: **www.hp.com.my/psrewards** | PROMO PERIOD: 1st Feb 2026 – 30th Apr 2026
15-FD2120TU,"HP Laptop AI 15-fd2120TU/fd2119TU/fd2118TU CU7-255U/16GB DDR5/512GB SSD/15.6""FHD/Sil/H&S+M365 Basic",3569.00,"ALL IT (RM 3,569.00)","ALL IT: RM 3,569.00",1,https://www.allithypermarket.com.my/products/hp-laptop-ai-15-fd2120tu-fd2119tu-fd2118tu-cu7-255u-16gb-ddr5-512gb-ssd-15-6fhd-sil-h-s-m365-basic,ALL IT: https://www.allithypermarket.com.my/products/hp-laptop-ai-15-fd2120tu-fd2119tu-fd2118tu-cu7-255u-16gb-ddr5-512gb-ssd-15-6fhd-sil-h-s-m365-basic,https://cdn.shopify.com/s/files/1/1974/9033/files/202603120857316d04fc525dda51eeb749b4f238a068a1.jpg?v=1773305874,ALL IT - HP,"Intel® Core™ Ultra 7 255U (up to 5.2 GHz with Intel® Turbo Boost Technology, 12 MB L3 cache, 12 cores, 14 threads)",Intel Integrated Graphics,16 GB DDR5-5600 MHz RAM (1 x 16 GB) Extra 1 slot to upgrade,512 GB PCIe® NVMe™ M.2 solid-state drive (SSD),"15.6-inch diagonal, FHD (1920 x 1080), IPS, micro-edge, anti-glare, 300 nits 62.5% sRGB",Realtek Wi-Fi 6 (2x2) and Bluetooth® 5.3 wireless card (supports gigabit data rate),"3-cell, 41 Wh Li-ion polymer",OPERATING SYSTEM: Windows 11 Home | CAMERA: HP True Vision 720p HD camera with temporal noise reduction and integrated dual array digital microphones | INTERFACES: 2x USB Type-A (5Gbps signaling rate) | DIMENSIONS: 35.98 x 23.6 x 1.86 cm (W x D x H) | WEIGHT: 1.65 kg
14-HY0059AU,"HP OmniBook 3 14-hy0059AU (DN6Z9PA) Laptop Ryzen5 40/8GB DDR5/512GB SSD/14""2K",3069.00,"ALL IT (RM 3,069.00)","ALL IT: RM 3,069.00 | HP Official: RM 3,471.00",2,https://www.allithypermarket.com.my/products/hp-omnibook-3-14-hy0059au-dn6z9pa-laptop-ryzen5-40-8gb-ddr5-512gb-ssd-142k,ALL IT: https://www.allithypermarket.com.my/products/hp-omnibook-3-14-hy0059au-dn6z9pa-laptop-ryzen5-40-8gb-ddr5-512gb-ssd-142k | HP Official: https://www.hp.com/my-en/shop/hp-omnibook-3-laptop-14-hy0059au-dn6z9pa.html,https://cdn.shopify.com/s/files/1/1974/9033/files/202607150338423e7e253ac90d65aaf51b128b94d0eb10.jpg?v=1784086778,ALL IT - HP,AMD Ryzen™ 5 processor,AMD Radeon 610M Graphics,8 GB LPDDR5-5500 RAM,512 GB SSD Hard drive,"14"" diagonal 2K display",,,OPERATING SYSTEM: Windows 11 Home
14-HU0084TU,"HP OmniBook 3 Laptop (14-hu0084TU/hu0085TU/hu0086TU/hu0087TU) C5-120U/8GB DDR5/512GB SSD/14""2K",3369.00,"ALL IT (RM 3,369.00)","ALL IT: RM 3,369.00 | HP Official: RM 3,807.00",2,https://www.allithypermarket.com.my/products/hp-omnibook-3-laptop-14-hu0084tu-hu0085tu-hu0086tu-hu0087tu-c5-120u-8gb-ddr5-512gb-ssd-142k,ALL IT: https://www.allithypermarket.com.my/products/hp-omnibook-3-laptop-14-hu0084tu-hu0085tu-hu0086tu-hu0087tu-c5-120u-8gb-ddr5-512gb-ssd-142k | HP Official: https://www.hp.com/my-en/shop/hp-omnibook-3-laptop-14-hu0084tu-dn6z4pa.html,https://cdn.shopify.com/s/files/1/1974/9033/files/20260716014407f4cf99b8fee8dcf57521b6c2166df962.jpg?v=1784166292,ALL IT - HP,Intel® Core™ 5 120U processor,Intel® Graphics,8 GB DDR5-5200 RAM,512GB PCIe NVMe M.2 SSD,"14"" 2K (1920 × 1200), 16:10",,,MODELS: 14-hu0084TU – Warm Gold | OPERATING SYSTEM: Windows 11 Home | OFFICE SOFTWARE: Microsoft Office Home 2024 | SUBSCRIPTION: Microsoft 365 Basic (1 Year)
16-BV0023AU,"HP OmniBook 3 NGAI 16-bv0023AU (D4QV8PA) Laptop Ryzen Ai 5 430/16GB DDR5/512GB SSD/16""2K",3199.00,"ALL IT (RM 3,199.00)","ALL IT: RM 3,199.00",1,https://www.allithypermarket.com.my/products/hp-omnibook-3-ngai-16-bv0023au-d4qv8pa-laptop-ryzen-ai-5-430-16gb-ddr5-512gb-ssd-162k,ALL IT: https://www.allithypermarket.com.my/products/hp-omnibook-3-ngai-16-bv0023au-d4qv8pa-laptop-ryzen-ai-5-430-16gb-ddr5-512gb-ssd-162k,https://cdn.shopify.com/s/files/1/1974/9033/files/202607240158060ed09dec1049ab508d3164020446fc0d.jpg?v=1784858315,ALL IT - HP,AMD Ryzen™ AI 5 430,AMD Radeon™ Graphics,16GB DDR5,512GB SSD,"16"" 2K (1920 × 1200)",,,OPERATING SYSTEM: Windows 11 Home | COLOUR: Glacier Silver
15-FA2608TX,"HP Victus 15-fa2608TX/fa2607TX Gaming Laptop i5-13420H/16GB DDR4/512GB SSD/15.6""FHD 144Hz/RTX3050",3699.00,"ALL IT (RM 3,699.00)","ALL IT: RM 3,699.00 | HP Official: RM 5,487.00",2,https://www.allithypermarket.com.my/products/hp-victus-15-fa2608tx-fa2607tx-gaming-laptop-i5-13420h-16gb-ddr4-512gb-ssd-15-6fhd-144hz-rtx3050,ALL IT: https://www.allithypermarket.com.my/products/hp-victus-15-fa2608tx-fa2607tx-gaming-laptop-i5-13420h-16gb-ddr4-512gb-ssd-15-6fhd-144hz-rtx3050 | HP Official: https://www.hp.com/my-en/shop/victus-gaming-laptop-15-fa2608tx-d86zypa.html,https://cdn.shopify.com/s/files/1/1974/9033/files/2026071502432092c1195162a3281f53284ea224deafb5.jpg?v=1784083429,ALL IT - HP,13th Generation Intel® Core™ i5 processor,NVIDIA® GeForce RTX™ 3050,16 GB DDR4-3200 RAM,512 GB SSD Hard drive,"15.6"" diagonal FHD display",,,THE TWO MODELS DIFFER ONLY BY COLOUR: Powder Pink (D86ZWPA) | OPERATING SYSTEM: Windows 11 Home
lenovoideapadslim314amn88_amdryzen™575_amdradeon™_16gblp_512gbp,"Lenovo IdeaPad Slim 3 14AMN8 (82XN00EEMJ/82XN00EDMJ) Laptop Ryzen5-7520U/8GB DDR5/256GB SSD/14"" FHD/H&S+M365 Basic",2599.00,"ALL IT (RM 2,599.00)","ALL IT: RM 2,599.00",1,https://www.allithypermarket.com.my/products/lenovo-ideapad-slim-3-14amn8-82xn00eemj-82xn00edmj-laptop-ryzen5-7520u-8gb-ddr5-256gb-ssd-14-fhd-h-s-m365-basic,ALL IT: https://www.allithypermarket.com.my/products/lenovo-ideapad-slim-3-14amn8-82xn00eemj-82xn00edmj-laptop-ryzen5-7520u-8gb-ddr5-256gb-ssd-14-fhd-h-s-m365-basic,https://cdn.shopify.com/s/files/1/1974/9033/files/my-11134207-820l8-mp1n7vmlnxts63.jpg?v=1780540210,ALL IT - Lenovo,AMD Ryzen™ 5 7520U Processor,AMD Radeon™ 610M Graphics,16GB LPDDR5-5500 (Onboard),512GB PCIe NVMe M.2 SSD,"14"" Full HD (1920 × 1080) Anti-Glare Display",Wi-Fi 6 (802.11ax) + Bluetooth® 5.2,47Wh Integrated Battery,MAX TURBO FREQUENCY: Up to 4.3GHz | OPERATING SYSTEM: Windows 11 Home | CAMERA: HD 720p Webcam with Privacy Shutter | AUDIO: Stereo Speakers with Dolby Audio™ | KEYBOARD: Full-Size Keyboard | PORTS: 1 × USB-C 3.2 Gen 1 | CHARGING: 65W AC Adapter with Rapid Charge Boost | PRODUCT DIMENSIONS: 32.43 × 21.38 × 1.79 cm | PRODUCT WEIGHT: Starting from 1.37kg
83RQ002MMJ,"Lenovo IdeaPad Slim 3 14IWC11 Laptop (83RQ002MMJ/83RQ002LMJ) C5-320/16GB DDR5/512GB SSD/14"" WUXGA",3199.00,"ALL IT (RM 3,199.00)","ALL IT: RM 3,199.00",1,https://www.allithypermarket.com.my/products/lenovo-ideapad-slim-3-14iwc11-laptop-83rq002mmj-83rq002lmj-c5-320-16gb-ddr5-512gb-ssd-14-wuxga,ALL IT: https://www.allithypermarket.com.my/products/lenovo-ideapad-slim-3-14iwc11-laptop-83rq002mmj-83rq002lmj-c5-320-16gb-ddr5-512gb-ssd-14-wuxga,https://cdn.shopify.com/s/files/1/1974/9033/files/my-11134207-820la-mq33a7wm9g5eb6.jpg?v=1784700629,ALL IT - Lenovo,Intel® Core™ 5 320,Intel® Graphics,16GB DDR5 RAM,512GB PCIe 4.0 NVMe M.2 SSD,"14"" WUXGA (1920 × 1200), IPS, Anti-Glare, 16:10",,,MODELS: 83RQ002MMJ – Cosmic Blue | OPERATING SYSTEM: Windows 11 Home | OFFICE SOFTWARE: Microsoft Office Home 2024 | SUBSCRIPTION: Microsoft 365 Basic (1 Year) | KEYBOARD: Full-Size Keyboard
83RR00A4MJ,"Lenovo IdeaPad Slim 3 15IWC11 Laptop (83RR00A4MJ/83RR00A3MJ) C5-320/16GB DDR5/512GB SSD/15.3""WUXGA",3199.00,"ALL IT (RM 3,199.00)","ALL IT: RM 3,199.00",1,https://www.allithypermarket.com.my/products/lenovo-ideapad-slim-3-15iwc11-laptop-83rr00a4mj-83rr00a3mj-c5-320-16gb-ddr5-512gb-ssd-15-3wuxga,ALL IT: https://www.allithypermarket.com.my/products/lenovo-ideapad-slim-3-15iwc11-laptop-83rr00a4mj-83rr00a3mj-c5-320-16gb-ddr5-512gb-ssd-15-3wuxga,https://cdn.shopify.com/s/files/1/1974/9033/files/my-11134207-820ld-mqbapbhtb56p7d.jpg?v=1783303235,ALL IT - Lenovo,Intel® Core™ 5 320,Integrated Intel® Graphics,16GB DDR5-5600,512GB M.2 PCIe 4.0 NVMe SSD,"15.3"" WUXGA (1920 × 1200) IPS, Anti-Glare, 400 nits, 60Hz",,,OPERATING SYSTEM: Windows 11 Home | PORTS: 2 × USB-A (5Gbps)
lenovoideapadslim316irh10_[processor]_[graphics]_[memor_512gbs,"Lenovo IdeaPad Slim 3 16IRH10R 16"" WUXGA Laptop (Intel® Core™ 5 210H | 16GB | 512GB SSD | Integrated Intel® Graphics)",3149.00,"ALL IT (RM 3,149.00)","ALL IT: RM 3,149.00",1,https://www.allithypermarket.com.my/products/lenovo-ideapad-slim-3-16irh10r-16-wuxga-laptop-intel-core-5-210h-16gb-512gb-ssd-integrated-intel-graphics,ALL IT: https://www.allithypermarket.com.my/products/lenovo-ideapad-slim-3-16irh10r-16-wuxga-laptop-intel-core-5-210h-16gb-512gb-ssd-integrated-intel-graphics,https://cdn.shopify.com/s/files/1/1974/9033/files/16IRH10R_c160391b-cbe5-4641-bd50-441b50d7aad8.jpg?v=1773218458,ALL IT - Lenovo,[PROCESSOR],[GRAPHICS],[MEMORY],512GB SSD M.2 2242 PCIe® 4.0x4 NVMe®,"16"" WUXGA Laptop","Wi-Fi® 6, 802.11ax 2x2 + BT5.2",[BATTERY],
microsoftsurfacelaptop8th_snapdragonx2_qualcommad_16gb_512gbs,"Microsoft Surface Laptop 8th Edition (EP2-59029) Platinum 13.8"" 120Hz/Snapdragon X2 Plus/16GB/512GB/W11H",7399.00,"ALL IT (RM 7,399.00)","ALL IT: RM 7,399.00",1,https://www.allithypermarket.com.my/products/microsoft-surface-laptop-8-edition-ep2-59029-platinum-13-8-120hz-snapdragon-x2-plus-16gb-512gb-w11h,ALL IT: https://www.allithypermarket.com.my/products/microsoft-surface-laptop-8-edition-ep2-59029-platinum-13-8-120hz-snapdragon-x2-plus-16gb-512gb-w11h,https://cdn.shopify.com/s/files/1/1974/9033/files/EP2-59029_Surface_Laptop_8-Plus-Platinum_512GB_Shopify_Website_910dad04-54d5-4984-9325-572a5c9fbe30.jpg?v=1784773455,ALL IT - Microsoft,Snapdragon X2 Elite,Qualcomm Adreno Graphics,16GB,512GB SSD,"13.8"" PixelSense™ Flow Touchscreen, Up to 120Hz",JBL Live 780NC Wireless On-Ear Headphones,,OPERATING SYSTEM: Windows 11 Home
microsoftsurfacelaptop8th_snapdragonx2_qualcommad_16gb_1tbssd,"Microsoft Surface Laptop 8th Edition (EP2-59291) Black 13.8"" 120Hz/Snapdragon X2 Elite/16GB/1TB/W11H",8799.00,"ALL IT (RM 8,799.00)","ALL IT: RM 8,799.00",1,https://www.allithypermarket.com.my/products/microsoft-surface-laptop-8-edition-ep2-59291-black-13-8-120hz-snapdragon-x2-elite-16gb-1tb-w11h,ALL IT: https://www.allithypermarket.com.my/products/microsoft-surface-laptop-8-edition-ep2-59291-black-13-8-120hz-snapdragon-x2-elite-16gb-1tb-w11h,https://cdn.shopify.com/s/files/1/1974/9033/files/EP2-59291_Surface_Laptop_8_13.8_-Elite-Black_1TB_Shopify_096144fa-ca92-4bf0-a7ee-6d6cd66a6fb2.jpg?v=1784773710,ALL IT - Microsoft,Snapdragon X2 Elite,Qualcomm Adreno Graphics,16GB,1TB SSD,"13.8"" PixelSense™ Flow Touchscreen, Up to 120Hz",JBL Live 780NC Wireless On-Ear Headphones,,OPERATING SYSTEM: Windows 11 Home
microsoftsurfacelaptop8th_snapdragonx2_qualcommad_32gb_1tbssd,"Microsoft Surface Laptop 8th Edition (EP2-59610) Black 13.8"" 120Hz/Snapdragon X2 Elite/32GB/1TB/W11H",11399.00,"ALL IT (RM 11,399.00)","ALL IT: RM 11,399.00",1,https://www.allithypermarket.com.my/products/microsoft-surface-laptop-8-edition-ep2-59610-black-13-8-120hz-snapdragon-x2-elite-32gb-1tb-w11h,ALL IT: https://www.allithypermarket.com.my/products/microsoft-surface-laptop-8-edition-ep2-59610-black-13-8-120hz-snapdragon-x2-elite-32gb-1tb-w11h,https://cdn.shopify.com/s/files/1/1974/9033/files/EP2-59610_Surface_Laptop_8_13.8_-Elite-Black_1TB_32GB_Shopify_b64e27a6-2455-412d-a96a-eabeaafd92ce.jpg?v=1784773798,ALL IT - Microsoft,Snapdragon X2 Elite,Qualcomm Adreno Graphics,32GB,1TB SSD,"13.8"" PixelSense™ Flow Touchscreen, Up to 120Hz",JBL Live 780NC Wireless On-Ear Headphones,,OPERATING SYSTEM: Windows 11 Home
microsoftsurfacepro12copi_[processor]_[graphics]_[memor_16gb+2,"Microsoft Surface Pro 12"" | Copilot+ PC | 12"" LCD Touchscreen | Snapdragon® X Plus | 16GB Memory | 256GB/512GB SSD",4999.00,"ALL IT (RM 4,999.00)","ALL IT: RM 4,999.00",1,https://www.allithypermarket.com.my/products/pre-order-microsoft-surface-pro-12-copilot-pc-12-lcd-touchscreen-snapdragon-x-plus-16gb-memory-256gb-512gb-ssd,ALL IT: https://www.allithypermarket.com.my/products/pre-order-microsoft-surface-pro-12-copilot-pc-12-lcd-touchscreen-snapdragon-x-plus-16gb-memory-256gb-512gb-ssd,https://cdn.shopify.com/s/files/1/1974/9033/files/Surace_pro_12_V5_Shopify.jpg?v=1777863278,ALL IT - Microsoft,[Processor],[Graphics],[Memory and storage],16GB + 256 / 512 GB SSD,12-inch PixelSense™ LCD display2,,[Battery life],TECH SPECS: [Processor] | RESOLUTION: 2196 x 1464 (220 PPI) | ASPECT RATIO: 3:2 | CONTRAST RATIO: 1200:1 | REFRESH RATE: up to 90 Hz (60 Hz default) | COLOUR PROFILE: sRGB and Enhanced | TOUCH: 10-point multi-touch | LENGTH: 274 mm | WIDTH: 190 mm | HEIGHT: 7.8 mm | WEIGHT: 686 g
microsoftsurfacepro12thed_snapdragonx2_qualcommad_16gb_512gbs,"Microsoft Surface Pro 12th Edition (EP2-73254) eTablet Platinum 13"" 120Hz/Snapdragon X2 Plus/16GB/512GB/W11H",7399.00,"ALL IT (RM 7,399.00)","ALL IT: RM 7,399.00",1,https://www.allithypermarket.com.my/products/microsoft-surface-pro-13-ep2-73254-etablet-platinum-13-120hz-snapdragon-x2-plus-16gb-512gb-w11h,ALL IT: https://www.allithypermarket.com.my/products/microsoft-surface-pro-13-ep2-73254-etablet-platinum-13-120hz-snapdragon-x2-plus-16gb-512gb-w11h,https://cdn.shopify.com/s/files/1/1974/9033/files/Surface_Pro_13-Plus-Platinum_512GB_Shopify_Website_d3149c43-44ef-422d-bf7d-f509c3912e9a.jpg?v=1784772959,ALL IT - Microsoft,Snapdragon X2 Elite,Qualcomm Adreno Graphics,16GB,512GB SSD,"13"" OLED PixelSense™ Flow Touchscreen, Up to 120Hz",JBL Live 780NC Wireless On-Ear Headphones,,OPERATING SYSTEM: Windows 11 Home
microsoftsurfacepro12thed_snapdragonx2_qualcommad_32gb_1tbssd,"Microsoft Surface Pro 12th Edition (EP2-65229) eTablet Platinum 13"" OLED 120Hz/Snapdragon X2 Elite/32GB/1TB/W11H",11799.00,"ALL IT (RM 11,799.00)","ALL IT: RM 11,799.00",1,https://www.allithypermarket.com.my/products/microsoft-surface-pro-13-ep2-65229-etablet-platinum-13-oled-120hz-snapdragon-x2-elite-32gb-1tb-w11h,ALL IT: https://www.allithypermarket.com.my/products/microsoft-surface-pro-13-ep2-65229-etablet-platinum-13-oled-120hz-snapdragon-x2-elite-32gb-1tb-w11h,https://cdn.shopify.com/s/files/1/1974/9033/files/EP2-65229_Surface_Pro_13-Elite-Platinum_1TB_Shopify_Website_e5c13029-1a5d-46df-9e6b-1f9390970ec7.jpg?v=1784773386,ALL IT - Microsoft,Snapdragon X2 Elite,Qualcomm Adreno Graphics,32GB,1TB SSD,"13"" OLED PixelSense™ Flow Touchscreen, Up to 120Hz",JBL Live 780NC Wireless On-Ear Headphones,,OPERATING SYSTEM: Windows 11 Home
microsoftsurfacepro12thed_snapdragon®x_qualcomm®a_16gblp_256gbs,"Microsoft Surface Pro 12th Edition (EP2-73229) eTablet Platinum 13"" 120Hz/Snapdragon X2 Plus/16GB/256GB/W11H",6999.00,"ALL IT (RM 6,999.00)","ALL IT: RM 6,999.00",1,https://www.allithypermarket.com.my/products/microsoft-surface-pro-13-ep2-73229-etablet-platinum-13-120hz-snapdragon-x2-plus-16gb-256gb-w11h,ALL IT: https://www.allithypermarket.com.my/products/microsoft-surface-pro-13-ep2-73229-etablet-platinum-13-120hz-snapdragon-x2-plus-16gb-256gb-w11h,https://cdn.shopify.com/s/files/1/1974/9033/files/Surface_Pro_13-Plus-Platinum_Shopify_Website_fc29aedb-25bb-4ba3-a268-e545150ffe20.jpg?v=1784772658,ALL IT - Microsoft,Snapdragon® X Plus,Qualcomm® Adreno™ Graphics,16GB LPDDR5x,256GB SSD,"13"" PixelSense™ Flow Touchscreen (2880 × 1920), Up to 120Hz",JBL Live 780NC Wireless On-Ear Headphones,,OPERATING SYSTEM: Windows 11 Home
microsoftsurfacepro13ep26_snapdragonx2_qualcommad_16gb_1tbssd,"Microsoft Surface Pro 13 (EP2-65028) eTablet Black 13"" OLED 120Hz/Snapdragon X2 Elite/16GB/1TB/W11H",9199.00,"ALL IT (RM 9,199.00)","ALL IT: RM 9,199.00",1,https://www.allithypermarket.com.my/products/microsoft-surface-pro-13-ep2-65028-etablet-black-13-oled-120hz-snapdragon-x2-elite-16gb-1tb-w11h,ALL IT: https://www.allithypermarket.com.my/products/microsoft-surface-pro-13-ep2-65028-etablet-black-13-oled-120hz-snapdragon-x2-elite-16gb-1tb-w11h,https://cdn.shopify.com/s/files/1/1974/9033/files/EP2-65028_Surface_Pro_13-Elite-Black_1TB_Shopify_Website.jpg?v=1784773331,ALL IT - Microsoft,Snapdragon X2 Elite,Qualcomm Adreno Graphics,16GB,1TB SSD,"13"" OLED PixelSense™ Flow Touchscreen, Up to 120Hz",JBL Live 780NC Wireless On-Ear Headphones,,OPERATING SYSTEM: Windows 11 Home
B13VF-3492MY,"MSI Gaming Laptop Thin 15 B13VF-3492MY i5-13420H/16GB DDR4/512GB SSD/15.6""FHD 144Hz/RTX4060",4399.00,"ALL IT (RM 4,399.00)","ALL IT: RM 4,399.00",1,https://www.allithypermarket.com.my/products/msi-gaming-laptop-thin-15-b13vf-3492my-i5-13420h-16gb-ddr4-512gb-ssd-15-6fhd-144hz-rtx4060,ALL IT: https://www.allithypermarket.com.my/products/msi-gaming-laptop-thin-15-b13vf-3492my-i5-13420h-16gb-ddr4-512gb-ssd-15-6fhd-144hz-rtx4060,https://cdn.shopify.com/s/files/1/1974/9033/files/202605140150061997ab52847ca6954e601424c67ae181.jpg?v=1778723421,ALL IT - MSI,⁠ ⁠Powered by Intel® Core™ i5-13420H processor for high-performance gaming and multitasking,⁠ ⁠NVIDIA® GeForce RTX™ 4060 Laptop GPU powers advanced AI with 233 AI TOPS,⁠ ⁠8GB*2(16GB) DDR4 RAM for responsive multitasking performance,⁠ ⁠512GB NVMe PCIe SSD for fast loading and storage,"⁠ ⁠15.6"" FHD 144Hz IPS-Level display for smooth gameplay experience",Wi-Fi / Bluetooth,3-Cell 52.4Whr Battery,"FEATURE 1: Intel® Core™ i5-13420H Processor | FEATURE 2: NVIDIA® GeForce RTX™ 4060 Laptop GPU 8GB GDDR6 | FEATURE 3: 16GB DDR4 3200MHz RAM | FEATURE 4: 512GB NVMe PCIe Gen4 SSD | FEATURE 5: 15.6"" FHD (1920×1080) 144Hz IPS-Level Display | PRODUCT DIMENSIONS: 359 × 254 × 21.7 mm | PRODUCT WEIGHT: 1.86 kg | CHARGING: 120W AC Adapter"
newxps13laptop2026____,New XPS 13 Laptop (2026),3579.00,"Dell Official (RM 3,579.00)","Dell Official: RM 3,579.00",1,https://www.dell.com//www.dell.com/en-my/work/shop/compare,Dell Official: https://www.dell.com//www.dell.com/en-my/work/shop/compare,"https://i.dell.com/is/image/DellContent/content/dam/ss2/product-images/dell-client-products/notebooks/xps-notebooks/xps-13-dx13260/media-gallery/sky/laptop-xps-13-sky-dx13260-silver-gallery-1.psd?fmt=png-alpha&pscan=auto&scl=1&hei=804&wid=1043&qlt=100,1&resMode=sharp2&size=1043,804&chrss=full",Dell Official,,,,,13,,,Windows 11 Home | Dell Official Store Warranty
alienware15gaminglaptop____,Alienware 15 Gaming Laptop,4719.00,"Dell Official (RM 4,719.00)","Dell Official: RM 4,719.00",1,https://www.dell.com//www.dell.com/en-my/work/shop/compare,Dell Official: https://www.dell.com//www.dell.com/en-my/work/shop/compare,"https://i.dell.com/is/image/DellContent/content/dam/ss2/product-images/dell-client-products/notebooks/alienware-notebooks/da15260/media-gallery/notebook-alienware-15-da15260-mb3-intel-black-gallery-1.psd?fmt=png-alpha&pscan=auto&scl=1&hei=804&wid=1108&qlt=100,1&resMode=sharp2&size=1108,804&chrss=full",Dell Official,,,,,15,,,Windows 11 Home | Dell Official Store Warranty
DELL-14S-LAPTOP,Dell 14S Laptop,7299.00,"Dell Official (RM 7,299.00)","Dell Official: RM 7,299.00",1,https://www.dell.com//www.dell.com/en-my/work/shop/compare,Dell Official: https://www.dell.com//www.dell.com/en-my/work/shop/compare,"https://i.dell.com/is/image/DellContent/content/dam/ss2/product-images/dell-client-products/notebooks/dell-s/ds14260/media-gallery/frost-blue-qhd-non-touch/notebook-ds14260-blue-gallery-copilot.psd?fmt=png-alpha&pscan=auto&scl=1&hei=804&wid=942&qlt=100,1&resMode=sharp2&size=942,804&chrss=full",Dell Official,,,,,,,,Windows 11 Home | Dell Official Store Warranty
DELL-16S-LAPTOP,Dell 16S Laptop,7619.00,"Dell Official (RM 7,619.00)","Dell Official: RM 7,619.00",1,https://www.dell.com//www.dell.com/en-my/work/shop/compare,Dell Official: https://www.dell.com//www.dell.com/en-my/work/shop/compare,"https://i.dell.com/is/image/DellContent/content/dam/ss2/product-images/dell-client-products/notebooks/dell-s/ds16260/media-gallery/celestial-blue-oled-touch/laptop-ds16260-celestial-blue-gallery-copilot.psd?fmt=png-alpha&pscan=auto&scl=1&hei=804&wid=896&qlt=100,1&resMode=sharp2&size=896,804&chrss=full",Dell Official,,,,,,,,Windows 11 Home | Dell Official Store Warranty
xps14laptop2026____,XPS 14 Laptop (2026),14758.88,"Dell Official (RM 14,758.88)","Dell Official: RM 14,758.88",1,https://www.dell.com//www.dell.com/en-my/work/shop/compare,Dell Official: https://www.dell.com//www.dell.com/en-my/work/shop/compare,"https://i.dell.com/is/image/DellContent/content/dam/ss2/product-images/dell-client-products/notebooks/xps-notebooks/xps-14-da14260/media-gallery/touch/laptop-da14260t-gray-copilot-gallery-1.psd?fmt=png-alpha&pscan=auto&scl=1&hei=804&wid=944&qlt=100,1&resMode=sharp2&size=944,804&chrss=full",Dell Official,,,,,14,,,Windows 11 Home | Dell Official Store Warranty
SERIES-14-LAPTOP,Dell Pro 3 Series 14 Laptop,4970.02,"Dell Official (RM 4,970.02)","Dell Official: RM 4,970.02",1,https://www.dell.com//www.dell.com/en-my/work/shop/compare,Dell Official: https://www.dell.com//www.dell.com/en-my/work/shop/compare,"https://i.dell.com/is/image/DellContent/content/dam/ss2/product-images/dell-client-products/notebooks/dell-pro/p314260/media-gallery/p314260-fpr-wwan/notebook-pro-p314260-fpr-3-0t-wwan-gray-gallery-1.psd?fmt=png-alpha&pscan=auto&scl=1&hei=804&wid=986&qlt=100,1&resMode=sharp2&size=986,804&chrss=full",Dell Official,,,,,14,,,Windows 11 Home | Dell Official Store Warranty
SERIES-16-LAPTOP,Dell Pro 3 Series 16 Laptop,4930.34,"Dell Official (RM 4,930.34)","Dell Official: RM 4,930.34",1,https://www.dell.com//www.dell.com/en-my/work/shop/compare,Dell Official: https://www.dell.com//www.dell.com/en-my/work/shop/compare,"https://i.dell.com/is/image/DellContent/content/dam/ss2/product-images/dell-client-products/notebooks/dell-pro/p316260/media-gallery/p316260-3-0t-wwan/notebook-pro-p316260-3-0t-wwan-gray-gallery-1.psd?fmt=png-alpha&pscan=auto&scl=1&hei=804&wid=1001&qlt=100,1&resMode=sharp2&size=1001,804&chrss=full",Dell Official,,,,,16,,,Windows 11 Home | Dell Official Store Warranty
dellpro7series132in1lapto____,Dell Pro 7 Series 13 2-in-1 Laptop,7838.24,"Dell Official (RM 7,838.24)","Dell Official: RM 7,838.24",1,https://www.dell.com//www.dell.com/en-my/work/shop/compare,Dell Official: https://www.dell.com//www.dell.com/en-my/work/shop/compare,"https://i.dell.com/is/image/DellContent/content/dam/images/products/pl-csg-dell-pro-plus-laptop-p703260--p703265--p704260--p704265/p703260/dell-pro-p703260-laptop-c-15000ff100-gy-fpr-wlan-fhd-ir-camera-copilot-pc.psd?fmt=png-alpha&pscan=auto&scl=1&hei=804&wid=981&qlt=100,1&resMode=sharp2&size=981,804&chrss=full",Dell Official,,,,,13,,,Windows 11 Home | Dell Official Store Warranty
DELL-10-DELL,Dell Pro 7 Series 14 2-in-1 Laptop,9321.99,"Dell Official (RM 9,321.99)","Dell Official: RM 9,321.99",1,https://www.dell.com//www.dell.com/en-my/work/shop/compare,Dell Official: https://www.dell.com//www.dell.com/en-my/work/shop/compare,"https://i.dell.com/is/image/DellContent/content/dam/ss2/product-images/dell-client-products/notebooks/dell-pro-7/p704260/media-gallery/wwan/laptop-dell-pro-p704260-gray-wwan-gallery-1-copilot-pc-mg.psd?fmt=png-alpha&pscan=auto&scl=1&hei=804&wid=983&qlt=100,1&resMode=sharp2&size=983,804&chrss=full",Dell Official,,,,,14,,,Windows 11 Home | Dell Official Store Warranty
DELL-11-DELL,Dell Pro 7 Series 13 Laptop,8419.76,"Dell Official (RM 8,419.76)","Dell Official: RM 8,419.76",1,https://www.dell.com//www.dell.com/en-my/work/shop/compare,Dell Official: https://www.dell.com//www.dell.com/en-my/work/shop/compare,"https://i.dell.com/is/image/DellContent/content/dam/images/products/pl-csg-npl-site-dell-pro-7-laptop-email-only-p713260--p713265--p714260--p714265/p713260/dell-pro-p713260-laptop-c-15000ff100-gy-fpr-wlan-fhd-ir-camera-copilot.psd?fmt=png-alpha&pscan=auto&scl=1&hei=804&wid=942&qlt=100,1&resMode=sharp2&size=942,804&chrss=full",Dell Official,,,,,13,,,Windows 11 Home | Dell Official Store Warranty
DELL-12-DELL,Dell 14 Laptop,4189.00,"Dell Official (RM 4,189.00)","Dell Official: RM 4,189.00",1,https://www.dell.com//www.dell.com/en-my/shop/dell-deals-laptops-desktops-monitors/dell-14-laptop/spd/dell-dc14250-laptop/sdc1425000601mmyh,Dell Official: https://www.dell.com//www.dell.com/en-my/shop/dell-deals-laptops-desktops-monitors/dell-14-laptop/spd/dell-dc14250-laptop/sdc1425000601mmyh,"https://i.dell.com/is/image/DellContent/content/dam/ss2/product-images/dell-client-products/notebooks/dell/dc14250/mg/plastic/sl/fpr/laptop-dc14250nt-fpr-plastic-intel-sl-gallery-1.psd?qlt=90,0&op_usm=1.75,0.3,2,0&resMode=sharp&pscan=auto&fmt=png-alpha&hei=500",Dell Official, i7-1355U,,8 GB DDR5,8 GB ,14,,,Windows 11 Home | Dell Official Store Warranty
DELL-13-DELL,Dell 15 Laptop,5519.00,"Dell Official (RM 5,519.00)","Dell Official: RM 5,519.00",1,https://www.dell.com//www.dell.com/en-my/shop/dell-deals-laptops-desktops-monitors/dell-15-laptop/spd/dell-dc15250-laptop/sdc15250009n1mmyh,Dell Official: https://www.dell.com//www.dell.com/en-my/shop/dell-deals-laptops-desktops-monitors/dell-15-laptop/spd/dell-dc15250-laptop/sdc15250009n1mmyh,"https://i.dell.com/is/image/DellContent/content/dam/ss2/product-images/dell-client-products/notebooks/dell/dell-15-intel-3530/media-gallery/laptop-dell-dc15250nt-sl-plastic-gallery-1.psd?qlt=90,0&op_usm=1.75,0.3,2,0&resMode=sharp&pscan=auto&fmt=png-alpha&hei=500",Dell Official, i7-1355U,,16 GB DDR5,16 GB ,15,,,Windows 11 Home | Dell Official Store Warranty
hpprobook4g1i14inchnotebo_intel®core™u__16gbdd_512gbs,"HP ProBook 4 G1i 14 inch Notebook AI PC, Silver",6213.00,"HP Official (RM 6,213.00)","HP Official: RM 6,213.00",1,https://www.hp.com/my-en/shop/hp-probook-4-g1i-14-inch-notebook-ai-pc-dj0l0at.html,HP Official: https://www.hp.com/my-en/shop/hp-probook-4-g1i-14-inch-notebook-ai-pc-dj0l0at.html,https://my-media.apjonlinecdn.com/static/version1785187843/frontend/HPOLS/stellar/en_US/Mageplaza_LazyLoading/mageplaza/lazyloading/BG.png,HP Official,Intel® Core™ Ultra 5 processor,,16 GB DDR5-5600 RAM,512 GB SSD Hard drive,"14"" diagonal WUXGA display",,,Windows 11 Pro
G1AH-14-INCH,"HP ProBook 4 G1ah 14 inch Notebook PC, Silver",4298.00,"HP Official (RM 4,298.00)","HP Official: RM 4,298.00",1,https://www.hp.com/my-en/shop/hp-probook-4-g1ah-14-inch-notebook-pc-c30z2pt.html,HP Official: https://www.hp.com/my-en/shop/hp-probook-4-g1ah-14-inch-notebook-pc-c30z2pt.html,https://my-media.apjonlinecdn.com/static/version1785187843/frontend/HPOLS/stellar/en_US/Mageplaza_LazyLoading/mageplaza/lazyloading/BG.png,HP Official,AMD Ryzen™ 5 PRO 230 processor,AMD Radeon™ Graphics,16 GB DDR5-5600 RAM,1 TB SSD Hard Drive,"14"" diagonal WUXGA touch display",,,Windows 11 Pro
ULTRA-14-INCH,"HP ZBook Ultra 14 inch G1a Mobile Workstation PC, Silver",21243.00,"HP Official (RM 21,243.00)","HP Official: RM 21,243.00",1,https://www.hp.com/my-en/shop/hp-zbook-ultra-14-inch-g1a-mobile-workstation-pc-c1kz2pt.html,HP Official: https://www.hp.com/my-en/shop/hp-zbook-ultra-14-inch-g1a-mobile-workstation-pc-c1kz2pt.html,https://my-media.apjonlinecdn.com/catalog/product/cache/b3b166914d87ce343d4dc5ec5117b502/m/y/my-hp-zbook-ultra-g1a-14-chiron-front_2.png,HP Official,AMD Ryzen™ AI MAX PRO processor,AMD Radeon™ Graphics,32 GB LPDDR5x-8533 RAM,1 TB SSD Hard Drive,"14"" diagonal WUXGA display",,,Windows 11 Pro
hpzbook8g1i14inchmobilewo_intel®core™u_nvidiartx™_16gbdd_1tbssd,"HP ZBook 8 G1i 14 inch Mobile Workstation PC , Silver",14425.00,"HP Official (RM 14,425.00)","HP Official: RM 14,425.00",1,https://www.hp.com/my-en/shop/hp-zbook-8-g1i-14-inch-mobile-workstation-pc-data-science-d09rqat.html,HP Official: https://www.hp.com/my-en/shop/hp-zbook-8-g1i-14-inch-mobile-workstation-pc-data-science-d09rqat.html,https://my-media.apjonlinecdn.com/catalog/product/cache/b3b166914d87ce343d4dc5ec5117b502/m/y/my-1hp-zbook-8-g1i-14-inch-mobile-workstation-machuw14-frontopen.png,HP Official,Intel® Core™ Ultra 5 processor,NVIDIA RTX™ 500 Ada Generation,16 GB DDR5-5600 RAM,1 TB SSD Hard Drive,"14"" diagonal WUXGA display",,,Windows 11 Pro
16-BZ0024QU,"HP OmniBook 3 Laptop Next Gen AI 16-bz0024QU, Silver",4255.00,"HP Official (RM 4,255.00)","HP Official: RM 4,255.00",1,https://www.hp.com/my-en/shop/hp-omnibook-3-laptop-next-gen-ai-16-bz0024qu-d9xn3pa.html,HP Official: https://www.hp.com/my-en/shop/hp-omnibook-3-laptop-next-gen-ai-16-bz0024qu-d9xn3pa.html,https://my-media.apjonlinecdn.com/catalog/product/cache/b3b166914d87ce343d4dc5ec5117b502/D/9/D9XN3PA-1_T1775446206.png,HP Official,Snapdragon® X processor,,16 GB LPDDR5x-8448 RAM,512 GB SSD Hard drive,"16"" diagonal 2K display",,,Windows 11 Home
14-HZ0030QU,HP OmniBook 3 Laptop Next Gen AI 14-hz0030QU,4143.00,"HP Official (RM 4,143.00)","HP Official: RM 4,143.00",1,https://www.hp.com/my-en/shop/hp-omnibook-3-laptop-next-gen-ai-14-hz0030qu-d9xn2pa.html,HP Official: https://www.hp.com/my-en/shop/hp-omnibook-3-laptop-next-gen-ai-14-hz0030qu-d9xn2pa.html,https://my-media.apjonlinecdn.com/static/version1785187843/frontend/HPOLS/stellar/en_US/Mageplaza_LazyLoading/mageplaza/lazyloading/BG.png,HP Official,Snapdragon® X processor,,16 GB LPDDR5x-8448 RAM,512 GB SSD Hard drive,"14"" diagonal 2K display",,,Windows 11 Home
15-FD1576TU,"HP 15.6 inch Laptop 15-fd1576TU, Silver",3247.00,"HP Official (RM 3,247.00)","HP Official: RM 3,247.00",1,https://www.hp.com/my-en/shop/hp-laptop-15-fd1576tu-d93cfpa.html,HP Official: https://www.hp.com/my-en/shop/hp-laptop-15-fd1576tu-d93cfpa.html,https://my-media.apjonlinecdn.com/static/version1785187843/frontend/HPOLS/stellar/en_US/Mageplaza_LazyLoading/mageplaza/lazyloading/BG.png,HP Official,Intel® Core™ 3 processor,,8 GB DDR4-3200 RAM,512 GB SSD Hard drive,"15.6"" diagonal FHD display",,,Windows 11 Home
15-FD1574TU,"HP 15.6 inch Laptop 15-fd1574TU, Blue",3247.00,"HP Official (RM 3,247.00)","HP Official: RM 3,247.00",1,https://www.hp.com/my-en/shop/hp-laptop-15-fd1574tu-d93cdpa.html,HP Official: https://www.hp.com/my-en/shop/hp-laptop-15-fd1574tu-d93cdpa.html,https://my-media.apjonlinecdn.com/static/version1785187843/frontend/HPOLS/stellar/en_US/Mageplaza_LazyLoading/mageplaza/lazyloading/BG.png,HP Official,Intel® Core™ 3 processor,,8 GB DDR4-3200 RAM,512 GB SSD Hard drive,"15.6"" diagonal FHD display",,,Windows 11 Home
15-FC1103AU,"HP 15.6 inch Laptop 15-fc1103AU, Gold",3359.00,"HP Official (RM 3,359.00)","HP Official: RM 3,359.00",1,https://www.hp.com/my-en/shop/hp-laptop-15-fc1103au-d9yc9pa.html,HP Official: https://www.hp.com/my-en/shop/hp-laptop-15-fc1103au-d9yc9pa.html,https://my-media.apjonlinecdn.com/static/version1785187843/frontend/HPOLS/stellar/en_US/Mageplaza_LazyLoading/mageplaza/lazyloading/BG.png,HP Official,AMD Ryzen™ 5-7535HS processor,AMD Radeon Graphics,8 GB DDR5-4800 RAM,512 GB SSD Hard drive,"15.6"" diagonal FHD display",,,Windows 11 Home
hpelitebook8g2i14inchnote_intel®core™u__32gblp_512gbs,"HP EliteBook 8 G2i 14 inch Notebook Next Gen AI PC, Silver",9140.00,"HP Official (RM 9,140.00)","HP Official: RM 9,140.00",1,https://www.hp.com/my-en/shop/hp-elitebook-8-g2i-14-inch-notebook-next-gen-ai-pc-dn3r8at.html,HP Official: https://www.hp.com/my-en/shop/hp-elitebook-8-g2i-14-inch-notebook-next-gen-ai-pc-dn3r8at.html,https://my-media.apjonlinecdn.com/static/version1785187843/frontend/HPOLS/stellar/en_US/Mageplaza_LazyLoading/mageplaza/lazyloading/BG.png,HP Official,Intel® Core™ Ultra 5 processor,,32 GB LPDDR5x-8533 RAM,512 GB SSD Hard Drive,"14"" diagonal WUXGA display",,,Windows 11 Pro
hpprobook4g2i16inchnotebo_intel®core™u__16gbdd_512gbs,"HP ProBook 4 G2i 16 inch Notebook Next Gen AI PC, Silver",6586.00,"HP Official (RM 6,586.00)","HP Official: RM 6,586.00",1,https://www.hp.com/my-en/shop/hp-probook-4-g2i-16-inch-notebook-next-gen-ai-pc-df4z6at.html,HP Official: https://www.hp.com/my-en/shop/hp-probook-4-g2i-16-inch-notebook-next-gen-ai-pc-df4z6at.html,https://my-media.apjonlinecdn.com/static/version1785187843/frontend/HPOLS/stellar/en_US/Mageplaza_LazyLoading/mageplaza/lazyloading/BG.png,HP Official,Intel® Core™ Ultra 5 processor,,16 GB DDR5-5600 RAM,512 GB SSD Hard drive,"16"" diagonal WUXGA display",,,Windows 11 Pro
hpprobook4g2i14inchnotebo_intel®core™u__16gbdd_512gbs,"HP ProBook 4 G2i 14 inch Notebook Next Gen AI PC, Silver",6485.00,"HP Official (RM 6,485.00)","HP Official: RM 6,485.00",1,https://www.hp.com/my-en/shop/hp-probook-4-g2i-14-inch-notebook-next-gen-ai-pc-df4z4at.html,HP Official: https://www.hp.com/my-en/shop/hp-probook-4-g2i-14-inch-notebook-next-gen-ai-pc-df4z4at.html,https://my-media.apjonlinecdn.com/static/version1785187843/frontend/HPOLS/stellar/en_US/Mageplaza_LazyLoading/mageplaza/lazyloading/BG.png,HP Official,Intel® Core™ Ultra 5 processor,,16 GB DDR5-5600 RAM,512 GB SSD Hard drive,"14"" diagonal WUXGA display",,,Windows 11 Pro
hpprobook4g1i16inchnotebo_intel®core™u__16gbdd_512gbs,"HP ProBook 4 G1i 16 inch Notebook AI PC, Silver",6314.00,"HP Official (RM 6,314.00)","HP Official: RM 6,314.00",1,https://www.hp.com/my-en/shop/hp-probook-4-g1i-16-inch-notebook-ai-pc-dj0l3at.html,HP Official: https://www.hp.com/my-en/shop/hp-probook-4-g1i-16-inch-notebook-ai-pc-dj0l3at.html,https://my-media.apjonlinecdn.com/catalog/product/cache/b3b166914d87ce343d4dc5ec5117b502/h/p/hp_probook_4_g1i_16_inch_notebook_ai_pc-front.png,HP Official,Intel® Core™ Ultra 5 processor,,16 GB DDR5-5600 RAM,512 GB SSD Hard drive,"16"" diagonal WUXGA display",,,Windows 11 Pro
14-KC0062AU,HP OmniBook X Flip 2-in-1 Laptop Next Gen AI 14-kc0062AU,6383.00,"HP Official (RM 6,383.00)","HP Official: RM 6,383.00",1,https://www.hp.com/my-en/shop/hp-omnibook-x-flip-2-in-1-laptop-next-gen-ai-14-kc0062au-dp7y2pa.html,HP Official: https://www.hp.com/my-en/shop/hp-omnibook-x-flip-2-in-1-laptop-next-gen-ai-14-kc0062au-dp7y2pa.html,https://my-media.apjonlinecdn.com/catalog/product/cache/b3b166914d87ce343d4dc5ec5117b502/D/P/DP7Y2PA-1_T1781080053.png,HP Official,AMD Ryzen™ AI 7 processor,,16 GB LPDDR5x-8000 MT/s (onboard),,14,,,Windows 11 Home Single Language
14-KC0063AU,"HP OmniBook X Flip 2-in-1 14 inch Laptop Next Gen AI 14-kc0063AU, Blue",6383.00,"HP Official (RM 6,383.00)","HP Official: RM 6,383.00",1,https://www.hp.com/my-en/shop/hp-omnibook-x-flip-2-in-1-laptop-next-gen-ai-14-kc0063au-dp7y3pa.html,HP Official: https://www.hp.com/my-en/shop/hp-omnibook-x-flip-2-in-1-laptop-next-gen-ai-14-kc0063au-dp7y3pa.html,https://my-media.apjonlinecdn.com/static/version1785187843/frontend/HPOLS/stellar/en_US/Mageplaza_LazyLoading/mageplaza/lazyloading/BG.png,HP Official,AMD Ryzen™ AI 7 processor,AMD Radeon 840M Graphics,16 GB LPDDR5x-8000 RAM,512 GB SSD Hard Drive,"14"" diagonal 2K touch display",,,Windows 11 Home
hpelitebook8g2i13inchnote_intel®core™u__16gblp_512gbs,"HP EliteBook 8 G2i 13 inch Notebook Next Gen AI PC, Silver",7640.00,"HP Official (RM 7,640.00)","HP Official: RM 7,640.00",1,https://www.hp.com/my-en/shop/hp-elitebook-8-g2i-13-inch-notebook-next-gen-ai-pc-dn3s3at.html,HP Official: https://www.hp.com/my-en/shop/hp-elitebook-8-g2i-13-inch-notebook-next-gen-ai-pc-dn3s3at.html,https://my-media.apjonlinecdn.com/static/version1785187843/frontend/HPOLS/stellar/en_US/Mageplaza_LazyLoading/mageplaza/lazyloading/BG.png,HP Official,Intel® Core™ Ultra 5 processor,,16 GB LPDDR5x-8533 RAM,512 GB SSD Hard Drive,"13.3"" diagonal WUXGA display",,,Windows 11 Pro
hpelitebook8g2i16inchnote_intel®core™u__32gbdd_,HP EliteBook 8 G2i 16 inch Notebook Next Gen AI PC,9278.00,"HP Official (RM 9,278.00)","HP Official: RM 9,278.00",1,https://www.hp.com/my-en/shop/hp-elitebook-8-g2i-16-inch-notebook-next-gen-ai-pc-dn3s4at.html,HP Official: https://www.hp.com/my-en/shop/hp-elitebook-8-g2i-16-inch-notebook-next-gen-ai-pc-dn3s4at.html,https://my-media.apjonlinecdn.com/static/version1785187843/frontend/HPOLS/stellar/en_US/Mageplaza_LazyLoading/mageplaza/lazyloading/BG.png,HP Official,Intel® Core™ Ultra 5 processor,,32 GB DDR5-5600 MT/s (1 x 32 GB),,"Smart performance, big screen visuals, easily managed",,,Windows 11 Pro
hpelitebook8g2i16inchnote_intel®core™u__32gbdd_512gbs,"HP EliteBook 8 G2i 16 inch Notebook Next Gen AI PC, Silver",10095.00,"HP Official (RM 10,095.00)","HP Official: RM 10,095.00",1,https://www.hp.com/my-en/shop/hp-elitebook-8-g2i-16-inch-notebook-next-gen-ai-pc-dn3s5at.html,HP Official: https://www.hp.com/my-en/shop/hp-elitebook-8-g2i-16-inch-notebook-next-gen-ai-pc-dn3s5at.html,https://my-media.apjonlinecdn.com/static/version1785187843/frontend/HPOLS/stellar/en_US/Mageplaza_LazyLoading/mageplaza/lazyloading/BG.png,HP Official,Intel® Core™ Ultra 7 processor,,32 GB DDR5-5600 RAM,512 GB SSD Hard Drive,"Smart performance, big screen visuals, easily managed",,,Windows 11 Pro
hpzbook8g2a14inchmobilewo_amdryzen™ai7_amdradeon™_48gbdd_1tbssd,"HP ZBook 8 G2a 14 inch Mobile Workstation PC, Silver",20341.00,"HP Official (RM 20,341.00)","HP Official: RM 20,341.00",1,https://www.hp.com/my-en/shop/hp-zbook-8-g2a-14-inch-mobile-workstation-pc-ds3x6at.html,HP Official: https://www.hp.com/my-en/shop/hp-zbook-8-g2a-14-inch-mobile-workstation-pc-ds3x6at.html,https://my-media.apjonlinecdn.com/static/version1785187843/frontend/HPOLS/stellar/en_US/Mageplaza_LazyLoading/mageplaza/lazyloading/BG.png,HP Official,AMD Ryzen™ AI 7 PRO 450 processor,AMD Radeon™ Graphics,48 GB DDR5-5600 RAM,1 TB SSD Hard Drive,"14"" diagonal WUXGA display",,,Windows 11 Pro
14-FP0149TU,"HP OmniBook 5 Flip 2-in-1 14 inch Laptop 14-fp0149TU, Pink",5487.00,"HP Official (RM 5,487.00)","HP Official: RM 5,487.00",1,https://www.hp.com/my-en/shop/hp-omnibook-5-flip-2-in-1-laptop-14-fp0149tu-e0gb3pa.html,HP Official: https://www.hp.com/my-en/shop/hp-omnibook-5-flip-2-in-1-laptop-14-fp0149tu-e0gb3pa.html,https://my-media.apjonlinecdn.com/catalog/product/cache/b3b166914d87ce343d4dc5ec5117b502/h/p/hp-omnibook-5-flip-14-inch-2-in-1-laptop-pc-salute-powder-pink-tent-pen-touchicon_1__1.png,HP Official,Intel® Core™ 5-120U processor,,16 GB LPDDR5-5200 RAM,512 GB SSD Hard Drive,"14"" diagonal 2K touch display",,,Windows 11 Home
14-KK0006AU,"HP OmniBook 7 14 inch Laptop AI 14-kk0006AU, Pink",5487.00,"HP Official (RM 5,487.00)","HP Official: RM 5,487.00",1,https://www.hp.com/my-en/shop/hp-omnibook-7-laptop-ai-14-kk0006au-dj6h7pa.html,HP Official: https://www.hp.com/my-en/shop/hp-omnibook-7-laptop-ai-14-kk0006au-dj6h7pa.html,https://my-media.apjonlinecdn.com/catalog/product/cache/b3b166914d87ce343d4dc5ec5117b502/h/p/hp-omnibook-7-14-nch-laptop-ai-pc-auster-powder-pink-front.png,HP Official,AMD Ryzen™ 5 240 processor,AMD Radeon 760M Graphics,16 GB LPDDR5x-7500 RAM,512 GB SSD Hard Drive,"14"" diagonal 2K display",,,Windows 11 Home
14-KA0072TU,"HP OmniBook X 14 inch Laptop Next Gen AI 14-ka0072TU, Silver",6159.00,"HP Official (RM 6,159.00)","HP Official: RM 6,159.00",1,https://www.hp.com/my-en/shop/hp-omnibook-x-laptop-next-gen-ai-14-ka0072tu-dp7x4pa.html,HP Official: https://www.hp.com/my-en/shop/hp-omnibook-x-laptop-next-gen-ai-14-ka0072tu-dp7x4pa.html,https://my-media.apjonlinecdn.com/catalog/product/cache/b3b166914d87ce343d4dc5ec5117b502/D/P/DP7X4PA-1_T1783650805.png,HP Official,Intel® Core™ Ultra 5 325 processor,,16 GB LPDDR5x-7467 RAM,512 GB SSD Hard Drive,"14"" diagonal 2K display",,,Windows 11 Home
14-KA0071TU,"HP OmniBook X 14 inch Laptop Next Gen AI 14-ka0071TU, Blue",6159.00,"HP Official (RM 6,159.00)","HP Official: RM 6,159.00",1,https://www.hp.com/my-en/shop/hp-omnibook-x-laptop-next-gen-ai-14-ka0071tu-dp7x3pa.html,HP Official: https://www.hp.com/my-en/shop/hp-omnibook-x-laptop-next-gen-ai-14-ka0071tu-dp7x3pa.html,https://my-media.apjonlinecdn.com/catalog/product/cache/b3b166914d87ce343d4dc5ec5117b502/c/h/chiharu_14_cs_omnibook_x_atmosphericblue_t_nt_canvasgray_kb_nonoled_catalog_front_6866300_1.png,HP Official,Intel® Core™ Ultra 5 325 processor,,16 GB LPDDR5x-7467 RAM,512 GB SSD Hard Drive,"14"" diagonal 2K display",,,Windows 11 Home
hpzbook8g2i16inchmobilewo_intel®core™u_nvidiartxp_48gbdd_1tbssd,"HP ZBook 8 G2i 16 inch Mobile Workstation PC, Silver",24013.00,"HP Official (RM 24,013.00)","HP Official: RM 24,013.00",1,https://www.hp.com/my-en/shop/hp-zbook-8-g2i-16-inch-mobile-workstation-pc-ds3x2at.html,HP Official: https://www.hp.com/my-en/shop/hp-zbook-8-g2i-16-inch-mobile-workstation-pc-ds3x2at.html,https://my-media.apjonlinecdn.com/catalog/product/cache/b3b166914d87ce343d4dc5ec5117b502/D/S/DS3X2AT-1_T1782991229.png,HP Official,Intel® Core™ Ultra 7 processor,NVIDIA RTX PRO™ 500 Blackwell,48 GB DDR5-5600 RAM,1 TB SSD Hard Drive,"16"" diagonal WUXGA display",,,Windows 11 Pro
15-GA0264TX,"HyperX OMEN 15 inch Gaming Laptop PC 15-ga0264TX, Black",7839.00,"HP Official (RM 7,839.00)","HP Official: RM 7,839.00",1,https://www.hp.com/my-en/shop/hyperx-omen-15-inch-gaming-laptop-pc-15-ga0264tx-e06jppa.html,HP Official: https://www.hp.com/my-en/shop/hyperx-omen-15-inch-gaming-laptop-pc-15-ga0264tx-e06jppa.html,https://my-media.apjonlinecdn.com/catalog/product/cache/b3b166914d87ce343d4dc5ec5117b502/h/x/hx_ome_3_5755603_1__2.png,HP Official,14th Generation Intel® Core™ i7-14650HX processor,NVIDIA® GeForce RTX™ 5050,16 GB DDR5-5600 RAM,512 GB SSD Hard drive,"15.3"" diagonal 2K display",,,Windows 11 Home
15-GA0263TX,"HyperX OMEN 15 inch Gaming Laptop PC 15-ga0263TX, Black",7839.00,"HP Official (RM 7,839.00)","HP Official: RM 7,839.00",1,https://www.hp.com/my-en/shop/hyperx-omen-15-inch-gaming-laptop-pc-15-ga0263tx-e06jnpa.html,HP Official: https://www.hp.com/my-en/shop/hyperx-omen-15-inch-gaming-laptop-pc-15-ga0263tx-e06jnpa.html,https://my-media.apjonlinecdn.com/static/version1785187843/frontend/HPOLS/stellar/en_US/Mageplaza_LazyLoading/mageplaza/lazyloading/BG.png,HP Official,14th Generation Intel® Core™ i7-14650HX processor,NVIDIA® GeForce RTX™ 5050,16 GB DDR5-5600 RAM,512 GB SSD Hard drive,"15.3"" diagonal 2K display",,,Windows 11 Home
hpelitebook8g1i14inchnote_intel®core™u__32gblp_512gbs,"HP EliteBook 8 G1i 14 inch Notebook Next Gen AI PC, Silver",8010.00,"HP Official (RM 8,010.00)","HP Official: RM 8,010.00",1,https://www.hp.com/my-en/shop/hp-elitebook-8-g1i-14-inch-notebook-next-gen-ai-pc-bv5y3pt.html,HP Official: https://www.hp.com/my-en/shop/hp-elitebook-8-g1i-14-inch-notebook-next-gen-ai-pc-bv5y3pt.html,https://my-media.apjonlinecdn.com/static/version1785187843/frontend/HPOLS/stellar/en_US/Mageplaza_LazyLoading/mageplaza/lazyloading/BG.png,HP Official,Intel® Core™ Ultra 5 processor,,32 GB LPDDR5x-8533 RAM,512 GB SSD Hard Drive,"14"" diagonal WUXGA display",,,Windows 11 Pro
16-BS0012TU,"HP OmniBook 3 16 inch Laptop Next Gen AI 16-bs0012TU, Silver",4479.00,"HP Official (RM 4,479.00)","HP Official: RM 4,479.00",1,https://www.hp.com/my-en/shop/hp-omnibook-3-laptop-next-gen-ai-16-bs0012tu-d4qv7pa.html,HP Official: https://www.hp.com/my-en/shop/hp-omnibook-3-laptop-next-gen-ai-16-bs0012tu-d4qv7pa.html,https://my-media.apjonlinecdn.com/static/version1785187843/frontend/HPOLS/stellar/en_US/Mageplaza_LazyLoading/mageplaza/lazyloading/BG.png,HP Official,Intel® Core™ Ultra 5 processor,,16GB DDR5 1DM 5600 RAM,512 GB SSD Hard Drive,"16"" diagonal 2K display",,,Windows 11 Home
14-FR0020TU,"HP OmniBook 7 14 inch Laptop AI 14-fr0020TU, Pink",4815.00,"HP Official (RM 4,815.00)","HP Official: RM 4,815.00",1,https://www.hp.com/my-en/shop/hp-omnibook-7-laptop-ai-14-fr0020tu-d4qx4pa.html,HP Official: https://www.hp.com/my-en/shop/hp-omnibook-7-laptop-ai-14-fr0020tu-d4qx4pa.html,https://my-media.apjonlinecdn.com/static/version1785187843/frontend/HPOLS/stellar/en_US/Mageplaza_LazyLoading/mageplaza/lazyloading/BG.png,HP Official,Intel® Core™ Ultra 5 processor,,16GB 7467 LPDDR5X RAM,512 GB SSD Hard Drive,"14"" diagonal 2K display",,,Windows 11 Home
15-FC1104AU,"HP 15.6 inch Laptop 15-fc1104AU, White",3359.00,"HP Official (RM 3,359.00)","HP Official: RM 3,359.00",1,https://www.hp.com/my-en/shop/hp-laptop-15-fc1104au-d9yd0pa.html,HP Official: https://www.hp.com/my-en/shop/hp-laptop-15-fc1104au-d9yd0pa.html,https://my-media.apjonlinecdn.com/static/version1785187843/frontend/HPOLS/stellar/en_US/Mageplaza_LazyLoading/mageplaza/lazyloading/BG.png,HP Official,AMD Ryzen™ 5-7535HS processor,AMD Radeon Graphics,8 GB DDR5-4800 RAM,512 GB SSD Hard drive,"15.6"" diagonal FHD display",,,Windows 11 Home
15-FC1105AU,"HP 15.6 inch Laptop 15-fc1105AU, Silver",3359.00,"HP Official (RM 3,359.00)","HP Official: RM 3,359.00",1,https://www.hp.com/my-en/shop/hp-laptop-15-fc1105au-d9yd1pa.html,HP Official: https://www.hp.com/my-en/shop/hp-laptop-15-fc1105au-d9yd1pa.html,https://my-media.apjonlinecdn.com/static/version1785187843/frontend/HPOLS/stellar/en_US/Mageplaza_LazyLoading/mageplaza/lazyloading/BG.png,HP Official,AMD Ryzen™ 5-7535HS processor,AMD Radeon Graphics,8 GB DDR5-4800 RAM,512 GB SSD Hard drive,"15.6"" diagonal FHD display",,,Windows 11 Home
hpelitebookxg2i14inchnote_intel®core™u__32gblp_1tbssd,"HP EliteBook X G2i 14 inch Notebook Next Gen AI PC, Blue",15114.00,"HP Official (RM 15,114.00)","HP Official: RM 15,114.00",1,https://www.hp.com/my-en/shop/hp-elitebook-x-g2i-14-inch-notebook-next-gen-ai-pc-d9nh9at.html,HP Official: https://www.hp.com/my-en/shop/hp-elitebook-x-g2i-14-inch-notebook-next-gen-ai-pc-d9nh9at.html,https://my-media.apjonlinecdn.com/static/version1785187843/frontend/HPOLS/stellar/en_US/Mageplaza_LazyLoading/mageplaza/lazyloading/BG.png,HP Official,Intel® Core™ Ultra X7 processor,,32 GB LPDDR5x-9600 RAM,1 TB SSD Hard drive,"14"" diagonal WUXGA display",,,Windows 11 Pro
15-FC0956AU,"HP 15.6 inch Laptop 15-fc0956AU, Gold",3471.00,"HP Official (RM 3,471.00)","HP Official: RM 3,471.00",1,https://www.hp.com/my-en/shop/hp-laptop-15-fc0956au-dw3n3pa.html,HP Official: https://www.hp.com/my-en/shop/hp-laptop-15-fc0956au-dw3n3pa.html,https://my-media.apjonlinecdn.com/static/version1785187843/frontend/HPOLS/stellar/en_US/Mageplaza_LazyLoading/mageplaza/lazyloading/BG.png,HP Official,AMD Ryzen™ 7-7730U processor,AMD Radeon Graphics,16 GB DDR4-3200 RAM,512 GB SSD Hard Drive,"15.6"" diagonal FHD display",,,Windows 11 Home
14-HU0085TU,"HP OmniBook 3 14 inch Laptop 14-hu0085TU, Blue",3807.00,"HP Official (RM 3,807.00)","HP Official: RM 3,807.00",1,https://www.hp.com/my-en/shop/hp-omnibook-3-laptop-14-hu0085tu-dn6z5pa.html,HP Official: https://www.hp.com/my-en/shop/hp-omnibook-3-laptop-14-hu0085tu-dn6z5pa.html,https://my-media.apjonlinecdn.com/catalog/product/cache/b3b166914d87ce343d4dc5ec5117b502/h/p/hp-omnibook-3-14-inch-laptop-next-gen-ai-pc-abei-starlit_blue-front.png,HP Official,Intel® Core™ 5 120U processor,,8 GB DDR5-5200 RAM,512 GB SSD Hard Drive,"14"" diagonal 2K display",,,Windows 11 Home
14-KB0087TU,"HP OmniBook X Flip 2-in-1 14 inch Laptop Next Gen AI 14-kb0087TU, Blue",6831.00,"HP Official (RM 6,831.00)","HP Official: RM 6,831.00",1,https://www.hp.com/my-en/shop/hp-omnibook-x-flip-2-in-1-laptop-next-gen-ai-14-kb0087tu-dp7x7pa.html,HP Official: https://www.hp.com/my-en/shop/hp-omnibook-x-flip-2-in-1-laptop-next-gen-ai-14-kb0087tu-dp7x7pa.html,https://my-media.apjonlinecdn.com/catalog/product/cache/b3b166914d87ce343d4dc5ec5117b502/h/p/hp-omnibook-x-flip-16-inch-2-in-1-laptop-next-gen-ai-pc-kento-atmosphericblue-tent-pen-touchscreen_1__2.png,HP Official,Intel® Core™ Ultra 7 355 processor,,16 GB LPDDR5x-7467 RAM,512 GB SSD Hard Drive,"14"" diagonal 2K touch display",,,Windows 11 Home
15-FC0963AU,"HP 15.6 inch Laptop 15-fc0963AU, Gold",2799.00,"HP Official (RM 2,799.00)","HP Official: RM 2,799.00",1,https://www.hp.com/my-en/shop/hp-laptop-15-fc0963au-e16a5pa.html,HP Official: https://www.hp.com/my-en/shop/hp-laptop-15-fc0963au-e16a5pa.html,https://my-media.apjonlinecdn.com/catalog/product/cache/b3b166914d87ce343d4dc5ec5117b502/c/0/c08586158_5_.png,HP Official,AMD Athlon™ Silver 7120U processor,AMD Radeon™ Graphics,8 GB LPDDR5-5500 RAM,512 GB SSD Hard drive,"15.6"" diagonal FHD display",,,Windows 11 Home
15-FC0951AU,"HP 15.6 inch Laptop 15-fc0951AU, Silver",2799.00,"HP Official (RM 2,799.00)","HP Official: RM 2,799.00",1,https://www.hp.com/my-en/shop/hp-laptop-15-fc0951au-e16a2pa.html,HP Official: https://www.hp.com/my-en/shop/hp-laptop-15-fc0951au-e16a2pa.html,https://my-media.apjonlinecdn.com/catalog/product/cache/b3b166914d87ce343d4dc5ec5117b502/c/0/c08484491_6_.png,HP Official,AMD Athlon™ Silver 7120U processor,AMD Radeon™ Graphics,8 GB LPDDR5-5500 RAM,512 GB SSD Hard drive,"15.6"" diagonal FHD display",,,Windows 11 Home
14-EM0306AU,"HP 14 inch Laptop 14-em0306AU, Gold",2799.00,"HP Official (RM 2,799.00)","HP Official: RM 2,799.00",1,https://www.hp.com/my-en/shop/hp-laptop-14-em0306au-e16a1pa.html,HP Official: https://www.hp.com/my-en/shop/hp-laptop-14-em0306au-e16a1pa.html,https://my-media.apjonlinecdn.com/catalog/product/cache/b3b166914d87ce343d4dc5ec5117b502/c/0/c08463638_1_.png,HP Official,AMD Athlon™ Silver 7120U processor,AMD Radeon™ Graphics,8 GB LPDDR5-5500 RAM,512 GB SSD Hard drive,"14"" diagonal FHD display",,,Windows 11 Home
14-EM0298AU,"HP 14 inch Laptop 14-em0298AU, Silver",2799.00,"HP Official (RM 2,799.00)","HP Official: RM 2,799.00",1,https://www.hp.com/my-en/shop/hp-laptop-14-em0298au-e15zypa.html,HP Official: https://www.hp.com/my-en/shop/hp-laptop-14-em0298au-e15zypa.html,https://my-media.apjonlinecdn.com/catalog/product/cache/b3b166914d87ce343d4dc5ec5117b502/c/0/c08543783_1_.png,HP Official,AMD Athlon™ Silver 7120U processor,AMD Radeon™ Graphics,8 GB LPDDR5-5500 RAM,512 GB SSD Hard drive,"14"" diagonal FHD display",,,Windows 11 Home
15-FC0962AU,"HP 15.6 inch Laptop 15-fc0962AU, Gold",3023.00,"HP Official (RM 3,023.00)","HP Official: RM 3,023.00",1,https://www.hp.com/my-en/shop/hp-laptop-15-fc0962au-e16a4pa.html,HP Official: https://www.hp.com/my-en/shop/hp-laptop-15-fc0962au-e16a4pa.html,https://my-media.apjonlinecdn.com/static/version1785187843/frontend/HPOLS/stellar/en_US/Mageplaza_LazyLoading/mageplaza/lazyloading/BG.png,HP Official,AMD Ryzen™ 3-7320U processor,AMD Radeon™ Graphics,8 GB LPDDR5-5500 RAM,512 GB SSD Hard drive,"15.6"" diagonal FHD display",,,Windows 11 Home
15-FC0952AU,"HP 15.6 inch Laptop 15-fc0952AU, Silver",3023.00,"HP Official (RM 3,023.00)","HP Official: RM 3,023.00",1,https://www.hp.com/my-en/shop/hp-laptop-15-fc0952au-e16a3pa.html,HP Official: https://www.hp.com/my-en/shop/hp-laptop-15-fc0952au-e16a3pa.html,https://my-media.apjonlinecdn.com/static/version1785187843/frontend/HPOLS/stellar/en_US/Mageplaza_LazyLoading/mageplaza/lazyloading/BG.png,HP Official,AMD Ryzen™ 3-7320U processor,AMD Radeon™ Graphics,8 GB LPDDR5-5500 RAM,512 GB SSD Hard drive,"15.6"" diagonal FHD display",,,Windows 11 Home
14-EM0305AU,"HP 14 inch Laptop 14-em0305AU, Gold",3023.00,"HP Official (RM 3,023.00)","HP Official: RM 3,023.00",1,https://www.hp.com/my-en/shop/hp-laptop-14-em0305au-e16a0pa.html,HP Official: https://www.hp.com/my-en/shop/hp-laptop-14-em0305au-e16a0pa.html,https://my-media.apjonlinecdn.com/static/version1785187843/frontend/HPOLS/stellar/en_US/Mageplaza_LazyLoading/mageplaza/lazyloading/BG.png,HP Official,AMD Ryzen™ 3-7320U processor,AMD Radeon™ Graphics,8 GB LPDDR5-5500 RAM,512 GB SSD Hard drive,"14"" diagonal FHD display",,,Windows 11 Home
14-EM0299AU,"HP 14 inch Laptop 14-em0299AU, Silver",3023.00,"HP Official (RM 3,023.00)","HP Official: RM 3,023.00",1,https://www.hp.com/my-en/shop/hp-laptop-14-em0299au-e15zzpa.html,HP Official: https://www.hp.com/my-en/shop/hp-laptop-14-em0299au-e15zzpa.html,https://my-media.apjonlinecdn.com/static/version1785187843/frontend/HPOLS/stellar/en_US/Mageplaza_LazyLoading/mageplaza/lazyloading/BG.png,HP Official,AMD Ryzen™ 3-7320U processor,AMD Radeon™ Graphics,8 GB LPDDR5-5500 RAM,512 GB SSD Hard drive,"14"" diagonal FHD display",,,Windows 11 Home
15-FC0957AU,"HP 15.6 inch Laptop 15-fc0957AU, Silver",3471.00,"HP Official (RM 3,471.00)","HP Official: RM 3,471.00",1,https://www.hp.com/my-en/shop/hp-laptop-15-fc0957au-dw3n4pa.html,HP Official: https://www.hp.com/my-en/shop/hp-laptop-15-fc0957au-dw3n4pa.html,https://my-media.apjonlinecdn.com/static/version1785187843/frontend/HPOLS/stellar/en_US/Mageplaza_LazyLoading/mageplaza/lazyloading/BG.png,HP Official,AMD Ryzen™ 7-7730U processor,AMD Radeon Graphics,16 GB DDR4-3200 RAM,512 GB SSD Hard Drive,"15.6"" diagonal FHD display",,,Windows 11 Home
14-EM0302AU,"HP 14 inch Laptop 14-em0302AU, Gold",3471.00,"HP Official (RM 3,471.00)","HP Official: RM 3,471.00",1,https://www.hp.com/my-en/shop/hp-laptop-14-em0302au-dw3m8pa.html,HP Official: https://www.hp.com/my-en/shop/hp-laptop-14-em0302au-dw3m8pa.html,https://my-media.apjonlinecdn.com/static/version1785187843/frontend/HPOLS/stellar/en_US/Mageplaza_LazyLoading/mageplaza/lazyloading/BG.png,HP Official,AMD Ryzen™ 7-7730U processor,AMD Radeon Graphics,16 GB DDR4-3200 RAM,512 GB SSD Hard Drive,"14"" diagonal FHD display",,,Windows 11 Home
14-HU0087TU,"HP OmniBook 3 14 inch Laptop 14-hu0087TU, Silver",3807.00,"HP Official (RM 3,807.00)","HP Official: RM 3,807.00",1,https://www.hp.com/my-en/shop/hp-omnibook-3-laptop-14-hu0087tu-dn6z7pa.html,HP Official: https://www.hp.com/my-en/shop/hp-omnibook-3-laptop-14-hu0087tu-dn6z7pa.html,https://my-media.apjonlinecdn.com/static/version1785187843/frontend/HPOLS/stellar/en_US/Mageplaza_LazyLoading/mageplaza/lazyloading/BG.png,HP Official,Intel® Core™ 5 120U processor,,8 GB DDR5-5200 RAM,512 GB SSD Hard Drive,"14"" diagonal 2K display",,,Windows 11 Home
14-HU0086TU,"HP OmniBook 3 14 inch Laptop 14-hu0086TU, Black",3807.00,"HP Official (RM 3,807.00)","HP Official: RM 3,807.00",1,https://www.hp.com/my-en/shop/hp-omnibook-3-laptop-14-hu0086tu-dn6z6pa.html,HP Official: https://www.hp.com/my-en/shop/hp-omnibook-3-laptop-14-hu0086tu-dn6z6pa.html,https://my-media.apjonlinecdn.com/static/version1785187843/frontend/HPOLS/stellar/en_US/Mageplaza_LazyLoading/mageplaza/lazyloading/BG.png,HP Official,Intel® Core™ 5 120U processor,,8 GB DDR5-5200 RAM,512 GB SSD Hard Drive,"14"" diagonal 2K display",,,Windows 11 Home
14-EM0289AU,"HP 14 inch Laptop 14-em0289AU, Silver",3919.00,"HP Official (RM 3,919.00)","HP Official: RM 3,919.00",1,https://www.hp.com/my-en/shop/hp-laptop-14-em0289au-dj6m3pa.html,HP Official: https://www.hp.com/my-en/shop/hp-laptop-14-em0289au-dj6m3pa.html,https://my-media.apjonlinecdn.com/catalog/product/cache/b3b166914d87ce343d4dc5ec5117b502/c/0/c08543783_2.png,HP Official,AMD Ryzen™ 7-7730U processor,AMD Radeon Graphics,8 GB DDR4-3200 RAM,512 GB SSD Hard Drive,"14"" diagonal FHD display",,,Windows 11 Home
14-EM0288AU,HP Laptop 14-em0288AU,3919.00,"HP Official (RM 3,919.00)","HP Official: RM 3,919.00",1,https://www.hp.com/my-en/shop/hp-laptop-14-em0288au-dj6m2pa.html,HP Official: https://www.hp.com/my-en/shop/hp-laptop-14-em0288au-dj6m2pa.html,https://my-media.apjonlinecdn.com/catalog/product/cache/b3b166914d87ce343d4dc5ec5117b502/c/0/c08463638_4.png,HP Official,AMD Ryzen™ 7 processor,,8 GB DDR4-3200 MT/s (1 x 8 GB),,14,,,Windows 11 Home Single Language
14-HZ0063QU,"HP OmniBook 3 14 inch Laptop Next Gen AI 14-hz0063QU, Silver",4367.00,"HP Official (RM 4,367.00)","HP Official: RM 4,367.00",1,https://www.hp.com/my-en/shop/hp-omnibook-3-laptop-next-gen-ai-14-hz0063qu-e07gvpa.html,HP Official: https://www.hp.com/my-en/shop/hp-omnibook-3-laptop-next-gen-ai-14-hz0063qu-e07gvpa.html,https://my-media.apjonlinecdn.com/catalog/product/cache/b3b166914d87ce343d4dc5ec5117b502/E/0/E07GVPA-1_T1783650027.png,HP Official,Snapdragon® X processor,Qualcomm Adreno Graphics,16 GB LPDDR5x-8448 RAM,512 GB SSD Hard Drive,"14"" diagonal 2K display",,,Windows 11 Home
16-BS0048TU,"HP OmniBook 3  16 inch Laptop Next Gen AI 16-bs0048TU, Black",4479.00,"HP Official (RM 4,479.00)","HP Official: RM 4,479.00",1,https://www.hp.com/my-en/shop/hp-omnibook-3-laptop-next-gen-ai-16-bs0048tu-e06lspa.html,HP Official: https://www.hp.com/my-en/shop/hp-omnibook-3-laptop-next-gen-ai-16-bs0048tu-e06lspa.html,https://my-media.apjonlinecdn.com/catalog/product/cache/b3b166914d87ce343d4dc5ec5117b502/E/0/E06LSPA-1_T1783650462.png,HP Official,Intel® Core™ Ultra 5 325 processor,NVIDIA GeForce RTX 5050,16 GB DDR5-5600 RAM,512 GB SSD Hard Drive,"15.3"" diagonal 2K display",,,Windows 11 Home
16-BZ0037QU,"HP OmniBook 3 16 inch Laptop Next Gen AI 16-bz0037QU, Silver",4479.00,"HP Official (RM 4,479.00)","HP Official: RM 4,479.00",1,https://www.hp.com/my-en/shop/hp-omnibook-3-laptop-next-gen-ai-16-bz0037qu-e07gwpa.html,HP Official: https://www.hp.com/my-en/shop/hp-omnibook-3-laptop-next-gen-ai-16-bz0037qu-e07gwpa.html,https://my-media.apjonlinecdn.com/catalog/product/cache/b3b166914d87ce343d4dc5ec5117b502/E/0/E07GWPA-1_T1783650068.png,HP Official,Snapdragon® X processor,Qualcomm Adreno Graphics,16 GB LPDDR5x-8448 RAM,512 GB SSD Hard Drive,"16"" diagonal 2K display",,,Windows 11 Home
14-FP0150TU,"HP OmniBook 5 Flip 2-in-1 14 inch Laptop 14-fp0150TU, Silver",5487.00,"HP Official (RM 5,487.00)","HP Official: RM 5,487.00",1,https://www.hp.com/my-en/shop/hp-omnibook-5-flip-2-in-1-laptop-14-fp0150tu-e0gb4pa.html,HP Official: https://www.hp.com/my-en/shop/hp-omnibook-5-flip-2-in-1-laptop-14-fp0150tu-e0gb4pa.html,https://my-media.apjonlinecdn.com/static/version1785187843/frontend/HPOLS/stellar/en_US/Mageplaza_LazyLoading/mageplaza/lazyloading/BG.png,HP Official,Intel® Core™ 5-120U processor,,16 GB LPDDR5-5200 RAM,512 GB SSD Hard Drive,"14"" diagonal 2K touch display",,,Windows 11 Home
14-KK0008AU,"HP OmniBook 7 14 inch Laptop AI 14-kk0008AU, Silver",5487.00,"HP Official (RM 5,487.00)","HP Official: RM 5,487.00",1,https://www.hp.com/my-en/shop/hp-omnibook-7-laptop-ai-14-kk0008au-dj6h9pa.html,HP Official: https://www.hp.com/my-en/shop/hp-omnibook-7-laptop-ai-14-kk0008au-dj6h9pa.html,https://my-media.apjonlinecdn.com/static/version1785187843/frontend/HPOLS/stellar/en_US/Mageplaza_LazyLoading/mageplaza/lazyloading/BG.png,HP Official,AMD Ryzen™ 5 240 processor,AMD Radeon 760M Graphics,16 GB LPDDR5x-7500 RAM,512 GB SSD Hard Drive,"14"" diagonal 2K display",,,Windows 11 Home
14-KK0007AU,"HP OmniBook 7 14 inch Laptop AI 14-kk0007AU, Silver",5487.00,"HP Official (RM 5,487.00)","HP Official: RM 5,487.00",1,https://www.hp.com/my-en/shop/hp-omnibook-7-laptop-ai-14-kk0007au-dj6h8pa.html,HP Official: https://www.hp.com/my-en/shop/hp-omnibook-7-laptop-ai-14-kk0007au-dj6h8pa.html,https://my-media.apjonlinecdn.com/static/version1785187843/frontend/HPOLS/stellar/en_US/Mageplaza_LazyLoading/mageplaza/lazyloading/BG.png,HP Official,AMD Ryzen™ 5 240 processor,AMD Radeon 760M Graphics,16 GB LPDDR5x-7500 RAM,512 GB SSD Hard Drive,"14"" diagonal 2K display",,,Windows 11 Home
hpprobook4g2i14inchnotebo_intel®core™5__16gblp_512gbs,"HP ProBook 4 G2i 14 inch Notebook AI PC, Silver",6139.00,"HP Official (RM 6,139.00)","HP Official: RM 6,139.00",1,https://www.hp.com/my-en/shop/hp-probook-4-g2i-14-inch-notebook-ai-pc-du5b2at.html,HP Official: https://www.hp.com/my-en/shop/hp-probook-4-g2i-14-inch-notebook-ai-pc-du5b2at.html,https://my-media.apjonlinecdn.com/static/version1785187843/frontend/HPOLS/stellar/en_US/Mageplaza_LazyLoading/mageplaza/lazyloading/BG.png,HP Official,Intel® Core™ 5 processor,,16 GB LPDDR5x-8533 RAM,512 GB SSD Hard Drive,"14"" diagonal WUXGA display",,,Windows 11 Pro
hpprobook4g2a14inchnotebo_amdryzen™ai5_amdradeong_16gbdd_512gbs,"HP ProBook 4 G2a 14 inch Notebook Next Gen AI PC, Silver",6378.00,"HP Official (RM 6,378.00)","HP Official: RM 6,378.00",1,https://www.hp.com/my-en/shop/hp-probook-4-g2a-14-inch-notebook-next-gen-ai-pc-df5a5at.html,HP Official: https://www.hp.com/my-en/shop/hp-probook-4-g2a-14-inch-notebook-next-gen-ai-pc-df5a5at.html,https://my-media.apjonlinecdn.com/static/version1785187843/frontend/HPOLS/stellar/en_US/Mageplaza_LazyLoading/mageplaza/lazyloading/BG.png,HP Official,AMD Ryzen™ AI 5 processor,AMD Radeon Graphics,16 GB DDR5-5600 RAM,512 GB SSD Hard drive,"14"" diagonal WUXGA display",,,Windows 11 Pro
14-KC0087AU,"HP OmniBook X Flip 2-in-1 14 inch Laptop Next Gen AI 14-kc0087AU, Blue",6047.00,"HP Official (RM 6,047.00)","HP Official: RM 6,047.00",1,https://www.hp.com/my-en/shop/hp-omnibook-x-flip-2-in-1-laptop-next-gen-ai-14-kc0087au-e0gc4pa.html,HP Official: https://www.hp.com/my-en/shop/hp-omnibook-x-flip-2-in-1-laptop-next-gen-ai-14-kc0087au-e0gc4pa.html,https://my-media.apjonlinecdn.com/static/version1785187843/frontend/HPOLS/stellar/en_US/Mageplaza_LazyLoading/mageplaza/lazyloading/BG.png,HP Official,AMD Ryzen™ AI 5 435 processor,AMD Radeon 840M Graphics,16 GB LPDDR5x-8000 RAM,512 GB SSD Hard Drive,"14"" diagonal 2K touch display",,,Windows 11 Home
14-KC0086AU,"HP OmniBook X Flip 2-in-1 14 inch Laptop Next Gen AI 14-kc0086AU, Brown",6047.00,"HP Official (RM 6,047.00)","HP Official: RM 6,047.00",1,https://www.hp.com/my-en/shop/hp-omnibook-x-flip-2-in-1-laptop-next-gen-ai-14-kc0086au-e0gc3pa.html,HP Official: https://www.hp.com/my-en/shop/hp-omnibook-x-flip-2-in-1-laptop-next-gen-ai-14-kc0086au-e0gc3pa.html,https://my-media.apjonlinecdn.com/static/version1785187843/frontend/HPOLS/stellar/en_US/Mageplaza_LazyLoading/mageplaza/lazyloading/BG.png,HP Official,AMD Ryzen™ AI 5 435 processor,AMD Radeon 840M Graphics,16 GB LPDDR5x-8000 RAM,512 GB SSD Hard Drive,"14"" diagonal 2K touch display",,,Windows 11 Home
14-FP0152TU,"HP OmniBook 5 Flip 2-in-1 14 inch Laptop 14-fp0152TU, Silver",6159.00,"HP Official (RM 6,159.00)","HP Official: RM 6,159.00",1,https://www.hp.com/my-en/shop/hp-omnibook-5-flip-2-in-1-laptop-14-fp0152tu-e0gb6pa.html,HP Official: https://www.hp.com/my-en/shop/hp-omnibook-5-flip-2-in-1-laptop-14-fp0152tu-e0gb6pa.html,https://my-media.apjonlinecdn.com/static/version1785187843/frontend/HPOLS/stellar/en_US/Mageplaza_LazyLoading/mageplaza/lazyloading/BG.png,HP Official,Intel® Core™ 7-150U processor,,16 GB LPDDR5-5200 RAM,512 GB SSD Hard Drive,"14"" diagonal 2K touch display",,,Windows 11 Home
14-FP0151TU,"HP OmniBook 5 Flip 2-in-1 14 inch Laptop 14-fp0151TU, Pink",6159.00,"HP Official (RM 6,159.00)","HP Official: RM 6,159.00",1,https://www.hp.com/my-en/shop/hp-omnibook-5-flip-2-in-1-laptop-14-fp0151tu-e0gb5pa.html,HP Official: https://www.hp.com/my-en/shop/hp-omnibook-5-flip-2-in-1-laptop-14-fp0151tu-e0gb5pa.html,https://my-media.apjonlinecdn.com/static/version1785187843/frontend/HPOLS/stellar/en_US/Mageplaza_LazyLoading/mageplaza/lazyloading/BG.png,HP Official,Intel® Core™ 7-150U processor,,16 GB LPDDR5-5200 RAM,512 GB SSD Hard Drive,"14"" diagonal 2K touch display",,,Windows 11 Home
14-HG0054TU,"HP OmniBook 7 14 inch Laptop Next Gen AI 14-hg0054TU, Silver",6159.00,"HP Official (RM 6,159.00)","HP Official: RM 6,159.00",1,https://www.hp.com/my-en/shop/hp-omnibook-7-laptop-next-gen-ai-14-hg0054tu-dp7w9pa.html,HP Official: https://www.hp.com/my-en/shop/hp-omnibook-7-laptop-next-gen-ai-14-hg0054tu-dp7w9pa.html,https://my-media.apjonlinecdn.com/catalog/product/cache/b3b166914d87ce343d4dc5ec5117b502/D/P/DP7W9PA-1_T1783650691.png,HP Official,Intel® Core™ Ultra 5 325 processor,,16 GB LPDDR5x-7467 RAM,512 GB SSD Hard Drive,"14"" diagonal 2K OLED display",,,Windows 11 Home
14-HG0053TU,"HP OmniBook 7 14 inch Laptop Next Gen AI 14-hg0053TU, Silver",6159.00,"HP Official (RM 6,159.00)","HP Official: RM 6,159.00",1,https://www.hp.com/my-en/shop/hp-omnibook-7-laptop-next-gen-ai-14-hg0053tu-dp7w8pa.html,HP Official: https://www.hp.com/my-en/shop/hp-omnibook-7-laptop-next-gen-ai-14-hg0053tu-dp7w8pa.html,https://my-media.apjonlinecdn.com/catalog/product/cache/b3b166914d87ce343d4dc5ec5117b502/D/P/DP7W8PA-1_T1783650660.png,HP Official,Intel® Core™ Ultra 5 325 processor,,16 GB LPDDR5x-7467 RAM,512 GB SSD Hard Drive,"14"" diagonal 2K OLED display",,,Windows 11 Home
14-HG0052TU,"HP OmniBook 7 14 inch Laptop Next Gen AI 14-hg0052TU, Pink",6159.00,"HP Official (RM 6,159.00)","HP Official: RM 6,159.00",1,https://www.hp.com/my-en/shop/hp-omnibook-7-laptop-next-gen-ai-14-hg0052tu-dp7w7pa.html,HP Official: https://www.hp.com/my-en/shop/hp-omnibook-7-laptop-next-gen-ai-14-hg0052tu-dp7w7pa.html,https://my-media.apjonlinecdn.com/catalog/product/cache/b3b166914d87ce343d4dc5ec5117b502/D/P/DP7W7PA-1_T1783650629.png,HP Official,Intel® Core™ Ultra 5 325 processor,,16 GB LPDDR5x-7467 RAM,512 GB SSD Hard Drive,"14"" diagonal 2K OLED display",,,Windows 11 Home
14-KB0086TU,"HP OmniBook X Flip 2-in-1 14 inch Laptop Next Gen AI 14-kb0086TU, Silver",6271.00,"HP Official (RM 6,271.00)","HP Official: RM 6,271.00",1,https://www.hp.com/my-en/shop/hp-omnibook-x-flip-2-in-1-laptop-next-gen-ai-14-kb0086tu-dp7x6pa.html,HP Official: https://www.hp.com/my-en/shop/hp-omnibook-x-flip-2-in-1-laptop-next-gen-ai-14-kb0086tu-dp7x6pa.html,https://my-media.apjonlinecdn.com/catalog/product/cache/b3b166914d87ce343d4dc5ec5117b502/h/p/hp-omnibook-x-flip-16-inch-2-in-1-laptop-next-gen-ai-pc-kento-meteorsilver-tent-pen-touchscreen_2.png,HP Official,Intel® Core™ Ultra 5 325 processor,,16 GB LPDDR5x-7467 RAM,512 GB SSD Hard Drive,"14"" diagonal 2K touch display",,,Windows 11 Home
14-KB0085TU,"HP OmniBook X Flip 2-in-1 14 inch Laptop Next Gen AI 14-kb0085TU, Blue",6271.00,"HP Official (RM 6,271.00)","HP Official: RM 6,271.00",1,https://www.hp.com/my-en/shop/hp-omnibook-x-flip-2-in-1-laptop-next-gen-ai-14-kb0085tu-dp7x5pa.html,HP Official: https://www.hp.com/my-en/shop/hp-omnibook-x-flip-2-in-1-laptop-next-gen-ai-14-kb0085tu-dp7x5pa.html,https://my-media.apjonlinecdn.com/catalog/product/cache/b3b166914d87ce343d4dc5ec5117b502/h/p/hp-omnibook-x-flip-16-inch-2-in-1-laptop-next-gen-ai-pc-kento-atmosphericblue-tent-pen-touchscreen_1_.png,HP Official,Intel® Core™ Ultra 5 325 processor,,16 GB LPDDR5x-7467 RAM,512 GB SSD Hard Drive,"14"" diagonal 2K touch display",,,Windows 11 Home
14-KB0088TU,"HP OmniBook X Flip 2-in-1 14 inch Laptop Next Gen AI 14-kb0088TU, Silver",6831.00,"HP Official (RM 6,831.00)","HP Official: RM 6,831.00",1,https://www.hp.com/my-en/shop/hp-omnibook-x-flip-2-in-1-laptop-next-gen-ai-14-kb0088tu-dp7x8pa.html,HP Official: https://www.hp.com/my-en/shop/hp-omnibook-x-flip-2-in-1-laptop-next-gen-ai-14-kb0088tu-dp7x8pa.html,https://my-media.apjonlinecdn.com/catalog/product/cache/b3b166914d87ce343d4dc5ec5117b502/h/p/hp-omnibook-x-flip-16-inch-2-in-1-laptop-next-gen-ai-pc-kento-meteorsilver-tent-pen-touchscreen_1_1.png,HP Official,Intel® Core™ Ultra 7 355 processor,,16 GB LPDDR5x-7467 RAM,512 GB SSD Hard Drive,"14"" diagonal 2K touch display",,,Windows 11 Home
14-KA0074TU,"HP OmniBook X 14 inch Laptop Next Gen AI 14-ka0074TU, Silver",7839.00,"HP Official (RM 7,839.00)","HP Official: RM 7,839.00",1,https://www.hp.com/my-en/shop/hp-omnibook-x-laptop-next-gen-ai-14-ka0074tu-dp8f9pa.html,HP Official: https://www.hp.com/my-en/shop/hp-omnibook-x-laptop-next-gen-ai-14-ka0074tu-dp8f9pa.html,https://my-media.apjonlinecdn.com/static/version1785187843/frontend/HPOLS/stellar/en_US/Mageplaza_LazyLoading/mageplaza/lazyloading/BG.png,HP Official,Intel® Core™ Ultra 7 355 processor,,16 GB LPDDR5x-7467 RAM,1 TB SSD Hard Drive,"14"" diagonal 3K OLED touch display",,,Windows 11 Home
14-KA0073TU,"HP OmniBook X 14 inch Laptop Next Gen AI 14-ka0073TU, Blue",7839.00,"HP Official (RM 7,839.00)","HP Official: RM 7,839.00",1,https://www.hp.com/my-en/shop/hp-omnibook-x-laptop-next-gen-ai-14-ka0073tu-dp8f8pa.html,HP Official: https://www.hp.com/my-en/shop/hp-omnibook-x-laptop-next-gen-ai-14-ka0073tu-dp8f8pa.html,https://my-media.apjonlinecdn.com/static/version1785187843/frontend/HPOLS/stellar/en_US/Mageplaza_LazyLoading/mageplaza/lazyloading/BG.png,HP Official,Intel® Core™ Ultra 7 355 processor,,16 GB LPDDR5x-7467 RAM,1 TB SSD Hard Drive,"14"" diagonal 3K OLED touch display",,,Windows 11 Home
16-AM2163TX,"HyperX OMEN 16 inch Gaming Laptop PC 16-am2163TX, Black",8847.00,"HP Official (RM 8,847.00)","HP Official: RM 8,847.00",1,https://www.hp.com/my-en/shop/hyperx-omen-16-inch-gaming-laptop-pc-16-am2163tx-e08z5pa.html,HP Official: https://www.hp.com/my-en/shop/hyperx-omen-16-inch-gaming-laptop-pc-16-am2163tx-e08z5pa.html,https://my-media.apjonlinecdn.com/static/version1785187843/frontend/HPOLS/stellar/en_US/Mageplaza_LazyLoading/mageplaza/lazyloading/BG.png,HP Official,14th Generation Intel® Core™ i7-14650HX processor,NVIDIA® GeForce RTX™ 5060,16 GB DDR5-5600 RAM,512 GB SSD Hard drive,"16"" diagonal 2.5K display",,,Windows 11 Home
15-GA0066TX,"HyperX OMEN 15 inch Gaming Laptop PC 15-ga0066TX, Black",8847.00,"HP Official (RM 8,847.00)","HP Official: RM 8,847.00",1,https://www.hp.com/my-en/shop/hyperx-omen-15-inch-gaming-laptop-pc-15-ga0066tx-e08z1pa.html,HP Official: https://www.hp.com/my-en/shop/hyperx-omen-15-inch-gaming-laptop-pc-15-ga0066tx-e08z1pa.html,https://my-media.apjonlinecdn.com/static/version1785187843/frontend/HPOLS/stellar/en_US/Mageplaza_LazyLoading/mageplaza/lazyloading/BG.png,HP Official,14th Generation Intel® Core™ i7-14650HX processor,NVIDIA® GeForce RTX™ 5060,16 GB DDR5-5600 RAM,512 GB SSD Hard drive,"15.3"" diagonal WQXGA display",,,Windows 11 Home
14-HG0057TU,"HP OmniBook 7 14 inch Laptop Next Gen AI 14-hg0057TU, Silver",8959.00,"HP Official (RM 8,959.00)","HP Official: RM 8,959.00",1,https://www.hp.com/my-en/shop/hp-omnibook-7-laptop-next-gen-ai-14-hg0057tu-dp7x2pa.html,HP Official: https://www.hp.com/my-en/shop/hp-omnibook-7-laptop-next-gen-ai-14-hg0057tu-dp7x2pa.html,https://my-media.apjonlinecdn.com/static/version1785187843/frontend/HPOLS/stellar/en_US/Mageplaza_LazyLoading/mageplaza/lazyloading/BG.png,HP Official,Intel® Core™ Ultra 7 356H processor,,32 GB LPDDR5x-8533 RAM,1 TB SSD Hard Drive,"14"" diagonal 2K OLED display",,,Windows 11 Home
14-HG0056TU,"HP OmniBook 7 14 inch Laptop Next Gen AI 14-hg0056TU, Silver",8959.00,"HP Official (RM 8,959.00)","HP Official: RM 8,959.00",1,https://www.hp.com/my-en/shop/hp-omnibook-7-laptop-next-gen-ai-14-hg0056tu-dp7x1pa.html,HP Official: https://www.hp.com/my-en/shop/hp-omnibook-7-laptop-next-gen-ai-14-hg0056tu-dp7x1pa.html,https://my-media.apjonlinecdn.com/static/version1785187843/frontend/HPOLS/stellar/en_US/Mageplaza_LazyLoading/mageplaza/lazyloading/BG.png,HP Official,Intel® Core™ Ultra 7 356H processor,,32 GB LPDDR5x-8533 RAM,1 TB SSD Hard Drive,"14"" diagonal 2K OLED display",,,Windows 11 Home
14-HG0055TU,"HP OmniBook 7 14 inch Laptop Next Gen AI 14-hg0055TU, Pink",8959.00,"HP Official (RM 8,959.00)","HP Official: RM 8,959.00",1,https://www.hp.com/my-en/shop/hp-omnibook-7-laptop-next-gen-ai-14-hg0055tu-dp7x0pa.html,HP Official: https://www.hp.com/my-en/shop/hp-omnibook-7-laptop-next-gen-ai-14-hg0055tu-dp7x0pa.html,https://my-media.apjonlinecdn.com/static/version1785187843/frontend/HPOLS/stellar/en_US/Mageplaza_LazyLoading/mageplaza/lazyloading/BG.png,HP Official,Intel® Core™ Ultra 7 356H processor,,32 GB LPDDR5x-8533 RAM,1 TB SSD Hard Drive,"14"" diagonal 2K OLED display",,,Windows 11 Home
16-AP1002AX,"HyperX OMEN 16 inch Gaming Laptop PC 16-ap1002AX, Black",8959.00,"HP Official (RM 8,959.00)","HP Official: RM 8,959.00",1,https://www.hp.com/my-en/shop/hyperx-omen-16-inch-gaming-laptop-pc-16-ap1002ax-dj6p0pa.html,HP Official: https://www.hp.com/my-en/shop/hyperx-omen-16-inch-gaming-laptop-pc-16-ap1002ax-dj6p0pa.html,https://my-media.apjonlinecdn.com/static/version1785187843/frontend/HPOLS/stellar/en_US/Mageplaza_LazyLoading/mageplaza/lazyloading/BG.png,HP Official,AMD Ryzen™ 7-8745HX processor,NVIDIA® GeForce RTX™ 5060,16 GB DDR5-5200 RAM,512 GB SSD Hard drive,"16"" diagonal 2.5K display",,,Windows 11 Home
hpzbook8g1i14inchmobilewo_intel®core™u_nvidiartx™_32gbdd_1tbssd,"HP ZBook 8 G1i 14 inch Mobile Workstation PC, Silver",17579.00,"HP Official (RM 17,579.00)","HP Official: RM 17,579.00",1,https://www.hp.com/my-en/shop/hp-zbook-8-g1i-14-inch-mobile-workstation-pc-data-science-e0rq0at.html,HP Official: https://www.hp.com/my-en/shop/hp-zbook-8-g1i-14-inch-mobile-workstation-pc-data-science-e0rq0at.html,https://my-media.apjonlinecdn.com/catalog/product/cache/b3b166914d87ce343d4dc5ec5117b502/h/p/hp-zbook-8-g1i-14-inch-mobile-workstation-machuw14-frontopen-touchicon.png,HP Official,Intel® Core™ Ultra 7 255H processor,NVIDIA RTX™ 500 Ada,32 GB DDR5-5600 RAM,1 TB SSD Hard Drive,"14"" diagonal WUXGA touch display",,,Windows 11 Pro
ACER-ACER-ASPIRE,"Acer Acer Aspire 7 Gaming Laptop (A715-59G-54Q6 /A715-59G-527W) C5-210H/8GB DDR4/512GB SSD/15.6"" FHD 144Hz/RTX3050",3339.00,"Acer Official (RM 3,339.00)","Acer Official: RM 3,339.00",1,https://www.allithypermarket.com.my/products/acer-acer-aspire-7-gaming-laptop-a715-59g-54q6-a715-59g-527w-c5-210h-8gb-ddr4-512gb-ssd-15-6-fhd-144hz-rtx3050,Acer Official: https://www.allithypermarket.com.my/products/acer-acer-aspire-7-gaming-laptop-a715-59g-54q6-a715-59g-527w-c5-210h-8gb-ddr4-512gb-ssd-15-6-fhd-144hz-rtx3050,https://cdn.shopify.com/s/files/1/1974/9033/files/my-11134207-820li-mqfn2q13lloge0.jpg?v=1783568503,Acer (via ALL IT),Intel® Core™ 5 210H,NVIDIA® GeForce RTX™ 3050,8GB DDR4,512GB SSD,"15.6"" Full HD IPS, 144Hz",,,OPERATING SYSTEM: Windows 11 Home
LITE-14-LAPTOP,"Acer Aspire Lite 14 Laptop AL14-53P-50UY CU5-115U/16GB DDR4/512GB SSD/14""WUXGA",2939.00,"Acer Official (RM 2,939.00)","Acer Official: RM 2,939.00",1,https://www.allithypermarket.com.my/products/acer-aspire-lite-14-laptop-al14-53p-50uy-cu5-115u-16gb-ddr4-512gb-ssd-14wuxga,Acer Official: https://www.allithypermarket.com.my/products/acer-aspire-lite-14-laptop-al14-53p-50uy-cu5-115u-16gb-ddr4-512gb-ssd-14wuxga,https://cdn.shopify.com/s/files/1/1974/9033/files/20260612024357a13b5b402a5904f35028ea9f6ef85a18.jpg?v=1781232253,Acer (via ALL IT),Intel® Core™ Ultra 5 115U,Intel® Graphics,16GB DDR5 RAM,512GB PCIe Gen4 NVMe SSD,"14"" WUXGA (1920 × 1200)",Wi-Fi 6E + Bluetooth® 5.3,,MAX TURBO FREQUENCY: Up to 4.2GHz | NPU: Intel® AI Boost | ASPECT RATIO: 16:10 | PANEL TYPE: IPS | OPERATING SYSTEM: Windows 11 Home
LITE-15-AL15,"Acer Aspire Lite 15 AL15-53P-56JV Laptop C5-120U/8GB DDR4/512GB SSD/15.6"" FHD/W11",2839.00,"Acer Official (RM 2,839.00)","Acer Official: RM 2,839.00",1,https://www.allithypermarket.com.my/products/acer-aspire-lite-15-al15-53p-56jv-laptop-c5-120u-8gb-ddr4-512gb-ssd-15-6-fhd-w11,Acer Official: https://www.allithypermarket.com.my/products/acer-aspire-lite-15-al15-53p-56jv-laptop-c5-120u-8gb-ddr4-512gb-ssd-15-6-fhd-w11,https://cdn.shopify.com/s/files/1/1974/9033/files/2026071403371516399f73337f87f8a65136a5e3b0068e.jpg?v=1784000252,Acer (via ALL IT),Intel® Core™ 5 120U,Intel® Graphics,8GB DDR4,512GB SSD,"15.6"" Full HD",,,OPERATING SYSTEM: Windows 11 Home | COLOUR: Pure Silver
LITE-15-LAPTOP,"Acer Aspire Lite 15 Laptop AL15-53P-59PC C5-120U/16GB DDR5/512GB/SSD/15.6"" FHD/W11/H&S+M365 Basic",2899.00,"Acer Official (RM 2,899.00)","Acer Official: RM 2,899.00",1,https://www.allithypermarket.com.my/products/acer-aspire-lite-15-laptop-al15-53p-59pc-c5-120u-16gb-ddr5-512gb-ssd-15-6-fhd-w11-h-s-m365-basic,Acer Official: https://www.allithypermarket.com.my/products/acer-aspire-lite-15-laptop-al15-53p-59pc-c5-120u-16gb-ddr5-512gb-ssd-15-6-fhd-w11-h-s-m365-basic,https://cdn.shopify.com/s/files/1/1974/9033/files/A314-36M-34XH_Shopify.jpg?v=1776217109,Acer (via ALL IT),Intel Core 5 120U processor for smooth multitasking and productivity,Feature 5: Intel Integrated Graphics,"16GB RAM ensures fast performance for work, study, and daily use",512GB PCIe Gen4 SSD for fast boot and data access,15.6” Full HD IPS display with clear and vibrant visuals,Wired / Wireless (WiFi + Bluetooth),Approx. 36Wh Battery (Typical for this series),FEATURE 1: Intel Core 5 120U Processor (Up to 5.0GHz Turbo) | FEATURE 2: 16GB DDR4 RAM (Upgradeable) | FEATURE 3: 512GB PCIe Gen4 NVMe SSD | FEATURE 4: 15.6” FHD (1920×1080) IPS Display | FEATURE 5: Intel Integrated Graphics | CHARGING: DC Power Adapter | PRODUCT DIMENSIONS: Approx. 36.0 × 24.0 × 2.0 cm | PRODUCT WEIGHT: Approx. 1.5 – 1.6 kg
