id,title,price,url,image_url,series,processor,graphics,memory,storage,display,wifi,battery,others
56207,"Acer Aspire 7 A715-59G-501E 15.6"" Laptop/ Notebook (Core 5 210H, 16GB, 512GB, NV RTX3050, W11H, Off H&S + Off 365 Basic, 144Hz)",3628.00,https://www.techhypermart.com/notebooks/acer-aspire-7-a715-59g-501e-15-6-laptop-notebook-core-5-210h-16gb-512gb-nv-rtx3050-w11h-off-h-s-off-365-basic-144hz,https://www.techhypermart.com/image/cache/catalog/laptopnotebook/acer/A715-59G-501E-a-250x250.png,TechHypermart - Acer,Core 5,NV RTX3050,16GB,16GB,,,,
57248,"Acer Aspire 7 A715-59G-501E-1-W11-EPP 15.6"" Laptop/ Notebook (Core 5 210H, 16GB, 1TB, NV RTX3050, W11H, Off H&S + Off 365 Basic, 144Hz)",5369.00,https://www.techhypermart.com/notebooks/acer-aspire-7-a715-59g-501e-1-w11-epp-15-6-laptop-notebook-core-5-210h-16gb-1tb-nv-rtx3050-w11h-off-h-s-off-365-basic-144hz,https://www.techhypermart.com/image/cache/catalog/laptopnotebook/acer/A715-59G-501E-epp-250x250.png,TechHypermart - Acer,Core 5,NV RTX3050,16GB,16GB,,,,
57250,"Acer Aspire 7 A715-59G-501E-1-W11P-EPP 15.6"" Laptop/ Notebook (Core 5 210H, 16GB, 1TB, NV RTX3050, W11P, Off H&S + Off 365 Basic, 144Hz)",6219.00,https://www.techhypermart.com/notebooks/acer-aspire-7-a715-59g-501e-1-w11p-epp-15-6-laptop-notebook-core-5-210h-16gb-1tb-nv-rtx3050-w11p-off-h-s-off-365-basic-144hz,https://www.techhypermart.com/image/cache/catalog/laptopnotebook/acer/A715-59G-501E-w11p-epp-250x250.png,TechHypermart - Acer,Core 5,NV RTX3050,16GB,16GB,,,,
57249,"Acer Aspire 7 A715-59G-501E-W11P 15.6"" Laptop/ Notebook (Core 5 210H, 16GB, 512GB, NV RTX3050, W11P, Off H&S + Off 365 Basic, 144Hz)",4429.00,https://www.techhypermart.com/notebooks/acer-aspire-7-a715-59g-501e-w11p-15-6-laptop-notebook-core-5-210h-16gb-512gb-nv-rtx3050-w11p-off-h-s-off-365-basic-144hz,https://www.techhypermart.com/image/cache/catalog/laptopnotebook/acer/A715-59G-501E-w11p-250x250.png,TechHypermart - Acer,Core 5,NV RTX3050,16GB,16GB,,,,
56882,"Acer Aspire 7 A715-59G-527W 15.6"" Laptop/ Notebook (Core 5 210H, 8GB, 512GB, NV RTX3050, W11H, Off H&S + Off 365 Basic, 144Hz)",3279.00,https://www.techhypermart.com/notebooks/acer-aspire-7-a715-59g-527w-15-6-laptop-notebook-core-5-210h-8gb-512gb-nv-rtx3050-w11h-off-h-s-off-365-basic-144hz,https://www.techhypermart.com/image/cache/catalog/laptopnotebook/acer/A715-59G-527W-a-250x250.png,TechHypermart - Acer,Core 5,NV RTX3050,8GB,8GB,,,,
57415,"Acer Aspire 7 A715-59G-527W-1-W11-EPP 15.6"" Laptop/ Notebook (Core 5 210H, 8GB, 1TB, NV RTX3050, W11H, Off H&S + Off 365 Basic, 144Hz)",5009.00,https://www.techhypermart.com/notebooks/acer-aspire-7-a715-59g-527w-1-w11-epp-15-6-laptop-notebook-core-5-210h-8gb-1tb-nv-rtx3050-w11h-off-h-s-off-365-basic-144hz,https://www.techhypermart.com/image/cache/catalog/laptopnotebook/acer/A715-59G-527W-epp-250x250.png,TechHypermart - Acer,Core 5,NV RTX3050,8GB,8GB,,,,
57421,"Acer Aspire 7 A715-59G-527W-1-W11P-EPP 15.6"" Laptop/ Notebook (Core 5 210H, 8GB, 1TB, NV RTX3050, W11P, Off H&S + Off 365 Basic, 144Hz)",5859.00,https://www.techhypermart.com/notebooks/acer-aspire-7-a715-59g-527w-1-w11p-epp-15-6-laptop-notebook-core-5-210h-8gb-1tb-nv-rtx3050-w11p-off-h-s-off-365-basic-144hz,https://www.techhypermart.com/image/cache/catalog/laptopnotebook/acer/A715-59G-527W-w11p-epp-250x250.png,TechHypermart - Acer,Core 5,NV RTX3050,8GB,8GB,,,,
57416,"Acer Aspire 7 A715-59G-527W-16-1-W11-EPP 15.6"" Laptop/ Notebook (Core 5 210H, 16GB, 1TB, NV RTX3050, W11H, Off H&S + Off 365 Basic, 144Hz)",5439.00,https://www.techhypermart.com/notebooks/acer-aspire-7-a715-59g-527w-16-1-w11-epp-15-6-laptop-notebook-core-5-210h-16gb-1tb-nv-rtx3050-w11h-off-h-s-off-365-basic-144hz,https://www.techhypermart.com/image/cache/catalog/laptopnotebook/acer/A715-59G-527W-epp-250x250.png,TechHypermart - Acer,Core 5,NV RTX3050,16GB,16GB,,,,
57422,"Acer Aspire 7 A715-59G-527W-16-1-W11P-EPP 15.6"" Laptop/ Notebook (Core 5 210H, 16GB, 1TB, NV RTX3050, W11P, Off H&S + Off 365 Basic, 144Hz)",6289.00,https://www.techhypermart.com/notebooks/acer-aspire-7-a715-59g-527w-16-1-w11p-epp-15-6-laptop-notebook-core-5-210h-16gb-1tb-nv-rtx3050-w11p-off-h-s-off-365-basic-144hz,https://www.techhypermart.com/image/cache/catalog/laptopnotebook/acer/A715-59G-527W-w11p-epp-250x250.png,TechHypermart - Acer,Core 5,NV RTX3050,16GB,16GB,,,,
56907,"Acer Aspire 7 A715-59G-527W-16-W11 15.6"" Laptop/ Notebook (Core 5 210H, 16GB, 512GB, NV RTX3050, W11H, Off H&S + Off 365 Basic, 144Hz)",3689.00,https://www.techhypermart.com/notebooks/acer-aspire-7-a715-59g-527w-16-w11-15-6-laptop-notebook-core-5-210h-16gb-512gb-nv-rtx3050-w11h-off-h-s-off-365-basic-144hz,https://www.techhypermart.com/image/cache/catalog/laptopnotebook/acer/A715-59G-527W-a-250x250.png,TechHypermart - Acer,Core 5,NV RTX3050,16GB,16GB,,,,
57419,"Acer Aspire 7 A715-59G-527W-16-W11P 15.6"" Laptop/ Notebook (Core 5 210H, 16GB, 512GB, NV RTX3050, W11P, Off H&S + Off 365 Basic, 144Hz)",4489.00,https://www.techhypermart.com/notebooks/acer-aspire-7-a715-59g-527w-16-w11p-15-6-laptop-notebook-core-5-210h-16gb-512gb-nv-rtx3050-w11p-off-h-s-off-365-basic-144hz,https://www.techhypermart.com/image/cache/catalog/laptopnotebook/acer/A715-59G-527W-w11p-250x250.png,TechHypermart - Acer,Core 5,NV RTX3050,16GB,16GB,,,,
57417,"Acer Aspire 7 A715-59G-527W-24-1-W11-EPP 15.6"" Laptop/ Notebook (Core 5 210H, 24GB, 1TB, NV RTX3050, W11H, Off H&S + Off 365 Basic, 144Hz)",5819.00,https://www.techhypermart.com/notebooks/acer-aspire-7-a715-59g-527w-24-1-w11-epp-15-6-laptop-notebook-core-5-210h-24gb-1tb-nv-rtx3050-w11h-off-h-s-off-365-basic-144hz,https://www.techhypermart.com/image/cache/catalog/laptopnotebook/acer/A715-59G-527W-epp-250x250.png,TechHypermart - Acer,Core 5,NV RTX3050,24GB,24GB,,,,
57423,"Acer Aspire 7 A715-59G-527W-24-1-W11P-EPP 15.6"" Laptop/ Notebook (Core 5 210H, 24GB, 1TB, NV RTX3050, W11P, Off H&S + Off 365 Basic, 144Hz)",6669.00,https://www.techhypermart.com/notebooks/acer-aspire-7-a715-59g-527w-24-1-w11p-epp-15-6-laptop-notebook-core-5-210h-24gb-1tb-nv-rtx3050-w11p-off-h-s-off-365-basic-144hz,https://www.techhypermart.com/image/cache/catalog/laptopnotebook/acer/A715-59G-527W-w11p-epp-250x250.png,TechHypermart - Acer,Core 5,NV RTX3050,24GB,24GB,,,,
56908,"Acer Aspire 7 A715-59G-527W-24-W11 15.6"" Laptop/ Notebook (Core 5 210H, 24GB, 512GB, NV RTX3050, W11H, Off H&S + Off 365 Basic, 144Hz)",4039.00,https://www.techhypermart.com/notebooks/acer-aspire-7-a715-59g-527w-24-w11-15-6-laptop-notebook-core-5-210h-24gb-512gb-nv-rtx3050-w11h-off-h-s-off-365-basic-144hz,https://www.techhypermart.com/image/cache/catalog/laptopnotebook/acer/A715-59G-527W-a-250x250.png,TechHypermart - Acer,Core 5,NV RTX3050,24GB,24GB,,,,
57420,"Acer Aspire 7 A715-59G-527W-24-W11P 15.6"" Laptop/ Notebook (Core 5 210H, 24GB, 512GB, NV RTX3050, W11P, Off H&S + Off 365 Basic, 144Hz)",4839.00,https://www.techhypermart.com/notebooks/acer-aspire-7-a715-59g-527w-24-w11p-15-6-laptop-notebook-core-5-210h-24gb-512gb-nv-rtx3050-w11p-off-h-s-off-365-basic-144hz,https://www.techhypermart.com/image/cache/catalog/laptopnotebook/acer/A715-59G-527W-w11p-250x250.png,TechHypermart - Acer,Core 5,NV RTX3050,24GB,24GB,,,,
57418,"Acer Aspire 7 A715-59G-527W-W11P 15.6"" Laptop/ Notebook (Core 5 210H, 8GB, 512GB, NV RTX3050, W11P, Off H&S + Off 365 Basic, 144Hz)",4089.00,https://www.techhypermart.com/notebooks/acer-aspire-7-a715-59g-527w-w11p-15-6-laptop-notebook-core-5-210h-8gb-512gb-nv-rtx3050-w11p-off-h-s-off-365-basic-144hz,https://www.techhypermart.com/image/cache/catalog/laptopnotebook/acer/A715-59G-527W-w11p-250x250.png,TechHypermart - Acer,Core 5,NV RTX3050,8GB,8GB,,,,
56883,"Acer Aspire 7 A715-59G-54Q6 15.6"" Laptop/ Notebook (Core 5 210H, 8GB, 512GB, NV RTX3050, W11H, Off H&S + Off 365 Basic, 144Hz)",3289.00,https://www.techhypermart.com/notebooks/acer-aspire-7-a715-59g-54q6-15-6-laptop-notebook-core-5-210h-8gb-512gb-nv-rtx3050-w11h-off-h-s-off-365-basic-144hz,https://www.techhypermart.com/image/cache/catalog/laptopnotebook/acer/A715-59G-54Q6-a-250x250.png,TechHypermart - Acer,Core 5,NV RTX3050,8GB,8GB,,,,
57424,"Acer Aspire 7 A715-59G-54Q6-1-W11-EPP 15.6"" Laptop/ Notebook (Core 5 210H, 8GB, 1TB, NV RTX3050, W11H, Off H&S + Off 365 Basic, 144Hz)",5019.00,https://www.techhypermart.com/notebooks/acer-aspire-7-a715-59g-54q6-1-w11-epp-15-6-laptop-notebook-core-5-210h-8gb-1tb-nv-rtx3050-w11h-off-h-s-off-365-basic-144hz,https://www.techhypermart.com/image/cache/catalog/laptopnotebook/acer/A715-59G-54Q6-epp-250x250.png,TechHypermart - Acer,Core 5,NV RTX3050,8GB,8GB,,,,
57431,"Acer Aspire 7 A715-59G-54Q6-1-W11P-EPP 15.6"" Laptop/ Notebook (Core 5 210H, 8GB, 1TB, NV RTX3050, W11P, Off H&S + Off 365 Basic, 144Hz)",5869.00,https://www.techhypermart.com/notebooks/acer-aspire-7-a715-59g-54q6-1-w11p-epp-15-6-laptop-notebook-core-5-210h-8gb-1tb-nv-rtx3050-w11p-off-h-s-off-365-basic-144hz,https://www.techhypermart.com/image/cache/catalog/laptopnotebook/acer/A715-59G-54Q6-w11p-epp-250x250.png,TechHypermart - Acer,Core 5,NV RTX3050,8GB,8GB,,,,
57425,"Acer Aspire 7 A715-59G-54Q6-16-1-W11-EPP 15.6"" Laptop/ Notebook (Core 5 210H, 16GB, 1TB, NV RTX3050, W11H, Off H&S + Off 365 Basic, 144Hz)",5449.00,https://www.techhypermart.com/notebooks/acer-aspire-7-a715-59g-54q6-16-1-w11-epp-15-6-laptop-notebook-core-5-210h-16gb-1tb-nv-rtx3050-w11h-off-h-s-off-365-basic-144hz,https://www.techhypermart.com/image/cache/catalog/laptopnotebook/acer/A715-59G-54Q6-epp-250x250.png,TechHypermart - Acer,Core 5,NV RTX3050,16GB,16GB,,,,
57432,"Acer Aspire 7 A715-59G-54Q6-16-1-W11P-EPP 15.6"" Laptop/ Notebook (Core 5 210H, 16GB, 1TB, NV RTX3050, W11P, Off H&S + Off 365 Basic, 144Hz)",6229.00,https://www.techhypermart.com/notebooks/acer-aspire-7-a715-59g-54q6-16-1-w11p-epp-15-6-laptop-notebook-core-5-210h-16gb-1tb-nv-rtx3050-w11p-off-h-s-off-365-basic-144hz,https://www.techhypermart.com/image/cache/catalog/laptopnotebook/acer/A715-59G-54Q6-w11p-epp-250x250.png,TechHypermart - Acer,Core 5,NV RTX3050,16GB,16GB,,,,
56911,"Acer Aspire 7 A715-59G-54Q6-16-W11 15.6"" Laptop/ Notebook (Core 5 210H, 16GB, 512GB, NV RTX3050, W11H, Off H&S + Off 365 Basic, 144Hz)",3699.00,https://www.techhypermart.com/notebooks/acer-aspire-7-a715-59g-54q6-16-w11-15-6-laptop-notebook-core-5-210h-16gb-512gb-nv-rtx3050-w11h-off-h-s-off-365-basic-144hz,https://www.techhypermart.com/image/cache/catalog/laptopnotebook/acer/A715-59G-54Q6-a-250x250.png,TechHypermart - Acer,Core 5,NV RTX3050,16GB,16GB,,,,
57428,"Acer Aspire 7 A715-59G-54Q6-16-W11P 15.6"" Laptop/ Notebook (Core 5 210H, 16GB, 512GB, NV RTX3050, W11P, Off H&S + Off 365 Basic, 144Hz)",4499.00,https://www.techhypermart.com/notebooks/acer-aspire-7-a715-59g-54q6-16-w11p-15-6-laptop-notebook-core-5-210h-16gb-512gb-nv-rtx3050-w11p-off-h-s-off-365-basic-144hz,https://www.techhypermart.com/image/cache/catalog/laptopnotebook/acer/A715-59G-54Q6-w11p-250x250.png,TechHypermart - Acer,Core 5,NV RTX3050,16GB,16GB,,,,
57426,"Acer Aspire 7 A715-59G-54Q6-24-1-W11-EPP 15.6"" Laptop/ Notebook (Core 5 210H, 24GB, 1TB, NV RTX3050, W11H, Off H&S + Off 365 Basic, 144Hz)",5829.00,https://www.techhypermart.com/notebooks/acer-aspire-7-a715-59g-54q6-24-1-w11-epp-15-6-laptop-notebook-core-5-210h-24gb-1tb-nv-rtx3050-w11h-off-h-s-off-365-basic-144hz,https://www.techhypermart.com/image/cache/catalog/laptopnotebook/acer/A715-59G-54Q6-epp-250x250.png,TechHypermart - Acer,Core 5,NV RTX3050,24GB,24GB,,,,
57433,"Acer Aspire 7 A715-59G-54Q6-24-1-W11P-EPP 15.6"" Laptop/ Notebook (Core 5 210H, 24GB, 1TB, NV RTX3050, W11P, Off H&S + Off 365 Basic, 144Hz)",6679.00,https://www.techhypermart.com/notebooks/acer-aspire-7-a715-59g-54q6-24-1-w11p-epp-15-6-laptop-notebook-core-5-210h-24gb-1tb-nv-rtx3050-w11p-off-h-s-off-365-basic-144hz,https://www.techhypermart.com/image/cache/catalog/laptopnotebook/acer/A715-59G-54Q6-w11p-epp-250x250.png,TechHypermart - Acer,Core 5,NV RTX3050,24GB,24GB,,,,
56912,"Acer Aspire 7 A715-59G-54Q6-24-W11 15.6"" Laptop/ Notebook (Core 5 210H, 24GB, 512GB, NV RTX3050, W11H, Off H&S + Off 365 Basic, 144Hz)",4049.00,https://www.techhypermart.com/notebooks/acer-aspire-7-a715-59g-54q6-24-w11-15-6-laptop-notebook-core-5-210h-24gb-512gb-nv-rtx3050-w11h-off-h-s-off-365-basic-144hz,https://www.techhypermart.com/image/cache/catalog/laptopnotebook/acer/A715-59G-54Q6-a-250x250.png,TechHypermart - Acer,Core 5,NV RTX3050,24GB,24GB,,,,
57429,"Acer Aspire 7 A715-59G-54Q6-24-W11P 15.6"" Laptop/ Notebook (Core 5 210H, 24GB, 512GB, NV RTX3050, W11P, Off H&S + Off 365 Basic, 144Hz)",4849.00,https://www.techhypermart.com/notebooks/acer-aspire-7-a715-59g-54q6-24-w11p-15-6-laptop-notebook-core-5-210h-24gb-512gb-nv-rtx3050-w11p-off-h-s-off-365-basic-144hz,https://www.techhypermart.com/image/cache/catalog/laptopnotebook/acer/A715-59G-54Q6-w11p-250x250.png,TechHypermart - Acer,Core 5,NV RTX3050,24GB,24GB,,,,
57427,"Acer Aspire 7 A715-59G-54Q6-W11P 15.6"" Laptop/ Notebook (Core 5 210H, 8GB, 512GB, NV RTX3050, W11P, Off H&S + Off 365 Basic, 144Hz)",4099.00,https://www.techhypermart.com/notebooks/acer-aspire-7-a715-59g-54q6-w11p-15-6-laptop-notebook-core-5-210h-8gb-512gb-nv-rtx3050-w11p-off-h-s-off-365-basic-144hz,https://www.techhypermart.com/image/cache/catalog/laptopnotebook/acer/A715-59G-54Q6-w11p-250x250.png,TechHypermart - Acer,Core 5,NV RTX3050,8GB,8GB,,,,
57066,"Acer Aspire Go AG14-I71M-52DP 14"" Laptop/ Notebook (Ultra 5 125H, 16GB, 512GB, Intel Arc, W11H, Off H&S + Off 365 Basic, AI)",3388.00,https://www.techhypermart.com/notebooks/acer-aspire-go-ag14-i71m-52dp-14-laptop-notebook-ultra-5-125h-16gb-512gb-intel-arc-w11h-off-h-s-off-365-basic-ai,https://www.techhypermart.com/image/cache/catalog/laptopnotebook/acer/AG14-I71M-52DP-a-250x250.png,TechHypermart - Acer,I71M-52DP,,16GB,16GB,,,,
57712,"Acer Aspire Go AG14-I71M-52DP-1-W11-EPP 14"" Laptop/ Notebook (Ultra 5 125H, 16GB, 1TB, Intel Arc, W11H, Off H&S + Off 365 Basic, AI)",5109.00,https://www.techhypermart.com/notebooks/acer-aspire-go-ag14-i71m-52dp-1-w11-epp-14-laptop-notebook-ultra-5-125h-16gb-1tb-intel-arc-w11h-off-h-s-off-365-basic-ai,https://www.techhypermart.com/image/cache/catalog/laptopnotebook/acer/AG14-I71M-52DP-epp-250x250.png,TechHypermart - Acer,I71M-52DP-1-W11-EPP,,16GB,16GB,,,,
57715,"Acer Aspire Go AG14-I71M-52DP-1-W11P-EPP 14"" Laptop/ Notebook (Ultra 5 125H, 16GB, 1TB, Intel Arc, W11P, Off H&S + Off 365 Basic, AI)",5959.00,https://www.techhypermart.com/notebooks/acer-aspire-go-ag14-i71m-52dp-1-w11p-epp-14-laptop-notebook-ultra-5-125h-16gb-1tb-intel-arc-w11p-off-h-s-off-365-basic-ai,https://www.techhypermart.com/image/cache/catalog/laptopnotebook/acer/AG14-I71M-52DP-w11p-epp-250x250.png,TechHypermart - Acer,I71M-52DP-1-W11P-EPP,,16GB,16GB,,,,
57714,"Acer Aspire Go AG14-I71M-52DP-W11P 14"" Laptop/ Notebook (Ultra 5 125H, 16GB, 512GB, Intel Arc, W11P, Off H&S + Off 365 Basic, AI)",4189.00,https://www.techhypermart.com/notebooks/acer-aspire-go-ag14-i71m-52dp-w11p-14-laptop-notebook-ultra-5-125h-16gb-512gb-intel-arc-w11p-off-h-s-off-365-basic-ai,https://www.techhypermart.com/image/cache/catalog/laptopnotebook/acer/AG14-I71M-52DP-w11p-250x250.png,TechHypermart - Acer,I71M-52DP-W11P,,16GB,16GB,,,,
57062,"Acer Aspire Go AG14-I71M-98U8 14"" Laptop/ Notebook (Ultra 9 185H, 16GB, 512GB, Intel Arc, W11H, Off H&S + Off 365 Basic, AI)",4208.00,https://www.techhypermart.com/notebooks/acer-aspire-go-ag14-i71m-98u8-14-laptop-notebook-ultra-9-185h-16gb-512gb-intel-arc-w11h-off-h-s-off-365-basic-ai,https://www.techhypermart.com/image/cache/catalog/laptopnotebook/acer/AG14-I71M-98U8-a-250x250.png,TechHypermart - Acer,I71M-98U8,,16GB,16GB,,,,
57709,"Acer Aspire Go AG14-I71M-98U8-1-W11-EPP 14"" Laptop/ Notebook (Ultra 9 185H, 16GB, 1TB, Intel Arc, W11H, Off H&S + Off 365 Basic, AI)",5999.00,https://www.techhypermart.com/notebooks/acer-aspire-go-ag14-i71m-98u8-1-w11-epp-14-laptop-notebook-ultra-9-185h-16gb-1tb-intel-arc-w11h-off-h-s-off-365-basic-ai,https://www.techhypermart.com/image/cache/catalog/laptopnotebook/acer/AG14-I71M-98U8-epp-250x250.png,TechHypermart - Acer,I71M-98U8-1-W11-EPP,,16GB,16GB,,,,
57711,"Acer Aspire Go AG14-I71M-98U8-1-W11P-EPP 14"" Laptop/ Notebook (Ultra 9 185H, 16GB, 1TB, Intel Arc, W11P, Off H&S + Off 365 Basic, AI)",6849.00,https://www.techhypermart.com/notebooks/acer-aspire-go-ag14-i71m-98u8-1-w11p-epp-14-laptop-notebook-ultra-9-185h-16gb-1tb-intel-arc-w11p-off-h-s-off-365-basic-ai,https://www.techhypermart.com/image/cache/catalog/laptopnotebook/acer/AG14-I71M-98U8-w11p-epp-1-250x250.png,TechHypermart - Acer,I71M-98U8-1-W11P-EPP,,16GB,16GB,,,,
57710,"Acer Aspire Go AG14-I71M-98U8-W11P 14"" Laptop/ Notebook (Ultra 9 185H, 16GB, 512GB, Intel Arc, W11P, Off H&S + Off 365 Basic, AI)",5009.00,https://www.techhypermart.com/notebooks/acer-aspire-go-ag14-i71m-98u8-w11p-14-laptop-notebook-ultra-9-185h-16gb-512gb-intel-arc-w11p-off-h-s-off-365-basic-ai,https://www.techhypermart.com/image/cache/catalog/laptopnotebook/acer/AG14-I71M-98U8-w11p-250x250.png,TechHypermart - Acer,I71M-98U8-W11P,,16GB,16GB,,,,
55160,"Acer Aspire Lite AL14-45P-R1K9 14"" Laptop/ Notebook (Ryzen 3 5400U, 8GB, 512GB, AMD Radeon, W11H, Off H&S + Off 365 Basic)",2448.00,https://www.techhypermart.com/notebooks/acer-aspire-lite-al14-45p-r1k9-14-laptop-notebook-ryzen-3-5400u-8gb-512gb-amd-radeon-w11h-off-h-s-off-365-basic,https://www.techhypermart.com/image/cache/catalog/laptopnotebook/acer/AL14-45P-R1K9-a-250x250.png,TechHypermart - Acer,Ryzen 3 5400U,,8GB,8GB,,,,
56453,"Acer Aspire Lite AL14-45P-R1K9-1-W11-EPP 14"" Laptop/ Notebook (Ryzen 3 5400U, 8GB, 1TB, AMD Radeon, W11H, Off H&S + Off 365 Basic)",3969.00,https://www.techhypermart.com/notebooks/acer-aspire-lite-al14-45p-r1k9-1-w11-epp-14-laptop-notebook-ryzen-3-5400u-8gb-1tb-amd-radeon-w11h-off-h-s-off-365-basic,https://www.techhypermart.com/image/cache/catalog/laptopnotebook/acer/AL14-45P-R1K9-epp-250x250.png,TechHypermart - Acer,Ryzen 3 5400U,,8GB,8GB,,,,
56460,"Acer Aspire Lite AL14-45P-R1K9-1-W11P-EPP 14"" Laptop/ Notebook (Ryzen 3 5400U, 8GB, 1TB, AMD Radeon, W11P, Off H&S + Off 365 Basic)",4819.00,https://www.techhypermart.com/notebooks/acer-aspire-lite-al14-45p-r1k9-1-w11p-epp-14-laptop-notebook-ryzen-3-5400u-8gb-1tb-amd-radeon-w11p-off-h-s-off-365-basic,https://www.techhypermart.com/image/cache/catalog/laptopnotebook/acer/AL14-45P-R1K9-w11p-epp-250x250.png,TechHypermart - Acer,Ryzen 3 5400U,,8GB,8GB,,,,
56454,"Acer Aspire Lite AL14-45P-R1K9-16-1-W11-EPP 14"" Laptop/ Notebook (Ryzen 3 5400U, 16GB, 1TB, AMD Radeon, W11H, Off H&S + Off 365 Basic)",4579.00,https://www.techhypermart.com/notebooks/acer-aspire-lite-al14-45p-r1k9-16-1-w11-epp-14-laptop-notebook-ryzen-3-5400u-16gb-1tb-amd-radeon-w11h-off-h-s-off-365-basic,https://www.techhypermart.com/image/cache/catalog/laptopnotebook/acer/AL14-45P-R1K9-epp-250x250.png,TechHypermart - Acer,Ryzen 3 5400U,,16GB,16GB,,,,
56461,"Acer Aspire Lite AL14-45P-R1K9-16-1-W11P-EPP 14"" Laptop/ Notebook (Ryzen 3 5400U, 16GB, 1TB, AMD Radeon, W11P, Off H&S + Off 365 Basic)",5429.00,https://www.techhypermart.com/notebooks/acer-aspire-lite-al14-45p-r1k9-16-1-w11p-epp-14-laptop-notebook-ryzen-3-5400u-16gb-1tb-amd-radeon-w11p-off-h-s-off-365-basic,https://www.techhypermart.com/image/cache/catalog/laptopnotebook/acer/AL14-45P-R1K9-w11p-epp-250x250.png,TechHypermart - Acer,Ryzen 3 5400U,,16GB,16GB,,,,
55615,"Acer Aspire Lite AL14-45P-R1K9-16-W11 14"" Laptop/ Notebook (Ryzen 3 5400U, 16GB, 512GB, AMD Radeon, W11H, Off H&S + Off 365 Basic)",3009.00,https://www.techhypermart.com/notebooks/acer-aspire-lite-al14-45p-r1k9-16-w11-14-laptop-notebook-ryzen-3-5400u-16gb-512gb-amd-radeon-w11h-off-h-s-off-365-basic,https://www.techhypermart.com/image/cache/catalog/laptopnotebook/acer/AL14-45P-R1K9-a-250x250.png,TechHypermart - Acer,Ryzen 3 5400U,,16GB,16GB,,,,
56458,"Acer Aspire Lite AL14-45P-R1K9-16-W11P 14"" Laptop/ Notebook (Ryzen 3 5400U, 16GB, 512GB, AMD Radeon, W11P, Off H&S + Off 365 Basic)",3809.00,https://www.techhypermart.com/notebooks/acer-aspire-lite-al14-45p-r1k9-16-w11p-14-laptop-notebook-ryzen-3-5400u-16gb-512gb-amd-radeon-w11p-off-h-s-off-365-basic,https://www.techhypermart.com/image/cache/catalog/laptopnotebook/acer/AL14-45P-R1K9-w11p-250x250.png,TechHypermart - Acer,Ryzen 3 5400U,,16GB,16GB,,,,
55618,"Acer Aspire Lite AL14-45P-R1K9-24-W11 14"" Laptop/ Notebook (Ryzen 3 5400U, 24GB, 512GB, AMD Radeon, W11H, Off H&S + Off 365 Basic)",3309.00,https://www.techhypermart.com/notebooks/acer-aspire-lite-al14-45p-r1k9-24-w11-14-laptop-notebook-ryzen-3-5400u-24gb-512gb-amd-radeon-w11h-off-h-s-off-365-basic,https://www.techhypermart.com/image/cache/catalog/laptopnotebook/acer/AL14-45P-R1K9-a-250x250.png,TechHypermart - Acer,Ryzen 3 5400U,,24GB,24GB,,,,
56459,"Acer Aspire Lite AL14-45P-R1K9-24-W11P 14"" Laptop/ Notebook (Ryzen 3 5400U, 24GB, 512GB, AMD Radeon, W11P, Off H&S + Off 365 Basic)",4109.00,https://www.techhypermart.com/notebooks/acer-aspire-lite-al14-45p-r1k9-24-w11p-14-laptop-notebook-ryzen-3-5400u-24gb-512gb-amd-radeon-w11p-off-h-s-off-365-basic,https://www.techhypermart.com/image/cache/catalog/laptopnotebook/acer/AL14-45P-R1K9-w11p-250x250.png,TechHypermart - Acer,Ryzen 3 5400U,,24GB,24GB,,,,
56457,"Acer Aspire Lite AL14-45P-R1K9-W11P 14"" Laptop/ Notebook (Ryzen 3 5400U, 8GB, 512GB, AMD Radeon, W11P, Off H&S + Off 365 Basic)",3249.00,https://www.techhypermart.com/notebooks/acer-aspire-lite-al14-45p-r1k9-w11p-14-laptop-notebook-ryzen-3-5400u-8gb-512gb-amd-radeon-w11p-off-h-s-off-365-basic,https://www.techhypermart.com/image/cache/catalog/laptopnotebook/acer/AL14-45P-R1K9-w11p-250x250.png,TechHypermart - Acer,Ryzen 3 5400U,,8GB,8GB,,,,
55165,"Acer Aspire Lite AL14-45P-R1LF 14"" Laptop/ Notebook (Ryzen 3 5400U, 8GB, 512GB, AMD Radeon, W11H, Off H&S + Off 365 Basic)",2438.00,https://www.techhypermart.com/notebooks/acer-aspire-lite-al14-45p-r1lf-14-laptop-notebook-ryzen-3-5400u-8gb-512gb-amd-radeon-w11h-off-h-s-off-365-basic,https://www.techhypermart.com/image/cache/catalog/laptopnotebook/acer/AL14-45P-R1LF-a-250x250.png,TechHypermart - Acer,Ryzen 3 5400U,,8GB,8GB,,,,
56463,"Acer Aspire Lite AL14-45P-R1LF-1-W11-EPP 14"" Laptop/ Notebook (Ryzen 3 5400U, 8GB, 1TB, AMD Radeon, W11H, Off H&S + Off 365 Basic)",3959.00,https://www.techhypermart.com/notebooks/acer-aspire-lite-al14-45p-r1lf-1-w11-epp-14-laptop-notebook-ryzen-3-5400u-8gb-1tb-amd-radeon-w11h-off-h-s-off-365-basic,https://www.techhypermart.com/image/cache/catalog/laptopnotebook/acer/AL14-45P-R1LF-epp-250x250.png,TechHypermart - Acer,Ryzen 3 5400U,,8GB,8GB,,,,
56469,"Acer Aspire Lite AL14-45P-R1LF-1-W11P-EPP 14"" Laptop/ Notebook (Ryzen 3 5400U, 8GB, 1TB, AMD Radeon, W11P, Off H&S + Off 365 Basic)",4809.00,https://www.techhypermart.com/notebooks/acer-aspire-lite-al14-45p-r1lf-1-w11p-epp-14-laptop-notebook-ryzen-3-5400u-8gb-1tb-amd-radeon-w11p-off-h-s-off-365-basic,https://www.techhypermart.com/image/cache/catalog/laptopnotebook/acer/AL14-45P-R1LF-w11p-epp-250x250.png,TechHypermart - Acer,Ryzen 3 5400U,,8GB,8GB,,,,
56464,"Acer Aspire Lite AL14-45P-R1LF-16-1-W11-EPP 14"" Laptop/ Notebook (Ryzen 3 5400U, 16GB, 1TB, AMD Radeon, W11H, Off H&S + Off 365 Basic)",4569.00,https://www.techhypermart.com/notebooks/acer-aspire-lite-al14-45p-r1lf-16-1-w11-epp-14-laptop-notebook-ryzen-3-5400u-16gb-1tb-amd-radeon-w11h-off-h-s-off-365-basic,https://www.techhypermart.com/image/cache/catalog/laptopnotebook/acer/AL14-45P-R1LF-epp-250x250.png,TechHypermart - Acer,Ryzen 3 5400U,,16GB,16GB,,,,
56470,"Acer Aspire Lite AL14-45P-R1LF-16-1-W11P-EPP 14"" Laptop/ Notebook (Ryzen 3 5400U, 16GB, 1TB, AMD Radeon, W11P, Off H&S + Off 365 Basic)",5419.00,https://www.techhypermart.com/notebooks/acer-aspire-lite-al14-45p-r1lf-16-1-w11p-epp-14-laptop-notebook-ryzen-3-5400u-16gb-1tb-amd-radeon-w11p-off-h-s-off-365-basic,https://www.techhypermart.com/image/cache/catalog/laptopnotebook/acer/AL14-45P-R1LF-w11p-epp-250x250.png,TechHypermart - Acer,Ryzen 3 5400U,,16GB,16GB,,,,
55620,"Acer Aspire Lite AL14-45P-R1LF-16-W11 14"" Laptop/ Notebook (Ryzen 3 5400U, 16GB, 512GB, AMD Radeon, W11H, Off H&S + Off 365 Basic)",2999.00,https://www.techhypermart.com/notebooks/acer-aspire-lite-al14-45p-r1lf-16-w11-14-laptop-notebook-ryzen-3-5400u-16gb-512gb-amd-radeon-w11h-off-h-s-off-365-basic,https://www.techhypermart.com/image/cache/catalog/laptopnotebook/acer/AL14-45P-R1LF-a-250x250.png,TechHypermart - Acer,Ryzen 3 5400U,,16GB,16GB,,,,
56467,"Acer Aspire Lite AL14-45P-R1LF-16-W11P 14"" Laptop/ Notebook (Ryzen 3 5400U, 16GB, 512GB, AMD Radeon, W11P, Off H&S + Off 365 Basic)",3799.00,https://www.techhypermart.com/notebooks/acer-aspire-lite-al14-45p-r1lf-16-w11p-14-laptop-notebook-ryzen-3-5400u-16gb-512gb-amd-radeon-w11p-off-h-s-off-365-basic,https://www.techhypermart.com/image/cache/catalog/laptopnotebook/acer/AL14-45P-R1LF-w11p-250x250.png,TechHypermart - Acer,Ryzen 3 5400U,,16GB,16GB,,,,
55621,"Acer Aspire Lite AL14-45P-R1LF-24-W11 14"" Laptop/ Notebook (Ryzen 3 5400U, 24GB, 512GB, AMD Radeon, W11H, Off H&S + Off 365 Basic)",3299.00,https://www.techhypermart.com/notebooks/acer-aspire-lite-al14-45p-r1lf-24-w11-14-laptop-notebook-ryzen-3-5400u-24gb-512gb-amd-radeon-w11h-off-h-s-off-365-basic,https://www.techhypermart.com/image/cache/catalog/laptopnotebook/acer/AL14-45P-R1LF-a-250x250.png,TechHypermart - Acer,Ryzen 3 5400U,,24GB,24GB,,,,
56468,"Acer Aspire Lite AL14-45P-R1LF-24-W11P 14"" Laptop/ Notebook (Ryzen 3 5400U, 24GB, 512GB, AMD Radeon, W11P, Off H&S + Off 365 Basic)",4099.00,https://www.techhypermart.com/notebooks/acer-aspire-lite-al14-45p-r1lf-24-w11p-14-laptop-notebook-ryzen-3-5400u-24gb-512gb-amd-radeon-w11p-off-h-s-off-365-basic,https://www.techhypermart.com/image/cache/catalog/laptopnotebook/acer/AL14-45P-R1LF-w11p-250x250.png,TechHypermart - Acer,Ryzen 3 5400U,,24GB,24GB,,,,
56466,"Acer Aspire Lite AL14-45P-R1LF-W11P 14"" Laptop/ Notebook (Ryzen 3 5400U, 8GB, 512GB, AMD Radeon, W11P, Off H&S + Off 365 Basic)",3239.00,https://www.techhypermart.com/notebooks/acer-aspire-lite-al14-45p-r1lf-w11p-14-laptop-notebook-ryzen-3-5400u-8gb-512gb-amd-radeon-w11p-off-h-s-off-365-basic,https://www.techhypermart.com/image/cache/catalog/laptopnotebook/acer/AL14-45P-R1LF-w11p-250x250.png,TechHypermart - Acer,Ryzen 3 5400U,,8GB,8GB,,,,
55167,"Acer Aspire Lite AL14-53P-50UY 14"" Laptop/ Notebook (Ultra 5 115U, 16GB, 512GB, Intel, W11H, Off H&S + Off 365 Basic)",3208.00,https://www.techhypermart.com/notebooks/acer-aspire-lite-al14-53p-50uy-14-laptop-notebook-ultra-5-115u-16gb-512gb-intel-w11h-off-h-s-off-365-basic,https://www.techhypermart.com/image/cache/catalog/laptopnotebook/acer/AL14-53P-50UY-a-250x250.png,TechHypermart - Acer,,,16GB,16GB,,,,
56476,"Acer Aspire Lite AL14-53P-50UY-1-W11-EPP 14"" Laptop/ Notebook (Ultra 5 115U, 16GB, 1TB, Intel, W11H, Off H&S + Off 365 Basic)",4799.00,https://www.techhypermart.com/notebooks/acer-aspire-lite-al14-53p-50uy-1-w11-epp-14-laptop-notebook-ultra-5-115u-16gb-1tb-intel-w11h-off-h-s-off-365-basic,https://www.techhypermart.com/image/cache/catalog/laptopnotebook/acer/AL14-53P-50UY-epp-250x250.png,TechHypermart - Acer,,,16GB,16GB,,,,
56484,"Acer Aspire Lite AL14-53P-50UY-1-W11P-EPP 14"" Laptop/ Notebook (Ultra 5 115U, 16GB, 1TB, Intel, W11P, Off H&S + Off 365 Basic)",5649.00,https://www.techhypermart.com/notebooks/acer-aspire-lite-al14-53p-50uy-1-w11p-epp-14-laptop-notebook-ultra-5-115u-16gb-1tb-intel-w11p-off-h-s-off-365-basic,https://www.techhypermart.com/image/cache/catalog/laptopnotebook/acer/AL14-53P-50UY-w11p-epp-250x250.png,TechHypermart - Acer,,,16GB,16GB,,,,
56477,"Acer Aspire Lite AL14-53P-50UY-24-1-W11-EPP 14"" Laptop/ Notebook (Ultra 5 115U, 24GB, 1TB, Intel, W11H, Off H&S + Off 365 Basic)",5549.00,https://www.techhypermart.com/notebooks/acer-aspire-lite-al14-53p-50uy-24-1-w11-epp-14-laptop-notebook-ultra-5-115u-24gb-1tb-intel-w11h-off-h-s-off-365-basic,https://www.techhypermart.com/image/cache/catalog/laptopnotebook/acer/AL14-53P-50UY-epp-250x250.png,TechHypermart - Acer,,,24GB,24GB,,,,
56485,"Acer Aspire Lite AL14-53P-50UY-24-1-W11P-EPP 14"" Laptop/ Notebook (Ultra 5 115U, 24GB, 1TB, Intel, W11P, Off H&S + Off 365 Basic)",6399.00,https://www.techhypermart.com/notebooks/acer-aspire-lite-al14-53p-50uy-24-1-w11p-epp-14-laptop-notebook-ultra-5-115u-24gb-1tb-intel-w11p-off-h-s-off-365-basic,https://www.techhypermart.com/image/cache/catalog/laptopnotebook/acer/AL14-53P-50UY-w11p-epp-250x250.png,TechHypermart - Acer,,,24GB,24GB,,,,
55623,"Acer Aspire Lite AL14-53P-50UY-24-W11 14"" Laptop/ Notebook (Ultra 5 115U, 24GB, 512GB, Intel, W11H, Off H&S + Off 365 Basic)",3809.00,https://www.techhypermart.com/notebooks/acer-aspire-lite-al14-53p-50uy-24-w11-14-laptop-notebook-ultra-5-115u-24gb-512gb-intel-w11h-off-h-s-off-365-basic,https://www.techhypermart.com/image/cache/catalog/laptopnotebook/acer/AL14-53P-50UY-a-250x250.png,TechHypermart - Acer,,,24GB,24GB,,,,
56482,"Acer Aspire Lite AL14-53P-50UY-24-W11P 14"" Laptop/ Notebook (Ultra 5 115U, 24GB, 512GB, Intel, W11P, Off H&S + Off 365 Basic)",4609.00,https://www.techhypermart.com/notebooks/acer-aspire-lite-al14-53p-50uy-24-w11p-14-laptop-notebook-ultra-5-115u-24gb-512gb-intel-w11p-off-h-s-off-365-basic,https://www.techhypermart.com/image/cache/catalog/laptopnotebook/acer/AL14-53P-50UY-w11p-250x250.png,TechHypermart - Acer,,,24GB,24GB,,,,
56478,"Acer Aspire Lite AL14-53P-50UY-32-1-W11-EPP 14"" Laptop/ Notebook (Ultra 5 115U, 32GB, 1TB, Intel, W11H, Off H&S + Off 365 Basic)",6089.00,https://www.techhypermart.com/notebooks/acer-aspire-lite-al14-53p-50uy-32-1-w11-epp-14-laptop-notebook-ultra-5-115u-32gb-1tb-intel-w11h-off-h-s-off-365-basic,https://www.techhypermart.com/image/cache/catalog/laptopnotebook/acer/AL14-53P-50UY-epp-250x250.png,TechHypermart - Acer,,,32GB,32GB,,,,
56486,"Acer Aspire Lite AL14-53P-50UY-32-1-W11P-EPP 14"" Laptop/ Notebook (Ultra 5 115U, 32GB, 1TB, Intel, W11P, Off H&S + Off 365 Basic)",6939.00,https://www.techhypermart.com/notebooks/acer-aspire-lite-al14-53p-50uy-32-1-w11p-epp-14-laptop-notebook-ultra-5-115u-32gb-1tb-intel-w11p-off-h-s-off-365-basic,https://www.techhypermart.com/image/cache/catalog/laptopnotebook/acer/AL14-53P-50UY-w11p-epp-250x250.png,TechHypermart - Acer,,,32GB,32GB,,,,
55624,"Acer Aspire Lite AL14-53P-50UY-32-W11 14"" Laptop/ Notebook (Ultra 5 115U, 32GB, 512GB, Intel, W11H, Off H&S + Off 365 Basic)",4309.00,https://www.techhypermart.com/notebooks/acer-aspire-lite-al14-53p-50uy-32-w11-14-laptop-notebook-ultra-5-115u-32gb-512gb-intel-w11h-off-h-s-off-365-basic,https://www.techhypermart.com/image/cache/catalog/laptopnotebook/acer/AL14-53P-50UY-a-250x250.png,TechHypermart - Acer,,,32GB,32GB,,,,
56483,"Acer Aspire Lite AL14-53P-50UY-32-W11P 14"" Laptop/ Notebook (Ultra 5 115U, 32GB, 512GB, Intel, W11P, Off H&S + Off 365 Basic)",5109.00,https://www.techhypermart.com/notebooks/acer-aspire-lite-al14-53p-50uy-32-w11p-14-laptop-notebook-ultra-5-115u-32gb-512gb-intel-w11p-off-h-s-off-365-basic,https://www.techhypermart.com/image/cache/catalog/laptopnotebook/acer/AL14-53P-50UY-w11p-250x250.png,TechHypermart - Acer,,,32GB,32GB,,,,
56481,"Acer Aspire Lite AL14-53P-50UY-W11P 14"" Laptop/ Notebook (Ultra 5 115U, 16GB, 512GB, Intel, W11P, Off H&S + Off 365 Basic)",3999.00,https://www.techhypermart.com/notebooks/acer-aspire-lite-al14-53p-50uy-w11p-14-laptop-notebook-ultra-5-115u-16gb-512gb-intel-w11p-off-h-s-off-365-basic,https://www.techhypermart.com/image/cache/catalog/laptopnotebook/acer/AL14-53P-50UY-w11p-250x250.png,TechHypermart - Acer,,,16GB,16GB,,,,
57612,"Acer Aspire Lite AL14-74P-50W3 14"" Laptop/ Notebook (Ultra 5 125H, 16GB, 512GB, Intel Arc, W11H, Off H&S + Off 365 Basic, AI)",3388.00,https://www.techhypermart.com/notebooks/acer-aspire-lite-al14-74p-50w3-14-laptop-notebook-ultra-5-125h-16gb-512gb-intel-arc-w11h-off-h-s-off-365-basic-ai,https://www.techhypermart.com/image/cache/catalog/laptopnotebook/acer/AL14-74P-50W3-a-250x250.png,TechHypermart - Acer,,,16GB,16GB,,,,
55155,"Acer Aspire Lite AL15-32P-C6X3 15.6"" Laptop/ Notebook (N4500, 8GB, 512GB, Intel, W11H, Off H&S + Off 365 Basic, AI)",1918.00,https://www.techhypermart.com/notebooks/acer-aspire-lite-al15-32p-c6x3-15-6-laptop-notebook-n4500-8gb-512gb-intel-w11h-off-h-s-off-365-basic-ai,https://www.techhypermart.com/image/cache/catalog/laptopnotebook/acer/AL15-32P-C6X3-a-250x250.png,TechHypermart - Acer,,,8GB,8GB,,,,
56293,"Acer Aspire Lite AL15-32P-C6X3-1-W11-EPP 15.6"" Laptop/ Notebook (N4500, 8GB, 1TB, Intel, W11H, Off H&S + Off 365 Basic, AI)",3159.00,https://www.techhypermart.com/notebooks/acer-aspire-lite-al15-32p-c6x3-1-w11-epp-15-6-laptop-notebook-n4500-8gb-1tb-intel-w11h-off-h-s-off-365-basic-ai,https://www.techhypermart.com/image/cache/catalog/laptopnotebook/acer/AL15-32P-C6X3-epp-250x250.png,TechHypermart - Acer,,,8GB,8GB,,,,
56294,"Acer Aspire Lite AL15-32P-C6X3-16-1-W11-EPP 15.6"" Laptop/ Notebook (N4500, 16GB, 1TB, Intel, W11H, Off H&S + Off 365 Basic, AI)",4019.00,https://www.techhypermart.com/notebooks/acer-aspire-lite-al15-32p-c6x3-16-1-w11-epp-15-6-laptop-notebook-n4500-16gb-1tb-intel-w11h-off-h-s-off-365-basic-ai,https://www.techhypermart.com/image/cache/catalog/laptopnotebook/acer/AL15-32P-C6X3-epp-250x250.png,TechHypermart - Acer,,,16GB,16GB,,,,
55609,"Acer Aspire Lite AL15-32P-C6X3-16-W11 15.6"" Laptop/ Notebook (N4500, 16GB, 512GB, Intel, W11H, Off H&S + Off 365 Basic, AI)",2499.00,https://www.techhypermart.com/notebooks/acer-aspire-lite-al15-32p-c6x3-16-w11-15-6-laptop-notebook-n4500-16gb-512gb-intel-w11h-off-h-s-off-365-basic-ai,https://www.techhypermart.com/image/cache/catalog/laptopnotebook/acer/AL15-32P-C6X3-a-250x250.png,TechHypermart - Acer,,,16GB,16GB,,,,
55149,"Acer Aspire Lite AL15-46P-R8LD 15.6"" Laptop/ Notebook (Ryzen 3 5400U, 8GB, 512GB, AMD Radeon, W11H, Off H&S + Off 365 Basic, AI)",2458.00,https://www.techhypermart.com/notebooks/acer-aspire-lite-al15-46p-r8ld-15-6-laptop-notebook-ryzen-3-5400u-8gb-512gb-amd-radeon-w11h-off-h-s-off-365-basic-ai,https://www.techhypermart.com/image/cache/catalog/laptopnotebook/acer/AL15-46P-R8LD-a-250x250.png,TechHypermart - Acer,Ryzen 3 5400U,,8GB,8GB,,,,
56259,"Acer Aspire Lite AL15-46P-R8LD-1-W11-EPP 15.6"" Laptop/ Notebook (Ryzen 3 5400U, 8GB, 1TB, AMD Radeon, W11H, Off H&S + Off 365 Basic, AI)",3979.00,https://www.techhypermart.com/notebooks/acer-aspire-lite-al15-46p-r8ld-1-w11-epp-15-6-laptop-notebook-ryzen-3-5400u-8gb-1tb-amd-radeon-w11h-off-h-s-off-365-basic-ai,https://www.techhypermart.com/image/cache/catalog/laptopnotebook/acer/AL15-46P-R8LD-epp-250x250.png,TechHypermart - Acer,Ryzen 3 5400U,,8GB,8GB,,,,
56266,"Acer Aspire Lite AL15-46P-R8LD-1-W11P-EPP 15.6"" Laptop/ Notebook (Ryzen 3 5400U, 8GB, 1TB, AMD Radeon, W11P, Off H&S + Off 365 Basic, AI)",4829.00,https://www.techhypermart.com/notebooks/acer-aspire-lite-al15-46p-r8ld-1-w11p-epp-15-6-laptop-notebook-ryzen-3-5400u-8gb-1tb-amd-radeon-w11p-off-h-s-off-365-basic-ai,https://www.techhypermart.com/image/cache/catalog/laptopnotebook/acer/AL15-46P-R8LD-w11p-epp-250x250.png,TechHypermart - Acer,Ryzen 3 5400U,,8GB,8GB,,,,
56260,"Acer Aspire Lite AL15-46P-R8LD-16-1-W11-EPP 15.6"" Laptop/ Notebook (Ryzen 3 5400U, 16GB, 1TB, AMD Radeon, W11H, Off H&S + Off 365 Basic, AI)",4589.00,https://www.techhypermart.com/notebooks/acer-aspire-lite-al15-46p-r8ld-16-1-w11-epp-15-6-laptop-notebook-ryzen-3-5400u-16gb-1tb-amd-radeon-w11h-off-h-s-off-365-basic-ai,https://www.techhypermart.com/image/cache/catalog/laptopnotebook/acer/AL15-46P-R8LD-epp-250x250.png,TechHypermart - Acer,Ryzen 3 5400U,,16GB,16GB,,,,
56267,"Acer Aspire Lite AL15-46P-R8LD-16-1-W11P-EPP 15.6"" Laptop/ Notebook (Ryzen 3 5400U, 16GB, 1TB, AMD Radeon, W11P, Off H&S + Off 365 Basic, AI)",5439.00,https://www.techhypermart.com/notebooks/acer-aspire-lite-al15-46p-r8ld-16-1-w11p-epp-15-6-laptop-notebook-ryzen-3-5400u-16gb-1tb-amd-radeon-w11p-off-h-s-off-365-basic-ai,https://www.techhypermart.com/image/cache/catalog/laptopnotebook/acer/AL15-46P-R8LD-w11p-epp-250x250.png,TechHypermart - Acer,Ryzen 3 5400U,,16GB,16GB,,,,
55600,"Acer Aspire Lite AL15-46P-R8LD-16-W11 15.6"" Laptop/ Notebook (Ryzen 3 5400U, 16GB, 512GB, AMD Radeon, W11H, Off H&S + Off 365 Basic, AI)",3019.00,https://www.techhypermart.com/notebooks/acer-aspire-lite-al15-46p-r8ld-16-w11-15-6-laptop-notebook-ryzen-3-5400u-16gb-512gb-amd-radeon-w11h-off-h-s-off-365-basic-ai,https://www.techhypermart.com/image/cache/catalog/laptopnotebook/acer/AL15-46P-R8LD-a-250x250.png,TechHypermart - Acer,Ryzen 3 5400U,,16GB,16GB,,,,
56263,"Acer Aspire Lite AL15-46P-R8LD-16-W11P 15.6"" Laptop/ Notebook (Ryzen 3 5400U, 16GB, 512GB, AMD Radeon, W11P, Off H&S + Off 365 Basic, AI)",3819.00,https://www.techhypermart.com/notebooks/acer-aspire-lite-al15-46p-r8ld-16-w11p-15-6-laptop-notebook-ryzen-3-5400u-16gb-512gb-amd-radeon-w11p-off-h-s-off-365-basic-ai,https://www.techhypermart.com/image/cache/catalog/laptopnotebook/acer/AL15-46P-R8LD-w11p-250x250.png,TechHypermart - Acer,Ryzen 3 5400U,,16GB,16GB,,,,
55601,"Acer Aspire Lite AL15-46P-R8LD-24-W11 15.6"" Laptop/ Notebook (Ryzen 3 5400U, 24GB, 512GB, AMD Radeon, W11H, Off H&S + Off 365 Basic, AI)",3319.00,https://www.techhypermart.com/notebooks/acer-aspire-lite-al15-46p-r8ld-24-w11-15-6-laptop-notebook-ryzen-3-5400u-24gb-512gb-amd-radeon-w11h-off-h-s-off-365-basic-ai,https://www.techhypermart.com/image/cache/catalog/laptopnotebook/acer/AL15-46P-R8LD-a-250x250.png,TechHypermart - Acer,Ryzen 3 5400U,,24GB,24GB,,,,
56265,"Acer Aspire Lite AL15-46P-R8LD-24-W11P 15.6"" Laptop/ Notebook (Ryzen 3 5400U, 24GB, 512GB, AMD Radeon, W11P, Off H&S + Off 365 Basic, AI)",4119.00,https://www.techhypermart.com/notebooks/acer-aspire-lite-al15-46p-r8ld-24-w11p-15-6-laptop-notebook-ryzen-3-5400u-24gb-512gb-amd-radeon-w11p-off-h-s-off-365-basic-ai,https://www.techhypermart.com/image/cache/catalog/laptopnotebook/acer/AL15-46P-R8LD-w11p-250x250.png,TechHypermart - Acer,Ryzen 3 5400U,,24GB,24GB,,,,
56262,"Acer Aspire Lite AL15-46P-R8LD-W11P 15.6"" Laptop/ Notebook (Ryzen 3 5400U, 8GB, 512GB, AMD Radeon, W11P, Off H&S + Off 365 Basic, AI)",3259.00,https://www.techhypermart.com/notebooks/acer-aspire-lite-al15-46p-r8ld-w11p-15-6-laptop-notebook-ryzen-3-5400u-8gb-512gb-amd-radeon-w11p-off-h-s-off-365-basic-ai,https://www.techhypermart.com/image/cache/catalog/laptopnotebook/acer/AL15-46P-R8LD-w11p-250x250.png,TechHypermart - Acer,Ryzen 3 5400U,,8GB,8GB,,,,
57605,"Acer Aspire Lite AL16-71P-54R5 16"" Laptop/ Notebook (Ultra 5 125H, 16GB, 512GB, Intel Arc, W11H, Off H&S + Off 365 Basic, AI)",3388.00,https://www.techhypermart.com/notebooks/acer-aspire-lite-al16-71p-54r5-16-laptop-notebook-ultra-5-125h-16gb-512gb-intel-arc-w11h-off-h-s-off-365-basic-ai,https://www.techhypermart.com/image/cache/catalog/laptopnotebook/acer/AL16-71P-54R5-aa-250x250.png,TechHypermart - Acer,,,16GB,16GB,,,,
57596,"Acer Aspire Lite AL16-74P-535W 16"" Laptop/ Notebook (Ultra 5 125H, 16GB, 512GB, Intel Arc, W11H, Off H&S + Off 365 Basic, AI)",3398.00,https://www.techhypermart.com/notebooks/acer-aspire-lite-al16-74p-535w-16-laptop-notebook-ultra-5-125h-16gb-512gb-intel-arc-w11h-off-h-s-off-365-basic-ai,https://www.techhypermart.com/image/cache/catalog/laptopnotebook/acer/AL16-74P-535W-aa-250x250.png,TechHypermart - Acer,,,16GB,16GB,,,,
56022,"Acer Chromebook Plus CB514-6HT-39YQ 14"" Laptop/ Notebook (Core 3 N355, 8GB, 128GB, Intel, ChromeOS, Touch, AI)",2779.00,https://www.techhypermart.com/notebooks/acer-chromebook-plus-cb514-6ht-39yq-14-laptop-notebook-core-3-n355-8gb-128gb-intel-chromeos-touch-ai,https://www.techhypermart.com/image/cache/catalog/laptopnotebook/acer/CB514-6HT-39YQ-a-250x250.png,TechHypermart - Acer,Core 3,,8GB,8GB,,,,
53252,"Acer Chromebook Plus Enterprise CBE594-2T-50MW 14"" Laptop/ Notebook (Core 5 120U, 16GB, 256GB, Intel, Chrome OS, Touchscreen, AI Chip)",3779.00,https://www.techhypermart.com/notebooks/acer-chromebook-plus-enterprise-cbe594-2t-50mw-14-laptop-notebook-core-5-120u-16gb-256gb-intel-chrome-os-touchscreen-ai-chip,https://www.techhypermart.com/image/cache/catalog/laptopnotebook/acer/CBE594-2T-50MW-a-250x250.png,TechHypermart - Acer,Core 5,,16GB,16GB,,,,
56023,"Acer Chromebook Plus Enterprise CBE594-2T-76LR 14"" Laptop/ Notebook (Core 7 150U, 16GB, 512GB, Intel, ChromeOS, Touch, AI)",4599.00,https://www.techhypermart.com/notebooks/acer-chromebook-plus-enterprise-cbe594-2t-76lr-14-laptop-notebook-core-7-150u-16gb-512gb-intel-chromeos-touch-ai,https://www.techhypermart.com/image/cache/catalog/laptopnotebook/acer/CBE594-2T-76LR-a-250x250.png,TechHypermart - Acer,Core 7,,16GB,16GB,,,,
53947,"Acer Nitro V15 ANV15-41-R0DZ 15.6"" Laptop/ Notebook (Ryzen 5 6600H, 8GB, 512GB, NV RTX3050, W11H, Off H&S + Off 365 Basic, 165Hz, AI Chip)",3318.00,https://www.techhypermart.com/notebooks/acer-nitro-v15-anv15-41-r0dz-15-6-laptop-notebook-ryzen-5-6600h-8gb-512gb-nv-rtx3050-w11h-off-h-s-off-365-basic-165hz-ai-chip,https://www.techhypermart.com/image/cache/catalog/laptopnotebook/acer/ANV15-41-R0DZ-a-250x250.png,TechHypermart - Acer,Ryzen 5 6600H,NV RTX3050,8GB,8GB,,,,
54455,"Acer Nitro V15 ANV15-41-R0DZ-1-W11-EPP 15.6"" Laptop/ Notebook (Ryzen 5 6600H, 8GB, 1TB, NV RTX3050, W11H, Off H&S + Off 365 Basic, 165Hz, AI Chip)",4689.00,https://www.techhypermart.com/notebooks/acer-nitro-v15-anv15-41-r0dz-1-w11-epp-15-6-laptop-notebook-ryzen-5-6600h-8gb-1tb-nv-rtx3050-w11h-off-h-s-off-365-basic-165hz-ai-chip,https://www.techhypermart.com/image/cache/catalog/laptopnotebook/acer/ANV15-41-R0DZ-epp-250x250.png,TechHypermart - Acer,Ryzen 5 6600H,NV RTX3050,8GB,8GB,,,,
54463,"Acer Nitro V15 ANV15-41-R0DZ-1-W11P-EPP 15.6"" Laptop/ Notebook (Ryzen 5 6600H, 8GB, 1TB, NV RTX3050, W11P, Off H&S + Off 365 Basic, 165Hz, AI Chip)",5539.00,https://www.techhypermart.com/notebooks/acer-nitro-v15-anv15-41-r0dz-1-w11p-epp-15-6-laptop-notebook-ryzen-5-6600h-8gb-1tb-nv-rtx3050-w11p-off-h-s-off-365-basic-165hz-ai-chip,https://www.techhypermart.com/image/cache/catalog/laptopnotebook/acer/ANV15-41-R0DZ-w11p-epp-250x250.png,TechHypermart - Acer,Ryzen 5 6600H,NV RTX3050,8GB,8GB,,,,
54456,"Acer Nitro V15 ANV15-41-R0DZ-16-1-W11-EPP 15.6"" Laptop/ Notebook (Ryzen 5 6600H, 16GB, 1TB, NV RTX3050, W11H, Off H&S + Off 365 Basic, 165Hz, AI Chip)",5479.00,https://www.techhypermart.com/notebooks/acer-nitro-v15-anv15-41-r0dz-16-1-w11-epp-15-6-laptop-notebook-ryzen-5-6600h-16gb-1tb-nv-rtx3050-w11h-off-h-s-off-365-basic-165hz-ai-chip,https://www.techhypermart.com/image/cache/catalog/laptopnotebook/acer/ANV15-41-R0DZ-epp-250x250.png,TechHypermart - Acer,Ryzen 5 6600H,NV RTX3050,16GB,16GB,,,,
54464,"Acer Nitro V15 ANV15-41-R0DZ-16-1-W11P-EPP 15.6"" Laptop/ Notebook (Ryzen 5 6600H, 16GB, 1TB, NV RTX3050, W11P, Off H&S + Off 365 Basic, 165Hz, AI Chip)",6329.00,https://www.techhypermart.com/notebooks/acer-nitro-v15-anv15-41-r0dz-16-1-w11p-epp-15-6-laptop-notebook-ryzen-5-6600h-16gb-1tb-nv-rtx3050-w11p-off-h-s-off-365-basic-165hz-ai-chip,https://www.techhypermart.com/image/cache/catalog/laptopnotebook/acer/ANV15-41-R0DZ-w11p-epp-250x250.png,TechHypermart - Acer,Ryzen 5 6600H,NV RTX3050,16GB,16GB,,,,
54026,"Acer Nitro V15 ANV15-41-R0DZ-16-W11 15.6"" Laptop/ Notebook (Ryzen 5 6600H, 16GB, 512GB, NV RTX3050, W11H, Off H&S + Off 365 Basic, 165Hz, AI Chip)",3919.00,https://www.techhypermart.com/notebooks/acer-nitro-v15-anv15-41-r0dz-16-w11-15-6-laptop-notebook-ryzen-5-6600h-16gb-512gb-nv-rtx3050-w11h-off-h-s-off-365-basic-165hz-ai-chip,https://www.techhypermart.com/image/cache/catalog/laptopnotebook/acer/ANV15-41-R0DZ-a-250x250.png,TechHypermart - Acer,Ryzen 5 6600H,NV RTX3050,16GB,16GB,,,,
54460,"Acer Nitro V15 ANV15-41-R0DZ-16-W11P 15.6"" Laptop/ Notebook (Ryzen 5 6600H, 16GB, 512GB, NV RTX3050, W11P, Off H&S + Off 365 Basic, 165Hz, AI Chip)",4719.00,https://www.techhypermart.com/notebooks/acer-nitro-v15-anv15-41-r0dz-16-w11p-15-6-laptop-notebook-ryzen-5-6600h-16gb-512gb-nv-rtx3050-w11p-off-h-s-off-365-basic-165hz-ai-chip,https://www.techhypermart.com/image/cache/catalog/laptopnotebook/acer/ANV15-41-R0DZ-w11p-250x250.png,TechHypermart - Acer,Ryzen 5 6600H,NV RTX3050,16GB,16GB,,,,
54457,"Acer Nitro V15 ANV15-41-R0DZ-24-1-W11-EPP 15.6"" Laptop/ Notebook (Ryzen 5 6600H, 24GB, 1TB, NV RTX3050, W11H, Off H&S + Off 365 Basic, 165Hz, AI Chip)",6019.00,https://www.techhypermart.com/notebooks/acer-nitro-v15-anv15-41-r0dz-24-1-w11-epp-15-6-laptop-notebook-ryzen-5-6600h-24gb-1tb-nv-rtx3050-w11h-off-h-s-off-365-basic-165hz-ai-chip,https://www.techhypermart.com/image/cache/catalog/laptopnotebook/acer/ANV15-41-R0DZ-epp-250x250.png,TechHypermart - Acer,Ryzen 5 6600H,NV RTX3050,24GB,24GB,,,,
54465,"Acer Nitro V15 ANV15-41-R0DZ-24-1-W11P-EPP 15.6"" Laptop/ Notebook (Ryzen 5 6600H, 24GB, 1TB, NV RTX3050, W11P, Off H&S + Off 365 Basic, 165Hz, AI Chip)",6869.00,https://www.techhypermart.com/notebooks/acer-nitro-v15-anv15-41-r0dz-24-1-w11p-epp-15-6-laptop-notebook-ryzen-5-6600h-24gb-1tb-nv-rtx3050-w11p-off-h-s-off-365-basic-165hz-ai-chip,https://www.techhypermart.com/image/cache/catalog/laptopnotebook/acer/ANV15-41-R0DZ-w11p-epp-250x250.png,TechHypermart - Acer,Ryzen 5 6600H,NV RTX3050,24GB,24GB,,,,
54027,"Acer Nitro V15 ANV15-41-R0DZ-24-W11 15.6"" Laptop/ Notebook (Ryzen 5 6600H, 24GB, 512GB, NV RTX3050, W11H, Off H&S + Off 365 Basic, 165Hz, AI Chip)",4469.00,https://www.techhypermart.com/notebooks/acer-nitro-v15-anv15-41-r0dz-24-w11-15-6-laptop-notebook-ryzen-5-6600h-24gb-512gb-nv-rtx3050-w11h-off-h-s-off-365-basic-165hz-ai-chip,https://www.techhypermart.com/image/cache/catalog/laptopnotebook/acer/ANV15-41-R0DZ-a-250x250.png,TechHypermart - Acer,Ryzen 5 6600H,NV RTX3050,24GB,24GB,,,,
54461,"Acer Nitro V15 ANV15-41-R0DZ-24-W11P 15.6"" Laptop/ Notebook (Ryzen 5 6600H, 24GB, 512GB, NV RTX3050, W11P, Off H&S + Off 365 Basic, 165Hz, AI Chip)",5269.00,https://www.techhypermart.com/notebooks/acer-nitro-v15-anv15-41-r0dz-24-w11p-15-6-laptop-notebook-ryzen-5-6600h-24gb-512gb-nv-rtx3050-w11p-off-h-s-off-365-basic-165hz-ai-chip,https://www.techhypermart.com/image/cache/catalog/laptopnotebook/acer/ANV15-41-R0DZ-w11p-250x250.png,TechHypermart - Acer,Ryzen 5 6600H,NV RTX3050,24GB,24GB,,,,
54459,"Acer Nitro V15 ANV15-41-R0DZ-W11P 15.6"" Laptop/ Notebook (Ryzen 5 6600H, 8GB, 512GB, NV RTX3050, W11P, Off H&S + Off 365 Basic, 165Hz, AI Chip)",4168.00,https://www.techhypermart.com/notebooks/acer-nitro-v15-anv15-41-r0dz-w11p-15-6-laptop-notebook-ryzen-5-6600h-8gb-512gb-nv-rtx3050-w11p-off-h-s-off-365-basic-165hz-ai-chip,https://www.techhypermart.com/image/cache/catalog/laptopnotebook/acer/ANV15-41-R0DZ-w11p-250x250.png,TechHypermart - Acer,Ryzen 5 6600H,NV RTX3050,8GB,8GB,,,,
56881,"Acer Nitro V15 ANV15-52-505D 15.6"" Laptop/ Notebook (Core 5 210H, 16GB, 512GB, NV RTX5050, W11H, Off H&S + Off 365 Basic, 180Hz, AI)",4758.00,https://www.techhypermart.com/notebooks/acer-nitro-v15-anv15-52-505d-15-6-laptop-notebook-core-5-210h-16gb-512gb-nv-rtx5050-w11h-off-h-s-off-365-basic-180hz-ai,https://www.techhypermart.com/image/cache/catalog/laptopnotebook/acer/ANV15-52-505D-a-250x250.png,TechHypermart - Acer,Core 5,NV RTX5050,16GB,16GB,,,,
57405,"Acer Nitro V15 ANV15-52-505D-1-W11-EPP 15.6"" Laptop/ Notebook (Core 5 210H, 16GB, 1TB, NV RTX5050, W11H, Off H&S + Off 365 Basic, 180Hz, AI)",6599.00,https://www.techhypermart.com/notebooks/acer-nitro-v15-anv15-52-505d-1-w11-epp-15-6-laptop-notebook-core-5-210h-16gb-1tb-nv-rtx5050-w11h-off-h-s-off-365-basic-180hz-ai,https://www.techhypermart.com/image/cache/catalog/laptopnotebook/acer/ANV15-52-505D-epp-250x250.png,TechHypermart - Acer,Core 5,NV RTX5050,16GB,16GB,,,,
57412,"Acer Nitro V15 ANV15-52-505D-1-W11P-EPP 15.6"" Laptop/ Notebook (Core 5 210H, 16GB, 1TB, NV RTX5050, W11P, Off H&S + Off 365 Basic, 180Hz, AI)",7449.00,https://www.techhypermart.com/notebooks/acer-nitro-v15-anv15-52-505d-1-w11p-epp-15-6-laptop-notebook-core-5-210h-16gb-1tb-nv-rtx5050-w11p-off-h-s-off-365-basic-180hz-ai,https://www.techhypermart.com/image/cache/catalog/laptopnotebook/acer/ANV15-52-505D-w11p-epp-250x250.png,TechHypermart - Acer,Core 5,NV RTX5050,16GB,16GB,,,,
57406,"Acer Nitro V15 ANV15-52-505D-24-1-W11-EPP 15.6"" Laptop/ Notebook (Core 5 210H, 24GB, 1TB, NV RTX5050, W11H, Off H&S + Off 365 Basic, 180Hz, AI)",7059.00,https://www.techhypermart.com/notebooks/acer-nitro-v15-anv15-52-505d-24-1-w11-epp-15-6-laptop-notebook-core-5-210h-24gb-1tb-nv-rtx5050-w11h-off-h-s-off-365-basic-180hz-ai,https://www.techhypermart.com/image/cache/catalog/laptopnotebook/acer/ANV15-52-505D-epp-250x250.png,TechHypermart - Acer,Core 5,NV RTX5050,24GB,24GB,,,,
57413,"Acer Nitro V15 ANV15-52-505D-24-1-W11P-EPP 15.6"" Laptop/ Notebook (Core 5 210H, 24GB, 1TB, NV RTX5050, W11P, Off H&S + Off 365 Basic, 180Hz, AI)",7909.00,https://www.techhypermart.com/notebooks/acer-nitro-v15-anv15-52-505d-24-1-w11p-epp-15-6-laptop-notebook-core-5-210h-24gb-1tb-nv-rtx5050-w11p-off-h-s-off-365-basic-180hz-ai,https://www.techhypermart.com/image/cache/catalog/laptopnotebook/acer/ANV15-52-505D-w11p-epp-250x250.png,TechHypermart - Acer,Core 5,NV RTX5050,24GB,24GB,,,,
56904,"Acer Nitro V15 ANV15-52-505D-24-W11 15.6"" Laptop/ Notebook (Core 5 210H, 24GB, 512GB, NV RTX5050, W11H, Off H&S + Off 365 Basic, 180Hz, AI)",5189.00,https://www.techhypermart.com/notebooks/acer-nitro-v15-anv15-52-505d-24-w11-15-6-laptop-notebook-core-5-210h-24gb-512gb-nv-rtx5050-w11h-off-h-s-off-365-basic-180hz-ai,https://www.techhypermart.com/image/cache/catalog/laptopnotebook/acer/ANV15-52-505D-a-250x250.png,TechHypermart - Acer,Core 5,NV RTX5050,24GB,24GB,,,,
57410,"Acer Nitro V15 ANV15-52-505D-24-W11P 15.6"" Laptop/ Notebook (Core 5 210H, 24GB, 512GB, NV RTX5050, W11P, Off H&S + Off 365 Basic, 180Hz, AI)",5989.00,https://www.techhypermart.com/notebooks/acer-nitro-v15-anv15-52-505d-24-w11p-15-6-laptop-notebook-core-5-210h-24gb-512gb-nv-rtx5050-w11p-off-h-s-off-365-basic-180hz-ai,https://www.techhypermart.com/image/cache/catalog/laptopnotebook/acer/ANV15-52-505D-w11p-250x250.png,TechHypermart - Acer,Core 5,NV RTX5050,24GB,24GB,,,,
57407,"Acer Nitro V15 ANV15-52-505D-32-1-W11-EPP 15.6"" Laptop/ Notebook (Core 5 210H, 32GB, 1TB, NV RTX5050, W11H, Off H&S + Off 365 Basic, 180Hz, AI)",7439.00,https://www.techhypermart.com/notebooks/acer-nitro-v15-anv15-52-505d-32-1-w11-epp-15-6-laptop-notebook-core-5-210h-32gb-1tb-nv-rtx5050-w11h-off-h-s-off-365-basic-180hz-ai,https://www.techhypermart.com/image/cache/catalog/laptopnotebook/acer/ANV15-52-505D-epp-250x250.png,TechHypermart - Acer,Core 5,NV RTX5050,32GB,32GB,,,,
57414,"Acer Nitro V15 ANV15-52-505D-32-1-W11P-EPP 15.6"" Laptop/ Notebook (Core 5 210H, 32GB, 1TB, NV RTX5050, W11P, Off H&S + Off 365 Basic, 180Hz, AI)",8289.00,https://www.techhypermart.com/notebooks/acer-nitro-v15-anv15-52-505d-32-1-w11p-epp-15-6-laptop-notebook-core-5-210h-32gb-1tb-nv-rtx5050-w11p-off-h-s-off-365-basic-180hz-ai,https://www.techhypermart.com/image/cache/catalog/laptopnotebook/acer/ANV15-52-505D-w11p-epp-250x250.png,TechHypermart - Acer,Core 5,NV RTX5050,32GB,32GB,,,,
56906,"Acer Nitro V15 ANV15-52-505D-32-W11 15.6"" Laptop/ Notebook (Core 5 210H, 32GB, 512GB, NV RTX5050, W11H, Off H&S + Off 365 Basic, 180Hz, AI)",5539.00,https://www.techhypermart.com/notebooks/acer-nitro-v15-anv15-52-505d-32-w11-15-6-laptop-notebook-core-5-210h-32gb-512gb-nv-rtx5050-w11h-off-h-s-off-365-basic-180hz-ai,https://www.techhypermart.com/image/cache/catalog/laptopnotebook/acer/ANV15-52-505D-a-250x250.png,TechHypermart - Acer,Core 5,NV RTX5050,32GB,32GB,,,,
57411,"Acer Nitro V15 ANV15-52-505D-32-W11P 15.6"" Laptop/ Notebook (Core 5 210H, 32GB, 512GB, NV RTX5050, W11P, Off H&S + Off 365 Basic, 180Hz, AI)",6339.00,https://www.techhypermart.com/notebooks/acer-nitro-v15-anv15-52-505d-32-w11p-15-6-laptop-notebook-core-5-210h-32gb-512gb-nv-rtx5050-w11p-off-h-s-off-365-basic-180hz-ai,https://www.techhypermart.com/image/cache/catalog/laptopnotebook/acer/ANV15-52-505D-w11p-250x250.png,TechHypermart - Acer,Core 5,NV RTX5050,32GB,32GB,,,,
57408,"Acer Nitro V15 ANV15-52-505D-W11P 15.6"" Laptop/ Notebook (Core 5 210H, 16GB, 512GB, NV RTX5050, W11P, Off H&S + Off 365 Basic, 180Hz, AI)",5559.00,https://www.techhypermart.com/notebooks/acer-nitro-v15-anv15-52-505d-w11p-15-6-laptop-notebook-core-5-210h-16gb-512gb-nv-rtx5050-w11p-off-h-s-off-365-basic-180hz-ai,https://www.techhypermart.com/image/cache/catalog/laptopnotebook/acer/ANV15-52-505D-w11p-250x250.png,TechHypermart - Acer,Core 5,NV RTX5050,16GB,16GB,,,,
51858,"Acer Nitro V15 ANV15-52-529N 15.6"" Laptop/ Notebook (i5-13420H, 16GB, 512GB, NV RTX5050, W11H, Off H&S + Off 365 Basic, 180Hz, AI Chip)",4628.00,https://www.techhypermart.com/notebooks/acer-nitro-v15-anv15-52-529n-15-6-laptop-notebook-i5-13420h-16gb-512gb-nv-rtx5050-w11h-off-h-s-off-365-basic-180hz-ai-chip,https://www.techhypermart.com/image/cache/catalog/laptopnotebook/acer/ANV15-52-529N-a-250x250.png,TechHypermart - Acer,i5-13420H,NV RTX5050,16GB,16GB,,,,
52682,"Acer Nitro V15 ANV15-52-529N-1-W11-EPP 15.6"" Laptop/ Notebook (i5-13420H, 16GB, 1TB, NV RTX5050, W11H, Off H&S + Off 365 Basic, 180Hz, AI Chip)",6469.00,https://www.techhypermart.com/notebooks/acer-nitro-v15-anv15-52-529n-1-w11-epp-15-6-laptop-notebook-i5-13420h-16gb-1tb-nv-rtx5050-w11h-off-h-s-off-365-basic-180hz-ai-chip,https://www.techhypermart.com/image/cache/catalog/laptopnotebook/acer/ANV15-52-529N-epp-250x250.png,TechHypermart - Acer,i5-13420H,NV RTX5050,16GB,16GB,,,,
52692,"Acer Nitro V15 ANV15-52-529N-1-W11P-EPP 15.6"" Laptop/ Notebook (i5-13420H, 16GB, 1TB, NV RTX5050, W11P, Off H&S + Off 365 Basic, 180Hz, AI Chip)",7319.00,https://www.techhypermart.com/notebooks/acer-nitro-v15-anv15-52-529n-1-w11p-epp-15-6-laptop-notebook-i5-13420h-16gb-1tb-nv-rtx5050-w11p-off-h-s-off-365-basic-180hz-ai-chip,https://www.techhypermart.com/image/cache/catalog/laptopnotebook/acer/ANV15-52-529N-w11p-epp-250x250.png,TechHypermart - Acer,i5-13420H,NV RTX5050,16GB,16GB,,,,
52683,"Acer Nitro V15 ANV15-52-529N-24-1-W11-EPP 15.6"" Laptop/ Notebook (i5-13420H, 24GB, 1TB, NV RTX5050, W11H, Off H&S + Off 365 Basic, 180Hz, AI Chip)",7279.00,https://www.techhypermart.com/notebooks/acer-nitro-v15-anv15-52-529n-24-1-w11-epp-15-6-laptop-notebook-i5-13420h-24gb-1tb-nv-rtx5050-w11h-off-h-s-off-365-basic-180hz-ai-chip,https://www.techhypermart.com/image/cache/catalog/laptopnotebook/acer/ANV15-52-529N-epp-250x250.png,TechHypermart - Acer,i5-13420H,NV RTX5050,24GB,24GB,,,,
52693,"Acer Nitro V15 ANV15-52-529N-24-1-W11P-EPP 15.6"" Laptop/ Notebook (i5-13420H, 24GB, 1TB, NV RTX5050, W11P, Off H&S + Off 365 Basic, 180Hz, AI Chip)",8129.00,https://www.techhypermart.com/notebooks/acer-nitro-v15-anv15-52-529n-24-1-w11p-epp-15-6-laptop-notebook-i5-13420h-24gb-1tb-nv-rtx5050-w11p-off-h-s-off-365-basic-180hz-ai-chip,https://www.techhypermart.com/image/cache/catalog/laptopnotebook/acer/ANV15-52-529N-w11p-epp-250x250.png,TechHypermart - Acer,i5-13420H,NV RTX5050,24GB,24GB,,,,
51884,"Acer Nitro V15 ANV15-52-529N-24-W11 15.6"" Laptop/ Notebook (i5-13420H, 24GB, 512GB, NV RTX5050, W11H, Off H&S + Off 365 Basic, 180Hz, AI Chip)",5429.00,https://www.techhypermart.com/notebooks/acer-nitro-v15-anv15-52-529n-24-w11-15-6-laptop-notebook-i5-13420h-24gb-512gb-nv-rtx5050-w11h-off-h-s-off-365-basic-180hz-ai-chip,https://www.techhypermart.com/image/cache/catalog/laptopnotebook/acer/ANV15-52-529N-a-250x250.png,TechHypermart - Acer,i5-13420H,NV RTX5050,24GB,24GB,,,,
52688,"Acer Nitro V15 ANV15-52-529N-24-W11P 15.6"" Laptop/ Notebook (i5-13420H, 24GB, 512GB, NV RTX5050, W11P, Off H&S + Off 365 Basic, 180Hz, AI Chip)",6229.00,https://www.techhypermart.com/notebooks/acer-nitro-v15-anv15-52-529n-24-w11p-15-6-laptop-notebook-i5-13420h-24gb-512gb-nv-rtx5050-w11p-off-h-s-off-365-basic-180hz-ai-chip,https://www.techhypermart.com/image/cache/catalog/laptopnotebook/acer/ANV15-52-529N-w11p-250x250.png,TechHypermart - Acer,i5-13420H,NV RTX5050,24GB,24GB,,,,
52684,"Acer Nitro V15 ANV15-52-529N-32-1-W11-EPP 15.6"" Laptop/ Notebook (i5-13420H, 32GB, 1TB, NV RTX5050, W11H, Off H&S + Off 365 Basic, 180Hz, AI Chip)",7819.00,https://www.techhypermart.com/notebooks/acer-nitro-v15-anv15-52-529n-32-1-w11-epp-15-6-laptop-notebook-i5-13420h-32gb-1tb-nv-rtx5050-w11h-off-h-s-off-365-basic-180hz-ai-chip,https://www.techhypermart.com/image/cache/catalog/laptopnotebook/acer/ANV15-52-529N-epp-250x250.png,TechHypermart - Acer,i5-13420H,NV RTX5050,32GB,32GB,,,,
52694,"Acer Nitro V15 ANV15-52-529N-32-1-W11P-EPP 15.6"" Laptop/ Notebook (i5-13420H, 32GB, 1TB, NV RTX5050, W11P, Off H&S + Off 365 Basic, 180Hz, AI Chip)",9879.00,https://www.techhypermart.com/notebooks/acer-nitro-v15-anv15-52-529n-32-1-w11p-epp-15-6-laptop-notebook-i5-13420h-32gb-1tb-nv-rtx5050-w11p-off-h-s-off-365-basic-180hz-ai-chip,https://www.techhypermart.com/image/cache/catalog/laptopnotebook/acer/ANV15-52-529N-w11p-epp-250x250.png,TechHypermart - Acer,i5-13420H,NV RTX5050,32GB,32GB,,,,
51885,"Acer Nitro V15 ANV15-52-529N-32-W11 15.6"" Laptop/ Notebook (i5-13420H, 32GB, 512GB, NV RTX5050, W11H, Off H&S + Off 365 Basic, 180Hz, AI Chip)",5929.00,https://www.techhypermart.com/notebooks/acer-nitro-v15-anv15-52-529n-32-w11-15-6-laptop-notebook-i5-13420h-32gb-512gb-nv-rtx5050-w11h-off-h-s-off-365-basic-180hz-ai-chip,https://www.techhypermart.com/image/cache/catalog/laptopnotebook/acer/ANV15-52-529N-a-250x250.png,TechHypermart - Acer,i5-13420H,NV RTX5050,32GB,32GB,,,,
52689,"Acer Nitro V15 ANV15-52-529N-32-W11P 15.6"" Laptop/ Notebook (i5-13420H, 32GB, 512GB, NV RTX5050, W11P, Off H&S + Off 365 Basic, 180Hz, AI Chip)",6729.00,https://www.techhypermart.com/notebooks/acer-nitro-v15-anv15-52-529n-32-w11p-15-6-laptop-notebook-i5-13420h-32gb-512gb-nv-rtx5050-w11p-off-h-s-off-365-basic-180hz-ai-chip,https://www.techhypermart.com/image/cache/catalog/laptopnotebook/acer/ANV15-52-529N-w11p-250x250.png,TechHypermart - Acer,i5-13420H,NV RTX5050,32GB,32GB,,,,
52685,"Acer Nitro V15 ANV15-52-529N-48-1-W11-EPP 15.6"" Laptop/ Notebook (i5-13420H, 48GB, 1TB, NV RTX5050, W11H, Off H&S + Off 365 Basic, 180Hz, AI Chip)",9049.00,https://www.techhypermart.com/notebooks/acer-nitro-v15-anv15-52-529n-48-1-w11-epp-15-6-laptop-notebook-i5-13420h-48gb-1tb-nv-rtx5050-w11h-off-h-s-off-365-basic-180hz-ai-chip,https://www.techhypermart.com/image/cache/catalog/laptopnotebook/acer/ANV15-52-529N-epp-250x250.png,TechHypermart - Acer,i5-13420H,NV RTX5050,48GB,48GB,,,,
52695,"Acer Nitro V15 ANV15-52-529N-48-1-W11P-EPP 15.6"" Laptop/ Notebook (i5-13420H, 48GB, 1TB, NV RTX5050, W11P, Off H&S + Off 365 Basic, 180Hz, AI Chip)",9899.00,https://www.techhypermart.com/notebooks/acer-nitro-v15-anv15-52-529n-48-1-w11p-epp-15-6-laptop-notebook-i5-13420h-48gb-1tb-nv-rtx5050-w11p-off-h-s-off-365-basic-180hz-ai-chip,https://www.techhypermart.com/image/cache/catalog/laptopnotebook/acer/ANV15-52-529N-w11p-epp-250x250.png,TechHypermart - Acer,i5-13420H,NV RTX5050,48GB,48GB,,,,
51886,"Acer Nitro V15 ANV15-52-529N-48-W11 15.6"" Laptop/ Notebook (i5-13420H, 48GB, 512GB, NV RTX5050, W11H, Off H&S + Off 365 Basic, 180Hz, AI Chip)",7069.00,https://www.techhypermart.com/notebooks/acer-nitro-v15-anv15-52-529n-48-w11-15-6-laptop-notebook-i5-13420h-48gb-512gb-nv-rtx5050-w11h-off-h-s-off-365-basic-180hz-ai-chip,https://www.techhypermart.com/image/cache/catalog/laptopnotebook/acer/ANV15-52-529N-a-250x250.png,TechHypermart - Acer,i5-13420H,NV RTX5050,48GB,48GB,,,,
52690,"Acer Nitro V15 ANV15-52-529N-48-W11P 15.6"" Laptop/ Notebook (i5-13420H, 48GB, 512GB, NV RTX5050, W11P, Off H&S + Off 365 Basic, 180Hz, AI Chip)",7869.00,https://www.techhypermart.com/notebooks/acer-nitro-v15-anv15-52-529n-48-w11p-15-6-laptop-notebook-i5-13420h-48gb-512gb-nv-rtx5050-w11p-off-h-s-off-365-basic-180hz-ai-chip,https://www.techhypermart.com/image/cache/catalog/laptopnotebook/acer/ANV15-52-529N-w11p-250x250.png,TechHypermart - Acer,i5-13420H,NV RTX5050,48GB,48GB,,,,
52686,"Acer Nitro V15 ANV15-52-529N-64-1-W11-EPP 15.6"" Laptop/ Notebook (i5-13420H, 64GB, 1TB, NV RTX5050, W11H, Off H&S + Off 365 Basic, 180Hz, AI Chip)",11439.00,https://www.techhypermart.com/notebooks/acer-nitro-v15-anv15-52-529n-64-1-w11-epp-15-6-laptop-notebook-i5-13420h-64gb-1tb-nv-rtx5050-w11h-off-h-s-off-365-basic-180hz-ai-chip,https://www.techhypermart.com/image/cache/catalog/laptopnotebook/acer/ANV15-52-529N-epp-250x250.png,TechHypermart - Acer,i5-13420H,NV RTX5050,64GB,64GB,,,,
52696,"Acer Nitro V15 ANV15-52-529N-64-1-W11P-EPP 15.6"" Laptop/ Notebook (i5-13420H, 64GB, 1TB, NV RTX5050, W11P, Off H&S + Off 365 Basic, 180Hz, AI Chip)",12289.00,https://www.techhypermart.com/notebooks/acer-nitro-v15-anv15-52-529n-64-1-w11p-epp-15-6-laptop-notebook-i5-13420h-64gb-1tb-nv-rtx5050-w11p-off-h-s-off-365-basic-180hz-ai-chip,https://www.techhypermart.com/image/cache/catalog/laptopnotebook/acer/ANV15-52-529N-w11p-epp-250x250.png,TechHypermart - Acer,i5-13420H,NV RTX5050,64GB,64GB,,,,
51887,"Acer Nitro V15 ANV15-52-529N-64-W11 15.6"" Laptop/ Notebook (i5-13420H, 64GB, 512GB, NV RTX5050, W11H, Off H&S + Off 365 Basic, 180Hz, AI Chip)",9179.00,https://www.techhypermart.com/notebooks/acer-nitro-v15-anv15-52-529n-64-w11-15-6-laptop-notebook-i5-13420h-64gb-512gb-nv-rtx5050-w11h-off-h-s-off-365-basic-180hz-ai-chip,https://www.techhypermart.com/image/cache/catalog/laptopnotebook/acer/ANV15-52-529N-a-250x250.png,TechHypermart - Acer,i5-13420H,NV RTX5050,64GB,64GB,,,,
52691,"Acer Nitro V15 ANV15-52-529N-64-W11P 15.6"" Laptop/ Notebook (i5-13420H, 64GB, 512GB, NV RTX5050, W11P, Off H&S + Off 365 Basic, 180Hz, AI Chip)",9979.00,https://www.techhypermart.com/notebooks/acer-nitro-v15-anv15-52-529n-64-w11p-15-6-laptop-notebook-i5-13420h-64gb-512gb-nv-rtx5050-w11p-off-h-s-off-365-basic-180hz-ai-chip,https://www.techhypermart.com/image/cache/catalog/laptopnotebook/acer/ANV15-52-529N-w11p-250x250.png,TechHypermart - Acer,i5-13420H,NV RTX5050,64GB,64GB,,,,
52687,"Acer Nitro V15 ANV15-52-529N-W11P 15.6"" Laptop/ Notebook (i5-13420H, 16GB, 512GB, NV RTX5050, W11P, Off H&S + Off 365 Basic, 180Hz, AI Chip)",5499.00,https://www.techhypermart.com/notebooks/acer-nitro-v15-anv15-52-529n-w11p-15-6-laptop-notebook-i5-13420h-16gb-512gb-nv-rtx5050-w11p-off-h-s-off-365-basic-180hz-ai-chip,https://www.techhypermart.com/image/cache/catalog/laptopnotebook/acer/ANV15-52-529N-w11p-250x250.png,TechHypermart - Acer,i5-13420H,NV RTX5050,16GB,16GB,,,,
49961,"Acer Nitro V15 ANV15-52-5914 15.6"" Laptop/ Notebook (Core 5 210H, 16GB, 512GB, NV RTX4050, W11H, Off H&S + Off 365 Basic, 165Hz, AI Chip)",3988.00,https://www.techhypermart.com/notebooks/acer-nitro-v15-anv15-52-5914-15-6-laptop-notebook-core-5-210h-16gb-512gb-nv-rtx4050-w11h-off-h-s-off-365-basic-165hz-ai-chip,https://www.techhypermart.com/image/cache/catalog/laptopnotebook/acer/ANV15-52-5914-a-250x250.png,TechHypermart - Acer,Core 5,NV RTX4050,16GB,16GB,,,,
50354,"Acer Nitro V15 ANV15-52-5914-1-W11-EPP 15.6"" Laptop/ Notebook (Core 5 210H, 16GB, 1TB, NV RTX4050, W11H, Off H&S + Off 365 Basic, 165Hz, AI Chip)",5739.00,https://www.techhypermart.com/notebooks/acer-nitro-v15-anv15-52-5914-1-w11-epp-15-6-laptop-notebook-core-5-210h-16gb-1tb-nv-rtx4050-w11h-off-h-s-off-365-basic-165hz-ai-chip,https://www.techhypermart.com/image/cache/catalog/laptopnotebook/acer/ANV15-52-5914-epp-250x250.png,TechHypermart - Acer,Core 5,NV RTX4050,16GB,16GB,,,,
50365,"Acer Nitro V15 ANV15-52-5914-1-W11P-EPP 15.6"" Laptop/ Notebook (Core 5 210H, 16GB, 1TB, NV RTX4050, W11P, Off H&S + Off 365 Basic, 165Hz, AI Chip)",6589.00,https://www.techhypermart.com/notebooks/acer-nitro-v15-anv15-52-5914-1-w11p-epp-15-6-laptop-notebook-core-5-210h-16gb-1tb-nv-rtx4050-w11p-off-h-s-off-365-basic-165hz-ai-chip,https://www.techhypermart.com/image/cache/catalog/laptopnotebook/acer/ANV15-52-5914-w11p-epp-250x250.png,TechHypermart - Acer,Core 5,NV RTX4050,16GB,16GB,,,,
50355,"Acer Nitro V15 ANV15-52-5914-24-1-W11-EPP 15.6"" Laptop/ Notebook (Core 5 210H, 24GB, 1TB, NV RTX4050, W11H, Off H&S + Off 365 Basic, 165Hz, AI Chip)",6619.00,https://www.techhypermart.com/notebooks/acer-nitro-v15-anv15-52-5914-24-1-w11-epp-15-6-laptop-notebook-core-5-210h-24gb-1tb-nv-rtx4050-w11h-off-h-s-off-365-basic-165hz-ai-chip,https://www.techhypermart.com/image/cache/catalog/laptopnotebook/acer/ANV15-52-5914-epp-250x250.png,TechHypermart - Acer,Core 5,NV RTX4050,24GB,24GB,,,,
50366,"Acer Nitro V15 ANV15-52-5914-24-1-W11P-EPP 15.6"" Laptop/ Notebook (Core 5 210H, 24GB, 1TB, NV RTX4050, W11P, Off H&S + Off 365 Basic, 165Hz, AI Chip)",7469.00,https://www.techhypermart.com/notebooks/acer-nitro-v15-anv15-52-5914-24-1-w11p-epp-15-6-laptop-notebook-core-5-210h-24gb-1tb-nv-rtx4050-w11p-off-h-s-off-365-basic-165hz-ai-chip,https://www.techhypermart.com/image/cache/catalog/laptopnotebook/acer/ANV15-52-5914-w11p-epp-250x250.png,TechHypermart - Acer,Core 5,NV RTX4050,24GB,24GB,,,,
50284,"Acer Nitro V15 ANV15-52-5914-24-W11 15.6"" Laptop/ Notebook (Core 5 210H, 24GB, 512GB, NV RTX4050, W11H, Off H&S + Off 365 Basic, 165Hz, AI Chip)",4709.00,https://www.techhypermart.com/notebooks/acer-nitro-v15-anv15-52-5914-24-w11-15-6-laptop-notebook-core-5-210h-24gb-512gb-nv-rtx4050-w11h-off-h-s-off-365-basic-165hz-ai-chip,https://www.techhypermart.com/image/cache/catalog/laptopnotebook/acer/ANV15-52-5914-a-250x250.png,TechHypermart - Acer,Core 5,NV RTX4050,24GB,24GB,,,,
50361,"Acer Nitro V15 ANV15-52-5914-24-W11P 15.6"" Laptop/ Notebook (Core 5 210H, 24GB, 512GB, NV RTX4050, W11P, Off H&S + Off 365 Basic, 165Hz, AI Chip)",5499.00,https://www.techhypermart.com/notebooks/acer-nitro-v15-anv15-52-5914-24-w11p-15-6-laptop-notebook-core-5-210h-24gb-512gb-nv-rtx4050-w11p-off-h-s-off-365-basic-165hz-ai-chip,https://www.techhypermart.com/image/cache/catalog/laptopnotebook/acer/ANV15-52-5914-w11p-250x250.png,TechHypermart - Acer,Core 5,NV RTX4050,24GB,24GB,,,,
50357,"Acer Nitro V15 ANV15-52-5914-32-1-W11-EPP 15.6"" Laptop/ Notebook (Core 5 210H, 32GB, 1TB, NV RTX4050, W11H, Off H&S + Off 365 Basic, 165Hz, AI Chip)",7059.00,https://www.techhypermart.com/notebooks/acer-nitro-v15-anv15-52-5914-32-1-w11-epp-15-6-laptop-notebook-core-5-210h-32gb-1tb-nv-rtx4050-w11h-off-h-s-off-365-basic-165hz-ai-chip,https://www.techhypermart.com/image/cache/catalog/laptopnotebook/acer/ANV15-52-5914-epp-250x250.png,TechHypermart - Acer,Core 5,NV RTX4050,32GB,32GB,,,,
50367,"Acer Nitro V15 ANV15-52-5914-32-1-W11P-EPP 15.6"" Laptop/ Notebook (Core 5 210H, 32GB, 1TB, NV RTX4050, W11P, Off H&S + Off 365 Basic, 165Hz, AI Chip)",7909.00,https://www.techhypermart.com/notebooks/acer-nitro-v15-anv15-52-5914-32-1-w11p-epp-15-6-laptop-notebook-core-5-210h-32gb-1tb-nv-rtx4050-w11p-off-h-s-off-365-basic-165hz-ai-chip,https://www.techhypermart.com/image/cache/catalog/laptopnotebook/acer/ANV15-52-5914-w11p-epp-250x250.png,TechHypermart - Acer,Core 5,NV RTX4050,32GB,32GB,,,,
50285,"Acer Nitro V15 ANV15-52-5914-32-W11 15.6"" Laptop/ Notebook (Core 5 210H, 32GB, 512GB, NV RTX4050, W11H, Off H&S + Off 365 Basic, 165Hz, AI Chip)",5199.00,https://www.techhypermart.com/notebooks/acer-nitro-v15-anv15-52-5914-32-w11-15-6-laptop-notebook-core-5-210h-32gb-512gb-nv-rtx4050-w11h-off-h-s-off-365-basic-165hz-ai-chip,https://www.techhypermart.com/image/cache/catalog/laptopnotebook/acer/ANV15-52-5914-a-250x250.png,TechHypermart - Acer,Core 5,NV RTX4050,32GB,32GB,,,,
50362,"Acer Nitro V15 ANV15-52-5914-32-W11P 15.6"" Laptop/ Notebook (Core 5 210H, 32GB, 512GB, NV RTX4050, W11P, Off H&S + Off 365 Basic, 165Hz, AI Chip)",5999.00,https://www.techhypermart.com/notebooks/acer-nitro-v15-anv15-52-5914-32-w11p-15-6-laptop-notebook-core-5-210h-32gb-512gb-nv-rtx4050-w11p-off-h-s-off-365-basic-165hz-ai-chip,https://www.techhypermart.com/image/cache/catalog/laptopnotebook/acer/ANV15-52-5914-w11p-250x250.png,TechHypermart - Acer,Core 5,NV RTX4050,32GB,32GB,,,,
50358,"Acer Nitro V15 ANV15-52-5914-48-1-W11-EPP 15.6"" Laptop/ Notebook (Core 5 210H, 48GB, 1TB, NV RTX4050, W11H, Off H&S + Off 365 Basic, 165Hz, AI Chip)",8219.00,https://www.techhypermart.com/notebooks/acer-nitro-v15-anv15-52-5914-48-1-w11-epp-15-6-laptop-notebook-core-5-210h-48gb-1tb-nv-rtx4050-w11h-off-h-s-off-365-basic-165hz-ai-chip,https://www.techhypermart.com/image/cache/catalog/laptopnotebook/acer/ANV15-52-5914-epp-250x250.png,TechHypermart - Acer,Core 5,NV RTX4050,48GB,48GB,,,,
50368,"Acer Nitro V15 ANV15-52-5914-48-1-W11P-EPP 15.6"" Laptop/ Notebook (Core 5 210H, 48GB, 1TB, NV RTX4050, W11P, Off H&S + Off 365 Basic, 165Hz, AI Chip)",9069.00,https://www.techhypermart.com/notebooks/acer-nitro-v15-anv15-52-5914-48-1-w11p-epp-15-6-laptop-notebook-core-5-210h-48gb-1tb-nv-rtx4050-w11p-off-h-s-off-365-basic-165hz-ai-chip,https://www.techhypermart.com/image/cache/catalog/laptopnotebook/acer/ANV15-52-5914-w11p-epp-250x250.png,TechHypermart - Acer,Core 5,NV RTX4050,48GB,48GB,,,,
50286,"Acer Nitro V15 ANV15-52-5914-48-W11 15.6"" Laptop/ Notebook (Core 5 210H, 48GB, 512GB, NV RTX4050, W11H, Off H&S + Off 365 Basic, 165Hz, AI Chip)",6169.00,https://www.techhypermart.com/notebooks/acer-nitro-v15-anv15-52-5914-48-w11-15-6-laptop-notebook-core-5-210h-48gb-512gb-nv-rtx4050-w11h-off-h-s-off-365-basic-165hz-ai-chip,https://www.techhypermart.com/image/cache/catalog/laptopnotebook/acer/ANV15-52-5914-a-250x250.png,TechHypermart - Acer,Core 5,NV RTX4050,48GB,48GB,,,,
50363,"Acer Nitro V15 ANV15-52-5914-48-W11P 15.6"" Laptop/ Notebook (Core 5 210H, 48GB, 512GB, NV RTX4050, W11P, Off H&S + Off 365 Basic, 165Hz, AI Chip)",6969.00,https://www.techhypermart.com/notebooks/acer-nitro-v15-anv15-52-5914-48-w11p-15-6-laptop-notebook-core-5-210h-48gb-512gb-nv-rtx4050-w11p-off-h-s-off-365-basic-165hz-ai-chip,https://www.techhypermart.com/image/cache/catalog/laptopnotebook/acer/ANV15-52-5914-w11p-250x250.png,TechHypermart - Acer,Core 5,NV RTX4050,48GB,48GB,,,,
50360,"Acer Nitro V15 ANV15-52-5914-W11P 15.6"" Laptop/ Notebook (Core 5 210H, 16GB, 512GB, NV RTX4050, W11P, Off H&S + Off 365 Basic, 165Hz, AI Chip)",4739.00,https://www.techhypermart.com/notebooks/acer-nitro-v15-anv15-52-5914-w11p-15-6-laptop-notebook-core-5-210h-16gb-512gb-nv-rtx4050-w11p-off-h-s-off-365-basic-165hz-ai-chip,https://www.techhypermart.com/image/cache/catalog/laptopnotebook/acer/ANV15-52-5914-w11p-250x250.png,TechHypermart - Acer,Core 5,NV RTX4050,16GB,16GB,,,,
49960,"Acer Nitro V15 ANV15-52-7287 15.6"" Laptop/ Notebook (Core 7 240H, 16GB, 512GB, NV RTX4050, W11H, Off H&S + Off 365 Basic, 165Hz, AI Chip)",5088.00,https://www.techhypermart.com/notebooks/acer-nitro-v15-anv15-52-7287-15-6-laptop-notebook-core-7-240h-16gb-512gb-nv-rtx4050-w11h-off-h-s-off-365-basic-165hz-ai-chip,https://www.techhypermart.com/image/cache/catalog/laptopnotebook/acer/ANV15-52-7287-a-250x250.png,TechHypermart - Acer,Core 7,NV RTX4050,16GB,16GB,,,,
50338,"Acer Nitro V15 ANV15-52-7287-1-W11-EPP 15.6"" Laptop/ Notebook (Core 7 240H, 16GB, 1TB, NV RTX4050, W11H, Off H&S + Off 365 Basic, 165Hz, AI Chip)",6779.00,https://www.techhypermart.com/notebooks/acer-nitro-v15-anv15-52-7287-1-w11-epp-15-6-laptop-notebook-core-7-240h-16gb-1tb-nv-rtx4050-w11h-off-h-s-off-365-basic-165hz-ai-chip,https://www.techhypermart.com/image/cache/catalog/laptopnotebook/acer/ANV15-52-7287-epp-250x250.png,TechHypermart - Acer,Core 7,NV RTX4050,16GB,16GB,,,,
50349,"Acer Nitro V15 ANV15-52-7287-1-W11P-EPP 15.6"" Laptop/ Notebook (Core 7 240H, 16GB, 1TB, NV RTX4050, W11P, Off H&S + Off 365 Basic, 165Hz, AI Chip)",7629.00,https://www.techhypermart.com/notebooks/acer-nitro-v15-anv15-52-7287-1-w11p-epp-15-6-laptop-notebook-core-7-240h-16gb-1tb-nv-rtx4050-w11p-off-h-s-off-365-basic-165hz-ai-chip,https://www.techhypermart.com/image/cache/catalog/laptopnotebook/acer/ANV15-52-7287-w11p-epp-250x250.png,TechHypermart - Acer,Core 7,NV RTX4050,16GB,16GB,,,,
50339,"Acer Nitro V15 ANV15-52-7287-24-1-W11-EPP 15.6"" Laptop/ Notebook (Core 7 240H, 24GB, 1TB, NV RTX4050, W11H, Off H&S + Off 365 Basic, 165Hz, AI Chip)",7609.00,https://www.techhypermart.com/notebooks/acer-nitro-v15-anv15-52-7287-24-1-w11-epp-15-6-laptop-notebook-core-7-240h-24gb-1tb-nv-rtx4050-w11h-off-h-s-off-365-basic-165hz-ai-chip,https://www.techhypermart.com/image/cache/catalog/laptopnotebook/acer/ANV15-52-7287-epp-250x250.png,TechHypermart - Acer,Core 7,NV RTX4050,24GB,24GB,,,,
50350,"Acer Nitro V15 ANV15-52-7287-24-1-W11P-EPP 15.6"" Laptop/ Notebook (Core 7 240H, 24GB, 1TB, NV RTX4050, W11P, Off H&S + Off 365 Basic, 165Hz, AI Chip)",8439.00,https://www.techhypermart.com/notebooks/acer-nitro-v15-anv15-52-7287-24-1-w11p-epp-15-6-laptop-notebook-core-7-240h-24gb-1tb-nv-rtx4050-w11p-off-h-s-off-365-basic-165hz-ai-chip,https://www.techhypermart.com/image/cache/catalog/laptopnotebook/acer/ANV15-52-7287-w11p-epp-250x250.png,TechHypermart - Acer,Core 7,NV RTX4050,24GB,24GB,,,,
50279,"Acer Nitro V15 ANV15-52-7287-24-W11 15.6"" Laptop/ Notebook (Core 7 240H, 24GB, 512GB, NV RTX4050, W11H, Off H&S + Off 365 Basic, 165Hz, AI Chip)",5729.00,https://www.techhypermart.com/notebooks/acer-nitro-v15-anv15-52-7287-24-w11-15-6-laptop-notebook-core-7-240h-24gb-512gb-nv-rtx4050-w11h-off-h-s-off-365-basic-165hz-ai-chip,https://www.techhypermart.com/image/cache/catalog/laptopnotebook/acer/ANV15-52-7287-a-250x250.png,TechHypermart - Acer,Core 7,NV RTX4050,24GB,24GB,,,,
50344,"Acer Nitro V15 ANV15-52-7287-24-W11P 15.6"" Laptop/ Notebook (Core 7 240H, 24GB, 512GB, NV RTX4050, W11P, Off H&S + Off 365 Basic, 165Hz, AI Chip)",6529.00,https://www.techhypermart.com/notebooks/acer-nitro-v15-anv15-52-7287-24-w11p-15-6-laptop-notebook-core-7-240h-24gb-512gb-nv-rtx4050-w11p-off-h-s-off-365-basic-165hz-ai-chip,https://www.techhypermart.com/image/cache/catalog/laptopnotebook/acer/ANV15-52-7287-w11p-250x250.png,TechHypermart - Acer,Core 7,NV RTX4050,24GB,24GB,,,,
50340,"Acer Nitro V15 ANV15-52-7287-32-1-W11-EPP 15.6"" Laptop/ Notebook (Core 7 240H, 32GB, 1TB, NV RTX4050, W11H, Off H&S + Off 365 Basic, 165Hz, AI Chip)",8149.00,https://www.techhypermart.com/notebooks/acer-nitro-v15-anv15-52-7287-32-1-w11-epp-15-6-laptop-notebook-core-7-240h-32gb-1tb-nv-rtx4050-w11h-off-h-s-off-365-basic-165hz-ai-chip,https://www.techhypermart.com/image/cache/catalog/laptopnotebook/acer/ANV15-52-7287-epp-250x250.png,TechHypermart - Acer,Core 7,NV RTX4050,32GB,32GB,,,,
50351,"Acer Nitro V15 ANV15-52-7287-32-1-W11P-EPP 15.6"" Laptop/ Notebook (Core 7 240H, 32GB, 1TB, NV RTX4050, W11P, Off H&S + Off 365 Basic, 165Hz, AI Chip)",8979.00,https://www.techhypermart.com/notebooks/acer-nitro-v15-anv15-52-7287-32-1-w11p-epp-15-6-laptop-notebook-core-7-240h-32gb-1tb-nv-rtx4050-w11p-off-h-s-off-365-basic-165hz-ai-chip,https://www.techhypermart.com/image/cache/catalog/laptopnotebook/acer/ANV15-52-7287-w11p-epp-250x250.png,TechHypermart - Acer,Core 7,NV RTX4050,32GB,32GB,,,,
50280,"Acer Nitro V15 ANV15-52-7287-32-W11 15.6"" Laptop/ Notebook (Core 7 240H, 32GB, 512GB, NV RTX4050, W11H, Off H&S + Off 365 Basic, 165Hz, AI Chip)",6229.00,https://www.techhypermart.com/notebooks/acer-nitro-v15-anv15-52-7287-32-w11-15-6-laptop-notebook-core-7-240h-32gb-512gb-nv-rtx4050-w11h-off-h-s-off-365-basic-165hz-ai-chip,https://www.techhypermart.com/image/cache/catalog/laptopnotebook/acer/ANV15-52-7287-a-250x250.png,TechHypermart - Acer,Core 7,NV RTX4050,32GB,32GB,,,,
50345,"Acer Nitro V15 ANV15-52-7287-32-W11P 15.6"" Laptop/ Notebook (Core 7 240H, 32GB, 512GB, NV RTX4050, W11P, Off H&S + Off 365 Basic, 165Hz, AI Chip)",7029.00,https://www.techhypermart.com/notebooks/acer-nitro-v15-anv15-52-7287-32-w11p-15-6-laptop-notebook-core-7-240h-32gb-512gb-nv-rtx4050-w11p-off-h-s-off-365-basic-165hz-ai-chip,https://www.techhypermart.com/image/cache/catalog/laptopnotebook/acer/ANV15-52-7287-w11p-250x250.png,TechHypermart - Acer,Core 7,NV RTX4050,32GB,32GB,,,,
50341,"Acer Nitro V15 ANV15-52-7287-48-1-W11-EPP 15.6"" Laptop/ Notebook (Core 7 240H, 48GB, 1TB, NV RTX4050, W11H, Off H&S + Off 365 Basic, 165Hz, AI Chip)",9289.00,https://www.techhypermart.com/notebooks/acer-nitro-v15-anv15-52-7287-48-1-w11-epp-15-6-laptop-notebook-core-7-240h-48gb-1tb-nv-rtx4050-w11h-off-h-s-off-365-basic-165hz-ai-chip,https://www.techhypermart.com/image/cache/catalog/laptopnotebook/acer/ANV15-52-7287-epp-250x250.png,TechHypermart - Acer,Core 7,NV RTX4050,48GB,48GB,,,,
50352,"Acer Nitro V15 ANV15-52-7287-48-1-W11P-EPP 15.6"" Laptop/ Notebook (Core 7 240H, 48GB, 1TB, NV RTX4050, W11P, Off H&S + Off 365 Basic, 165Hz, AI Chip)",10139.00,https://www.techhypermart.com/notebooks/acer-nitro-v15-anv15-52-7287-48-1-w11p-epp-15-6-laptop-notebook-core-7-240h-48gb-1tb-nv-rtx4050-w11p-off-h-s-off-365-basic-165hz-ai-chip,https://www.techhypermart.com/image/cache/catalog/laptopnotebook/acer/ANV15-52-7287-w11p-epp-250x250.png,TechHypermart - Acer,Core 7,NV RTX4050,48GB,48GB,,,,
50282,"Acer Nitro V15 ANV15-52-7287-48-W11 15.6"" Laptop/ Notebook (Core 7 240H, 48GB, 512GB, NV RTX4050, W11H, Off H&S + Off 365 Basic, 165Hz, AI Chip)",7279.00,https://www.techhypermart.com/notebooks/acer-nitro-v15-anv15-52-7287-48-w11-15-6-laptop-notebook-core-7-240h-48gb-512gb-nv-rtx4050-w11h-off-h-s-off-365-basic-165hz-ai-chip,https://www.techhypermart.com/image/cache/catalog/laptopnotebook/acer/ANV15-52-7287-a-250x250.png,TechHypermart - Acer,Core 7,NV RTX4050,48GB,48GB,,,,
50346,"Acer Nitro V15 ANV15-52-7287-48-W11P 15.6"" Laptop/ Notebook (Core 7 240H, 48GB, 512GB, NV RTX4050, W11P, Off H&S + Off 365 Basic, 165Hz, AI Chip)",8079.00,https://www.techhypermart.com/notebooks/acer-nitro-v15-anv15-52-7287-48-w11p-15-6-laptop-notebook-core-7-240h-48gb-512gb-nv-rtx4050-w11p-off-h-s-off-365-basic-165hz-ai-chip,https://www.techhypermart.com/image/cache/catalog/laptopnotebook/acer/ANV15-52-7287-w11p-250x250.png,TechHypermart - Acer,Core 7,NV RTX4050,48GB,48GB,,,,
50342,"Acer Nitro V15 ANV15-52-7287-64-1-W11-EPP 15.6"" Laptop/ Notebook (Core 7 240H, 64GB, 1TB, NV RTX4050, W11H, Off H&S + Off 365 Basic, 165Hz, AI Chip)",11779.00,https://www.techhypermart.com/notebooks/acer-nitro-v15-anv15-52-7287-64-1-w11-epp-15-6-laptop-notebook-core-7-240h-64gb-1tb-nv-rtx4050-w11h-off-h-s-off-365-basic-165hz-ai-chip,https://www.techhypermart.com/image/cache/catalog/laptopnotebook/acer/ANV15-52-7287-epp-250x250.png,TechHypermart - Acer,Core 7,NV RTX4050,64GB,64GB,,,,
50353,"Acer Nitro V15 ANV15-52-7287-64-1-W11P-EPP 15.6"" Laptop/ Notebook (Core 7 240H, 64GB, 1TB, NV RTX4050, W11P, Off H&S + Off 365 Basic, 165Hz, AI Chip)",12629.00,https://www.techhypermart.com/notebooks/acer-nitro-v15-anv15-52-7287-64-1-w11p-epp-15-6-laptop-notebook-core-7-240h-64gb-1tb-nv-rtx4050-w11p-off-h-s-off-365-basic-165hz-ai-chip,https://www.techhypermart.com/image/cache/catalog/laptopnotebook/acer/ANV15-52-7287-w11p-epp-250x250.png,TechHypermart - Acer,Core 7,NV RTX4050,64GB,64GB,,,,
50283,"Acer Nitro V15 ANV15-52-7287-64-W11 15.6"" Laptop/ Notebook (Core 7 240H, 64GB, 512GB, NV RTX4050, W11H, Off H&S + Off 365 Basic, 165Hz, AI Chip)",9479.00,https://www.techhypermart.com/notebooks/acer-nitro-v15-anv15-52-7287-64-w11-15-6-laptop-notebook-core-7-240h-64gb-512gb-nv-rtx4050-w11h-off-h-s-off-365-basic-165hz-ai-chip,https://www.techhypermart.com/image/cache/catalog/laptopnotebook/acer/ANV15-52-7287-a-250x250.png,TechHypermart - Acer,Core 7,NV RTX4050,64GB,64GB,,,,
50348,"Acer Nitro V15 ANV15-52-7287-64-W11P 15.6"" Laptop/ Notebook (Core 7 240H, 64GB, 512GB, NV RTX4050, W11P, Off H&S + Off 365 Basic, 165Hz, AI Chip)",10279.00,https://www.techhypermart.com/notebooks/acer-nitro-v15-anv15-52-7287-64-w11p-15-6-laptop-notebook-core-7-240h-64gb-512gb-nv-rtx4050-w11p-off-h-s-off-365-basic-165hz-ai-chip,https://www.techhypermart.com/image/cache/catalog/laptopnotebook/acer/ANV15-52-7287-w11p-250x250.png,TechHypermart - Acer,Core 7,NV RTX4050,64GB,64GB,,,,
50343,"Acer Nitro V15 ANV15-52-7287-W11P 15.6"" Laptop/ Notebook (Core 7 240H, 16GB, 512GB, NV RTX4050, W11P, Off H&S + Off 365 Basic, 165Hz, AI Chip)",5859.00,https://www.techhypermart.com/notebooks/acer-nitro-v15-anv15-52-7287-w11p-15-6-laptop-notebook-core-7-240h-16gb-512gb-nv-rtx4050-w11p-off-h-s-off-365-basic-165hz-ai-chip,https://www.techhypermart.com/image/cache/catalog/laptopnotebook/acer/ANV15-52-7287-w11p-250x250.png,TechHypermart - Acer,Core 7,NV RTX4050,16GB,16GB,,,,
51857,"Acer Nitro V15 ANV15-52-78XQ 15.6"" Laptop/ Notebook (i7-13620H, 16GB, 512GB, NV RTX5050, W11H, Off H&S + Off 365 Basic, 180Hz, AI Chip)",5168.00,https://www.techhypermart.com/notebooks/acer-nitro-v15-anv15-52-78xq-15-6-laptop-notebook-i7-13620h-16gb-512gb-nv-rtx5050-w11h-off-h-s-off-365-basic-180hz-ai-chip,https://www.techhypermart.com/image/cache/catalog/laptopnotebook/acer/ANV15-52-78XQ-a-250x250.png,TechHypermart - Acer,i7-13620H,NV RTX5050,16GB,16GB,,,,
52667,"Acer Nitro V15 ANV15-52-78XQ-1-W11-EPP 15.6"" Laptop/ Notebook (i7-13620H, 16GB, 1TB, NV RTX5050, W11H, Off H&S + Off 365 Basic, 180Hz, AI Chip)",7029.00,https://www.techhypermart.com/notebooks/acer-nitro-v15-anv15-52-78xq-1-w11-epp-15-6-laptop-notebook-i7-13620h-16gb-1tb-nv-rtx5050-w11h-off-h-s-off-365-basic-180hz-ai-chip,https://www.techhypermart.com/image/cache/catalog/laptopnotebook/acer/ANV15-52-78XQ-epp-250x250.png,TechHypermart - Acer,i7-13620H,NV RTX5050,16GB,16GB,,,,
52677,"Acer Nitro V15 ANV15-52-78XQ-1-W11P-EPP 15.6"" Laptop/ Notebook (i7-13620H, 16GB, 1TB, NV RTX5050, W11P, Off H&S + Off 365 Basic, 180Hz, AI Chip)",7879.00,https://www.techhypermart.com/notebooks/acer-nitro-v15-anv15-52-78xq-1-w11p-epp-15-6-laptop-notebook-i7-13620h-16gb-1tb-nv-rtx5050-w11p-off-h-s-off-365-basic-180hz-ai-chip,https://www.techhypermart.com/image/cache/catalog/laptopnotebook/acer/ANV15-52-78XQ-w11p-epp-250x250.png,TechHypermart - Acer,i7-13620H,NV RTX5050,16GB,16GB,,,,
52668,"Acer Nitro V15 ANV15-52-78XQ-24-1-W11-EPP 15.6"" Laptop/ Notebook (i7-13620H, 24GB, 1TB, NV RTX5050, W11H, Off H&S + Off 365 Basic, 180Hz, AI Chip)",7829.00,https://www.techhypermart.com/notebooks/acer-nitro-v15-anv15-52-78xq-24-1-w11-epp-15-6-laptop-notebook-i7-13620h-24gb-1tb-nv-rtx5050-w11h-off-h-s-off-365-basic-180hz-ai-chip,https://www.techhypermart.com/image/cache/catalog/laptopnotebook/acer/ANV15-52-78XQ-epp-250x250.png,TechHypermart - Acer,i7-13620H,NV RTX5050,24GB,24GB,,,,
52678,"Acer Nitro V15 ANV15-52-78XQ-24-1-W11P-EPP 15.6"" Laptop/ Notebook (i7-13620H, 24GB, 1TB, NV RTX5050, W11P, Off H&S + Off 365 Basic, 180Hz, AI Chip)",8679.00,https://www.techhypermart.com/notebooks/acer-nitro-v15-anv15-52-78xq-24-1-w11p-epp-15-6-laptop-notebook-i7-13620h-24gb-1tb-nv-rtx5050-w11p-off-h-s-off-365-basic-180hz-ai-chip,https://www.techhypermart.com/image/cache/catalog/laptopnotebook/acer/ANV15-52-78XQ-w11p-epp-250x250.png,TechHypermart - Acer,i7-13620H,NV RTX5050,24GB,24GB,,,,
51880,"Acer Nitro V15 ANV15-52-78XQ-24-W11 15.6"" Laptop/ Notebook (i7-13620H, 24GB, 512GB, NV RTX5050, W11H, Off H&S + Off 365 Basic, 180Hz, AI Chip)",5939.00,https://www.techhypermart.com/notebooks/acer-nitro-v15-anv15-52-78xq-24-w11-15-6-laptop-notebook-i7-13620h-24gb-512gb-nv-rtx5050-w11h-off-h-s-off-365-basic-180hz-ai-chip,https://www.techhypermart.com/image/cache/catalog/laptopnotebook/acer/ANV15-52-78XQ-a-250x250.png,TechHypermart - Acer,i7-13620H,NV RTX5050,24GB,24GB,,,,
52673,"Acer Nitro V15 ANV15-52-78XQ-24-W11P 15.6"" Laptop/ Notebook (i7-13620H, 24GB, 512GB, NV RTX5050, W11P, Off H&S + Off 365 Basic, 180Hz, AI Chip)",6739.00,https://www.techhypermart.com/notebooks/acer-nitro-v15-anv15-52-78xq-24-w11p-15-6-laptop-notebook-i7-13620h-24gb-512gb-nv-rtx5050-w11p-off-h-s-off-365-basic-180hz-ai-chip,https://www.techhypermart.com/image/cache/catalog/laptopnotebook/acer/ANV15-52-78XQ-w11p-250x250.png,TechHypermart - Acer,i7-13620H,NV RTX5050,24GB,24GB,,,,
52669,"Acer Nitro V15 ANV15-52-78XQ-32-1-W11-EPP 15.6"" Laptop/ Notebook (i7-13620H, 32GB, 1TB, NV RTX5050, W11H, Off H&S + Off 365 Basic, 180Hz, AI Chip)",8369.00,https://www.techhypermart.com/notebooks/acer-nitro-v15-anv15-52-78xq-32-1-w11-epp-15-6-laptop-notebook-i7-13620h-32gb-1tb-nv-rtx5050-w11h-off-h-s-off-365-basic-180hz-ai-chip,https://www.techhypermart.com/image/cache/catalog/laptopnotebook/acer/ANV15-52-78XQ-epp-250x250.png,TechHypermart - Acer,i7-13620H,NV RTX5050,32GB,32GB,,,,
52679,"Acer Nitro V15 ANV15-52-78XQ-32-1-W11P-EPP 15.6"" Laptop/ Notebook (i7-13620H, 32GB, 1TB, NV RTX5050, W11P, Off H&S + Off 365 Basic, 180Hz, AI Chip)",9219.00,https://www.techhypermart.com/notebooks/acer-nitro-v15-anv15-52-78xq-32-1-w11p-epp-15-6-laptop-notebook-i7-13620h-32gb-1tb-nv-rtx5050-w11p-off-h-s-off-365-basic-180hz-ai-chip,https://www.techhypermart.com/image/cache/catalog/laptopnotebook/acer/ANV15-52-78XQ-w11p-epp-250x250.png,TechHypermart - Acer,i7-13620H,NV RTX5050,32GB,32GB,,,,
51881,"Acer Nitro V15 ANV15-52-78XQ-32-W11 15.6"" Laptop/ Notebook (i7-13620H, 32GB, 512GB, NV RTX5050, W11H, Off H&S + Off 365 Basic, 180Hz, AI Chip)",6439.00,https://www.techhypermart.com/notebooks/acer-nitro-v15-anv15-52-78xq-32-w11-15-6-laptop-notebook-i7-13620h-32gb-512gb-nv-rtx5050-w11h-off-h-s-off-365-basic-180hz-ai-chip,https://www.techhypermart.com/image/cache/catalog/laptopnotebook/acer/ANV15-52-78XQ-a-250x250.png,TechHypermart - Acer,i7-13620H,NV RTX5050,32GB,32GB,,,,
52674,"Acer Nitro V15 ANV15-52-78XQ-32-W11P 15.6"" Laptop/ Notebook (i7-13620H, 32GB, 512GB, NV RTX5050, W11P, Off H&S + Off 365 Basic, 180Hz, AI Chip)",7239.00,https://www.techhypermart.com/notebooks/acer-nitro-v15-anv15-52-78xq-32-w11p-15-6-laptop-notebook-i7-13620h-32gb-512gb-nv-rtx5050-w11p-off-h-s-off-365-basic-180hz-ai-chip,https://www.techhypermart.com/image/cache/catalog/laptopnotebook/acer/ANV15-52-78XQ-w11p-250x250.png,TechHypermart - Acer,i7-13620H,NV RTX5050,32GB,32GB,,,,
52670,"Acer Nitro V15 ANV15-52-78XQ-48-1-W11-EPP 15.6"" Laptop/ Notebook (i7-13620H, 48GB, 1TB, NV RTX5050, W11H, Off H&S + Off 365 Basic, 180Hz, AI Chip)",9509.00,https://www.techhypermart.com/notebooks/acer-nitro-v15-anv15-52-78xq-48-1-w11-epp-15-6-laptop-notebook-i7-13620h-48gb-1tb-nv-rtx5050-w11h-off-h-s-off-365-basic-180hz-ai-chip,https://www.techhypermart.com/image/cache/catalog/laptopnotebook/acer/ANV15-52-78XQ-epp-250x250.png,TechHypermart - Acer,i7-13620H,NV RTX5050,48GB,48GB,,,,
52680,"Acer Nitro V15 ANV15-52-78XQ-48-1-W11P-EPP 15.6"" Laptop/ Notebook (i7-13620H, 48GB, 1TB, NV RTX5050, W11P, Off H&S + Off 365 Basic, 180Hz, AI Chip)",10359.00,https://www.techhypermart.com/notebooks/acer-nitro-v15-anv15-52-78xq-48-1-w11p-epp-15-6-laptop-notebook-i7-13620h-48gb-1tb-nv-rtx5050-w11p-off-h-s-off-365-basic-180hz-ai-chip,https://www.techhypermart.com/image/cache/catalog/laptopnotebook/acer/ANV15-52-78XQ-w11p-epp-250x250.png,TechHypermart - Acer,i7-13620H,NV RTX5050,48GB,48GB,,,,
51882,"Acer Nitro V15 ANV15-52-78XQ-48-W11 15.6"" Laptop/ Notebook (i7-13620H, 48GB, 512GB, NV RTX5050, W11H, Off H&S + Off 365 Basic, 180Hz, AI Chip)",7489.00,https://www.techhypermart.com/notebooks/acer-nitro-v15-anv15-52-78xq-48-w11-15-6-laptop-notebook-i7-13620h-48gb-512gb-nv-rtx5050-w11h-off-h-s-off-365-basic-180hz-ai-chip,https://www.techhypermart.com/image/cache/catalog/laptopnotebook/acer/ANV15-52-78XQ-a-250x250.png,TechHypermart - Acer,i7-13620H,NV RTX5050,48GB,48GB,,,,
52675,"Acer Nitro V15 ANV15-52-78XQ-48-W11P 15.6"" Laptop/ Notebook (i7-13620H, 48GB, 512GB, NV RTX5050, W11P, Off H&S + Off 365 Basic, 180Hz, AI Chip)",8289.00,https://www.techhypermart.com/notebooks/acer-nitro-v15-anv15-52-78xq-48-w11p-15-6-laptop-notebook-i7-13620h-48gb-512gb-nv-rtx5050-w11p-off-h-s-off-365-basic-180hz-ai-chip,https://www.techhypermart.com/image/cache/catalog/laptopnotebook/acer/ANV15-52-78XQ-w11p-250x250.png,TechHypermart - Acer,i7-13620H,NV RTX5050,48GB,48GB,,,,
52671,"Acer Nitro V15 ANV15-52-78XQ-64-1-W11-EPP 15.6"" Laptop/ Notebook (i7-13620H, 64GB, 1TB, NV RTX5050, W11H, Off H&S + Off 365 Basic, 180Hz, AI Chip)",11999.00,https://www.techhypermart.com/notebooks/acer-nitro-v15-anv15-52-78xq-64-1-w11-epp-15-6-laptop-notebook-i7-13620h-64gb-1tb-nv-rtx5050-w11h-off-h-s-off-365-basic-180hz-ai-chip,https://www.techhypermart.com/image/cache/catalog/laptopnotebook/acer/ANV15-52-78XQ-epp-250x250.png,TechHypermart - Acer,i7-13620H,NV RTX5050,64GB,64GB,,,,
52681,"Acer Nitro V15 ANV15-52-78XQ-64-1-W11P-EPP 15.6"" Laptop/ Notebook (i7-13620H, 64GB, 1TB, NV RTX5050, W11P, Off H&S + Off 365 Basic, 180Hz, AI Chip)",12849.00,https://www.techhypermart.com/notebooks/acer-nitro-v15-anv15-52-78xq-64-1-w11p-epp-15-6-laptop-notebook-i7-13620h-64gb-1tb-nv-rtx5050-w11p-off-h-s-off-365-basic-180hz-ai-chip,https://www.techhypermart.com/image/cache/catalog/laptopnotebook/acer/ANV15-52-78XQ-w11p-epp-250x250.png,TechHypermart - Acer,i7-13620H,NV RTX5050,64GB,64GB,,,,
51883,"Acer Nitro V15 ANV15-52-78XQ-64-W11 15.6"" Laptop/ Notebook (i7-13620H, 64GB, 512GB, NV RTX5050, W11H, Off H&S + Off 365 Basic, 180Hz, AI Chip)",9689.00,https://www.techhypermart.com/notebooks/acer-nitro-v15-anv15-52-78xq-64-w11-15-6-laptop-notebook-i7-13620h-64gb-512gb-nv-rtx5050-w11h-off-h-s-off-365-basic-180hz-ai-chip,https://www.techhypermart.com/image/cache/catalog/laptopnotebook/acer/ANV15-52-78XQ-a-250x250.png,TechHypermart - Acer,i7-13620H,NV RTX5050,64GB,64GB,,,,
52676,"Acer Nitro V15 ANV15-52-78XQ-64-W11P 15.6"" Laptop/ Notebook (i7-13620H, 64GB, 512GB, NV RTX5050, W11P, Off H&S + Off 365 Basic, 180Hz, AI Chip)",10489.00,https://www.techhypermart.com/notebooks/acer-nitro-v15-anv15-52-78xq-64-w11p-15-6-laptop-notebook-i7-13620h-64gb-512gb-nv-rtx5050-w11p-off-h-s-off-365-basic-180hz-ai-chip,https://www.techhypermart.com/image/cache/catalog/laptopnotebook/acer/ANV15-52-78XQ-w11p-250x250.png,TechHypermart - Acer,i7-13620H,NV RTX5050,64GB,64GB,,,,
52672,"Acer Nitro V15 ANV15-52-78XQ-W11P 15.6"" Laptop/ Notebook (i7-13620H, 16GB, 512GB, NV RTX5050, W11P, Off H&S + Off 365 Basic, 180Hz, AI Chip)",6009.00,https://www.techhypermart.com/notebooks/acer-nitro-v15-anv15-52-78xq-w11p-15-6-laptop-notebook-i7-13620h-16gb-512gb-nv-rtx5050-w11p-off-h-s-off-365-basic-180hz-ai-chip,https://www.techhypermart.com/image/cache/catalog/laptopnotebook/acer/ANV15-52-78XQ-w11p-250x250.png,TechHypermart - Acer,i7-13620H,NV RTX5050,16GB,16GB,,,,
52928,"Acer Nitro V16S AI ANV16S-41-R8T2 16"" Laptop/ Notebook (Ryzen 5 240, 16GB, 512GB, NV RTX5050, W11H, Off Home 2024 + Off 365 Basic, 180Hz, AI Chip)",4468.00,https://www.techhypermart.com/notebooks/acer-nitro-v16s-ai-anv16s-41-r8t2-16-laptop-notebook-ryzen-5-240-16gb-512gb-nv-rtx5050-w11h-off-home-2024-off-365-basic-180hz-ai-chip,https://www.techhypermart.com/image/cache/catalog/laptopnotebook/acer/ANV16S-41-R8T2-a-250x250.png,TechHypermart - Acer,,NV RTX5050,16GB,16GB,,,,
53601,"Acer Nitro V16S AI ANV16S-41-R8T2-1-W11-EPP 16"" Laptop/ Notebook (Ryzen 5 240, 16GB, 1TB, NV RTX5050, W11H, Off Home 2024 + Off 365 Basic, 180Hz, AI Chip)",6349.00,https://www.techhypermart.com/notebooks/acer-nitro-v16s-ai-anv16s-41-r8t2-1-w11-epp-16-laptop-notebook-ryzen-5-240-16gb-1tb-nv-rtx5050-w11h-off-home-2024-off-365-basic-180hz-ai-chip,https://www.techhypermart.com/image/cache/catalog/laptopnotebook/acer/ANV16S-41-R8T2-epp-250x250.png,TechHypermart - Acer,,NV RTX5050,16GB,16GB,,,,
53612,"Acer Nitro V16S AI ANV16S-41-R8T2-1-W11P-EPP 16"" Laptop/ Notebook (Ryzen 5 240, 16GB, 1TB, NV RTX5050, W11P, Off Home 2024 + Off 365 Basic, 180Hz, AI Chip)",7199.00,https://www.techhypermart.com/notebooks/acer-nitro-v16s-ai-anv16s-41-r8t2-1-w11p-epp-16-laptop-notebook-ryzen-5-240-16gb-1tb-nv-rtx5050-w11p-off-home-2024-off-365-basic-180hz-ai-chip,https://www.techhypermart.com/image/cache/catalog/laptopnotebook/acer/ANV16S-41-R8T2-w11p-epp-250x250.png,TechHypermart - Acer,,NV RTX5050,16GB,16GB,,,,
53602,"Acer Nitro V16S AI ANV16S-41-R8T2-24-1-W11-EPP 16"" Laptop/ Notebook (Ryzen 5 240, 24GB, 1TB, NV RTX5050, W11H, Off Home 2024 + Off 365 Basic, 180Hz, AI Chip)",7159.00,https://www.techhypermart.com/notebooks/acer-nitro-v16s-ai-anv16s-41-r8t2-24-1-w11-epp-16-laptop-notebook-ryzen-5-240-24gb-1tb-nv-rtx5050-w11h-off-home-2024-off-365-basic-180hz-ai-chip,https://www.techhypermart.com/image/cache/catalog/laptopnotebook/acer/ANV16S-41-R8T2-epp-250x250.png,TechHypermart - Acer,,NV RTX5050,24GB,24GB,,,,
53613,"Acer Nitro V16S AI ANV16S-41-R8T2-24-1-W11P-EPP 16"" Laptop/ Notebook (Ryzen 5 240, 24GB, 1TB, NV RTX5050, W11P, Off Home 2024 + Off 365 Basic, 180Hz, AI Chip)",8009.00,https://www.techhypermart.com/notebooks/acer-nitro-v16s-ai-anv16s-41-r8t2-24-1-w11p-epp-16-laptop-notebook-ryzen-5-240-24gb-1tb-nv-rtx5050-w11p-off-home-2024-off-365-basic-180hz-ai-chip,https://www.techhypermart.com/image/cache/catalog/laptopnotebook/acer/ANV16S-41-R8T2-w11p-epp-250x250.png,TechHypermart - Acer,,NV RTX5050,24GB,24GB,,,,
53308,"Acer Nitro V16S AI ANV16S-41-R8T2-24-W11 16"" Laptop/ Notebook (Ryzen 5 240, 24GB, 512GB, NV RTX5050, W11H, Off Home 2024 + Off 365 Basic, 180Hz, AI Chip)",5279.00,https://www.techhypermart.com/notebooks/acer-nitro-v16s-ai-anv16s-41-r8t2-24-w11-16-laptop-notebook-ryzen-5-240-24gb-512gb-nv-rtx5050-w11h-off-home-2024-off-365-basic-180hz-ai-chip,https://www.techhypermart.com/image/cache/catalog/laptopnotebook/acer/ANV16S-41-R8T2-a-250x250.png,TechHypermart - Acer,,NV RTX5050,24GB,24GB,,,,
53608,"Acer Nitro V16S AI ANV16S-41-R8T2-24-W11P 16"" Laptop/ Notebook (Ryzen 5 240, 24GB, 512GB, NV RTX5050, W11P, Off Home 2024 + Off 365 Basic, 180Hz, AI Chip)",6079.00,https://www.techhypermart.com/notebooks/acer-nitro-v16s-ai-anv16s-41-r8t2-24-w11p-16-laptop-notebook-ryzen-5-240-24gb-512gb-nv-rtx5050-w11p-off-home-2024-off-365-basic-180hz-ai-chip,https://www.techhypermart.com/image/cache/catalog/laptopnotebook/acer/ANV16S-41-R8T2-w11p-250x250.png,TechHypermart - Acer,,NV RTX5050,24GB,24GB,,,,
53603,"Acer Nitro V16S AI ANV16S-41-R8T2-32-1-W11-EPP 16"" Laptop/ Notebook (Ryzen 5 240, 32GB, 1TB, NV RTX5050, W11H, Off Home 2024 + Off 365 Basic, 180Hz, AI Chip)",7679.00,https://www.techhypermart.com/notebooks/acer-nitro-v16s-ai-anv16s-41-r8t2-32-1-w11-epp-16-laptop-notebook-ryzen-5-240-32gb-1tb-nv-rtx5050-w11h-off-home-2024-off-365-basic-180hz-ai-chip,https://www.techhypermart.com/image/cache/catalog/laptopnotebook/acer/ANV16S-41-R8T2-epp-250x250.png,TechHypermart - Acer,,NV RTX5050,32GB,32GB,,,,
53615,"Acer Nitro V16S AI ANV16S-41-R8T2-32-1-W11P-EPP 16"" Laptop/ Notebook (Ryzen 5 240, 32GB, 1TB, NV RTX5050, W11P, Off Home 2024 + Off 365 Basic, 180Hz, AI Chip)",8529.00,https://www.techhypermart.com/notebooks/acer-nitro-v16s-ai-anv16s-41-r8t2-32-1-w11p-epp-16-laptop-notebook-ryzen-5-240-32gb-1tb-nv-rtx5050-w11p-off-home-2024-off-365-basic-180hz-ai-chip,https://www.techhypermart.com/image/cache/catalog/laptopnotebook/acer/ANV16S-41-R8T2-w11p-epp-250x250.png,TechHypermart - Acer,,NV RTX5050,32GB,32GB,,,,
53309,"Acer Nitro V16S AI ANV16S-41-R8T2-32-W11 16"" Laptop/ Notebook (Ryzen 5 240, 32GB, 512GB, NV RTX5050, W11H, Off Home 2024 + Off 365 Basic, 180Hz, AI Chip)",5779.00,https://www.techhypermart.com/notebooks/acer-nitro-v16s-ai-anv16s-41-r8t2-32-w11-16-laptop-notebook-ryzen-5-240-32gb-512gb-nv-rtx5050-w11h-off-home-2024-off-365-basic-180hz-ai-chip,https://www.techhypermart.com/image/cache/catalog/laptopnotebook/acer/ANV16S-41-R8T2-a-250x250.png,TechHypermart - Acer,,NV RTX5050,32GB,32GB,,,,
53609,"Acer Nitro V16S AI ANV16S-41-R8T2-32-W11P 16"" Laptop/ Notebook (Ryzen 5 240, 32GB, 512GB, NV RTX5050, W11P, Off Home 2024 + Off 365 Basic, 180Hz, AI Chip)",6579.00,https://www.techhypermart.com/notebooks/acer-nitro-v16s-ai-anv16s-41-r8t2-32-w11p-16-laptop-notebook-ryzen-5-240-32gb-512gb-nv-rtx5050-w11p-off-home-2024-off-365-basic-180hz-ai-chip,https://www.techhypermart.com/image/cache/catalog/laptopnotebook/acer/ANV16S-41-R8T2-w11p-250x250.png,TechHypermart - Acer,,NV RTX5050,32GB,32GB,,,,
53604,"Acer Nitro V16S AI ANV16S-41-R8T2-48-1-W11-EPP 16"" Laptop/ Notebook (Ryzen 5 240, 48GB, 1TB, NV RTX5050, W11H, Off Home 2024 + Off 365 Basic, 180Hz, AI Chip)",8839.00,https://www.techhypermart.com/notebooks/acer-nitro-v16s-ai-anv16s-41-r8t2-48-1-w11-epp-16-laptop-notebook-ryzen-5-240-48gb-1tb-nv-rtx5050-w11h-off-home-2024-off-365-basic-180hz-ai-chip,https://www.techhypermart.com/image/cache/catalog/laptopnotebook/acer/ANV16S-41-R8T2-epp-250x250.png,TechHypermart - Acer,,NV RTX5050,48GB,48GB,,,,
53616,"Acer Nitro V16S AI ANV16S-41-R8T2-48-1-W11P-EPP 16"" Laptop/ Notebook (Ryzen 5 240, 48GB, 1TB, NV RTX5050, W11P, Off Home 2024 + Off 365 Basic, 180Hz, AI Chip)",9689.00,https://www.techhypermart.com/notebooks/acer-nitro-v16s-ai-anv16s-41-r8t2-48-1-w11p-epp-16-laptop-notebook-ryzen-5-240-48gb-1tb-nv-rtx5050-w11p-off-home-2024-off-365-basic-180hz-ai-chip,https://www.techhypermart.com/image/cache/catalog/laptopnotebook/acer/ANV16S-41-R8T2-w11p-epp-250x250.png,TechHypermart - Acer,,NV RTX5050,48GB,48GB,,,,
53310,"Acer Nitro V16S AI ANV16S-41-R8T2-48-W11 16"" Laptop/ Notebook (Ryzen 5 240, 48GB, 512GB, NV RTX5050, W11H, Off Home 2024 + Off 365 Basic, 180Hz, AI Chip)",6829.00,https://www.techhypermart.com/notebooks/acer-nitro-v16s-ai-anv16s-41-r8t2-48-w11-16-laptop-notebook-ryzen-5-240-48gb-512gb-nv-rtx5050-w11h-off-home-2024-off-365-basic-180hz-ai-chip,https://www.techhypermart.com/image/cache/catalog/laptopnotebook/acer/ANV16S-41-R8T2-a-250x250.png,TechHypermart - Acer,,NV RTX5050,48GB,48GB,,,,
53610,"Acer Nitro V16S AI ANV16S-41-R8T2-48-W11P 16"" Laptop/ Notebook (Ryzen 5 240, 48GB, 512GB, NV RTX5050, W11P, Off Home 2024 + Off 365 Basic, 180Hz, AI Chip)",7629.00,https://www.techhypermart.com/notebooks/acer-nitro-v16s-ai-anv16s-41-r8t2-48-w11p-16-laptop-notebook-ryzen-5-240-48gb-512gb-nv-rtx5050-w11p-off-home-2024-off-365-basic-180hz-ai-chip,https://www.techhypermart.com/image/cache/catalog/laptopnotebook/acer/ANV16S-41-R8T2-w11p-250x250.png,TechHypermart - Acer,,NV RTX5050,48GB,48GB,,,,
53606,"Acer Nitro V16S AI ANV16S-41-R8T2-64-1-W11-EPP 16"" Laptop/ Notebook (Ryzen 5 240, 64GB, 1TB, NV RTX5050, W11H, Off Home 2024 + Off 365 Basic, 180Hz, AI Chip)",11319.00,https://www.techhypermart.com/notebooks/acer-nitro-v16s-ai-anv16s-41-r8t2-64-1-w11-epp-16-laptop-notebook-ryzen-5-240-64gb-1tb-nv-rtx5050-w11h-off-home-2024-off-365-basic-180hz-ai-chip,https://www.techhypermart.com/image/cache/catalog/laptopnotebook/acer/ANV16S-41-R8T2-epp-250x250.png,TechHypermart - Acer,,NV RTX5050,64GB,64GB,,,,
53617,"Acer Nitro V16S AI ANV16S-41-R8T2-64-1-W11P-EPP 16"" Laptop/ Notebook (Ryzen 5 240, 64GB, 1TB, NV RTX5050, W11P, Off Home 2024 + Off 365 Basic, 180Hz, AI Chip)",12169.00,https://www.techhypermart.com/notebooks/acer-nitro-v16s-ai-anv16s-41-r8t2-64-1-w11p-epp-16-laptop-notebook-ryzen-5-240-64gb-1tb-nv-rtx5050-w11p-off-home-2024-off-365-basic-180hz-ai-chip,https://www.techhypermart.com/image/cache/catalog/laptopnotebook/acer/ANV16S-41-R8T2-w11p-epp-250x250.png,TechHypermart - Acer,,NV RTX5050,64GB,64GB,,,,
53311,"Acer Nitro V16S AI ANV16S-41-R8T2-64-W11 16"" Laptop/ Notebook (Ryzen 5 240, 64GB, 512GB, NV RTX5050, W11H, Off Home 2024 + Off 365 Basic, 180Hz, AI Chip)",9029.00,https://www.techhypermart.com/notebooks/acer-nitro-v16s-ai-anv16s-41-r8t2-64-w11-16-laptop-notebook-ryzen-5-240-64gb-512gb-nv-rtx5050-w11h-off-home-2024-off-365-basic-180hz-ai-chip,https://www.techhypermart.com/image/cache/catalog/laptopnotebook/acer/ANV16S-41-R8T2-a-250x250.png,TechHypermart - Acer,,NV RTX5050,64GB,64GB,,,,
53611,"Acer Nitro V16S AI ANV16S-41-R8T2-64-W11P 16"" Laptop/ Notebook (Ryzen 5 240, 64GB, 512GB, NV RTX5050, W11P, Off Home 2024 + Off 365 Basic, 180Hz, AI Chip)",9829.00,https://www.techhypermart.com/notebooks/acer-nitro-v16s-ai-anv16s-41-r8t2-64-w11p-16-laptop-notebook-ryzen-5-240-64gb-512gb-nv-rtx5050-w11p-off-home-2024-off-365-basic-180hz-ai-chip,https://www.techhypermart.com/image/cache/catalog/laptopnotebook/acer/ANV16S-41-R8T2-w11p-250x250.png,TechHypermart - Acer,,NV RTX5050,64GB,64GB,,,,
53607,"Acer Nitro V16S AI ANV16S-41-R8T2-W11P 16"" Laptop/ Notebook (Ryzen 5 240, 16GB, 512GB, NV RTX5050, W11P, Off Home 2024 + Off 365 Basic, 180Hz, AI Chip)",5319.00,https://www.techhypermart.com/notebooks/acer-nitro-v16s-ai-anv16s-41-r8t2-w11p-16-laptop-notebook-ryzen-5-240-16gb-512gb-nv-rtx5050-w11p-off-home-2024-off-365-basic-180hz-ai-chip,https://www.techhypermart.com/image/cache/catalog/laptopnotebook/acer/ANV16S-41-R8T2-w11p-250x250.png,TechHypermart - Acer,,NV RTX5050,16GB,16GB,,,,
53945,"Acer Nitro V16S AI ANV16S-41-R9W8 16"" Laptop/ Notebook (Ryzen 7 260, 16GB, 1TB, NV RTX5060, W11H, Off Home 2024 + Off 365 Basic, 180Hz, AI Chip)",7508.00,https://www.techhypermart.com/notebooks/acer-nitro-v16s-ai-anv16s-41-r9w8-16-laptop-notebook-ryzen-7-260-16gb-1tb-nv-rtx5060-w11h-off-home-2024-off-365-basic-180hz-ai-chip,https://www.techhypermart.com/image/cache/catalog/laptopnotebook/acer/ANV16S-41-R9W8-a-250x250.png,TechHypermart - Acer,,NV RTX5060,16GB,16GB,,,,
54021,"Acer Nitro V16S AI ANV16S-41-R9W8-24-W11 16"" Laptop/ Notebook (Ryzen 7 260, 24GB, 1TB, NV RTX5060, W11H, Off Home 2024 + Off 365 Basic, 180Hz, AI Chip)",8339.00,https://www.techhypermart.com/notebooks/acer-nitro-v16s-ai-anv16s-41-r9w8-24-w11-16-laptop-notebook-ryzen-7-260-24gb-1tb-nv-rtx5060-w11h-off-home-2024-off-365-basic-180hz-ai-chip,https://www.techhypermart.com/image/cache/catalog/laptopnotebook/acer/ANV16S-41-R9W8-a-250x250.png,TechHypermart - Acer,,NV RTX5060,24GB,24GB,,,,
54441,"Acer Nitro V16S AI ANV16S-41-R9W8-24-W11P 16"" Laptop/ Notebook (Ryzen 7 260, 24GB, 1TB, NV RTX5060, W11P, Off Home 2024 + Off 365 Basic, 180Hz, AI Chip)",9189.00,https://www.techhypermart.com/notebooks/acer-nitro-v16s-ai-anv16s-41-r9w8-24-w11p-16-laptop-notebook-ryzen-7-260-24gb-1tb-nv-rtx5060-w11p-off-home-2024-off-365-basic-180hz-ai-chip,https://www.techhypermart.com/image/cache/catalog/laptopnotebook/acer/ANV16S-41-R9W8-w11p-250x250.png,TechHypermart - Acer,,NV RTX5060,24GB,24GB,,,,
54023,"Acer Nitro V16S AI ANV16S-41-R9W8-32-W11 16"" Laptop/ Notebook (Ryzen 7 260, 32GB, 1TB, NV RTX5060, W11H, Off Home 2024 + Off 365 Basic, 180Hz, AI Chip",8839.00,https://www.techhypermart.com/notebooks/acer-nitro-v16s-ai-anv16s-41-r9w8-32-w11-16-laptop-notebook-ryzen-7-260-32gb-1tb-nv-rtx5060-w11h-off-home-2024-off-365-basic-180hz-ai-chip,https://www.techhypermart.com/image/cache/catalog/laptopnotebook/acer/ANV16S-41-R9W8-a-250x250.png,TechHypermart - Acer,,NV RTX5060,32GB,32GB,,,,
54442,"Acer Nitro V16S AI ANV16S-41-R9W8-32-W11P 16"" Laptop/ Notebook (Ryzen 7 260, 32GB, 1TB, NV RTX5060, W11P, Off Home 2024 + Off 365 Basic, 180Hz, AI Chip)",9689.00,https://www.techhypermart.com/notebooks/acer-nitro-v16s-ai-anv16s-41-r9w8-32-w11p-16-laptop-notebook-ryzen-7-260-32gb-1tb-nv-rtx5060-w11p-off-home-2024-off-365-basic-180hz-ai-chip,https://www.techhypermart.com/image/cache/catalog/laptopnotebook/acer/ANV16S-41-R9W8-w11p-250x250.png,TechHypermart - Acer,,NV RTX5060,32GB,32GB,,,,
54440,"Acer Nitro V16S AI ANV16S-41-R9W8-W11P 16"" Laptop/ Notebook (Ryzen 7 260, 16GB, 1TB, NV RTX5060, W11P, Off Home 2024 + Off 365 Basic, 180Hz, AI Chip)",8439.00,https://www.techhypermart.com/notebooks/acer-nitro-v16s-ai-anv16s-41-r9w8-w11p-16-laptop-notebook-ryzen-7-260-16gb-1tb-nv-rtx5060-w11p-off-home-2024-off-365-basic-180hz-ai-chip,https://www.techhypermart.com/image/cache/catalog/laptopnotebook/acer/ANV16S-41-R9W8-w11p-250x250.png,TechHypermart - Acer,,NV RTX5060,16GB,16GB,,,,
52926,"Acer Nitro V16S ANV16S-71-58B0 16"" Laptop/ Notebook (Core 5 210H, 16GB, 512GB, NV RTX5060, W11H, Off Home 2024 + Off 365 Basic, 180Hz, AI Chip)",4928.00,https://www.techhypermart.com/notebooks/acer-nitro-v16s-anv16s-71-58b0-16-laptop-notebook-core-5-210h-16gb-512gb-nv-rtx5060-w11h-off-home-2024-off-365-basic-180hz-ai-chip,https://www.techhypermart.com/image/cache/catalog/laptopnotebook/acer/ANV16S-71-58B0-a-250x250.png,TechHypermart - Acer,Core 5,NV RTX5060,16GB,16GB,,,,
53556,"Acer Nitro V16S ANV16S-71-58B0-1-W11-EPP 16"" Laptop/ Notebook (Core 5 210H, 16GB, 1TB, NV RTX5060, W11H, Off Home 2024 + Off 365 Basic, 180Hz, AI Chip)",7089.00,https://www.techhypermart.com/notebooks/acer-nitro-v16s-anv16s-71-58b0-1-w11-epp-16-laptop-notebook-core-5-210h-16gb-1tb-nv-rtx5060-w11h-off-home-2024-off-365-basic-180hz-ai-chip,https://www.techhypermart.com/image/cache/catalog/laptopnotebook/acer/ANV16S-71-58B0-epp-250x250.png,TechHypermart - Acer,Core 5,NV RTX5060,16GB,16GB,,,,
53566,"Acer Nitro V16S ANV16S-71-58B0-1-W11P-EPP 16"" Laptop/ Notebook (Core 5 210H, 16GB, 1TB, NV RTX5060, W11P, Off Home 2024 + Off 365 Basic, 180Hz, AI Chip)",7939.00,https://www.techhypermart.com/notebooks/acer-nitro-v16s-anv16s-71-58b0-1-w11p-epp-16-laptop-notebook-core-5-210h-16gb-1tb-nv-rtx5060-w11p-off-home-2024-off-365-basic-180hz-ai-chip,https://www.techhypermart.com/image/cache/catalog/laptopnotebook/acer/ANV16S-71-58B0-w11p-epp-250x250.png,TechHypermart - Acer,Core 5,NV RTX5060,16GB,16GB,,,,
53557,"Acer Nitro V16S ANV16S-71-58B0-24-1-W11-EPP 16"" Laptop/ Notebook (Core 5 210H, 24GB, 1TB, NV RTX5060, W11H, Off Home 2024 + Off 365 Basic, 180Hz, AI Chip)",7909.00,https://www.techhypermart.com/notebooks/acer-nitro-v16s-anv16s-71-58b0-24-1-w11-epp-16-laptop-notebook-core-5-210h-24gb-1tb-nv-rtx5060-w11h-off-home-2024-off-365-basic-180hz-ai-chip,https://www.techhypermart.com/image/cache/catalog/laptopnotebook/acer/ANV16S-71-58B0-epp-250x250.png,TechHypermart - Acer,Core 5,NV RTX5060,24GB,24GB,,,,
53567,"Acer Nitro V16S ANV16S-71-58B0-24-1-W11P-EPP 16"" Laptop/ Notebook (Core 5 210H, 24GB, 1TB, NV RTX5060, W11P, Off Home 2024 + Off 365 Basic, 180Hz, AI Chip)",8759.00,https://www.techhypermart.com/notebooks/acer-nitro-v16s-anv16s-71-58b0-24-1-w11p-epp-16-laptop-notebook-core-5-210h-24gb-1tb-nv-rtx5060-w11p-off-home-2024-off-365-basic-180hz-ai-chip,https://www.techhypermart.com/image/cache/catalog/laptopnotebook/acer/ANV16S-71-58B0-w11p-epp-250x250.png,TechHypermart - Acer,Core 5,NV RTX5060,24GB,24GB,,,,
53299,"Acer Nitro V16S ANV16S-71-58B0-24-W11 16"" Laptop/ Notebook (Core 5 210H, 24GB, 512GB, NV RTX5060, W11H, Off Home 2024 + Off 365 Basic, 180Hz, AI Chip)",5869.00,https://www.techhypermart.com/notebooks/acer-nitro-v16s-anv16s-71-58b0-24-w11-16-laptop-notebook-core-5-210h-24gb-512gb-nv-rtx5060-w11h-off-home-2024-off-365-basic-180hz-ai-chip,https://www.techhypermart.com/image/cache/catalog/laptopnotebook/acer/ANV16S-71-58B0-a-250x250.png,TechHypermart - Acer,Core 5,NV RTX5060,24GB,24GB,,,,
53562,"Acer Nitro V16S ANV16S-71-58B0-24-W11P 16"" Laptop/ Notebook (Core 5 210H, 24GB, 512GB, NV RTX5060, W11P, Off Home 2024 + Off 365 Basic, 180Hz, AI Chip)",6769.00,https://www.techhypermart.com/notebooks/acer-nitro-v16s-anv16s-71-58b0-24-w11p-16-laptop-notebook-core-5-210h-24gb-512gb-nv-rtx5060-w11p-off-home-2024-off-365-basic-180hz-ai-chip,https://www.techhypermart.com/image/cache/catalog/laptopnotebook/acer/ANV16S-71-58B0-w11p-250x250.png,TechHypermart - Acer,Core 5,NV RTX5060,24GB,24GB,,,,
53558,"Acer Nitro V16S ANV16S-71-58B0-32-1-W11-EPP 16"" Laptop/ Notebook (Core 5 210H, 32GB, 1TB, NV RTX5060, W11H, Off Home 2024 + Off 365 Basic, 180Hz, AI Chip)",8449.00,https://www.techhypermart.com/notebooks/acer-nitro-v16s-anv16s-71-58b0-32-1-w11-epp-16-laptop-notebook-core-5-210h-32gb-1tb-nv-rtx5060-w11h-off-home-2024-off-365-basic-180hz-ai-chip,https://www.techhypermart.com/image/cache/catalog/laptopnotebook/acer/ANV16S-71-58B0-epp-250x250.png,TechHypermart - Acer,Core 5,NV RTX5060,32GB,32GB,,,,
53568,"Acer Nitro V16S ANV16S-71-58B0-32-1-W11P-EPP 16"" Laptop/ Notebook (Core 5 210H, 32GB, 1TB, NV RTX5060, W11P, Off Home 2024 + Off 365 Basic, 180Hz, AI Chip)",9299.00,https://www.techhypermart.com/notebooks/acer-nitro-v16s-anv16s-71-58b0-32-1-w11p-epp-16-laptop-notebook-core-5-210h-32gb-1tb-nv-rtx5060-w11p-off-home-2024-off-365-basic-180hz-ai-chip,https://www.techhypermart.com/image/cache/catalog/laptopnotebook/acer/ANV16S-71-58B0-w11p-epp-250x250.png,TechHypermart - Acer,Core 5,NV RTX5060,32GB,32GB,,,,
53301,"Acer Nitro V16S ANV16S-71-58B0-32-W11 16"" Laptop/ Notebook (Core 5 210H, 32GB, 512GB, NV RTX5060, W11H, Off Home 2024 + Off 365 Basic, 180Hz, AI Chip)",6369.00,https://www.techhypermart.com/notebooks/acer-nitro-v16s-anv16s-71-58b0-32-w11-16-laptop-notebook-core-5-210h-32gb-512gb-nv-rtx5060-w11h-off-home-2024-off-365-basic-180hz-ai-chip,https://www.techhypermart.com/image/cache/catalog/laptopnotebook/acer/ANV16S-71-58B0-a-250x250.png,TechHypermart - Acer,Core 5,NV RTX5060,32GB,32GB,,,,
53563,"Acer Nitro V16S ANV16S-71-58B0-32-W11P 16"" Laptop/ Notebook (Core 5 210H, 32GB, 512GB, NV RTX5060, W11P, Off Home 2024 + Off 365 Basic, 180Hz, AI Chip)",7269.00,https://www.techhypermart.com/notebooks/acer-nitro-v16s-anv16s-71-58b0-32-w11p-16-laptop-notebook-core-5-210h-32gb-512gb-nv-rtx5060-w11p-off-home-2024-off-365-basic-180hz-ai-chip,https://www.techhypermart.com/image/cache/catalog/laptopnotebook/acer/ANV16S-71-58B0-w11p-250x250.png,TechHypermart - Acer,Core 5,NV RTX5060,32GB,32GB,,,,
53559,"Acer Nitro V16S ANV16S-71-58B0-48-1-W11-EPP 16"" Laptop/ Notebook (Core 5 210H, 48GB, 1TB, NV RTX5060, W11H, Off Home 2024 + Off 365 Basic, 180Hz, AI Chip)",9579.00,https://www.techhypermart.com/notebooks/acer-nitro-v16s-anv16s-71-58b0-48-1-w11-epp-16-laptop-notebook-core-5-210h-48gb-1tb-nv-rtx5060-w11h-off-home-2024-off-365-basic-180hz-ai-chip,https://www.techhypermart.com/image/cache/catalog/laptopnotebook/acer/ANV16S-71-58B0-epp-250x250.png,TechHypermart - Acer,Core 5,NV RTX5060,48GB,48GB,,,,
53569,"Acer Nitro V16S ANV16S-71-58B0-48-1-W11P-EPP 16"" Laptop/ Notebook (Core 5 210H, 48GB, 1TB, NV RTX5060, W11P, Off Home 2024 + Off 365 Basic, 180Hz, AI Chip)",10429.00,https://www.techhypermart.com/notebooks/acer-nitro-v16s-anv16s-71-58b0-48-1-w11p-epp-16-laptop-notebook-core-5-210h-48gb-1tb-nv-rtx5060-w11p-off-home-2024-off-365-basic-180hz-ai-chip,https://www.techhypermart.com/image/cache/catalog/laptopnotebook/acer/ANV16S-71-58B0-w11p-epp-250x250.png,TechHypermart - Acer,Core 5,NV RTX5060,48GB,48GB,,,,
53302,"Acer Nitro V16S ANV16S-71-58B0-48-W11 16"" Laptop/ Notebook (Core 5 210H, 48GB, 512GB, NV RTX5060, W11H, Off Home 2024 + Off 365 Basic, 180Hz, AI Chip)",7519.00,https://www.techhypermart.com/notebooks/acer-nitro-v16s-anv16s-71-58b0-48-w11-16-laptop-notebook-core-5-210h-48gb-512gb-nv-rtx5060-w11h-off-home-2024-off-365-basic-180hz-ai-chip,https://www.techhypermart.com/image/cache/catalog/laptopnotebook/acer/ANV16S-71-58B0-a-250x250.png,TechHypermart - Acer,Core 5,NV RTX5060,48GB,48GB,,,,
53564,"Acer Nitro V16S ANV16S-71-58B0-48-W11P 16"" Laptop/ Notebook (Core 5 210H, 48GB, 512GB, NV RTX5060, W11P, Off Home 2024 + Off 365 Basic, 180Hz, AI Chip)",8319.00,https://www.techhypermart.com/notebooks/acer-nitro-v16s-anv16s-71-58b0-48-w11p-16-laptop-notebook-core-5-210h-48gb-512gb-nv-rtx5060-w11p-off-home-2024-off-365-basic-180hz-ai-chip,https://www.techhypermart.com/image/cache/catalog/laptopnotebook/acer/ANV16S-71-58B0-w11p-250x250.png,TechHypermart - Acer,Core 5,NV RTX5060,48GB,48GB,,,,
53560,"Acer Nitro V16S ANV16S-71-58B0-64-1-W11-EPP 16"" Laptop/ Notebook (Core 5 210H, 64GB, 1TB, NV RTX5060, W11H, Off Home 2024 + Off 365 Basic, 180Hz, AI Chip)",12079.00,https://www.techhypermart.com/notebooks/acer-nitro-v16s-anv16s-71-58b0-64-1-w11-epp-16-laptop-notebook-core-5-210h-64gb-1tb-nv-rtx5060-w11h-off-home-2024-off-365-basic-180hz-ai-chip,https://www.techhypermart.com/image/cache/catalog/laptopnotebook/acer/ANV16S-71-58B0-epp-250x250.png,TechHypermart - Acer,Core 5,NV RTX5060,64GB,64GB,,,,
53570,"Acer Nitro V16S ANV16S-71-58B0-64-1-W11P-EPP 16"" Laptop/ Notebook (Core 5 210H, 64GB, 1TB, NV RTX5060, W11P, Off Home 2024 + Off 365 Basic, 180Hz, AI Chip)",12929.00,https://www.techhypermart.com/notebooks/acer-nitro-v16s-anv16s-71-58b0-64-1-w11p-epp-16-laptop-notebook-core-5-210h-64gb-1tb-nv-rtx5060-w11p-off-home-2024-off-365-basic-180hz-ai-chip,https://www.techhypermart.com/image/cache/catalog/laptopnotebook/acer/ANV16S-71-58B0-w11p-epp-250x250.png,TechHypermart - Acer,Core 5,NV RTX5060,64GB,64GB,,,,
53303,"Acer Nitro V16S ANV16S-71-58B0-64-W11 16"" Laptop/ Notebook (Core 5 210H, 64GB, 512GB, NV RTX5060, W11H, Off Home 2024 + Off 365 Basic, 180Hz, AI Chip)",9719.00,https://www.techhypermart.com/notebooks/acer-nitro-v16s-anv16s-71-58b0-64-w11-16-laptop-notebook-core-5-210h-64gb-512gb-nv-rtx5060-w11h-off-home-2024-off-365-basic-180hz-ai-chip,https://www.techhypermart.com/image/cache/catalog/laptopnotebook/acer/ANV16S-71-58B0-a-250x250.png,TechHypermart - Acer,Core 5,NV RTX5060,64GB,64GB,,,,
53565,"Acer Nitro V16S ANV16S-71-58B0-64-W11P 16"" Laptop/ Notebook (Core 5 210H, 64GB, 512GB, NV RTX5060, W11P, Off Home 2024 + Off 365 Basic, 180Hz, AI Chip)",10519.00,https://www.techhypermart.com/notebooks/acer-nitro-v16s-anv16s-71-58b0-64-w11p-16-laptop-notebook-core-5-210h-64gb-512gb-nv-rtx5060-w11p-off-home-2024-off-365-basic-180hz-ai-chip,https://www.techhypermart.com/image/cache/catalog/laptopnotebook/acer/ANV16S-71-58B0-w11p-250x250.png,TechHypermart - Acer,Core 5,NV RTX5060,64GB,64GB,,,,
53561,"Acer Nitro V16S ANV16S-71-58B0-W11P 16"" Laptop/ Notebook (Core 5 210H, 16GB, 512GB, NV RTX5060, W11P, Off Home 2024 + Off 365 Basic, 180Hz, AI Chip)",6039.00,https://www.techhypermart.com/notebooks/acer-nitro-v16s-anv16s-71-58b0-w11p-16-laptop-notebook-core-5-210h-16gb-512gb-nv-rtx5060-w11p-off-home-2024-off-365-basic-180hz-ai-chip,https://www.techhypermart.com/image/cache/catalog/laptopnotebook/acer/ANV16S-71-58B0-w11p-250x250.png,TechHypermart - Acer,Core 5,NV RTX5060,16GB,16GB,,,,
51587,"Acer Predator Helios 18 AI PH18-73-90Z9 18"" Laptop/ Notebook (Ultra 9 275HX, 96GB, 4TB, NV RTX5090, W11H, Off H&S + Off 365 Basic, 120Hz, AI Chip)",19038.00,https://www.techhypermart.com/notebooks/acer-predator-helios-18-ai-ph18-73-90z9-18-laptop-notebook-ultra-9-275hx-96gb-4tb-nv-rtx5090-w11h-off-h-s-off-365-basic-120hz-ai-chip,https://www.techhypermart.com/image/cache/catalog/laptopnotebook/acer/PH18-73-90Z9-a-250x250.png,TechHypermart - Acer,,NV RTX5090,96GB,96GB,,,,
52346,"Acer Predator Helios 18 AI PH18-73-90Z9-8-W11-EPP 18"" Laptop/ Notebook (Ultra 9 275HX, 96GB, 8TB, NV RTX5090, W11H, Off H&S + Off 365 Basic, 120Hz, AI Chip)",29399.00,https://www.techhypermart.com/notebooks/acer-predator-helios-18-ai-ph18-73-90z9-8-w11-epp-18-laptop-notebook-ultra-9-275hx-96gb-8tb-nv-rtx5090-w11h-off-h-s-off-365-basic-120hz-ai-chip,https://www.techhypermart.com/image/cache/catalog/laptopnotebook/acer/PH18-73-90Z9-epp-250x250.png,TechHypermart - Acer,,NV RTX5090,96GB,96GB,,,,
52348,"Acer Predator Helios 18 AI PH18-73-90Z9-8-W11P-EPP 18"" Laptop/ Notebook (Ultra 9 275HX, 96GB, 8TB, NV RTX5090, W11P, Off H&S + Off 365 Basic, 120Hz, AI Chip)",30249.00,https://www.techhypermart.com/notebooks/acer-predator-helios-18-ai-ph18-73-90z9-8-w11p-epp-18-laptop-notebook-ultra-9-275hx-96gb-8tb-nv-rtx5090-w11p-off-h-s-off-365-basic-120hz-ai-chip,https://www.techhypermart.com/image/cache/catalog/laptopnotebook/acer/PH18-73-90Z9-w11p-epp-250x250.png,TechHypermart - Acer,,NV RTX5090,96GB,96GB,,,,
52347,"Acer Predator Helios 18 AI PH18-73-90Z9-W11P 18"" Laptop/ Notebook (Ultra 9 275HX, 96GB, 4TB, NV RTX5090, W11P, Off H&S + Off 365 Basic, 120Hz, AI Chip)",19839.00,https://www.techhypermart.com/notebooks/acer-predator-helios-18-ai-ph18-73-90z9-w11p-18-laptop-notebook-ultra-9-275hx-96gb-4tb-nv-rtx5090-w11p-off-h-s-off-365-basic-120hz-ai-chip,https://www.techhypermart.com/image/cache/catalog/laptopnotebook/acer/PH18-73-90Z9-w11p-250x250.png,TechHypermart - Acer,,NV RTX5090,96GB,96GB,,,,
56880,"Acer Predator Helios 18 AI PH18-I71-92V8 18"" Laptop/ Notebook (Ultra 9 290HX Plus, 32GB, 1TB, NV RTX5080, W11H, Off H&S + Off 365 Basic, 120Hz, AI)",16499.00,https://www.techhypermart.com/notebooks/acer-predator-helios-18-ai-ph18-i71-92v8-18-laptop-notebook-ultra-9-290hx-plus-32gb-1tb-nv-rtx5080-w11h-off-h-s-off-365-basic-120hz-ai,https://www.techhypermart.com/image/cache/catalog/laptopnotebook/acer/PH18-I71-92V8-a-250x250.png,TechHypermart - Acer,I71-92V8,NV RTX5080,32GB,32GB,,,,
57401,"Acer Predator Helios 18 AI PH18-I71-92V8-2-W11-EPP 18"" Laptop/ Notebook (Ultra 9 290HX Plus, 32GB, 2TB, NV RTX5080, W11H, Off H&S + Off 365 Basic, 120Hz, AI)",20349.00,https://www.techhypermart.com/notebooks/acer-predator-helios-18-ai-ph18-i71-92v8-2-w11-epp-18-laptop-notebook-ultra-9-290hx-plus-32gb-2tb-nv-rtx5080-w11h-off-h-s-off-365-basic-120hz-ai,https://www.techhypermart.com/image/cache/catalog/laptopnotebook/acer/PH18-I71-92V8-epp-250x250.png,TechHypermart - Acer,I71-92V8-2-W11-EPP,NV RTX5080,32GB,32GB,,,,
57404,"Acer Predator Helios 18 AI PH18-I71-92V8-2-W11P-EPP 18"" Laptop/ Notebook (Ultra 9 290HX Plus, 32GB, 2TB, NV RTX5080, W11P, Off H&S + Off 365 Basic, 120Hz, AI)",21199.00,https://www.techhypermart.com/notebooks/acer-predator-helios-18-ai-ph18-i71-92v8-2-w11p-epp-18-laptop-notebook-ultra-9-290hx-plus-32gb-2tb-nv-rtx5080-w11p-off-h-s-off-365-basic-120hz-ai,https://www.techhypermart.com/image/cache/catalog/laptopnotebook/acer/PH18-I71-92V8-w11p-epp-250x250.png,TechHypermart - Acer,I71-92V8-2-W11P-EPP,NV RTX5080,32GB,32GB,,,,
57402,"Acer Predator Helios 18 AI PH18-I71-92V8-W11P 18"" Laptop/ Notebook (Ultra 9 290HX Plus, 32GB, 1TB, NV RTX5080, W11P, Off H&S + Off 365 Basic, 120Hz, AI)",17299.00,https://www.techhypermart.com/notebooks/acer-predator-helios-18-ai-ph18-i71-92v8-w11p-18-laptop-notebook-ultra-9-290hx-plus-32gb-1tb-nv-rtx5080-w11p-off-h-s-off-365-basic-120hz-ai,https://www.techhypermart.com/image/cache/catalog/laptopnotebook/acer/PH18-I71-92V8-w11p-250x250.png,TechHypermart - Acer,I71-92V8-W11P,NV RTX5080,32GB,32GB,,,,
56877,"Acer Predator Helios 18 AI PH18-I71-961F 18"" Laptop/ Notebook (Ultra 9 290HX Plus, 48GB, 1TB, NV RTX5090, W11H, Off H&S + Off 365 Basic, 120Hz, AI)",18299.00,https://www.techhypermart.com/notebooks/acer-predator-helios-18-ai-ph18-i71-961f-18-laptop-notebook-ultra-9-290hx-plus-48gb-1tb-nv-rtx5090-w11h-off-h-s-off-365-basic-120hz-ai,https://www.techhypermart.com/image/cache/catalog/laptopnotebook/acer/PH18-I71-961F-a-250x250.png,TechHypermart - Acer,I71-961F,NV RTX5090,48GB,48GB,,,,
57398,"Acer Predator Helios 18 AI PH18-I71-961F-2-W11-EPP 18"" Laptop/ Notebook (Ultra 9 290HX Plus, 48GB, 2TB, NV RTX5090, W11H, Off H&S + Off 365 Basic, 120Hz, AI)",22319.00,https://www.techhypermart.com/notebooks/acer-predator-helios-18-ai-ph18-i71-961f-2-w11-epp-18-laptop-notebook-ultra-9-290hx-plus-48gb-2tb-nv-rtx5090-w11h-off-h-s-off-365-basic-120hz-ai,https://www.techhypermart.com/image/cache/catalog/laptopnotebook/acer/PH18-I71-961F-epp-250x250.png,TechHypermart - Acer,I71-961F-2-W11-EPP,NV RTX5090,48GB,48GB,,,,
57400,"Acer Predator Helios 18 AI PH18-I71-961F-2-W11P-EPP 18"" Laptop/ Notebook (Ultra 9 290HX Plus, 48GB, 2TB, NV RTX5090, W11P, Off H&S + Off 365 Basic, 120Hz, AI)",23169.00,https://www.techhypermart.com/notebooks/acer-predator-helios-18-ai-ph18-i71-961f-2-w11p-epp-18-laptop-notebook-ultra-9-290hx-plus-48gb-2tb-nv-rtx5090-w11p-off-h-s-off-365-basic-120hz-ai,https://www.techhypermart.com/image/cache/catalog/laptopnotebook/acer/PH18-I71-961F-w11p-epp-250x250.png,TechHypermart - Acer,I71-961F-2-W11P-EPP,NV RTX5090,48GB,48GB,,,,
57399,"Acer Predator Helios 18 AI PH18-I71-961F-W11P 18"" Laptop/ Notebook (Ultra 9 290HX Plus, 48GB, 1TB, NV RTX5090, W11P, Off H&S + Off 365 Basic, 120Hz, AI)",19099.00,https://www.techhypermart.com/notebooks/acer-predator-helios-18-ai-ph18-i71-961f-w11p-18-laptop-notebook-ultra-9-290hx-plus-48gb-1tb-nv-rtx5090-w11p-off-h-s-off-365-basic-120hz-ai,https://www.techhypermart.com/image/cache/catalog/laptopnotebook/acer/PH18-I71-961F-w11p-250x250.png,TechHypermart - Acer,I71-961F-W11P,NV RTX5090,48GB,48GB,,,,
56206,"Acer Predator Helios Neo 16 PHN16-I31-551G 16"" Laptop/ Notebook (i5-14450HX, 16GB, 512GB, NV RTX5050, W11H, Off H&S + Off 365 Basic, 180Hz, AI)",6668.00,https://www.techhypermart.com/notebooks/acer-predator-helios-neo-16-phn16-i31-551g-16-laptop-notebook-i5-14450hx-16gb-512gb-nv-rtx5050-w11h-off-h-s-off-365-basic-180hz-ai,https://www.techhypermart.com/image/cache/catalog/laptopnotebook/acer/PHN16-I31-551G-a-250x250.png,TechHypermart - Acer,I31-551G,NV RTX5050,16GB,16GB,,,,
57239,"Acer Predator Helios Neo 16 PHN16-I31-551G-1-W11-EPP 16"" Laptop/ Notebook (i5-14450HX, 16GB, 1TB, NV RTX5050, W11H, Off H&S + Off 365 Basic, 180Hz, AI)",9359.00,https://www.techhypermart.com/notebooks/acer-predator-helios-neo-16-phn16-i31-551g-1-w11-epp-16-laptop-notebook-i5-14450hx-16gb-1tb-nv-rtx5050-w11h-off-h-s-off-365-basic-180hz-ai,https://www.techhypermart.com/image/cache/catalog/laptopnotebook/acer/PHN16-I31-551G-epp-250x250.png,TechHypermart - Acer,I31-551G-1-W11-EPP,NV RTX5050,16GB,16GB,,,,
57245,"Acer Predator Helios Neo 16 PHN16-I31-551G-1-W11P-EPP 16"" Laptop/ Notebook (i5-14450HX, 16GB, 1TB, NV RTX5050, W11P, Off H&S + Off 365 Basic, 180Hz, AI)",10209.00,https://www.techhypermart.com/notebooks/acer-predator-helios-neo-16-phn16-i31-551g-1-w11p-epp-16-laptop-notebook-i5-14450hx-16gb-1tb-nv-rtx5050-w11p-off-h-s-off-365-basic-180hz-ai,https://www.techhypermart.com/image/cache/catalog/laptopnotebook/acer/PHN16-I31-551G-w11p-epp-250x250.png,TechHypermart - Acer,I31-551G-1-W11P-EPP,NV RTX5050,16GB,16GB,,,,
57240,"Acer Predator Helios Neo 16 PHN16-I31-551G-24-1-W11-EPP 16"" Laptop/ Notebook (i5-14450HX, 24GB, 1TB, NV RTX5050, W11H, Off H&S + Off 365 Basic, 180Hz, AI)",9469.00,https://www.techhypermart.com/notebooks/acer-predator-helios-neo-16-phn16-i31-551g-24-1-w11-epp-16-laptop-notebook-i5-14450hx-24gb-1tb-nv-rtx5050-w11h-off-h-s-off-365-basic-180hz-ai,https://www.techhypermart.com/image/cache/catalog/laptopnotebook/acer/PHN16-I31-551G-epp-250x250.png,TechHypermart - Acer,I31-551G-24-1-W11-EPP,NV RTX5050,24GB,24GB,,,,
57246,"Acer Predator Helios Neo 16 PHN16-I31-551G-24-1-W11P-EPP 16"" Laptop/ Notebook (i5-14450HX, 24GB, 1TB, NV RTX5050, W11P, Off H&S + Off 365 Basic, 180Hz, AI)",10319.00,https://www.techhypermart.com/notebooks/acer-predator-helios-neo-16-phn16-i31-551g-24-1-w11p-epp-16-laptop-notebook-i5-14450hx-24gb-1tb-nv-rtx5050-w11p-off-h-s-off-365-basic-180hz-ai,https://www.techhypermart.com/image/cache/catalog/laptopnotebook/acer/PHN16-I31-551G-w11p-epp-250x250.png,TechHypermart - Acer,I31-551G-24-1-W11P-EPP,NV RTX5050,24GB,24GB,,,,
56419,"Acer Predator Helios Neo 16 PHN16-I31-551G-24-W11 16"" Laptop/ Notebook (i5-14450HX, 24GB, 512GB, NV RTX5050, W11H, Off H&S + Off 365 Basic, 180Hz, AI)",7419.00,https://www.techhypermart.com/notebooks/acer-predator-helios-neo-16-phn16-i31-551g-24-w11-16-laptop-notebook-i5-14450hx-24gb-512gb-nv-rtx5050-w11h-off-h-s-off-365-basic-180hz-ai,https://www.techhypermart.com/image/cache/catalog/laptopnotebook/acer/PHN16-I31-551G-a-250x250.png,TechHypermart - Acer,I31-551G-24-W11,NV RTX5050,24GB,24GB,,,,
57243,"Acer Predator Helios Neo 16 PHN16-I31-551G-24-W11P 16"" Laptop/ Notebook (i5-14450HX, 24GB, 512GB, NV RTX5050, W11P, Off H&S + Off 365 Basic, 180Hz, AI)",8219.00,https://www.techhypermart.com/notebooks/acer-predator-helios-neo-16-phn16-i31-551g-24-w11p-16-laptop-notebook-i5-14450hx-24gb-512gb-nv-rtx5050-w11p-off-h-s-off-365-basic-180hz-ai,https://www.techhypermart.com/image/cache/catalog/laptopnotebook/acer/PHN16-I31-551G-w11p-250x250.png,TechHypermart - Acer,I31-551G-24-W11P,NV RTX5050,24GB,24GB,,,,
57241,"Acer Predator Helios Neo 16 PHN16-I31-551G-32-1-W11-EPP 16"" Laptop/ Notebook (i5-14450HX, 32GB, 1TB, NV RTX5050, W11H, Off H&S + Off 365 Basic, 180Hz, AI)",10009.00,https://www.techhypermart.com/notebooks/acer-predator-helios-neo-16-phn16-i31-551g-32-1-w11-epp-16-laptop-notebook-i5-14450hx-32gb-1tb-nv-rtx5050-w11h-off-h-s-off-365-basic-180hz-ai,https://www.techhypermart.com/image/cache/catalog/laptopnotebook/acer/PHN16-I31-551G-epp-250x250.png,TechHypermart - Acer,I31-551G-32-1-W11-EPP,NV RTX5050,32GB,32GB,,,,
57247,"Acer Predator Helios Neo 16 PHN16-I31-551G-32-1-W11P-EPP 16"" Laptop/ Notebook (i5-14450HX, 32GB, 1TB, NV RTX5050, W11P, Off H&S + Off 365 Basic, 180Hz, AI)",10859.00,https://www.techhypermart.com/notebooks/acer-predator-helios-neo-16-phn16-i31-551g-32-1-w11p-epp-16-laptop-notebook-i5-14450hx-32gb-1tb-nv-rtx5050-w11p-off-h-s-off-365-basic-180hz-ai,https://www.techhypermart.com/image/cache/catalog/laptopnotebook/acer/PHN16-I31-551G-w11p-epp-250x250.png,TechHypermart - Acer,I31-551G-32-1-W11P-EPP,NV RTX5050,32GB,32GB,,,,
56420,"Acer Predator Helios Neo 16 PHN16-I31-551G-32-W11 16"" Laptop/ Notebook (i5-14450HX, 32GB, 512GB, NV RTX5050, W11H, Off H&S + Off 365 Basic, 180Hz, AI)",7919.00,https://www.techhypermart.com/notebooks/acer-predator-helios-neo-16-phn16-i31-551g-32-w11-16-laptop-notebook-i5-14450hx-32gb-512gb-nv-rtx5050-w11h-off-h-s-off-365-basic-180hz-ai,https://www.techhypermart.com/image/cache/catalog/laptopnotebook/acer/PHN16-I31-551G-a-250x250.png,TechHypermart - Acer,I31-551G-32-W11,NV RTX5050,32GB,32GB,,,,
57244,"Acer Predator Helios Neo 16 PHN16-I31-551G-32-W11P 16"" Laptop/ Notebook (i5-14450HX, 32GB, 512GB, NV RTX5050, W11P, Off H&S + Off 365 Basic, 180Hz, AI)",8719.00,https://www.techhypermart.com/notebooks/acer-predator-helios-neo-16-phn16-i31-551g-32-w11p-16-laptop-notebook-i5-14450hx-32gb-512gb-nv-rtx5050-w11p-off-h-s-off-365-basic-180hz-ai,https://www.techhypermart.com/image/cache/catalog/laptopnotebook/acer/PHN16-I31-551G-w11p-250x250.png,TechHypermart - Acer,I31-551G-32-W11P,NV RTX5050,32GB,32GB,,,,
57242,"Acer Predator Helios Neo 16 PHN16-I31-551G-W11P 16"" Laptop/ Notebook (i5-14450HX, 16GB, 512GB, NV RTX5050, W11P, Off H&S + Off 365 Basic, 180Hz, AI)",7469.00,https://www.techhypermart.com/notebooks/acer-predator-helios-neo-16-phn16-i31-551g-w11p-16-laptop-notebook-i5-14450hx-16gb-512gb-nv-rtx5050-w11p-off-h-s-off-365-basic-180hz-ai,https://www.techhypermart.com/image/cache/catalog/laptopnotebook/acer/PHN16-I31-551G-w11p-250x250.png,TechHypermart - Acer,I31-551G-W11P,NV RTX5050,16GB,16GB,,,,
56196,"Acer Predator Helios Neo 16 PHN16-I31-55MB 16"" Laptop/ Notebook (i5-14450HX, 16GB, 512GB, NV RTX5060, W11H, Off H&S + Off 365 Basic, 180Hz, AI)",7558.00,https://www.techhypermart.com/notebooks/acer-predator-helios-neo-16-phn16-i31-55mb-16-laptop-notebook-i5-14450hx-16gb-512gb-nv-rtx5060-w11h-off-h-s-off-365-basic-180hz-ai,https://www.techhypermart.com/image/cache/catalog/laptopnotebook/acer/PHN16-I31-55MB-a-250x250.png,TechHypermart - Acer,I31-55MB,NV RTX5060,16GB,16GB,,,,
57212,"Acer Predator Helios Neo 16 PHN16-I31-55MB-1-W11-EPP 16"" Laptop/ Notebook (i5-14450HX, 16GB, 1TB, NV RTX5060, W11H, Off H&S + Off 365 Basic, 180Hz, AI)",9619.00,https://www.techhypermart.com/notebooks/acer-predator-helios-neo-16-phn16-i31-55mb-1-w11-epp-16-laptop-notebook-i5-14450hx-16gb-1tb-nv-rtx5060-w11h-off-h-s-off-365-basic-180hz-ai,https://www.techhypermart.com/image/cache/catalog/laptopnotebook/acer/PHN16-I31-55MB-epp-250x250.png,TechHypermart - Acer,I31-55MB-1-W11-EPP,NV RTX5060,16GB,16GB,,,,
57222,"Acer Predator Helios Neo 16 PHN16-I31-55MB-1-W11P-EPP 16"" Laptop/ Notebook (i5-14450HX, 16GB, 1TB, NV RTX5060, W11P, Off H&S + Off 365 Basic, 180Hz, AI)",10469.00,https://www.techhypermart.com/notebooks/acer-predator-helios-neo-16-phn16-i31-55mb-1-w11p-epp-16-laptop-notebook-i5-14450hx-16gb-1tb-nv-rtx5060-w11p-off-h-s-off-365-basic-180hz-ai,https://www.techhypermart.com/image/cache/catalog/laptopnotebook/acer/PHN16-I31-55MB-w11p-epp-250x250.png,TechHypermart - Acer,I31-55MB-1-W11P-EPP,NV RTX5060,16GB,16GB,,,,
57214,"Acer Predator Helios Neo 16 PHN16-I31-55MB-24-1-W11-EPP 16"" Laptop/ Notebook (i5-14450HX, 24GB, 1TB, NV RTX5060, W11H, Off H&S + Off 365 Basic, 180Hz, AI)",10609.00,https://www.techhypermart.com/notebooks/acer-predator-helios-neo-16-phn16-i31-55mb-24-1-w11-epp-16-laptop-notebook-i5-14450hx-24gb-1tb-nv-rtx5060-w11h-off-h-s-off-365-basic-180hz-ai,https://www.techhypermart.com/image/cache/catalog/laptopnotebook/acer/PHN16-I31-55MB-epp-250x250.png,TechHypermart - Acer,I31-55MB-24-1-W11-EPP,NV RTX5060,24GB,24GB,,,,
57223,"Acer Predator Helios Neo 16 PHN16-I31-55MB-24-1-W11P-EPP 16"" Laptop/ Notebook (i5-14450HX, 24GB, 1TB, NV RTX5060, W11P, Off H&S + Off 365 Basic, 180Hz, AI)",11459.00,https://www.techhypermart.com/notebooks/acer-predator-helios-neo-16-phn16-i31-55mb-24-1-w11p-epp-16-laptop-notebook-i5-14450hx-24gb-1tb-nv-rtx5060-w11p-off-h-s-off-365-basic-180hz-ai,https://www.techhypermart.com/image/cache/catalog/laptopnotebook/acer/PHN16-I31-55MB-w11p-epp-250x250.png,TechHypermart - Acer,I31-55MB-24-1-W11P-EPP,NV RTX5060,24GB,24GB,,,,
56410,"Acer Predator Helios Neo 16 PHN16-I31-55MB-24-W11 16"" Laptop/ Notebook (i5-14450HX, 24GB, 512GB, NV RTX5060, W11H, Off H&S + Off 365 Basic, 180Hz, AI)",8379.00,https://www.techhypermart.com/notebooks/acer-predator-helios-neo-16-phn16-i31-55mb-24-w11-16-laptop-notebook-i5-14450hx-24gb-512gb-nv-rtx5060-w11h-off-h-s-off-365-basic-180hz-ai,https://www.techhypermart.com/image/cache/catalog/laptopnotebook/acer/PHN16-I31-55MB-a-250x250.png,TechHypermart - Acer,I31-55MB-24-W11,NV RTX5060,24GB,24GB,,,,
57218,"Acer Predator Helios Neo 16 PHN16-I31-55MB-24-W11P 16"" Laptop/ Notebook (i5-14450HX, 24GB, 512GB, NV RTX5060, W11P, Off H&S + Off 365 Basic, 180Hz, AI)",9179.00,https://www.techhypermart.com/notebooks/acer-predator-helios-neo-16-phn16-i31-55mb-24-w11p-16-laptop-notebook-i5-14450hx-24gb-512gb-nv-rtx5060-w11p-off-h-s-off-365-basic-180hz-ai,https://www.techhypermart.com/image/cache/catalog/laptopnotebook/acer/PHN16-I31-55MB-w11p-250x250.png,TechHypermart - Acer,I31-55MB-24-W11P,NV RTX5060,24GB,24GB,,,,
57215,"Acer Predator Helios Neo 16 PHN16-I31-55MB-32-1-W11-EPP 16"" Laptop/ Notebook (i5-14450HX, 32GB, 1TB, NV RTX5060, W11H, Off H&S + Off 365 Basic, 180Hz, AI)",11159.00,https://www.techhypermart.com/notebooks/acer-predator-helios-neo-16-phn16-i31-55mb-32-1-w11-epp-16-laptop-notebook-i5-14450hx-32gb-1tb-nv-rtx5060-w11h-off-h-s-off-365-basic-180hz-ai,https://www.techhypermart.com/image/cache/catalog/laptopnotebook/acer/PHN16-I31-55MB-epp-250x250.png,TechHypermart - Acer,I31-55MB-32-1-W11-EPP,NV RTX5060,32GB,32GB,,,,
57224,"Acer Predator Helios Neo 16 PHN16-I31-55MB-32-1-W11P-EPP 16"" Laptop/ Notebook (i5-14450HX, 32GB, 1TB, NV RTX5060, W11P, Off H&S + Off 365 Basic, 180Hz, AI)",12009.00,https://www.techhypermart.com/notebooks/acer-predator-helios-neo-16-phn16-i31-55mb-32-1-w11p-epp-16-laptop-notebook-i5-14450hx-32gb-1tb-nv-rtx5060-w11p-off-h-s-off-365-basic-180hz-ai,https://www.techhypermart.com/image/cache/catalog/laptopnotebook/acer/PHN16-I31-55MB-w11p-epp-250x250.png,TechHypermart - Acer,I31-55MB-32-1-W11P-EPP,NV RTX5060,32GB,32GB,,,,
56412,"Acer Predator Helios Neo 16 PHN16-I31-55MB-32-W11 16"" Laptop/ Notebook (i5-14450HX, 32GB, 512GB, NV RTX5060, W11H, Off H&S + Off 365 Basic, 180Hz, AI)",8879.00,https://www.techhypermart.com/notebooks/acer-predator-helios-neo-16-phn16-i31-55mb-32-w11-16-laptop-notebook-i5-14450hx-32gb-512gb-nv-rtx5060-w11h-off-h-s-off-365-basic-180hz-ai,https://www.techhypermart.com/image/cache/catalog/laptopnotebook/acer/PHN16-I31-55MB-a-250x250.png,TechHypermart - Acer,I31-55MB-32-W11,NV RTX5060,32GB,32GB,,,,
57219,"Acer Predator Helios Neo 16 PHN16-I31-55MB-32-W11P 16"" Laptop/ Notebook (i5-14450HX, 32GB, 512GB, NV RTX5060, W11P, Off H&S + Off 365 Basic, 180Hz, AI)",9679.00,https://www.techhypermart.com/notebooks/acer-predator-helios-neo-16-phn16-i31-55mb-32-w11p-16-laptop-notebook-i5-14450hx-32gb-512gb-nv-rtx5060-w11p-off-h-s-off-365-basic-180hz-ai,https://www.techhypermart.com/image/cache/catalog/laptopnotebook/acer/PHN16-I31-55MB-w11p-250x250.png,TechHypermart - Acer,I31-55MB-32-W11P,NV RTX5060,32GB,32GB,,,,
57216,"Acer Predator Helios Neo 16 PHN16-I31-55MB-48-1-W11-EPP 16"" Laptop/ Notebook (i5-14450HX, 48GB, 1TB, NV RTX5060, W11H, Off H&S + Off 365 Basic, 180Hz, AI)",12249.00,https://www.techhypermart.com/notebooks/acer-predator-helios-neo-16-phn16-i31-55mb-48-1-w11-epp-16-laptop-notebook-i5-14450hx-48gb-1tb-nv-rtx5060-w11h-off-h-s-off-365-basic-180hz-ai,https://www.techhypermart.com/image/cache/catalog/laptopnotebook/acer/PHN16-I31-55MB-epp-250x250.png,TechHypermart - Acer,I31-55MB-48-1-W11-EPP,NV RTX5060,48GB,48GB,,,,
57225,"Acer Predator Helios Neo 16 PHN16-I31-55MB-48-1-W11P-EPP 16"" Laptop/ Notebook (i5-14450HX, 48GB, 1TB, NV RTX5060, W11P, Off H&S + Off 365 Basic, 180Hz, AI)",13099.00,https://www.techhypermart.com/notebooks/acer-predator-helios-neo-16-phn16-i31-55mb-48-1-w11p-epp-16-laptop-notebook-i5-14450hx-48gb-1tb-nv-rtx5060-w11p-off-h-s-off-365-basic-180hz-ai,https://www.techhypermart.com/image/cache/catalog/laptopnotebook/acer/PHN16-I31-55MB-w11p-epp-250x250.png,TechHypermart - Acer,I31-55MB-48-1-W11P-EPP,NV RTX5060,48GB,48GB,,,,
56413,"Acer Predator Helios Neo 16 PHN16-I31-55MB-48-W11 16"" Laptop/ Notebook (i5-14450HX, 48GB, 512GB, NV RTX5060, W11H, Off H&S + Off 365 Basic, 180Hz, AI)",9879.00,https://www.techhypermart.com/notebooks/acer-predator-helios-neo-16-phn16-i31-55mb-48-w11-16-laptop-notebook-i5-14450hx-48gb-512gb-nv-rtx5060-w11h-off-h-s-off-365-basic-180hz-ai,https://www.techhypermart.com/image/cache/catalog/laptopnotebook/acer/PHN16-I31-55MB-a-250x250.png,TechHypermart - Acer,I31-55MB-48-W11,NV RTX5060,48GB,48GB,,,,
57221,"Acer Predator Helios Neo 16 PHN16-I31-55MB-48-W11P 16"" Laptop/ Notebook (i5-14450HX, 48GB, 512GB, NV RTX5060, W11P, Off H&S + Off 365 Basic, 180Hz, AI)",10679.00,https://www.techhypermart.com/notebooks/acer-predator-helios-neo-16-phn16-i31-55mb-48-w11p-16-laptop-notebook-i5-14450hx-48gb-512gb-nv-rtx5060-w11p-off-h-s-off-365-basic-180hz-ai,https://www.techhypermart.com/image/cache/catalog/laptopnotebook/acer/PHN16-I31-55MB-w11p-250x250.png,TechHypermart - Acer,I31-55MB-48-W11P,NV RTX5060,48GB,48GB,,,,
57217,"Acer Predator Helios Neo 16 PHN16-I31-55MB-W11P 16"" Laptop/ Notebook (i5-14450HX, 16GB, 512GB, NV RTX5060, W11P, Off H&S + Off 365 Basic, 180Hz, AI)",8359.00,https://www.techhypermart.com/notebooks/acer-predator-helios-neo-16-phn16-i31-55mb-w11p-16-laptop-notebook-i5-14450hx-16gb-512gb-nv-rtx5060-w11p-off-h-s-off-365-basic-180hz-ai,https://www.techhypermart.com/image/cache/catalog/laptopnotebook/acer/PHN16-I31-55MB-w11p-250x250.png,TechHypermart - Acer,I31-55MB-W11P,NV RTX5060,16GB,16GB,,,,
56202,"Acer Predator Helios Neo 16 PHN16-I31-71VG 16"" Laptop/ Notebook (i7-14650HX, 16GB, 512GB, NV RTX5050, W11H, Off H&S + Off 365 Basic, 180Hz, AI)",7288.00,https://www.techhypermart.com/notebooks/acer-predator-helios-neo-16-phn16-i31-71vg-16-laptop-notebook-i7-14650hx-16gb-512gb-nv-rtx5050-w11h-off-h-s-off-365-basic-180hz-ai,https://www.techhypermart.com/image/cache/catalog/laptopnotebook/acer/PHN16-I31-71VG-a-250x250.png,TechHypermart - Acer,I31-71VG,NV RTX5050,16GB,16GB,,,,
57226,"Acer Predator Helios Neo 16 PHN16-I31-71VG-1-W11-EPP 16"" Laptop/ Notebook (i7-14650HX, 16GB, 1TB, NV RTX5050, W11H, Off H&S + Off 365 Basic, 180Hz, AI)",9329.00,https://www.techhypermart.com/notebooks/acer-predator-helios-neo-16-phn16-i31-71vg-1-w11-epp-16-laptop-notebook-i7-14650hx-16gb-1tb-nv-rtx5050-w11h-off-h-s-off-365-basic-180hz-ai,https://www.techhypermart.com/image/cache/catalog/laptopnotebook/acer/PHN16-I31-71VG-epp-250x250.png,TechHypermart - Acer,I31-71VG-1-W11-EPP,NV RTX5050,16GB,16GB,,,,
57235,"Acer Predator Helios Neo 16 PHN16-I31-71VG-1-W11P-EPP 16"" Laptop/ Notebook (i7-14650HX, 16GB, 1TB, NV RTX5050, W11P, Off H&S + Off 365 Basic, 180Hz, AI)",10179.00,https://www.techhypermart.com/notebooks/acer-predator-helios-neo-16-phn16-i31-71vg-1-w11p-epp-16-laptop-notebook-i7-14650hx-16gb-1tb-nv-rtx5050-w11p-off-h-s-off-365-basic-180hz-ai,https://www.techhypermart.com/image/cache/catalog/laptopnotebook/acer/PHN16-I31-71VG-w11p-epp-250x250.png,TechHypermart - Acer,I31-71VG-1-W11P-EPP,NV RTX5050,16GB,16GB,,,,
57227,"Acer Predator Helios Neo 16 PHN16-I31-71VG-24-1-W11-EPP 16"" Laptop/ Notebook (i7-14650HX, 24GB, 1TB, NV RTX5050, W11H, Off H&S + Off 365 Basic, 180Hz, AI)",10129.00,https://www.techhypermart.com/notebooks/acer-predator-helios-neo-16-phn16-i31-71vg-24-1-w11-epp-16-laptop-notebook-i7-14650hx-24gb-1tb-nv-rtx5050-w11h-off-h-s-off-365-basic-180hz-ai,https://www.techhypermart.com/image/cache/catalog/laptopnotebook/acer/PHN16-I31-71VG-epp-250x250.png,TechHypermart - Acer,I31-71VG-24-1-W11-EPP,NV RTX5050,24GB,24GB,,,,
57236,"Acer Predator Helios Neo 16 PHN16-I31-71VG-24-1-W11P-EPP 16"" Laptop/ Notebook (i7-14650HX, 24GB, 1TB, NV RTX5050, W11P, Off H&S + Off 365 Basic, 180Hz, AI)",10979.00,https://www.techhypermart.com/notebooks/acer-predator-helios-neo-16-phn16-i31-71vg-24-1-w11p-epp-16-laptop-notebook-i7-14650hx-24gb-1tb-nv-rtx5050-w11p-off-h-s-off-365-basic-180hz-ai,https://www.techhypermart.com/image/cache/catalog/laptopnotebook/acer/PHN16-I31-71VG-w11p-epp-250x250.png,TechHypermart - Acer,I31-71VG-24-1-W11P-EPP,NV RTX5050,24GB,24GB,,,,
56414,"Acer Predator Helios Neo 16 PHN16-I31-71VG-24-W11 16"" Laptop/ Notebook (i7-14650HX, 24GB, 512GB, NV RTX5050, W11H, Off H&S + Off 365 Basic, 180Hz, AI)",8029.00,https://www.techhypermart.com/notebooks/acer-predator-helios-neo-16-phn16-i31-71vg-24-w11-16-laptop-notebook-i7-14650hx-24gb-512gb-nv-rtx5050-w11h-off-h-s-off-365-basic-180hz-ai,https://www.techhypermart.com/image/cache/catalog/laptopnotebook/acer/PHN16-I31-71VG-a-250x250.png,TechHypermart - Acer,I31-71VG-24-W11,NV RTX5050,24GB,24GB,,,,
57232,"Acer Predator Helios Neo 16 PHN16-I31-71VG-24-W11P 16"" Laptop/ Notebook (i7-14650HX, 24GB, 512GB, NV RTX5050, W11P, Off H&S + Off 365 Basic, 180Hz, AI)",8829.00,https://www.techhypermart.com/notebooks/acer-predator-helios-neo-16-phn16-i31-71vg-24-w11p-16-laptop-notebook-i7-14650hx-24gb-512gb-nv-rtx5050-w11p-off-h-s-off-365-basic-180hz-ai,https://www.techhypermart.com/image/cache/catalog/laptopnotebook/acer/PHN16-I31-71VG-w11p-250x250.png,TechHypermart - Acer,I31-71VG-24-W11P,NV RTX5050,24GB,24GB,,,,
57228,"Acer Predator Helios Neo 16 PHN16-I31-71VG-32-1-W11-EPP 16"" Laptop/ Notebook (i7-14650HX, 32GB, 1TB, NV RTX5050, W11H, Off H&S + Off 365 Basic, 180Hz, AI)",10779.00,https://www.techhypermart.com/notebooks/acer-predator-helios-neo-16-phn16-i31-71vg-32-1-w11-epp-16-laptop-notebook-i7-14650hx-32gb-1tb-nv-rtx5050-w11h-off-h-s-off-365-basic-180hz-ai,https://www.techhypermart.com/image/cache/catalog/laptopnotebook/acer/PHN16-I31-71VG-epp-250x250.png,TechHypermart - Acer,I31-71VG-32-1-W11-EPP,NV RTX5050,32GB,32GB,,,,
57237,"Acer Predator Helios Neo 16 PHN16-I31-71VG-32-1-W11P-EPP 16"" Laptop/ Notebook (i7-14650HX, 32GB, 1TB, NV RTX5050, W11P, Off H&S + Off 365 Basic, 180Hz, AI)",11629.00,https://www.techhypermart.com/notebooks/acer-predator-helios-neo-16-phn16-i31-71vg-32-1-w11p-epp-16-laptop-notebook-i7-14650hx-32gb-1tb-nv-rtx5050-w11p-off-h-s-off-365-basic-180hz-ai,https://www.techhypermart.com/image/cache/catalog/laptopnotebook/acer/PHN16-I31-71VG-w11p-epp-250x250.png,TechHypermart - Acer,I31-71VG-32-1-W11P-EPP,NV RTX5050,32GB,32GB,,,,
56415,"Acer Predator Helios Neo 16 PHN16-I31-71VG-32-W11 16"" Laptop/ Notebook (i7-14650HX, 32GB, 512GB, NV RTX5050, W11H, Off H&S + Off 365 Basic, 180Hz, AI)",8529.00,https://www.techhypermart.com/notebooks/acer-predator-helios-neo-16-phn16-i31-71vg-32-w11-16-laptop-notebook-i7-14650hx-32gb-512gb-nv-rtx5050-w11h-off-h-s-off-365-basic-180hz-ai,https://www.techhypermart.com/image/cache/catalog/laptopnotebook/acer/PHN16-I31-71VG-a-250x250.png,TechHypermart - Acer,I31-71VG-32-W11,NV RTX5050,32GB,32GB,,,,
57233,"Acer Predator Helios Neo 16 PHN16-I31-71VG-32-W11P 16"" Laptop/ Notebook (i7-14650HX, 32GB, 512GB, NV RTX5050, W11P, Off H&S + Off 365 Basic, 180Hz, AI)",9329.00,https://www.techhypermart.com/notebooks/acer-predator-helios-neo-16-phn16-i31-71vg-32-w11p-16-laptop-notebook-i7-14650hx-32gb-512gb-nv-rtx5050-w11p-off-h-s-off-365-basic-180hz-ai,https://www.techhypermart.com/image/cache/catalog/laptopnotebook/acer/PHN16-I31-71VG-w11p-250x250.png,TechHypermart - Acer,I31-71VG-32-W11P,NV RTX5050,32GB,32GB,,,,
57229,"Acer Predator Helios Neo 16 PHN16-I31-71VG-48-1-W11-EPP 16"" Laptop/ Notebook (i7-14650HX, 48GB, 1TB, NV RTX5050, W11H, Off H&S + Off 365 Basic, 180Hz, AI)",11869.00,https://www.techhypermart.com/notebooks/acer-predator-helios-neo-16-phn16-i31-71vg-48-1-w11-epp-16-laptop-notebook-i7-14650hx-48gb-1tb-nv-rtx5050-w11h-off-h-s-off-365-basic-180hz-ai,https://www.techhypermart.com/image/cache/catalog/laptopnotebook/acer/PHN16-I31-71VG-epp-250x250.png,TechHypermart - Acer,I31-71VG-48-1-W11-EPP,NV RTX5050,48GB,48GB,,,,
57238,"Acer Predator Helios Neo 16 PHN16-I31-71VG-48-1-W11P-EPP 16"" Laptop/ Notebook (i7-14650HX, 48GB, 1TB, NV RTX5050, W11P, Off H&S + Off 365 Basic, 180Hz, AI)",12719.00,https://www.techhypermart.com/notebooks/acer-predator-helios-neo-16-phn16-i31-71vg-48-1-w11p-epp-16-laptop-notebook-i7-14650hx-48gb-1tb-nv-rtx5050-w11p-off-h-s-off-365-basic-180hz-ai,https://www.techhypermart.com/image/cache/catalog/laptopnotebook/acer/PHN16-I31-71VG-w11p-epp-250x250.png,TechHypermart - Acer,I31-71VG-48-1-W11P-EPP,NV RTX5050,48GB,48GB,,,,
56416,"Acer Predator Helios Neo 16 PHN16-I31-71VG-48-W11 16"" Laptop/ Notebook (i7-14650HX, 48GB, 512GB, NV RTX5050, W11H, Off H&S + Off 365 Basic, 180Hz, AI)",9529.00,https://www.techhypermart.com/notebooks/acer-predator-helios-neo-16-phn16-i31-71vg-48-w11-16-laptop-notebook-i7-14650hx-48gb-512gb-nv-rtx5050-w11h-off-h-s-off-365-basic-180hz-ai,https://www.techhypermart.com/image/cache/catalog/laptopnotebook/acer/PHN16-I31-71VG-a-250x250.png,TechHypermart - Acer,I31-71VG-48-W11,NV RTX5050,48GB,48GB,,,,
57234,"Acer Predator Helios Neo 16 PHN16-I31-71VG-48-W11P 16"" Laptop/ Notebook (i7-14650HX, 48GB, 512GB, NV RTX5050, W11P, Off H&S + Off 365 Basic, 180Hz, AI)",10329.00,https://www.techhypermart.com/notebooks/acer-predator-helios-neo-16-phn16-i31-71vg-48-w11p-16-laptop-notebook-i7-14650hx-48gb-512gb-nv-rtx5050-w11p-off-h-s-off-365-basic-180hz-ai,https://www.techhypermart.com/image/cache/catalog/laptopnotebook/acer/PHN16-I31-71VG-w11p-250x250.png,TechHypermart - Acer,I31-71VG-48-W11P,NV RTX5050,48GB,48GB,,,,
57230,"Acer Predator Helios Neo 16 PHN16-I31-71VG-W11P 16"" Laptop/ Notebook (i7-14650HX, 16GB, 512GB, NV RTX5050, W11P, Off H&S + Off 365 Basic, 180Hz, AI)",8089.00,https://www.techhypermart.com/notebooks/acer-predator-helios-neo-16-phn16-i31-71vg-w11p-16-laptop-notebook-i7-14650hx-16gb-512gb-nv-rtx5050-w11p-off-h-s-off-365-basic-180hz-ai,https://www.techhypermart.com/image/cache/catalog/laptopnotebook/acer/PHN16-I31-71VG-w11p-250x250.png,TechHypermart - Acer,I31-71VG-W11P,NV RTX5050,16GB,16GB,,,,
56186,"Acer Predator Helios Neo 16 PHN16-I31-72SS 16"" Laptop/ Notebook (i7-14650HX, 16GB, 1TB, NV RTX5070, W11H, Off H&S + Off 365 Basic, 180Hz, AI)",9158.00,https://www.techhypermart.com/notebooks/acer-predator-helios-neo-16-phn16-i31-72ss-16-laptop-notebook-i7-14650hx-16gb-1tb-nv-rtx5070-w11h-off-h-s-off-365-basic-180hz-ai,https://www.techhypermart.com/image/cache/catalog/laptopnotebook/acer/PHN16-I31-72SS-a-250x250.png,TechHypermart - Acer,I31-72SS,NV RTX5070,16GB,16GB,,,,
57183,"Acer Predator Helios Neo 16 PHN16-I31-72SS-2-W11-EPP 16"" Laptop/ Notebook (i7-14650HX, 16GB, 2TB, NV RTX5070, W11H, Off H&S + Off 365 Basic, 180Hz, AI)",12339.00,https://www.techhypermart.com/notebooks/acer-predator-helios-neo-16-phn16-i31-72ss-2-w11-epp-16-laptop-notebook-i7-14650hx-16gb-2tb-nv-rtx5070-w11h-off-h-s-off-365-basic-180hz-ai,https://www.techhypermart.com/image/cache/catalog/laptopnotebook/acer/PHN16-I31-72SS-epp-250x250.png,TechHypermart - Acer,I31-72SS-2-W11-EPP,NV RTX5070,16GB,16GB,,,,
57192,"Acer Predator Helios Neo 16 PHN16-I31-72SS-2-W11P-EPP 16"" Laptop/ Notebook (i7-14650HX, 16GB, 2TB, NV RTX5070, W11P, Off H&S + Off 365 Basic, 180Hz, AI)",13189.00,https://www.techhypermart.com/notebooks/acer-predator-helios-neo-16-phn16-i31-72ss-2-w11p-epp-16-laptop-notebook-i7-14650hx-16gb-2tb-nv-rtx5070-w11p-off-h-s-off-365-basic-180hz-ai,https://www.techhypermart.com/image/cache/catalog/laptopnotebook/acer/PHN16-I31-72SS-w11p-epp-250x250.png,TechHypermart - Acer,I31-72SS-2-W11P-EPP,NV RTX5070,16GB,16GB,,,,
57184,"Acer Predator Helios Neo 16 PHN16-I31-72SS-24-2-W11-EPP 16"" Laptop/ Notebook (i7-14650HX, 24GB, 2TB, NV RTX5070, W11H, Off H&S + Off 365 Basic, 180Hz, AI)",13269.00,https://www.techhypermart.com/notebooks/acer-predator-helios-neo-16-phn16-i31-72ss-24-2-w11-epp-16-laptop-notebook-i7-14650hx-24gb-2tb-nv-rtx5070-w11h-off-h-s-off-365-basic-180hz-ai,https://www.techhypermart.com/image/cache/catalog/laptopnotebook/acer/PHN16-I31-72SS-epp-250x250.png,TechHypermart - Acer,I31-72SS-24-2-W11-EPP,NV RTX5070,24GB,24GB,,,,
57193,"Acer Predator Helios Neo 16 PHN16-I31-72SS-24-2-W11P-EPP 16"" Laptop/ Notebook (i7-14650HX, 24GB, 2TB, NV RTX5070, W11P, Off H&S + Off 365 Basic, 180Hz, AI)",14119.00,https://www.techhypermart.com/notebooks/acer-predator-helios-neo-16-phn16-i31-72ss-24-2-w11p-epp-16-laptop-notebook-i7-14650hx-24gb-2tb-nv-rtx5070-w11p-off-h-s-off-365-basic-180hz-ai,https://www.techhypermart.com/image/cache/catalog/laptopnotebook/acer/PHN16-I31-72SS-w11p-epp-250x250.png,TechHypermart - Acer,I31-72SS-24-2-W11P-EPP,NV RTX5070,24GB,24GB,,,,
56403,"Acer Predator Helios Neo 16 PHN16-I31-72SS-24-W11 16"" Laptop/ Notebook (i7-14650HX, 24GB, 1TB, NV RTX5070, W11H, Off H&S + Off 365 Basic, 180Hz, AI)",10009.00,https://www.techhypermart.com/notebooks/acer-predator-helios-neo-16-phn16-i31-72ss-24-w11-16-laptop-notebook-i7-14650hx-24gb-1tb-nv-rtx5070-w11h-off-h-s-off-365-basic-180hz-ai,https://www.techhypermart.com/image/cache/catalog/laptopnotebook/acer/PHN16-I31-72SS-a-250x250.png,TechHypermart - Acer,I31-72SS-24-W11,NV RTX5070,24GB,24GB,,,,
57188,"Acer Predator Helios Neo 16 PHN16-I31-72SS-24-W11P 16"" Laptop/ Notebook (i7-14650HX, 24GB, 1TB, NV RTX5070, W11P, Off H&S + Off 365 Basic, 180Hz, AI)",10809.00,https://www.techhypermart.com/notebooks/acer-predator-helios-neo-16-phn16-i31-72ss-24-w11p-16-laptop-notebook-i7-14650hx-24gb-1tb-nv-rtx5070-w11p-off-h-s-off-365-basic-180hz-ai,https://www.techhypermart.com/image/cache/catalog/laptopnotebook/acer/PHN16-I31-72SS-w11p-250x250.png,TechHypermart - Acer,I31-72SS-24-W11P,NV RTX5070,24GB,24GB,,,,
57185,"Acer Predator Helios Neo 16 PHN16-I31-72SS-32-2-W11-EPP 16"" Laptop/ Notebook (i7-14650HX, 32GB, 2TB, NV RTX5070, W11H, Off H&S + Off 365 Basic, 180Hz, AI)",13809.00,https://www.techhypermart.com/notebooks/acer-predator-helios-neo-16-phn16-i31-72ss-32-2-w11-epp-16-laptop-notebook-i7-14650hx-32gb-2tb-nv-rtx5070-w11h-off-h-s-off-365-basic-180hz-ai,https://www.techhypermart.com/image/cache/catalog/laptopnotebook/acer/PHN16-I31-72SS-epp-250x250.png,TechHypermart - Acer,I31-72SS-32-2-W11-EPP,NV RTX5070,32GB,32GB,,,,
57194,"Acer Predator Helios Neo 16 PHN16-I31-72SS-32-2-W11P-EPP 16"" Laptop/ Notebook (i7-14650HX, 32GB, 2TB, NV RTX5070, W11P, Off H&S + Off 365 Basic, 180Hz, AI)",14659.00,https://www.techhypermart.com/notebooks/acer-predator-helios-neo-16-phn16-i31-72ss-32-2-w11p-epp-16-laptop-notebook-i7-14650hx-32gb-2tb-nv-rtx5070-w11p-off-h-s-off-365-basic-180hz-ai,https://www.techhypermart.com/image/cache/catalog/laptopnotebook/acer/PHN16-I31-72SS-w11p-epp-250x250.png,TechHypermart - Acer,I31-72SS-32-2-W11P-EPP,NV RTX5070,32GB,32GB,,,,
56404,"Acer Predator Helios Neo 16 PHN16-I31-72SS-32-W11 16"" Laptop/ Notebook (i7-14650HX, 32GB, 1TB, NV RTX5070, W11H, Off H&S + Off 365 Basic, 180Hz, AI)",10509.00,https://www.techhypermart.com/notebooks/acer-predator-helios-neo-16-phn16-i31-72ss-32-w11-16-laptop-notebook-i7-14650hx-32gb-1tb-nv-rtx5070-w11h-off-h-s-off-365-basic-180hz-ai,https://www.techhypermart.com/image/cache/catalog/laptopnotebook/acer/PHN16-I31-72SS-a-250x250.png,TechHypermart - Acer,I31-72SS-32-W11,NV RTX5070,32GB,32GB,,,,
57189,"Acer Predator Helios Neo 16 PHN16-I31-72SS-32-W11P 16"" Laptop/ Notebook (i7-14650HX, 32GB, 1TB, NV RTX5070, W11P, Off H&S + Off 365 Basic, 180Hz, AI)",11309.00,https://www.techhypermart.com/notebooks/acer-predator-helios-neo-16-phn16-i31-72ss-32-w11p-16-laptop-notebook-i7-14650hx-32gb-1tb-nv-rtx5070-w11p-off-h-s-off-365-basic-180hz-ai,https://www.techhypermart.com/image/cache/catalog/laptopnotebook/acer/PHN16-I31-72SS-w11p-250x250.png,TechHypermart - Acer,I31-72SS-32-W11P,NV RTX5070,32GB,32GB,,,,
57186,"Acer Predator Helios Neo 16 PHN16-I31-72SS-48-2-W11-EPP 16"" Laptop/ Notebook (i7-14650HX, 48GB, 2TB, NV RTX5070, W11H, Off H&S + Off 365 Basic, 180Hz, AI)",14899.00,https://www.techhypermart.com/notebooks/acer-predator-helios-neo-16-phn16-i31-72ss-48-2-w11-epp-16-laptop-notebook-i7-14650hx-48gb-2tb-nv-rtx5070-w11h-off-h-s-off-365-basic-180hz-ai,https://www.techhypermart.com/image/cache/catalog/laptopnotebook/acer/PHN16-I31-72SS-epp-250x250.png,TechHypermart - Acer,I31-72SS-48-2-W11-EPP,NV RTX5070,48GB,48GB,,,,
57195,"Acer Predator Helios Neo 16 PHN16-I31-72SS-48-2-W11P-EPP 16"" Laptop/ Notebook (i7-14650HX, 48GB, 2TB, NV RTX5070, W11P, Off H&S + Off 365 Basic, 180Hz, AI)",15749.00,https://www.techhypermart.com/notebooks/acer-predator-helios-neo-16-phn16-i31-72ss-48-2-w11p-epp-16-laptop-notebook-i7-14650hx-48gb-2tb-nv-rtx5070-w11p-off-h-s-off-365-basic-180hz-ai,https://www.techhypermart.com/image/cache/catalog/laptopnotebook/acer/PHN16-I31-72SS-w11p-epp-250x250.png,TechHypermart - Acer,I31-72SS-48-2-W11P-EPP,NV RTX5070,48GB,48GB,,,,
56405,"Acer Predator Helios Neo 16 PHN16-I31-72SS-48-W11 16"" Laptop/ Notebook (i7-14650HX, 48GB, 1TB, NV RTX5070, W11H, Off H&S + Off 365 Basic, 180Hz, AI)",11509.00,https://www.techhypermart.com/notebooks/acer-predator-helios-neo-16-phn16-i31-72ss-48-w11-16-laptop-notebook-i7-14650hx-48gb-1tb-nv-rtx5070-w11h-off-h-s-off-365-basic-180hz-ai,https://www.techhypermart.com/image/cache/catalog/laptopnotebook/acer/PHN16-I31-72SS-a-250x250.png,TechHypermart - Acer,I31-72SS-48-W11,NV RTX5070,48GB,48GB,,,,
57190,"Acer Predator Helios Neo 16 PHN16-I31-72SS-48-W11P 16"" Laptop/ Notebook (i7-14650HX, 48GB, 1TB, NV RTX5070, W11P, Off H&S + Off 365 Basic, 180Hz, AI)",12309.00,https://www.techhypermart.com/notebooks/acer-predator-helios-neo-16-phn16-i31-72ss-48-w11p-16-laptop-notebook-i7-14650hx-48gb-1tb-nv-rtx5070-w11p-off-h-s-off-365-basic-180hz-ai,https://www.techhypermart.com/image/cache/catalog/laptopnotebook/acer/PHN16-I31-72SS-w11p-250x250.png,TechHypermart - Acer,I31-72SS-48-W11P,NV RTX5070,48GB,48GB,,,,
57187,"Acer Predator Helios Neo 16 PHN16-I31-72SS-W11P 16"" Laptop/ Notebook (i7-14650HX, 16GB, 1TB, NV RTX5070, W11P, Off H&S + Off 365 Basic, 180Hz, AI)",9959.00,https://www.techhypermart.com/notebooks/acer-predator-helios-neo-16-phn16-i31-72ss-w11p-16-laptop-notebook-i7-14650hx-16gb-1tb-nv-rtx5070-w11p-off-h-s-off-365-basic-180hz-ai,https://www.techhypermart.com/image/cache/catalog/laptopnotebook/acer/PHN16-I31-72SS-w11p-250x250.png,TechHypermart - Acer,I31-72SS-W11P,NV RTX5070,16GB,16GB,,,,
56190,"Acer Predator Helios Neo 16 PHN16-I31-73TC 16"" Laptop/ Notebook (i7-14650HX, 16GB, 1TB, NV RTX5060, W11H, Off H&S + Off 365 Basic, 180Hz, AI)",8188.00,https://www.techhypermart.com/notebooks/acer-predator-helios-neo-16-phn16-i31-73tc-16-laptop-notebook-i7-14650hx-16gb-1tb-nv-rtx5060-w11h-off-h-s-off-365-basic-180hz-ai,https://www.techhypermart.com/image/cache/catalog/laptopnotebook/acer/PHN16-I31-73TC-a-250x250.png,TechHypermart - Acer,I31-73TC,NV RTX5060,16GB,16GB,,,,
57197,"Acer Predator Helios Neo 16 PHN16-I31-73TC-2-W11-EPP 16"" Laptop/ Notebook (i7-14650HX, 16GB, 2TB, NV RTX5060, W11H, Off H&S + Off 365 Basic, 180Hz, AI)",11279.00,https://www.techhypermart.com/notebooks/acer-predator-helios-neo-16-phn16-i31-73tc-2-w11-epp-16-laptop-notebook-i7-14650hx-16gb-2tb-nv-rtx5060-w11h-off-h-s-off-365-basic-180hz-ai,https://www.techhypermart.com/image/cache/catalog/laptopnotebook/acer/PHN16-I31-73TC-epp-250x250.png,TechHypermart - Acer,I31-73TC-2-W11-EPP,NV RTX5060,16GB,16GB,,,,
57206,"Acer Predator Helios Neo 16 PHN16-I31-73TC-2-W11P-EPP 16"" Laptop/ Notebook (i7-14650HX, 16GB, 2TB, NV RTX5060, W11P, Off H&S + Off 365 Basic, 180Hz, AI)",12129.00,https://www.techhypermart.com/notebooks/acer-predator-helios-neo-16-phn16-i31-73tc-2-w11p-epp-16-laptop-notebook-i7-14650hx-16gb-2tb-nv-rtx5060-w11p-off-h-s-off-365-basic-180hz-ai,https://www.techhypermart.com/image/cache/catalog/laptopnotebook/acer/PHN16-I31-73TC-w11p-epp-250x250.png,TechHypermart - Acer,I31-73TC-2-W11P-EPP,NV RTX5060,16GB,16GB,,,,
57198,"Acer Predator Helios Neo 16 PHN16-I31-73TC-24-2-W11-EPP 16"" Laptop/ Notebook (i7-14650HX, 24GB, 2TB, NV RTX5060, W11H, Off H&S + Off 365 Basic, 180Hz, AI)",12179.00,https://www.techhypermart.com/notebooks/acer-predator-helios-neo-16-phn16-i31-73tc-24-2-w11-epp-16-laptop-notebook-i7-14650hx-24gb-2tb-nv-rtx5060-w11h-off-h-s-off-365-basic-180hz-ai,https://www.techhypermart.com/image/cache/catalog/laptopnotebook/acer/PHN16-I31-73TC-epp-250x250.png,TechHypermart - Acer,I31-73TC-24-2-W11-EPP,NV RTX5060,24GB,24GB,,,,
57207,"Acer Predator Helios Neo 16 PHN16-I31-73TC-24-2-W11P-EPP 16"" Laptop/ Notebook (i7-14650HX, 24GB, 2TB, NV RTX5060, W11P, Off H&S + Off 365 Basic, 180Hz, AI)",13029.00,https://www.techhypermart.com/notebooks/acer-predator-helios-neo-16-phn16-i31-73tc-24-2-w11p-epp-16-laptop-notebook-i7-14650hx-24gb-2tb-nv-rtx5060-w11p-off-h-s-off-365-basic-180hz-ai,https://www.techhypermart.com/image/cache/catalog/laptopnotebook/acer/PHN16-I31-73TC-w11p-epp-250x250.png,TechHypermart - Acer,I31-73TC-24-2-W11P-EPP,NV RTX5060,24GB,24GB,,,,
56406,"Acer Predator Helios Neo 16 PHN16-I31-73TC-24-W11 16"" Laptop/ Notebook (i7-14650HX, 24GB, 1TB, NV RTX5060, W11H, Off H&S + Off 365 Basic, 180Hz, AI)",9009.00,https://www.techhypermart.com/notebooks/acer-predator-helios-neo-16-phn16-i31-73tc-24-w11-16-laptop-notebook-i7-14650hx-24gb-1tb-nv-rtx5060-w11h-off-h-s-off-365-basic-180hz-ai,https://www.techhypermart.com/image/cache/catalog/laptopnotebook/acer/PHN16-I31-73TC-a-250x250.png,TechHypermart - Acer,I31-73TC-24-W11,NV RTX5060,24GB,24GB,,,,
57203,"Acer Predator Helios Neo 16 PHN16-I31-73TC-24-W11P 16"" Laptop/ Notebook (i7-14650HX, 24GB, 1TB, NV RTX5060, W11P, Off H&S + Off 365 Basic, 180Hz, AI)",9809.00,https://www.techhypermart.com/notebooks/acer-predator-helios-neo-16-phn16-i31-73tc-24-w11p-16-laptop-notebook-i7-14650hx-24gb-1tb-nv-rtx5060-w11p-off-h-s-off-365-basic-180hz-ai,https://www.techhypermart.com/image/cache/catalog/laptopnotebook/acer/PHN16-I31-73TC-w11p-250x250.png,TechHypermart - Acer,I31-73TC-24-W11P,NV RTX5060,24GB,24GB,,,,
57200,"Acer Predator Helios Neo 16 PHN16-I31-73TC-32-2-W11-EPP 16"" Laptop/ Notebook (i7-14650HX, 32GB, 2TB, NV RTX5060, W11H, Off H&S + Off 365 Basic, 180Hz, AI)",12719.00,https://www.techhypermart.com/notebooks/acer-predator-helios-neo-16-phn16-i31-73tc-32-2-w11-epp-16-laptop-notebook-i7-14650hx-32gb-2tb-nv-rtx5060-w11h-off-h-s-off-365-basic-180hz-ai,https://www.techhypermart.com/image/cache/catalog/laptopnotebook/acer/PHN16-I31-73TC-epp-250x250.png,TechHypermart - Acer,I31-73TC-32-2-W11-EPP,NV RTX5060,32GB,32GB,,,,
57208,"Acer Predator Helios Neo 16 PHN16-I31-73TC-32-2-W11P-EPP 16"" Laptop/ Notebook (i7-14650HX, 32GB, 2TB, NV RTX5060, W11P, Off H&S + Off 365 Basic, 180Hz, AI)",13569.00,https://www.techhypermart.com/notebooks/acer-predator-helios-neo-16-phn16-i31-73tc-32-2-w11p-epp-16-laptop-notebook-i7-14650hx-32gb-2tb-nv-rtx5060-w11p-off-h-s-off-365-basic-180hz-ai,https://www.techhypermart.com/image/cache/catalog/laptopnotebook/acer/PHN16-I31-73TC-w11p-epp-250x250.png,TechHypermart - Acer,I31-73TC-32-2-W11P-EPP,NV RTX5060,32GB,32GB,,,,
56407,"Acer Predator Helios Neo 16 PHN16-I31-73TC-32-W11 16"" Laptop/ Notebook (i7-14650HX, 32GB, 1TB, NV RTX5060, W11H, Off H&S + Off 365 Basic, 180Hz, AI)",9509.00,https://www.techhypermart.com/notebooks/acer-predator-helios-neo-16-phn16-i31-73tc-32-w11-16-laptop-notebook-i7-14650hx-32gb-1tb-nv-rtx5060-w11h-off-h-s-off-365-basic-180hz-ai,https://www.techhypermart.com/image/cache/catalog/laptopnotebook/acer/PHN16-I31-73TC-a-250x250.png,TechHypermart - Acer,I31-73TC-32-W11,NV RTX5060,32GB,32GB,,,,
57204,"Acer Predator Helios Neo 16 PHN16-I31-73TC-32-W11P 16"" Laptop/ Notebook (i7-14650HX, 32GB, 1TB, NV RTX5060, W11P, Off H&S + Off 365 Basic, 180Hz, AI)",10309.00,https://www.techhypermart.com/notebooks/acer-predator-helios-neo-16-phn16-i31-73tc-32-w11p-16-laptop-notebook-i7-14650hx-32gb-1tb-nv-rtx5060-w11p-off-h-s-off-365-basic-180hz-ai,https://www.techhypermart.com/image/cache/catalog/laptopnotebook/acer/PHN16-I31-73TC-w11p-250x250.png,TechHypermart - Acer,I31-73TC-32-W11P,NV RTX5060,32GB,32GB,,,,
57201,"Acer Predator Helios Neo 16 PHN16-I31-73TC-48-2-W11-EPP 16"" Laptop/ Notebook (i7-14650HX, 48GB, 2TB, NV RTX5060, W11H, Off H&S + Off 365 Basic, 180Hz, AI)",13809.00,https://www.techhypermart.com/notebooks/acer-predator-helios-neo-16-phn16-i31-73tc-48-2-w11-epp-16-laptop-notebook-i7-14650hx-48gb-2tb-nv-rtx5060-w11h-off-h-s-off-365-basic-180hz-ai,https://www.techhypermart.com/image/cache/catalog/laptopnotebook/acer/PHN16-I31-73TC-epp-250x250.png,TechHypermart - Acer,I31-73TC-48-2-W11-EPP,NV RTX5060,48GB,48GB,,,,
57209,"Acer Predator Helios Neo 16 PHN16-I31-73TC-48-2-W11P-EPP 16"" Laptop/ Notebook (i7-14650HX, 48GB, 2TB, NV RTX5060, W11P, Off H&S + Off 365 Basic, 180Hz, AI)",14659.00,https://www.techhypermart.com/notebooks/acer-predator-helios-neo-16-phn16-i31-73tc-48-2-w11p-epp-16-laptop-notebook-i7-14650hx-48gb-2tb-nv-rtx5060-w11p-off-h-s-off-365-basic-180hz-ai,https://www.techhypermart.com/image/cache/catalog/laptopnotebook/acer/PHN16-I31-73TC-w11p-epp-250x250.png,TechHypermart - Acer,I31-73TC-48-2-W11P-EPP,NV RTX5060,48GB,48GB,,,,
56409,"Acer Predator Helios Neo 16 PHN16-I31-73TC-48-W11 16"" Laptop/ Notebook (i7-14650HX, 48GB, 1TB, NV RTX5060, W11H, Off H&S + Off 365 Basic, 180Hz, AI)",10509.00,https://www.techhypermart.com/notebooks/acer-predator-helios-neo-16-phn16-i31-73tc-48-w11-16-laptop-notebook-i7-14650hx-48gb-1tb-nv-rtx5060-w11h-off-h-s-off-365-basic-180hz-ai,https://www.techhypermart.com/image/cache/catalog/laptopnotebook/acer/PHN16-I31-73TC-a-250x250.png,TechHypermart - Acer,I31-73TC-48-W11,NV RTX5060,48GB,48GB,,,,
